"tier","cohort","patient","pathway","fraction_sections","rank_effect","positive"
"libsize","GSE282302","C1_D1","HALLMARK_ADIPOGENESIS",0,0.3845,FALSE
"none","GSE282302","C1_D1","HALLMARK_ADIPOGENESIS",0,0.108,FALSE
"pcs","GSE282302","C1_D1","HALLMARK_ADIPOGENESIS",0,0.1725,FALSE
"libsize","GSE282302","C1_D10","HALLMARK_ADIPOGENESIS",0,0.587,FALSE
"none","GSE282302","C1_D10","HALLMARK_ADIPOGENESIS",0.5,0.714,TRUE
"pcs","GSE282302","C1_D10","HALLMARK_ADIPOGENESIS",0,0.80075,FALSE
"libsize","GSE282302","C1_D11","HALLMARK_ADIPOGENESIS",0,0.81125,FALSE
"none","GSE282302","C1_D11","HALLMARK_ADIPOGENESIS",0,0.62375,FALSE
"pcs","GSE282302","C1_D11","HALLMARK_ADIPOGENESIS",0.5,0.978,TRUE
"libsize","GSE282302","C1_D12","HALLMARK_ADIPOGENESIS",0.5,0.911,TRUE
"none","GSE282302","C1_D12","HALLMARK_ADIPOGENESIS",0,0.2125,FALSE
"pcs","GSE282302","C1_D12","HALLMARK_ADIPOGENESIS",0,0.6505,FALSE
"libsize","GSE282302","C1_D13","HALLMARK_ADIPOGENESIS",0.5,0.81525,TRUE
"none","GSE282302","C1_D13","HALLMARK_ADIPOGENESIS",0,0.185,FALSE
"pcs","GSE282302","C1_D13","HALLMARK_ADIPOGENESIS",0.5,0.8165,TRUE
"libsize","GSE282302","C1_D14","HALLMARK_ADIPOGENESIS",0.666666666666667,0.924,TRUE
"none","GSE282302","C1_D14","HALLMARK_ADIPOGENESIS",0,0.269333333333333,FALSE
"pcs","GSE282302","C1_D14","HALLMARK_ADIPOGENESIS",0,0.759,FALSE
"libsize","GSE282302","C1_D2","HALLMARK_ADIPOGENESIS",1,0.999,TRUE
"none","GSE282302","C1_D2","HALLMARK_ADIPOGENESIS",0,0.764,FALSE
"pcs","GSE282302","C1_D2","HALLMARK_ADIPOGENESIS",0,0.645,FALSE
"libsize","GSE282302","C1_D3","HALLMARK_ADIPOGENESIS",1,0.9995,TRUE
"none","GSE282302","C1_D3","HALLMARK_ADIPOGENESIS",0,0.00149999999999995,FALSE
"pcs","GSE282302","C1_D3","HALLMARK_ADIPOGENESIS",0,0.946,FALSE
"libsize","GSE282302","C1_D4","HALLMARK_ADIPOGENESIS",0,0.9655,FALSE
"none","GSE282302","C1_D4","HALLMARK_ADIPOGENESIS",0,0.0375,FALSE
"pcs","GSE282302","C1_D4","HALLMARK_ADIPOGENESIS",1,0.996,TRUE
"libsize","GSE282302","C1_D5","HALLMARK_ADIPOGENESIS",1,0.9895,TRUE
"none","GSE282302","C1_D5","HALLMARK_ADIPOGENESIS",0,0.051,FALSE
"pcs","GSE282302","C1_D5","HALLMARK_ADIPOGENESIS",0,0.099,FALSE
"libsize","GSE282302","C1_D6","HALLMARK_ADIPOGENESIS",0,0.044,FALSE
"none","GSE282302","C1_D6","HALLMARK_ADIPOGENESIS",0,0.146,FALSE
"pcs","GSE282302","C1_D6","HALLMARK_ADIPOGENESIS",1,0.9935,TRUE
"libsize","GSE282302","C1_D7","HALLMARK_ADIPOGENESIS",0,0.9105,FALSE
"none","GSE282302","C1_D7","HALLMARK_ADIPOGENESIS",0,0.8435,FALSE
"pcs","GSE282302","C1_D7","HALLMARK_ADIPOGENESIS",0,0.8835,FALSE
"libsize","GSE282302","C1_D8","HALLMARK_ADIPOGENESIS",1,0.9995,TRUE
"none","GSE282302","C1_D8","HALLMARK_ADIPOGENESIS",0.5,0.50325,TRUE
"pcs","GSE282302","C1_D8","HALLMARK_ADIPOGENESIS",1,0.9995,TRUE
"libsize","GSE282302","C1_D9","HALLMARK_ADIPOGENESIS",1,0.99725,TRUE
"none","GSE282302","C1_D9","HALLMARK_ADIPOGENESIS",0,0.56775,FALSE
"pcs","GSE282302","C1_D9","HALLMARK_ADIPOGENESIS",0,0.8775,FALSE
"libsize","GSE282302","C2_D1","HALLMARK_ADIPOGENESIS",1,0.9995,TRUE
"none","GSE282302","C2_D1","HALLMARK_ADIPOGENESIS",1,0.9875,TRUE
"pcs","GSE282302","C2_D1","HALLMARK_ADIPOGENESIS",0,0.744,FALSE
"libsize","GSE282302","C2_D10","HALLMARK_ADIPOGENESIS",1,0.99575,TRUE
"none","GSE282302","C2_D10","HALLMARK_ADIPOGENESIS",0.5,0.935875,TRUE
"pcs","GSE282302","C2_D10","HALLMARK_ADIPOGENESIS",0,0.7335,FALSE
"libsize","GSE282302","C2_D11","HALLMARK_ADIPOGENESIS",0.5,0.7575,TRUE
"none","GSE282302","C2_D11","HALLMARK_ADIPOGENESIS",0,0.27975,FALSE
"pcs","GSE282302","C2_D11","HALLMARK_ADIPOGENESIS",0.5,0.8785625,TRUE
"libsize","GSE282302","C2_D12","HALLMARK_ADIPOGENESIS",0,0.912,FALSE
"none","GSE282302","C2_D12","HALLMARK_ADIPOGENESIS",0,0.1425,FALSE
"pcs","GSE282302","C2_D12","HALLMARK_ADIPOGENESIS",0,0.5315,FALSE
"libsize","GSE282302","C2_D13","HALLMARK_ADIPOGENESIS",0,0.8425,FALSE
"none","GSE282302","C2_D13","HALLMARK_ADIPOGENESIS",0,0.0245,FALSE
"pcs","GSE282302","C2_D13","HALLMARK_ADIPOGENESIS",1,0.9935,TRUE
"libsize","GSE282302","C2_D2","HALLMARK_ADIPOGENESIS",0,0.254,FALSE
"none","GSE282302","C2_D2","HALLMARK_ADIPOGENESIS",0,0.1685,FALSE
"pcs","GSE282302","C2_D2","HALLMARK_ADIPOGENESIS",0,0.9095,FALSE
"libsize","GSE282302","C2_D3","HALLMARK_ADIPOGENESIS",1,0.9995,TRUE
"none","GSE282302","C2_D3","HALLMARK_ADIPOGENESIS",1,0.9925,TRUE
"pcs","GSE282302","C2_D3","HALLMARK_ADIPOGENESIS",0,0.3215,FALSE
"libsize","GSE282302","C2_D4","HALLMARK_ADIPOGENESIS",0,0.9685,FALSE
"none","GSE282302","C2_D4","HALLMARK_ADIPOGENESIS",1,0.996,TRUE
"pcs","GSE282302","C2_D4","HALLMARK_ADIPOGENESIS",0,0.7385,FALSE
"libsize","GSE282302","C2_D5","HALLMARK_ADIPOGENESIS",0.5,0.67225,TRUE
"none","GSE282302","C2_D5","HALLMARK_ADIPOGENESIS",0,0.54825,FALSE
"pcs","GSE282302","C2_D5","HALLMARK_ADIPOGENESIS",0.5,0.6755,TRUE
"libsize","GSE282302","C2_D6","HALLMARK_ADIPOGENESIS",0,0.06025,FALSE
"none","GSE282302","C2_D6","HALLMARK_ADIPOGENESIS",0,0.0345,FALSE
"pcs","GSE282302","C2_D6","HALLMARK_ADIPOGENESIS",1,0.99925,TRUE
"libsize","GSE282302","C2_D7","HALLMARK_ADIPOGENESIS",1,0.9995,TRUE
"none","GSE282302","C2_D7","HALLMARK_ADIPOGENESIS",0,0.07775,FALSE
"pcs","GSE282302","C2_D7","HALLMARK_ADIPOGENESIS",0.5,0.93825,TRUE
"libsize","GSE282302","C2_D8","HALLMARK_ADIPOGENESIS",0,0.644875,FALSE
"none","GSE282302","C2_D8","HALLMARK_ADIPOGENESIS",0,0.4875,FALSE
"pcs","GSE282302","C2_D8","HALLMARK_ADIPOGENESIS",0.75,0.95875,TRUE
"libsize","GSE282302","C2_D9","HALLMARK_ADIPOGENESIS",1,0.987083333333333,TRUE
"none","GSE282302","C2_D9","HALLMARK_ADIPOGENESIS",0.5,0.867583333333333,TRUE
"pcs","GSE282302","C2_D9","HALLMARK_ADIPOGENESIS",0.166666666666667,0.674083333333333,FALSE
"libsize","GSE282302","C3_D1","HALLMARK_ADIPOGENESIS",0.5,0.601125,TRUE
"none","GSE282302","C3_D1","HALLMARK_ADIPOGENESIS",0,0.2295,FALSE
"pcs","GSE282302","C3_D1","HALLMARK_ADIPOGENESIS",0.75,0.976875,TRUE
"libsize","GSE282302","C3_D10","HALLMARK_ADIPOGENESIS",0,0.284625,FALSE
"none","GSE282302","C3_D10","HALLMARK_ADIPOGENESIS",0,0.298375,FALSE
"pcs","GSE282302","C3_D10","HALLMARK_ADIPOGENESIS",0.5,0.7735,TRUE
"libsize","GSE282302","C3_D11","HALLMARK_ADIPOGENESIS",0.5,0.829875,TRUE
"none","GSE282302","C3_D11","HALLMARK_ADIPOGENESIS",0,0.59375,FALSE
"pcs","GSE282302","C3_D11","HALLMARK_ADIPOGENESIS",0,0.556125,FALSE
"libsize","GSE282302","C3_D12","HALLMARK_ADIPOGENESIS",0,0.4624375,FALSE
"none","GSE282302","C3_D12","HALLMARK_ADIPOGENESIS",0.125,0.6175,FALSE
"pcs","GSE282302","C3_D12","HALLMARK_ADIPOGENESIS",0.875,0.988875,TRUE
"libsize","GSE282302","C3_D2","HALLMARK_ADIPOGENESIS",0.25,0.384,FALSE
"none","GSE282302","C3_D2","HALLMARK_ADIPOGENESIS",0,0.168875,FALSE
"pcs","GSE282302","C3_D2","HALLMARK_ADIPOGENESIS",0.75,0.910125,TRUE
"libsize","GSE282302","C3_D3","HALLMARK_ADIPOGENESIS",0.75,0.7535,TRUE
"none","GSE282302","C3_D3","HALLMARK_ADIPOGENESIS",0.5,0.73125,TRUE
"pcs","GSE282302","C3_D3","HALLMARK_ADIPOGENESIS",0.75,0.965625,TRUE
"libsize","GSE282302","C3_D4","HALLMARK_ADIPOGENESIS",0.5,0.8715,TRUE
"none","GSE282302","C3_D4","HALLMARK_ADIPOGENESIS",0.25,0.64675,FALSE
"pcs","GSE282302","C3_D4","HALLMARK_ADIPOGENESIS",0.25,0.65,FALSE
"libsize","GSE282302","C3_D5","HALLMARK_ADIPOGENESIS",0.25,0.462125,FALSE
"none","GSE282302","C3_D5","HALLMARK_ADIPOGENESIS",0,0.098125,FALSE
"pcs","GSE282302","C3_D5","HALLMARK_ADIPOGENESIS",0.5,0.943625,TRUE
"libsize","GSE282302","C3_D6","HALLMARK_ADIPOGENESIS",0.75,0.965375,TRUE
"none","GSE282302","C3_D6","HALLMARK_ADIPOGENESIS",0.5,0.777875,TRUE
"pcs","GSE282302","C3_D6","HALLMARK_ADIPOGENESIS",0.75,0.99525,TRUE
"libsize","GSE282302","C3_D7","HALLMARK_ADIPOGENESIS",0.25,0.632625,FALSE
"none","GSE282302","C3_D7","HALLMARK_ADIPOGENESIS",0.25,0.63775,FALSE
"pcs","GSE282302","C3_D7","HALLMARK_ADIPOGENESIS",0.5,0.699375,TRUE
"libsize","GSE282302","C3_D8","HALLMARK_ADIPOGENESIS",0.25,0.514375,FALSE
"none","GSE282302","C3_D8","HALLMARK_ADIPOGENESIS",0,0.085375,FALSE
"pcs","GSE282302","C3_D8","HALLMARK_ADIPOGENESIS",0.75,0.988625,TRUE
"libsize","GSE282302","C3_D9","HALLMARK_ADIPOGENESIS",0.5,0.678125,TRUE
"none","GSE282302","C3_D9","HALLMARK_ADIPOGENESIS",0.25,0.410375,FALSE
"pcs","GSE282302","C3_D9","HALLMARK_ADIPOGENESIS",1,0.99325,TRUE
"libsize","GSE274557","Pt1","HALLMARK_ADIPOGENESIS",0.5,0.87575,TRUE
"none","GSE274557","Pt1","HALLMARK_ADIPOGENESIS",0.5,0.51375,TRUE
"pcs","GSE274557","Pt1","HALLMARK_ADIPOGENESIS",0,0.697,FALSE
"libsize","GSE274557","Pt10","HALLMARK_ADIPOGENESIS",0.5,0.865875,TRUE
"none","GSE274557","Pt10","HALLMARK_ADIPOGENESIS",0,0.22925,FALSE
"pcs","GSE274557","Pt10","HALLMARK_ADIPOGENESIS",0.5,0.957125,TRUE
"libsize","GSE274557","Pt11","HALLMARK_ADIPOGENESIS",0,0.216,FALSE
"none","GSE274557","Pt11","HALLMARK_ADIPOGENESIS",0.25,0.681625,FALSE
"pcs","GSE274557","Pt11","HALLMARK_ADIPOGENESIS",0.25,0.688625,FALSE
"libsize","GSE274557","Pt12","HALLMARK_ADIPOGENESIS",0.75,0.836875,TRUE
"none","GSE274557","Pt12","HALLMARK_ADIPOGENESIS",0,0.5385,FALSE
"pcs","GSE274557","Pt12","HALLMARK_ADIPOGENESIS",0.25,0.64425,FALSE
"libsize","GSE274557","Pt13","HALLMARK_ADIPOGENESIS",0.285714285714286,0.458285714285714,FALSE
"none","GSE274557","Pt13","HALLMARK_ADIPOGENESIS",0.142857142857143,0.293642857142857,FALSE
"pcs","GSE274557","Pt13","HALLMARK_ADIPOGENESIS",0.285714285714286,0.858357142857143,FALSE
"libsize","GSE274557","Pt2","HALLMARK_ADIPOGENESIS",0.333333333333333,0.933833333333333,FALSE
"none","GSE274557","Pt2","HALLMARK_ADIPOGENESIS",0,0.288666666666667,FALSE
"pcs","GSE274557","Pt2","HALLMARK_ADIPOGENESIS",1,0.982833333333333,TRUE
"libsize","GSE274557","Pt3","HALLMARK_ADIPOGENESIS",0.5,0.937,TRUE
"none","GSE274557","Pt3","HALLMARK_ADIPOGENESIS",0,0.605625,FALSE
"pcs","GSE274557","Pt3","HALLMARK_ADIPOGENESIS",0.25,0.881375,FALSE
"libsize","GSE274557","Pt4","HALLMARK_ADIPOGENESIS",0.25,0.531375,FALSE
"none","GSE274557","Pt4","HALLMARK_ADIPOGENESIS",0.25,0.67675,FALSE
"pcs","GSE274557","Pt4","HALLMARK_ADIPOGENESIS",0,0.57375,FALSE
"libsize","GSE274557","Pt5","HALLMARK_ADIPOGENESIS",0.666666666666667,0.678666666666667,TRUE
"none","GSE274557","Pt5","HALLMARK_ADIPOGENESIS",0.666666666666667,0.667333333333333,TRUE
"pcs","GSE274557","Pt5","HALLMARK_ADIPOGENESIS",0.666666666666667,0.977666666666667,TRUE
"libsize","GSE274557","Pt6","HALLMARK_ADIPOGENESIS",0.666666666666667,0.910916666666667,TRUE
"none","GSE274557","Pt6","HALLMARK_ADIPOGENESIS",0.833333333333333,0.830083333333333,TRUE
"pcs","GSE274557","Pt6","HALLMARK_ADIPOGENESIS",0.333333333333333,0.851166666666667,FALSE
"libsize","GSE274557","Pt7","HALLMARK_ADIPOGENESIS",0.5,0.7145,TRUE
"none","GSE274557","Pt7","HALLMARK_ADIPOGENESIS",0.25,0.494625,FALSE
"pcs","GSE274557","Pt7","HALLMARK_ADIPOGENESIS",0.75,0.9825,TRUE
"libsize","GSE274557","Pt8","HALLMARK_ADIPOGENESIS",0.4,0.8995,FALSE
"none","GSE274557","Pt8","HALLMARK_ADIPOGENESIS",0,0.2513,FALSE
"pcs","GSE274557","Pt8","HALLMARK_ADIPOGENESIS",0.4,0.7486,FALSE
"libsize","GSE274557","Pt9","HALLMARK_ADIPOGENESIS",0,0.444625,FALSE
"none","GSE274557","Pt9","HALLMARK_ADIPOGENESIS",0,0.22775,FALSE
"pcs","GSE274557","Pt9","HALLMARK_ADIPOGENESIS",0,0.694375,FALSE
"libsize","GSE282302","C1_D1","HALLMARK_ALLOGRAFT_REJECTION",1,0.9995,TRUE
"none","GSE282302","C1_D1","HALLMARK_ALLOGRAFT_REJECTION",1,0.9995,TRUE
"pcs","GSE282302","C1_D1","HALLMARK_ALLOGRAFT_REJECTION",1,0.9995,TRUE
"libsize","GSE282302","C1_D10","HALLMARK_ALLOGRAFT_REJECTION",1,0.9995,TRUE
"none","GSE282302","C1_D10","HALLMARK_ALLOGRAFT_REJECTION",1,0.9995,TRUE
"pcs","GSE282302","C1_D10","HALLMARK_ALLOGRAFT_REJECTION",1,0.9995,TRUE
"libsize","GSE282302","C1_D11","HALLMARK_ALLOGRAFT_REJECTION",1,0.9995,TRUE
"none","GSE282302","C1_D11","HALLMARK_ALLOGRAFT_REJECTION",0,0.429,FALSE
"pcs","GSE282302","C1_D11","HALLMARK_ALLOGRAFT_REJECTION",1,0.9995,TRUE
"libsize","GSE282302","C1_D12","HALLMARK_ALLOGRAFT_REJECTION",1,0.9995,TRUE
"none","GSE282302","C1_D12","HALLMARK_ALLOGRAFT_REJECTION",0.5,0.9765,TRUE
"pcs","GSE282302","C1_D12","HALLMARK_ALLOGRAFT_REJECTION",1,0.9995,TRUE
"libsize","GSE282302","C1_D13","HALLMARK_ALLOGRAFT_REJECTION",1,0.9995,TRUE
"none","GSE282302","C1_D13","HALLMARK_ALLOGRAFT_REJECTION",1,0.9995,TRUE
"pcs","GSE282302","C1_D13","HALLMARK_ALLOGRAFT_REJECTION",1,0.9995,TRUE
"libsize","GSE282302","C1_D14","HALLMARK_ALLOGRAFT_REJECTION",1,0.9995,TRUE
"none","GSE282302","C1_D14","HALLMARK_ALLOGRAFT_REJECTION",1,0.999,TRUE
"pcs","GSE282302","C1_D14","HALLMARK_ALLOGRAFT_REJECTION",1,0.9995,TRUE
"libsize","GSE282302","C1_D2","HALLMARK_ALLOGRAFT_REJECTION",1,0.9995,TRUE
"none","GSE282302","C1_D2","HALLMARK_ALLOGRAFT_REJECTION",0,0.9575,FALSE
"pcs","GSE282302","C1_D2","HALLMARK_ALLOGRAFT_REJECTION",1,0.999,TRUE
"libsize","GSE282302","C1_D3","HALLMARK_ALLOGRAFT_REJECTION",1,0.9995,TRUE
"none","GSE282302","C1_D3","HALLMARK_ALLOGRAFT_REJECTION",0,0.316,FALSE
"pcs","GSE282302","C1_D3","HALLMARK_ALLOGRAFT_REJECTION",1,0.999,TRUE
"libsize","GSE282302","C1_D4","HALLMARK_ALLOGRAFT_REJECTION",1,0.9995,TRUE
"none","GSE282302","C1_D4","HALLMARK_ALLOGRAFT_REJECTION",0,0.6595,FALSE
"pcs","GSE282302","C1_D4","HALLMARK_ALLOGRAFT_REJECTION",1,0.9995,TRUE
"libsize","GSE282302","C1_D5","HALLMARK_ALLOGRAFT_REJECTION",1,0.9995,TRUE
"none","GSE282302","C1_D5","HALLMARK_ALLOGRAFT_REJECTION",0,0.1485,FALSE
"pcs","GSE282302","C1_D5","HALLMARK_ALLOGRAFT_REJECTION",1,0.9995,TRUE
"libsize","GSE282302","C1_D6","HALLMARK_ALLOGRAFT_REJECTION",1,0.9995,TRUE
"none","GSE282302","C1_D6","HALLMARK_ALLOGRAFT_REJECTION",1,0.9995,TRUE
"pcs","GSE282302","C1_D6","HALLMARK_ALLOGRAFT_REJECTION",1,0.9995,TRUE
"libsize","GSE282302","C1_D7","HALLMARK_ALLOGRAFT_REJECTION",1,0.9995,TRUE
"none","GSE282302","C1_D7","HALLMARK_ALLOGRAFT_REJECTION",0,0.9195,FALSE
"pcs","GSE282302","C1_D7","HALLMARK_ALLOGRAFT_REJECTION",1,0.9995,TRUE
"libsize","GSE282302","C1_D8","HALLMARK_ALLOGRAFT_REJECTION",1,0.9995,TRUE
"none","GSE282302","C1_D8","HALLMARK_ALLOGRAFT_REJECTION",0,0.49,FALSE
"pcs","GSE282302","C1_D8","HALLMARK_ALLOGRAFT_REJECTION",1,0.99825,TRUE
"libsize","GSE282302","C1_D9","HALLMARK_ALLOGRAFT_REJECTION",1,0.9995,TRUE
"none","GSE282302","C1_D9","HALLMARK_ALLOGRAFT_REJECTION",0.5,0.96675,TRUE
"pcs","GSE282302","C1_D9","HALLMARK_ALLOGRAFT_REJECTION",1,0.999,TRUE
"libsize","GSE282302","C2_D1","HALLMARK_ALLOGRAFT_REJECTION",1,0.998,TRUE
"none","GSE282302","C2_D1","HALLMARK_ALLOGRAFT_REJECTION",1,0.9995,TRUE
"pcs","GSE282302","C2_D1","HALLMARK_ALLOGRAFT_REJECTION",1,0.9995,TRUE
"libsize","GSE282302","C2_D10","HALLMARK_ALLOGRAFT_REJECTION",1,0.9995,TRUE
"none","GSE282302","C2_D10","HALLMARK_ALLOGRAFT_REJECTION",1,0.995875,TRUE
"pcs","GSE282302","C2_D10","HALLMARK_ALLOGRAFT_REJECTION",1,0.9995,TRUE
"libsize","GSE282302","C2_D11","HALLMARK_ALLOGRAFT_REJECTION",1,0.9995,TRUE
"none","GSE282302","C2_D11","HALLMARK_ALLOGRAFT_REJECTION",0.75,0.9254375,TRUE
"pcs","GSE282302","C2_D11","HALLMARK_ALLOGRAFT_REJECTION",1,0.9995,TRUE
"libsize","GSE282302","C2_D12","HALLMARK_ALLOGRAFT_REJECTION",1,0.9995,TRUE
"none","GSE282302","C2_D12","HALLMARK_ALLOGRAFT_REJECTION",0,0.2515,FALSE
"pcs","GSE282302","C2_D12","HALLMARK_ALLOGRAFT_REJECTION",0,0.9385,FALSE
"libsize","GSE282302","C2_D13","HALLMARK_ALLOGRAFT_REJECTION",1,0.9995,TRUE
"none","GSE282302","C2_D13","HALLMARK_ALLOGRAFT_REJECTION",0,0.0415,FALSE
"pcs","GSE282302","C2_D13","HALLMARK_ALLOGRAFT_REJECTION",1,0.9995,TRUE
"libsize","GSE282302","C2_D2","HALLMARK_ALLOGRAFT_REJECTION",1,0.999,TRUE
"none","GSE282302","C2_D2","HALLMARK_ALLOGRAFT_REJECTION",1,0.9995,TRUE
"pcs","GSE282302","C2_D2","HALLMARK_ALLOGRAFT_REJECTION",1,0.9995,TRUE
"libsize","GSE282302","C2_D3","HALLMARK_ALLOGRAFT_REJECTION",1,0.9995,TRUE
"none","GSE282302","C2_D3","HALLMARK_ALLOGRAFT_REJECTION",1,0.9995,TRUE
"pcs","GSE282302","C2_D3","HALLMARK_ALLOGRAFT_REJECTION",1,0.9995,TRUE
"libsize","GSE282302","C2_D4","HALLMARK_ALLOGRAFT_REJECTION",1,0.9995,TRUE
"none","GSE282302","C2_D4","HALLMARK_ALLOGRAFT_REJECTION",1,0.9995,TRUE
"pcs","GSE282302","C2_D4","HALLMARK_ALLOGRAFT_REJECTION",1,0.9895,TRUE
"libsize","GSE282302","C2_D5","HALLMARK_ALLOGRAFT_REJECTION",1,0.999,TRUE
"none","GSE282302","C2_D5","HALLMARK_ALLOGRAFT_REJECTION",0.5,0.53775,TRUE
"pcs","GSE282302","C2_D5","HALLMARK_ALLOGRAFT_REJECTION",1,0.9995,TRUE
"libsize","GSE282302","C2_D6","HALLMARK_ALLOGRAFT_REJECTION",1,0.9985,TRUE
"none","GSE282302","C2_D6","HALLMARK_ALLOGRAFT_REJECTION",0.5,0.99125,TRUE
"pcs","GSE282302","C2_D6","HALLMARK_ALLOGRAFT_REJECTION",1,0.9995,TRUE
"libsize","GSE282302","C2_D7","HALLMARK_ALLOGRAFT_REJECTION",1,0.9995,TRUE
"none","GSE282302","C2_D7","HALLMARK_ALLOGRAFT_REJECTION",0,0.5375,FALSE
"pcs","GSE282302","C2_D7","HALLMARK_ALLOGRAFT_REJECTION",1,0.9995,TRUE
"libsize","GSE282302","C2_D8","HALLMARK_ALLOGRAFT_REJECTION",1,0.9995,TRUE
"none","GSE282302","C2_D8","HALLMARK_ALLOGRAFT_REJECTION",0,0.02275,FALSE
"pcs","GSE282302","C2_D8","HALLMARK_ALLOGRAFT_REJECTION",1,0.9995,TRUE
"libsize","GSE282302","C2_D9","HALLMARK_ALLOGRAFT_REJECTION",1,0.9995,TRUE
"none","GSE282302","C2_D9","HALLMARK_ALLOGRAFT_REJECTION",0.833333333333333,0.925916666666667,TRUE
"pcs","GSE282302","C2_D9","HALLMARK_ALLOGRAFT_REJECTION",0.833333333333333,0.978166666666667,TRUE
"libsize","GSE282302","C3_D1","HALLMARK_ALLOGRAFT_REJECTION",1,0.9995,TRUE
"none","GSE282302","C3_D1","HALLMARK_ALLOGRAFT_REJECTION",0.5,0.59125,TRUE
"pcs","GSE282302","C3_D1","HALLMARK_ALLOGRAFT_REJECTION",0.75,0.986875,TRUE
"libsize","GSE282302","C3_D10","HALLMARK_ALLOGRAFT_REJECTION",1,0.999125,TRUE
"none","GSE282302","C3_D10","HALLMARK_ALLOGRAFT_REJECTION",0.75,0.986875,TRUE
"pcs","GSE282302","C3_D10","HALLMARK_ALLOGRAFT_REJECTION",1,0.9995,TRUE
"libsize","GSE282302","C3_D11","HALLMARK_ALLOGRAFT_REJECTION",1,0.9995,TRUE
"none","GSE282302","C3_D11","HALLMARK_ALLOGRAFT_REJECTION",0.5,0.937625,TRUE
"pcs","GSE282302","C3_D11","HALLMARK_ALLOGRAFT_REJECTION",1,0.9995,TRUE
"libsize","GSE282302","C3_D12","HALLMARK_ALLOGRAFT_REJECTION",1,0.9995,TRUE
"none","GSE282302","C3_D12","HALLMARK_ALLOGRAFT_REJECTION",1,0.9995,TRUE
"pcs","GSE282302","C3_D12","HALLMARK_ALLOGRAFT_REJECTION",1,0.9994375,TRUE
"libsize","GSE282302","C3_D2","HALLMARK_ALLOGRAFT_REJECTION",1,0.9995,TRUE
"none","GSE282302","C3_D2","HALLMARK_ALLOGRAFT_REJECTION",1,0.9995,TRUE
"pcs","GSE282302","C3_D2","HALLMARK_ALLOGRAFT_REJECTION",1,0.9995,TRUE
"libsize","GSE282302","C3_D3","HALLMARK_ALLOGRAFT_REJECTION",0.75,0.96075,TRUE
"none","GSE282302","C3_D3","HALLMARK_ALLOGRAFT_REJECTION",0.75,0.987625,TRUE
"pcs","GSE282302","C3_D3","HALLMARK_ALLOGRAFT_REJECTION",1,0.99925,TRUE
"libsize","GSE282302","C3_D4","HALLMARK_ALLOGRAFT_REJECTION",1,0.9995,TRUE
"none","GSE282302","C3_D4","HALLMARK_ALLOGRAFT_REJECTION",0.75,0.749625,TRUE
"pcs","GSE282302","C3_D4","HALLMARK_ALLOGRAFT_REJECTION",0.75,0.95725,TRUE
"libsize","GSE282302","C3_D5","HALLMARK_ALLOGRAFT_REJECTION",1,0.9995,TRUE
"none","GSE282302","C3_D5","HALLMARK_ALLOGRAFT_REJECTION",0.75,0.9535,TRUE
"pcs","GSE282302","C3_D5","HALLMARK_ALLOGRAFT_REJECTION",1,0.9995,TRUE
"libsize","GSE282302","C3_D6","HALLMARK_ALLOGRAFT_REJECTION",1,0.999375,TRUE
"none","GSE282302","C3_D6","HALLMARK_ALLOGRAFT_REJECTION",0.25,0.2805,FALSE
"pcs","GSE282302","C3_D6","HALLMARK_ALLOGRAFT_REJECTION",0.25,0.895625,FALSE
"libsize","GSE282302","C3_D7","HALLMARK_ALLOGRAFT_REJECTION",0.75,0.963125,TRUE
"none","GSE282302","C3_D7","HALLMARK_ALLOGRAFT_REJECTION",0.75,0.963125,TRUE
"pcs","GSE282302","C3_D7","HALLMARK_ALLOGRAFT_REJECTION",0.75,0.993125,TRUE
"libsize","GSE282302","C3_D8","HALLMARK_ALLOGRAFT_REJECTION",1,0.9995,TRUE
"none","GSE282302","C3_D8","HALLMARK_ALLOGRAFT_REJECTION",1,0.9995,TRUE
"pcs","GSE282302","C3_D8","HALLMARK_ALLOGRAFT_REJECTION",1,0.9985,TRUE
"libsize","GSE282302","C3_D9","HALLMARK_ALLOGRAFT_REJECTION",1,0.990375,TRUE
"none","GSE282302","C3_D9","HALLMARK_ALLOGRAFT_REJECTION",0,0.5875,FALSE
"pcs","GSE282302","C3_D9","HALLMARK_ALLOGRAFT_REJECTION",1,0.9995,TRUE
"libsize","GSE274557","Pt1","HALLMARK_ALLOGRAFT_REJECTION",1,0.9995,TRUE
"none","GSE274557","Pt1","HALLMARK_ALLOGRAFT_REJECTION",0.5,0.49925,TRUE
"pcs","GSE274557","Pt1","HALLMARK_ALLOGRAFT_REJECTION",0.5,0.91025,TRUE
"libsize","GSE274557","Pt10","HALLMARK_ALLOGRAFT_REJECTION",0.75,0.974625,TRUE
"none","GSE274557","Pt10","HALLMARK_ALLOGRAFT_REJECTION",0,0.301625,FALSE
"pcs","GSE274557","Pt10","HALLMARK_ALLOGRAFT_REJECTION",0.5,0.974,TRUE
"libsize","GSE274557","Pt11","HALLMARK_ALLOGRAFT_REJECTION",0.75,0.985375,TRUE
"none","GSE274557","Pt11","HALLMARK_ALLOGRAFT_REJECTION",0.25,0.44575,FALSE
"pcs","GSE274557","Pt11","HALLMARK_ALLOGRAFT_REJECTION",0.75,0.957125,TRUE
"libsize","GSE274557","Pt12","HALLMARK_ALLOGRAFT_REJECTION",1,0.9995,TRUE
"none","GSE274557","Pt12","HALLMARK_ALLOGRAFT_REJECTION",0,0.686875,FALSE
"pcs","GSE274557","Pt12","HALLMARK_ALLOGRAFT_REJECTION",0.75,0.989125,TRUE
"libsize","GSE274557","Pt13","HALLMARK_ALLOGRAFT_REJECTION",0.714285714285714,0.849857142857143,TRUE
"none","GSE274557","Pt13","HALLMARK_ALLOGRAFT_REJECTION",0.142857142857143,0.326642857142857,FALSE
"pcs","GSE274557","Pt13","HALLMARK_ALLOGRAFT_REJECTION",0.857142857142857,0.897714285714286,TRUE
"libsize","GSE274557","Pt2","HALLMARK_ALLOGRAFT_REJECTION",1,0.9995,TRUE
"none","GSE274557","Pt2","HALLMARK_ALLOGRAFT_REJECTION",0.666666666666667,0.829666666666667,TRUE
"pcs","GSE274557","Pt2","HALLMARK_ALLOGRAFT_REJECTION",1,0.9995,TRUE
"libsize","GSE274557","Pt3","HALLMARK_ALLOGRAFT_REJECTION",1,0.999,TRUE
"none","GSE274557","Pt3","HALLMARK_ALLOGRAFT_REJECTION",0,0.84975,FALSE
"pcs","GSE274557","Pt3","HALLMARK_ALLOGRAFT_REJECTION",0.75,0.982875,TRUE
"libsize","GSE274557","Pt4","HALLMARK_ALLOGRAFT_REJECTION",1,0.999,TRUE
"none","GSE274557","Pt4","HALLMARK_ALLOGRAFT_REJECTION",0.25,0.307625,FALSE
"pcs","GSE274557","Pt4","HALLMARK_ALLOGRAFT_REJECTION",1,0.9965,TRUE
"libsize","GSE274557","Pt5","HALLMARK_ALLOGRAFT_REJECTION",0.666666666666667,0.961166666666667,TRUE
"none","GSE274557","Pt5","HALLMARK_ALLOGRAFT_REJECTION",0.666666666666667,0.929833333333333,TRUE
"pcs","GSE274557","Pt5","HALLMARK_ALLOGRAFT_REJECTION",1,0.9995,TRUE
"libsize","GSE274557","Pt6","HALLMARK_ALLOGRAFT_REJECTION",0.666666666666667,0.969083333333333,TRUE
"none","GSE274557","Pt6","HALLMARK_ALLOGRAFT_REJECTION",0.333333333333333,0.575833333333333,FALSE
"pcs","GSE274557","Pt6","HALLMARK_ALLOGRAFT_REJECTION",0.5,0.828916666666667,TRUE
"libsize","GSE274557","Pt7","HALLMARK_ALLOGRAFT_REJECTION",0.75,0.979,TRUE
"none","GSE274557","Pt7","HALLMARK_ALLOGRAFT_REJECTION",0,0.469375,FALSE
"pcs","GSE274557","Pt7","HALLMARK_ALLOGRAFT_REJECTION",0.5,0.93125,TRUE
"libsize","GSE274557","Pt8","HALLMARK_ALLOGRAFT_REJECTION",0.8,0.9913,TRUE
"none","GSE274557","Pt8","HALLMARK_ALLOGRAFT_REJECTION",0.2,0.6009,FALSE
"pcs","GSE274557","Pt8","HALLMARK_ALLOGRAFT_REJECTION",0.8,0.9962,TRUE
"libsize","GSE274557","Pt9","HALLMARK_ALLOGRAFT_REJECTION",0.75,0.927875,TRUE
"none","GSE274557","Pt9","HALLMARK_ALLOGRAFT_REJECTION",0,0.304875,FALSE
"pcs","GSE274557","Pt9","HALLMARK_ALLOGRAFT_REJECTION",0.25,0.833875,FALSE
"libsize","GSE282302","C1_D1","HALLMARK_ANDROGEN_RESPONSE",0,0.8115,FALSE
"none","GSE282302","C1_D1","HALLMARK_ANDROGEN_RESPONSE",0,0.9265,FALSE
"pcs","GSE282302","C1_D1","HALLMARK_ANDROGEN_RESPONSE",0,0.712,FALSE
"libsize","GSE282302","C1_D10","HALLMARK_ANDROGEN_RESPONSE",0,0.51475,FALSE
"none","GSE282302","C1_D10","HALLMARK_ANDROGEN_RESPONSE",0.5,0.74325,TRUE
"pcs","GSE282302","C1_D10","HALLMARK_ANDROGEN_RESPONSE",0,0.66075,FALSE
"libsize","GSE282302","C1_D11","HALLMARK_ANDROGEN_RESPONSE",0,0.9435,FALSE
"none","GSE282302","C1_D11","HALLMARK_ANDROGEN_RESPONSE",0,0.95575,FALSE
"pcs","GSE282302","C1_D11","HALLMARK_ANDROGEN_RESPONSE",0.5,0.87375,TRUE
"libsize","GSE282302","C1_D12","HALLMARK_ANDROGEN_RESPONSE",0.5,0.90875,TRUE
"none","GSE282302","C1_D12","HALLMARK_ANDROGEN_RESPONSE",0,0.93925,FALSE
"pcs","GSE282302","C1_D12","HALLMARK_ANDROGEN_RESPONSE",0,0.65475,FALSE
"libsize","GSE282302","C1_D13","HALLMARK_ANDROGEN_RESPONSE",0,0.6945,FALSE
"none","GSE282302","C1_D13","HALLMARK_ANDROGEN_RESPONSE",0.5,0.96225,TRUE
"pcs","GSE282302","C1_D13","HALLMARK_ANDROGEN_RESPONSE",0,0.652,FALSE
"libsize","GSE282302","C1_D14","HALLMARK_ANDROGEN_RESPONSE",0.333333333333333,0.936666666666667,FALSE
"none","GSE282302","C1_D14","HALLMARK_ANDROGEN_RESPONSE",0,0.731833333333333,FALSE
"pcs","GSE282302","C1_D14","HALLMARK_ANDROGEN_RESPONSE",0.333333333333333,0.856833333333333,FALSE
"libsize","GSE282302","C1_D2","HALLMARK_ANDROGEN_RESPONSE",0,0.9025,FALSE
"none","GSE282302","C1_D2","HALLMARK_ANDROGEN_RESPONSE",0,0.8785,FALSE
"pcs","GSE282302","C1_D2","HALLMARK_ANDROGEN_RESPONSE",0,0.8385,FALSE
"libsize","GSE282302","C1_D3","HALLMARK_ANDROGEN_RESPONSE",0,0.711,FALSE
"none","GSE282302","C1_D3","HALLMARK_ANDROGEN_RESPONSE",0,0.408,FALSE
"pcs","GSE282302","C1_D3","HALLMARK_ANDROGEN_RESPONSE",0,0.9445,FALSE
"libsize","GSE282302","C1_D4","HALLMARK_ANDROGEN_RESPONSE",0,0.257,FALSE
"none","GSE282302","C1_D4","HALLMARK_ANDROGEN_RESPONSE",0,0.313,FALSE
"pcs","GSE282302","C1_D4","HALLMARK_ANDROGEN_RESPONSE",0,0.3615,FALSE
"libsize","GSE282302","C1_D5","HALLMARK_ANDROGEN_RESPONSE",0,0.936,FALSE
"none","GSE282302","C1_D5","HALLMARK_ANDROGEN_RESPONSE",0,0.7085,FALSE
"pcs","GSE282302","C1_D5","HALLMARK_ANDROGEN_RESPONSE",0,0.5615,FALSE
"libsize","GSE282302","C1_D6","HALLMARK_ANDROGEN_RESPONSE",0,0.9115,FALSE
"none","GSE282302","C1_D6","HALLMARK_ANDROGEN_RESPONSE",1,0.989,TRUE
"pcs","GSE282302","C1_D6","HALLMARK_ANDROGEN_RESPONSE",0,0.912,FALSE
"libsize","GSE282302","C1_D7","HALLMARK_ANDROGEN_RESPONSE",1,0.9695,TRUE
"none","GSE282302","C1_D7","HALLMARK_ANDROGEN_RESPONSE",0,0.935,FALSE
"pcs","GSE282302","C1_D7","HALLMARK_ANDROGEN_RESPONSE",0,0.743,FALSE
"libsize","GSE282302","C1_D8","HALLMARK_ANDROGEN_RESPONSE",0.5,0.9665,TRUE
"none","GSE282302","C1_D8","HALLMARK_ANDROGEN_RESPONSE",1,0.99775,TRUE
"pcs","GSE282302","C1_D8","HALLMARK_ANDROGEN_RESPONSE",0.5,0.5545,TRUE
"libsize","GSE282302","C1_D9","HALLMARK_ANDROGEN_RESPONSE",0.5,0.92675,TRUE
"none","GSE282302","C1_D9","HALLMARK_ANDROGEN_RESPONSE",0.5,0.896,TRUE
"pcs","GSE282302","C1_D9","HALLMARK_ANDROGEN_RESPONSE",0,0.8595,FALSE
"libsize","GSE282302","C2_D1","HALLMARK_ANDROGEN_RESPONSE",0,0.8185,FALSE
"none","GSE282302","C2_D1","HALLMARK_ANDROGEN_RESPONSE",0,0.895,FALSE
"pcs","GSE282302","C2_D1","HALLMARK_ANDROGEN_RESPONSE",0,0.4825,FALSE
"libsize","GSE282302","C2_D10","HALLMARK_ANDROGEN_RESPONSE",0,0.68725,FALSE
"none","GSE282302","C2_D10","HALLMARK_ANDROGEN_RESPONSE",0,0.870625,FALSE
"pcs","GSE282302","C2_D10","HALLMARK_ANDROGEN_RESPONSE",0.5,0.835875,TRUE
"libsize","GSE282302","C2_D11","HALLMARK_ANDROGEN_RESPONSE",0.375,0.7738125,FALSE
"none","GSE282302","C2_D11","HALLMARK_ANDROGEN_RESPONSE",0.25,0.5823125,FALSE
"pcs","GSE282302","C2_D11","HALLMARK_ANDROGEN_RESPONSE",0.125,0.6014375,FALSE
"libsize","GSE282302","C2_D12","HALLMARK_ANDROGEN_RESPONSE",0,0.633,FALSE
"none","GSE282302","C2_D12","HALLMARK_ANDROGEN_RESPONSE",0,0.0610000000000001,FALSE
"pcs","GSE282302","C2_D12","HALLMARK_ANDROGEN_RESPONSE",0,0.3335,FALSE
"libsize","GSE282302","C2_D13","HALLMARK_ANDROGEN_RESPONSE",0,0.948,FALSE
"none","GSE282302","C2_D13","HALLMARK_ANDROGEN_RESPONSE",0,0.937,FALSE
"pcs","GSE282302","C2_D13","HALLMARK_ANDROGEN_RESPONSE",0,0.5955,FALSE
"libsize","GSE282302","C2_D2","HALLMARK_ANDROGEN_RESPONSE",0,0.152,FALSE
"none","GSE282302","C2_D2","HALLMARK_ANDROGEN_RESPONSE",0,0.1355,FALSE
"pcs","GSE282302","C2_D2","HALLMARK_ANDROGEN_RESPONSE",0,0.0535,FALSE
"libsize","GSE282302","C2_D3","HALLMARK_ANDROGEN_RESPONSE",0,0.693,FALSE
"none","GSE282302","C2_D3","HALLMARK_ANDROGEN_RESPONSE",1,0.9985,TRUE
"pcs","GSE282302","C2_D3","HALLMARK_ANDROGEN_RESPONSE",0,0.905,FALSE
"libsize","GSE282302","C2_D4","HALLMARK_ANDROGEN_RESPONSE",0,0.3435,FALSE
"none","GSE282302","C2_D4","HALLMARK_ANDROGEN_RESPONSE",0,0.2305,FALSE
"pcs","GSE282302","C2_D4","HALLMARK_ANDROGEN_RESPONSE",0,0.135,FALSE
"libsize","GSE282302","C2_D5","HALLMARK_ANDROGEN_RESPONSE",0,0.7865,FALSE
"none","GSE282302","C2_D5","HALLMARK_ANDROGEN_RESPONSE",0,0.77075,FALSE
"pcs","GSE282302","C2_D5","HALLMARK_ANDROGEN_RESPONSE",0,0.604,FALSE
"libsize","GSE282302","C2_D6","HALLMARK_ANDROGEN_RESPONSE",0,0.032,FALSE
"none","GSE282302","C2_D6","HALLMARK_ANDROGEN_RESPONSE",0,0.02325,FALSE
"pcs","GSE282302","C2_D6","HALLMARK_ANDROGEN_RESPONSE",1,0.978,TRUE
"libsize","GSE282302","C2_D7","HALLMARK_ANDROGEN_RESPONSE",0,0.72625,FALSE
"none","GSE282302","C2_D7","HALLMARK_ANDROGEN_RESPONSE",0,0.4285,FALSE
"pcs","GSE282302","C2_D7","HALLMARK_ANDROGEN_RESPONSE",0,0.54925,FALSE
"libsize","GSE282302","C2_D8","HALLMARK_ANDROGEN_RESPONSE",0,0.711375,FALSE
"none","GSE282302","C2_D8","HALLMARK_ANDROGEN_RESPONSE",0.25,0.751125,FALSE
"pcs","GSE282302","C2_D8","HALLMARK_ANDROGEN_RESPONSE",0.5,0.799125,TRUE
"libsize","GSE282302","C2_D9","HALLMARK_ANDROGEN_RESPONSE",0,0.832166666666667,FALSE
"none","GSE282302","C2_D9","HALLMARK_ANDROGEN_RESPONSE",0,0.849,FALSE
"pcs","GSE282302","C2_D9","HALLMARK_ANDROGEN_RESPONSE",0.166666666666667,0.730916666666667,FALSE
"libsize","GSE282302","C3_D1","HALLMARK_ANDROGEN_RESPONSE",0.25,0.706,FALSE
"none","GSE282302","C3_D1","HALLMARK_ANDROGEN_RESPONSE",0,0.939,FALSE
"pcs","GSE282302","C3_D1","HALLMARK_ANDROGEN_RESPONSE",0,0.538,FALSE
"libsize","GSE282302","C3_D10","HALLMARK_ANDROGEN_RESPONSE",0,0.73275,FALSE
"none","GSE282302","C3_D10","HALLMARK_ANDROGEN_RESPONSE",0.25,0.756,FALSE
"pcs","GSE282302","C3_D10","HALLMARK_ANDROGEN_RESPONSE",0.25,0.63525,FALSE
"libsize","GSE282302","C3_D11","HALLMARK_ANDROGEN_RESPONSE",0.25,0.953625,FALSE
"none","GSE282302","C3_D11","HALLMARK_ANDROGEN_RESPONSE",0.25,0.947375,FALSE
"pcs","GSE282302","C3_D11","HALLMARK_ANDROGEN_RESPONSE",0,0.753625,FALSE
"libsize","GSE282302","C3_D12","HALLMARK_ANDROGEN_RESPONSE",0.125,0.5328125,FALSE
"none","GSE282302","C3_D12","HALLMARK_ANDROGEN_RESPONSE",0.125,0.5955,FALSE
"pcs","GSE282302","C3_D12","HALLMARK_ANDROGEN_RESPONSE",0.25,0.8695,FALSE
"libsize","GSE282302","C3_D2","HALLMARK_ANDROGEN_RESPONSE",0.5,0.900375,TRUE
"none","GSE282302","C3_D2","HALLMARK_ANDROGEN_RESPONSE",0.5,0.72975,TRUE
"pcs","GSE282302","C3_D2","HALLMARK_ANDROGEN_RESPONSE",0.25,0.64825,FALSE
"libsize","GSE282302","C3_D3","HALLMARK_ANDROGEN_RESPONSE",0,0.65125,FALSE
"none","GSE282302","C3_D3","HALLMARK_ANDROGEN_RESPONSE",0,0.63575,FALSE
"pcs","GSE282302","C3_D3","HALLMARK_ANDROGEN_RESPONSE",0,0.539625,FALSE
"libsize","GSE282302","C3_D4","HALLMARK_ANDROGEN_RESPONSE",0.5,0.805,TRUE
"none","GSE282302","C3_D4","HALLMARK_ANDROGEN_RESPONSE",0.25,0.787625,FALSE
"pcs","GSE282302","C3_D4","HALLMARK_ANDROGEN_RESPONSE",0,0.838375,FALSE
"libsize","GSE282302","C3_D5","HALLMARK_ANDROGEN_RESPONSE",0,0.761,FALSE
"none","GSE282302","C3_D5","HALLMARK_ANDROGEN_RESPONSE",0.25,0.949,FALSE
"pcs","GSE282302","C3_D5","HALLMARK_ANDROGEN_RESPONSE",0.25,0.84575,FALSE
"libsize","GSE282302","C3_D6","HALLMARK_ANDROGEN_RESPONSE",0.25,0.68725,FALSE
"none","GSE282302","C3_D6","HALLMARK_ANDROGEN_RESPONSE",0.5,0.749125,TRUE
"pcs","GSE282302","C3_D6","HALLMARK_ANDROGEN_RESPONSE",0,0.689125,FALSE
"libsize","GSE282302","C3_D7","HALLMARK_ANDROGEN_RESPONSE",0.25,0.631375,FALSE
"none","GSE282302","C3_D7","HALLMARK_ANDROGEN_RESPONSE",0,0.773875,FALSE
"pcs","GSE282302","C3_D7","HALLMARK_ANDROGEN_RESPONSE",0,0.452125,FALSE
"libsize","GSE282302","C3_D8","HALLMARK_ANDROGEN_RESPONSE",0.25,0.69525,FALSE
"none","GSE282302","C3_D8","HALLMARK_ANDROGEN_RESPONSE",0,0.62425,FALSE
"pcs","GSE282302","C3_D8","HALLMARK_ANDROGEN_RESPONSE",0,0.900125,FALSE
"libsize","GSE282302","C3_D9","HALLMARK_ANDROGEN_RESPONSE",0,0.750375,FALSE
"none","GSE282302","C3_D9","HALLMARK_ANDROGEN_RESPONSE",0.5,0.783875,TRUE
"pcs","GSE282302","C3_D9","HALLMARK_ANDROGEN_RESPONSE",0,0.726125,FALSE
"libsize","GSE274557","Pt1","HALLMARK_ANDROGEN_RESPONSE",0.5,0.94925,TRUE
"none","GSE274557","Pt1","HALLMARK_ANDROGEN_RESPONSE",0,0.7505,FALSE
"pcs","GSE274557","Pt1","HALLMARK_ANDROGEN_RESPONSE",0,0.90125,FALSE
"libsize","GSE274557","Pt10","HALLMARK_ANDROGEN_RESPONSE",0.25,0.672,FALSE
"none","GSE274557","Pt10","HALLMARK_ANDROGEN_RESPONSE",0,0.31375,FALSE
"pcs","GSE274557","Pt10","HALLMARK_ANDROGEN_RESPONSE",0,0.626875,FALSE
"libsize","GSE274557","Pt11","HALLMARK_ANDROGEN_RESPONSE",0.5,0.78075,TRUE
"none","GSE274557","Pt11","HALLMARK_ANDROGEN_RESPONSE",0,0.232125,FALSE
"pcs","GSE274557","Pt11","HALLMARK_ANDROGEN_RESPONSE",0,0.581625,FALSE
"libsize","GSE274557","Pt12","HALLMARK_ANDROGEN_RESPONSE",0.5,0.9685,TRUE
"none","GSE274557","Pt12","HALLMARK_ANDROGEN_RESPONSE",0,0.467375,FALSE
"pcs","GSE274557","Pt12","HALLMARK_ANDROGEN_RESPONSE",0.25,0.568375,FALSE
"libsize","GSE274557","Pt13","HALLMARK_ANDROGEN_RESPONSE",0.285714285714286,0.740214285714286,FALSE
"none","GSE274557","Pt13","HALLMARK_ANDROGEN_RESPONSE",0,0.623571428571429,FALSE
"pcs","GSE274557","Pt13","HALLMARK_ANDROGEN_RESPONSE",0.142857142857143,0.823,FALSE
"libsize","GSE274557","Pt2","HALLMARK_ANDROGEN_RESPONSE",0.333333333333333,0.600166666666667,FALSE
"none","GSE274557","Pt2","HALLMARK_ANDROGEN_RESPONSE",0,0.749666666666667,FALSE
"pcs","GSE274557","Pt2","HALLMARK_ANDROGEN_RESPONSE",0.333333333333333,0.759,FALSE
"libsize","GSE274557","Pt3","HALLMARK_ANDROGEN_RESPONSE",0.25,0.76425,FALSE
"none","GSE274557","Pt3","HALLMARK_ANDROGEN_RESPONSE",0,0.4595,FALSE
"pcs","GSE274557","Pt3","HALLMARK_ANDROGEN_RESPONSE",0.25,0.767,FALSE
"libsize","GSE274557","Pt4","HALLMARK_ANDROGEN_RESPONSE",0.25,0.9385,FALSE
"none","GSE274557","Pt4","HALLMARK_ANDROGEN_RESPONSE",0,0.449875,FALSE
"pcs","GSE274557","Pt4","HALLMARK_ANDROGEN_RESPONSE",0.25,0.545375,FALSE
"libsize","GSE274557","Pt5","HALLMARK_ANDROGEN_RESPONSE",0.333333333333333,0.661333333333333,FALSE
"none","GSE274557","Pt5","HALLMARK_ANDROGEN_RESPONSE",0,0.5905,FALSE
"pcs","GSE274557","Pt5","HALLMARK_ANDROGEN_RESPONSE",0.333333333333333,0.8795,FALSE
"libsize","GSE274557","Pt6","HALLMARK_ANDROGEN_RESPONSE",0.166666666666667,0.671,FALSE
"none","GSE274557","Pt6","HALLMARK_ANDROGEN_RESPONSE",0.166666666666667,0.748083333333333,FALSE
"pcs","GSE274557","Pt6","HALLMARK_ANDROGEN_RESPONSE",0,0.604916666666667,FALSE
"libsize","GSE274557","Pt7","HALLMARK_ANDROGEN_RESPONSE",0,0.662375,FALSE
"none","GSE274557","Pt7","HALLMARK_ANDROGEN_RESPONSE",0,0.39575,FALSE
"pcs","GSE274557","Pt7","HALLMARK_ANDROGEN_RESPONSE",0,0.56325,FALSE
"libsize","GSE274557","Pt8","HALLMARK_ANDROGEN_RESPONSE",0.6,0.7261,TRUE
"none","GSE274557","Pt8","HALLMARK_ANDROGEN_RESPONSE",0,0.2747,FALSE
"pcs","GSE274557","Pt8","HALLMARK_ANDROGEN_RESPONSE",0,0.3542,FALSE
"libsize","GSE274557","Pt9","HALLMARK_ANDROGEN_RESPONSE",0.25,0.929375,FALSE
"none","GSE274557","Pt9","HALLMARK_ANDROGEN_RESPONSE",0,0.72025,FALSE
"pcs","GSE274557","Pt9","HALLMARK_ANDROGEN_RESPONSE",0,0.74775,FALSE
"libsize","GSE282302","C1_D1","HALLMARK_ANGIOGENESIS",1,0.997,TRUE
"none","GSE282302","C1_D1","HALLMARK_ANGIOGENESIS",0,0.8275,FALSE
"pcs","GSE282302","C1_D1","HALLMARK_ANGIOGENESIS",0,0.631,FALSE
"libsize","GSE282302","C1_D10","HALLMARK_ANGIOGENESIS",1,0.98975,TRUE
"none","GSE282302","C1_D10","HALLMARK_ANGIOGENESIS",1,0.99375,TRUE
"pcs","GSE282302","C1_D10","HALLMARK_ANGIOGENESIS",0.5,0.96675,TRUE
"libsize","GSE282302","C1_D11","HALLMARK_ANGIOGENESIS",1,0.999,TRUE
"none","GSE282302","C1_D11","HALLMARK_ANGIOGENESIS",0,0.2325,FALSE
"pcs","GSE282302","C1_D11","HALLMARK_ANGIOGENESIS",0.5,0.9855,TRUE
"libsize","GSE282302","C1_D12","HALLMARK_ANGIOGENESIS",1,0.99425,TRUE
"none","GSE282302","C1_D12","HALLMARK_ANGIOGENESIS",0,0.8815,FALSE
"pcs","GSE282302","C1_D12","HALLMARK_ANGIOGENESIS",1,0.99475,TRUE
"libsize","GSE282302","C1_D13","HALLMARK_ANGIOGENESIS",1,0.99125,TRUE
"none","GSE282302","C1_D13","HALLMARK_ANGIOGENESIS",1,0.9935,TRUE
"pcs","GSE282302","C1_D13","HALLMARK_ANGIOGENESIS",1,0.9955,TRUE
"libsize","GSE282302","C1_D14","HALLMARK_ANGIOGENESIS",1,0.999,TRUE
"none","GSE282302","C1_D14","HALLMARK_ANGIOGENESIS",0,0.525666666666667,FALSE
"pcs","GSE282302","C1_D14","HALLMARK_ANGIOGENESIS",1,0.994,TRUE
"libsize","GSE282302","C1_D2","HALLMARK_ANGIOGENESIS",1,0.9995,TRUE
"none","GSE282302","C1_D2","HALLMARK_ANGIOGENESIS",0,0.563,FALSE
"pcs","GSE282302","C1_D2","HALLMARK_ANGIOGENESIS",0,0.7615,FALSE
"libsize","GSE282302","C1_D3","HALLMARK_ANGIOGENESIS",0,0.9715,FALSE
"none","GSE282302","C1_D3","HALLMARK_ANGIOGENESIS",1,0.999,TRUE
"pcs","GSE282302","C1_D3","HALLMARK_ANGIOGENESIS",0,0.935,FALSE
"libsize","GSE282302","C1_D4","HALLMARK_ANGIOGENESIS",1,0.999,TRUE
"none","GSE282302","C1_D4","HALLMARK_ANGIOGENESIS",0,0.3015,FALSE
"pcs","GSE282302","C1_D4","HALLMARK_ANGIOGENESIS",1,0.995,TRUE
"libsize","GSE282302","C1_D5","HALLMARK_ANGIOGENESIS",1,0.9995,TRUE
"none","GSE282302","C1_D5","HALLMARK_ANGIOGENESIS",0,0.4825,FALSE
"pcs","GSE282302","C1_D5","HALLMARK_ANGIOGENESIS",1,0.9995,TRUE
"libsize","GSE282302","C1_D6","HALLMARK_ANGIOGENESIS",0,0.8145,FALSE
"none","GSE282302","C1_D6","HALLMARK_ANGIOGENESIS",0,0.6385,FALSE
"pcs","GSE282302","C1_D6","HALLMARK_ANGIOGENESIS",1,0.993,TRUE
"libsize","GSE282302","C1_D7","HALLMARK_ANGIOGENESIS",1,0.9995,TRUE
"none","GSE282302","C1_D7","HALLMARK_ANGIOGENESIS",1,0.9995,TRUE
"pcs","GSE282302","C1_D7","HALLMARK_ANGIOGENESIS",1,0.997,TRUE
"libsize","GSE282302","C1_D8","HALLMARK_ANGIOGENESIS",1,0.9995,TRUE
"none","GSE282302","C1_D8","HALLMARK_ANGIOGENESIS",0.5,0.9435,TRUE
"pcs","GSE282302","C1_D8","HALLMARK_ANGIOGENESIS",0,0.86125,FALSE
"libsize","GSE282302","C1_D9","HALLMARK_ANGIOGENESIS",1,0.9985,TRUE
"none","GSE282302","C1_D9","HALLMARK_ANGIOGENESIS",1,0.995,TRUE
"pcs","GSE282302","C1_D9","HALLMARK_ANGIOGENESIS",0,0.70525,FALSE
"libsize","GSE282302","C2_D1","HALLMARK_ANGIOGENESIS",0,0.9705,FALSE
"none","GSE282302","C2_D1","HALLMARK_ANGIOGENESIS",1,0.9945,TRUE
"pcs","GSE282302","C2_D1","HALLMARK_ANGIOGENESIS",1,0.9995,TRUE
"libsize","GSE282302","C2_D10","HALLMARK_ANGIOGENESIS",1,0.999375,TRUE
"none","GSE282302","C2_D10","HALLMARK_ANGIOGENESIS",1,0.99375,TRUE
"pcs","GSE282302","C2_D10","HALLMARK_ANGIOGENESIS",1,0.9995,TRUE
"libsize","GSE282302","C2_D11","HALLMARK_ANGIOGENESIS",0.875,0.9933125,TRUE
"none","GSE282302","C2_D11","HALLMARK_ANGIOGENESIS",0.5,0.9244375,TRUE
"pcs","GSE282302","C2_D11","HALLMARK_ANGIOGENESIS",0.75,0.9849375,TRUE
"libsize","GSE282302","C2_D12","HALLMARK_ANGIOGENESIS",1,0.9885,TRUE
"none","GSE282302","C2_D12","HALLMARK_ANGIOGENESIS",0,0.1455,FALSE
"pcs","GSE282302","C2_D12","HALLMARK_ANGIOGENESIS",0,0.7115,FALSE
"libsize","GSE282302","C2_D13","HALLMARK_ANGIOGENESIS",1,0.9995,TRUE
"none","GSE282302","C2_D13","HALLMARK_ANGIOGENESIS",0,0.948,FALSE
"pcs","GSE282302","C2_D13","HALLMARK_ANGIOGENESIS",0,0.952,FALSE
"libsize","GSE282302","C2_D2","HALLMARK_ANGIOGENESIS",0,0.9225,FALSE
"none","GSE282302","C2_D2","HALLMARK_ANGIOGENESIS",0,0.9555,FALSE
"pcs","GSE282302","C2_D2","HALLMARK_ANGIOGENESIS",1,0.9715,TRUE
"libsize","GSE282302","C2_D3","HALLMARK_ANGIOGENESIS",1,0.9985,TRUE
"none","GSE282302","C2_D3","HALLMARK_ANGIOGENESIS",1,0.998,TRUE
"pcs","GSE282302","C2_D3","HALLMARK_ANGIOGENESIS",0,0.918,FALSE
"libsize","GSE282302","C2_D4","HALLMARK_ANGIOGENESIS",1,0.9995,TRUE
"none","GSE282302","C2_D4","HALLMARK_ANGIOGENESIS",1,0.9995,TRUE
"pcs","GSE282302","C2_D4","HALLMARK_ANGIOGENESIS",1,0.9965,TRUE
"libsize","GSE282302","C2_D5","HALLMARK_ANGIOGENESIS",0.5,0.78075,TRUE
"none","GSE282302","C2_D5","HALLMARK_ANGIOGENESIS",0.5,0.80025,TRUE
"pcs","GSE282302","C2_D5","HALLMARK_ANGIOGENESIS",0.5,0.80275,TRUE
"libsize","GSE282302","C2_D6","HALLMARK_ANGIOGENESIS",0,0.30425,FALSE
"none","GSE282302","C2_D6","HALLMARK_ANGIOGENESIS",0,0.2545,FALSE
"pcs","GSE282302","C2_D6","HALLMARK_ANGIOGENESIS",1,0.99575,TRUE
"libsize","GSE282302","C2_D7","HALLMARK_ANGIOGENESIS",1,0.99775,TRUE
"none","GSE282302","C2_D7","HALLMARK_ANGIOGENESIS",0,0.96925,FALSE
"pcs","GSE282302","C2_D7","HALLMARK_ANGIOGENESIS",1,0.99825,TRUE
"libsize","GSE282302","C2_D8","HALLMARK_ANGIOGENESIS",1,0.9985,TRUE
"none","GSE282302","C2_D8","HALLMARK_ANGIOGENESIS",0,0.446625,FALSE
"pcs","GSE282302","C2_D8","HALLMARK_ANGIOGENESIS",1,0.99825,TRUE
"libsize","GSE282302","C2_D9","HALLMARK_ANGIOGENESIS",1,0.998666666666667,TRUE
"none","GSE282302","C2_D9","HALLMARK_ANGIOGENESIS",0.666666666666667,0.975583333333333,TRUE
"pcs","GSE282302","C2_D9","HALLMARK_ANGIOGENESIS",0.833333333333333,0.96625,TRUE
"libsize","GSE282302","C3_D1","HALLMARK_ANGIOGENESIS",1,0.996375,TRUE
"none","GSE282302","C3_D1","HALLMARK_ANGIOGENESIS",0.5,0.92525,TRUE
"pcs","GSE282302","C3_D1","HALLMARK_ANGIOGENESIS",0.5,0.98425,TRUE
"libsize","GSE282302","C3_D10","HALLMARK_ANGIOGENESIS",1,0.994875,TRUE
"none","GSE282302","C3_D10","HALLMARK_ANGIOGENESIS",0.75,0.990375,TRUE
"pcs","GSE282302","C3_D10","HALLMARK_ANGIOGENESIS",1,0.9995,TRUE
"libsize","GSE282302","C3_D11","HALLMARK_ANGIOGENESIS",1,0.993125,TRUE
"none","GSE282302","C3_D11","HALLMARK_ANGIOGENESIS",0.5,0.90875,TRUE
"pcs","GSE282302","C3_D11","HALLMARK_ANGIOGENESIS",1,0.9995,TRUE
"libsize","GSE282302","C3_D12","HALLMARK_ANGIOGENESIS",0.75,0.912375,TRUE
"none","GSE282302","C3_D12","HALLMARK_ANGIOGENESIS",0.625,0.938125,TRUE
"pcs","GSE282302","C3_D12","HALLMARK_ANGIOGENESIS",0.875,0.992,TRUE
"libsize","GSE282302","C3_D2","HALLMARK_ANGIOGENESIS",0.75,0.993375,TRUE
"none","GSE282302","C3_D2","HALLMARK_ANGIOGENESIS",0.5,0.962875,TRUE
"pcs","GSE282302","C3_D2","HALLMARK_ANGIOGENESIS",0.75,0.98725,TRUE
"libsize","GSE282302","C3_D3","HALLMARK_ANGIOGENESIS",1,0.9965,TRUE
"none","GSE282302","C3_D3","HALLMARK_ANGIOGENESIS",0.75,0.989625,TRUE
"pcs","GSE282302","C3_D3","HALLMARK_ANGIOGENESIS",1,0.998,TRUE
"libsize","GSE282302","C3_D4","HALLMARK_ANGIOGENESIS",1,0.9995,TRUE
"none","GSE282302","C3_D4","HALLMARK_ANGIOGENESIS",0.75,0.98225,TRUE
"pcs","GSE282302","C3_D4","HALLMARK_ANGIOGENESIS",0.75,0.95575,TRUE
"libsize","GSE282302","C3_D5","HALLMARK_ANGIOGENESIS",0.5,0.963,TRUE
"none","GSE282302","C3_D5","HALLMARK_ANGIOGENESIS",0.5,0.9445,TRUE
"pcs","GSE282302","C3_D5","HALLMARK_ANGIOGENESIS",1,0.995875,TRUE
"libsize","GSE282302","C3_D6","HALLMARK_ANGIOGENESIS",1,0.999375,TRUE
"none","GSE282302","C3_D6","HALLMARK_ANGIOGENESIS",0.75,0.9095,TRUE
"pcs","GSE282302","C3_D6","HALLMARK_ANGIOGENESIS",0.5,0.8245,TRUE
"libsize","GSE282302","C3_D7","HALLMARK_ANGIOGENESIS",0.75,0.976625,TRUE
"none","GSE282302","C3_D7","HALLMARK_ANGIOGENESIS",0.75,0.984875,TRUE
"pcs","GSE282302","C3_D7","HALLMARK_ANGIOGENESIS",0.75,0.97025,TRUE
"libsize","GSE282302","C3_D8","HALLMARK_ANGIOGENESIS",0.75,0.958375,TRUE
"none","GSE282302","C3_D8","HALLMARK_ANGIOGENESIS",0.25,0.75475,FALSE
"pcs","GSE282302","C3_D8","HALLMARK_ANGIOGENESIS",0.75,0.951,TRUE
"libsize","GSE282302","C3_D9","HALLMARK_ANGIOGENESIS",0.75,0.991375,TRUE
"none","GSE282302","C3_D9","HALLMARK_ANGIOGENESIS",0.5,0.8075,TRUE
"pcs","GSE282302","C3_D9","HALLMARK_ANGIOGENESIS",1,0.9965,TRUE
"libsize","GSE274557","Pt1","HALLMARK_ANGIOGENESIS",1,0.99575,TRUE
"none","GSE274557","Pt1","HALLMARK_ANGIOGENESIS",0.5,0.63875,TRUE
"pcs","GSE274557","Pt1","HALLMARK_ANGIOGENESIS",0.5,0.74525,TRUE
"libsize","GSE274557","Pt10","HALLMARK_ANGIOGENESIS",1,0.998875,TRUE
"none","GSE274557","Pt10","HALLMARK_ANGIOGENESIS",0,0.509625,FALSE
"pcs","GSE274557","Pt10","HALLMARK_ANGIOGENESIS",0.25,0.7685,FALSE
"libsize","GSE274557","Pt11","HALLMARK_ANGIOGENESIS",0.75,0.901875,TRUE
"none","GSE274557","Pt11","HALLMARK_ANGIOGENESIS",0,0.597625,FALSE
"pcs","GSE274557","Pt11","HALLMARK_ANGIOGENESIS",0.5,0.644125,TRUE
"libsize","GSE274557","Pt12","HALLMARK_ANGIOGENESIS",1,0.998625,TRUE
"none","GSE274557","Pt12","HALLMARK_ANGIOGENESIS",0,0.56775,FALSE
"pcs","GSE274557","Pt12","HALLMARK_ANGIOGENESIS",0.5,0.92275,TRUE
"libsize","GSE274557","Pt13","HALLMARK_ANGIOGENESIS",0.428571428571429,0.912,FALSE
"none","GSE274557","Pt13","HALLMARK_ANGIOGENESIS",0,0.555785714285714,FALSE
"pcs","GSE274557","Pt13","HALLMARK_ANGIOGENESIS",0.428571428571429,0.86,FALSE
"libsize","GSE274557","Pt2","HALLMARK_ANGIOGENESIS",1,0.998,TRUE
"none","GSE274557","Pt2","HALLMARK_ANGIOGENESIS",0.333333333333333,0.6245,FALSE
"pcs","GSE274557","Pt2","HALLMARK_ANGIOGENESIS",0.666666666666667,0.743,TRUE
"libsize","GSE274557","Pt3","HALLMARK_ANGIOGENESIS",0.75,0.9875,TRUE
"none","GSE274557","Pt3","HALLMARK_ANGIOGENESIS",0.25,0.573125,FALSE
"pcs","GSE274557","Pt3","HALLMARK_ANGIOGENESIS",0.75,0.9795,TRUE
"libsize","GSE274557","Pt4","HALLMARK_ANGIOGENESIS",0.75,0.985,TRUE
"none","GSE274557","Pt4","HALLMARK_ANGIOGENESIS",0,0.614875,FALSE
"pcs","GSE274557","Pt4","HALLMARK_ANGIOGENESIS",0.75,0.989375,TRUE
"libsize","GSE274557","Pt5","HALLMARK_ANGIOGENESIS",0.666666666666667,0.9885,TRUE
"none","GSE274557","Pt5","HALLMARK_ANGIOGENESIS",0.666666666666667,0.980666666666667,TRUE
"pcs","GSE274557","Pt5","HALLMARK_ANGIOGENESIS",0.666666666666667,0.945666666666667,TRUE
"libsize","GSE274557","Pt6","HALLMARK_ANGIOGENESIS",0.833333333333333,0.958,TRUE
"none","GSE274557","Pt6","HALLMARK_ANGIOGENESIS",0.5,0.800666666666667,TRUE
"pcs","GSE274557","Pt6","HALLMARK_ANGIOGENESIS",0.166666666666667,0.82475,FALSE
"libsize","GSE274557","Pt7","HALLMARK_ANGIOGENESIS",0.75,0.9545,TRUE
"none","GSE274557","Pt7","HALLMARK_ANGIOGENESIS",0.5,0.67625,TRUE
"pcs","GSE274557","Pt7","HALLMARK_ANGIOGENESIS",1,0.995,TRUE
"libsize","GSE274557","Pt8","HALLMARK_ANGIOGENESIS",0.6,0.9668,TRUE
"none","GSE274557","Pt8","HALLMARK_ANGIOGENESIS",0,0.3753,FALSE
"pcs","GSE274557","Pt8","HALLMARK_ANGIOGENESIS",0.4,0.8839,FALSE
"libsize","GSE274557","Pt9","HALLMARK_ANGIOGENESIS",0.5,0.99225,TRUE
"none","GSE274557","Pt9","HALLMARK_ANGIOGENESIS",0,0.2735,FALSE
"pcs","GSE274557","Pt9","HALLMARK_ANGIOGENESIS",1,0.99775,TRUE
"libsize","GSE282302","C1_D1","HALLMARK_APICAL_JUNCTION",1,0.9995,TRUE
"none","GSE282302","C1_D1","HALLMARK_APICAL_JUNCTION",1,0.9995,TRUE
"pcs","GSE282302","C1_D1","HALLMARK_APICAL_JUNCTION",1,0.9945,TRUE
"libsize","GSE282302","C1_D10","HALLMARK_APICAL_JUNCTION",1,0.9995,TRUE
"none","GSE282302","C1_D10","HALLMARK_APICAL_JUNCTION",1,0.9995,TRUE
"pcs","GSE282302","C1_D10","HALLMARK_APICAL_JUNCTION",0,0.804,FALSE
"libsize","GSE282302","C1_D11","HALLMARK_APICAL_JUNCTION",1,0.986,TRUE
"none","GSE282302","C1_D11","HALLMARK_APICAL_JUNCTION",0,0.03975,FALSE
"pcs","GSE282302","C1_D11","HALLMARK_APICAL_JUNCTION",0.5,0.6655,TRUE
"libsize","GSE282302","C1_D12","HALLMARK_APICAL_JUNCTION",0.5,0.9445,TRUE
"none","GSE282302","C1_D12","HALLMARK_APICAL_JUNCTION",0,0.2385,FALSE
"pcs","GSE282302","C1_D12","HALLMARK_APICAL_JUNCTION",1,0.995,TRUE
"libsize","GSE282302","C1_D13","HALLMARK_APICAL_JUNCTION",0.5,0.9815,TRUE
"none","GSE282302","C1_D13","HALLMARK_APICAL_JUNCTION",1,0.9995,TRUE
"pcs","GSE282302","C1_D13","HALLMARK_APICAL_JUNCTION",0.5,0.98125,TRUE
"libsize","GSE282302","C1_D14","HALLMARK_APICAL_JUNCTION",1,0.996666666666667,TRUE
"none","GSE282302","C1_D14","HALLMARK_APICAL_JUNCTION",0,0.0998333333333333,FALSE
"pcs","GSE282302","C1_D14","HALLMARK_APICAL_JUNCTION",0.333333333333333,0.971,FALSE
"libsize","GSE282302","C1_D2","HALLMARK_APICAL_JUNCTION",1,0.998,TRUE
"none","GSE282302","C1_D2","HALLMARK_APICAL_JUNCTION",0,0.8725,FALSE
"pcs","GSE282302","C1_D2","HALLMARK_APICAL_JUNCTION",0,0.9665,FALSE
"libsize","GSE282302","C1_D3","HALLMARK_APICAL_JUNCTION",1,0.9935,TRUE
"none","GSE282302","C1_D3","HALLMARK_APICAL_JUNCTION",1,0.9955,TRUE
"pcs","GSE282302","C1_D3","HALLMARK_APICAL_JUNCTION",0,0.6785,FALSE
"libsize","GSE282302","C1_D4","HALLMARK_APICAL_JUNCTION",1,0.9985,TRUE
"none","GSE282302","C1_D4","HALLMARK_APICAL_JUNCTION",0,0.9225,FALSE
"pcs","GSE282302","C1_D4","HALLMARK_APICAL_JUNCTION",1,0.9825,TRUE
"libsize","GSE282302","C1_D5","HALLMARK_APICAL_JUNCTION",1,0.9995,TRUE
"none","GSE282302","C1_D5","HALLMARK_APICAL_JUNCTION",1,0.9965,TRUE
"pcs","GSE282302","C1_D5","HALLMARK_APICAL_JUNCTION",0,0.971,FALSE
"libsize","GSE282302","C1_D6","HALLMARK_APICAL_JUNCTION",1,0.9995,TRUE
"none","GSE282302","C1_D6","HALLMARK_APICAL_JUNCTION",1,0.9995,TRUE
"pcs","GSE282302","C1_D6","HALLMARK_APICAL_JUNCTION",1,0.9905,TRUE
"libsize","GSE282302","C1_D7","HALLMARK_APICAL_JUNCTION",1,0.9995,TRUE
"none","GSE282302","C1_D7","HALLMARK_APICAL_JUNCTION",1,0.9995,TRUE
"pcs","GSE282302","C1_D7","HALLMARK_APICAL_JUNCTION",0,0.7765,FALSE
"libsize","GSE282302","C1_D8","HALLMARK_APICAL_JUNCTION",1,0.99925,TRUE
"none","GSE282302","C1_D8","HALLMARK_APICAL_JUNCTION",0.5,0.98475,TRUE
"pcs","GSE282302","C1_D8","HALLMARK_APICAL_JUNCTION",0,0.258,FALSE
"libsize","GSE282302","C1_D9","HALLMARK_APICAL_JUNCTION",1,0.99925,TRUE
"none","GSE282302","C1_D9","HALLMARK_APICAL_JUNCTION",1,0.999,TRUE
"pcs","GSE282302","C1_D9","HALLMARK_APICAL_JUNCTION",0,0.6725,FALSE
"libsize","GSE282302","C2_D1","HALLMARK_APICAL_JUNCTION",1,0.9985,TRUE
"none","GSE282302","C2_D1","HALLMARK_APICAL_JUNCTION",0,0.837,FALSE
"pcs","GSE282302","C2_D1","HALLMARK_APICAL_JUNCTION",0,0.7685,FALSE
"libsize","GSE282302","C2_D10","HALLMARK_APICAL_JUNCTION",0.75,0.981625,TRUE
"none","GSE282302","C2_D10","HALLMARK_APICAL_JUNCTION",0,0.39425,FALSE
"pcs","GSE282302","C2_D10","HALLMARK_APICAL_JUNCTION",1,0.996625,TRUE
"libsize","GSE282302","C2_D11","HALLMARK_APICAL_JUNCTION",1,0.9995,TRUE
"none","GSE282302","C2_D11","HALLMARK_APICAL_JUNCTION",0.5,0.69275,TRUE
"pcs","GSE282302","C2_D11","HALLMARK_APICAL_JUNCTION",0.5,0.9154375,TRUE
"libsize","GSE282302","C2_D12","HALLMARK_APICAL_JUNCTION",0,0.6665,FALSE
"none","GSE282302","C2_D12","HALLMARK_APICAL_JUNCTION",0,0.404,FALSE
"pcs","GSE282302","C2_D12","HALLMARK_APICAL_JUNCTION",0,0.9735,FALSE
"libsize","GSE282302","C2_D13","HALLMARK_APICAL_JUNCTION",1,0.9995,TRUE
"none","GSE282302","C2_D13","HALLMARK_APICAL_JUNCTION",0,0.237,FALSE
"pcs","GSE282302","C2_D13","HALLMARK_APICAL_JUNCTION",0,0.531,FALSE
"libsize","GSE282302","C2_D2","HALLMARK_APICAL_JUNCTION",1,0.9995,TRUE
"none","GSE282302","C2_D2","HALLMARK_APICAL_JUNCTION",1,0.9995,TRUE
"pcs","GSE282302","C2_D2","HALLMARK_APICAL_JUNCTION",1,0.9995,TRUE
"libsize","GSE282302","C2_D3","HALLMARK_APICAL_JUNCTION",1,0.9995,TRUE
"none","GSE282302","C2_D3","HALLMARK_APICAL_JUNCTION",1,0.9995,TRUE
"pcs","GSE282302","C2_D3","HALLMARK_APICAL_JUNCTION",0,0.8935,FALSE
"libsize","GSE282302","C2_D4","HALLMARK_APICAL_JUNCTION",1,0.9995,TRUE
"none","GSE282302","C2_D4","HALLMARK_APICAL_JUNCTION",1,0.9995,TRUE
"pcs","GSE282302","C2_D4","HALLMARK_APICAL_JUNCTION",0,0.9665,FALSE
"libsize","GSE282302","C2_D5","HALLMARK_APICAL_JUNCTION",1,0.99875,TRUE
"none","GSE282302","C2_D5","HALLMARK_APICAL_JUNCTION",1,0.997,TRUE
"pcs","GSE282302","C2_D5","HALLMARK_APICAL_JUNCTION",0.5,0.91925,TRUE
"libsize","GSE282302","C2_D6","HALLMARK_APICAL_JUNCTION",0.5,0.92175,TRUE
"none","GSE282302","C2_D6","HALLMARK_APICAL_JUNCTION",0,0.9345,FALSE
"pcs","GSE282302","C2_D6","HALLMARK_APICAL_JUNCTION",1,0.9975,TRUE
"libsize","GSE282302","C2_D7","HALLMARK_APICAL_JUNCTION",0,0.95425,FALSE
"none","GSE282302","C2_D7","HALLMARK_APICAL_JUNCTION",1,0.99925,TRUE
"pcs","GSE282302","C2_D7","HALLMARK_APICAL_JUNCTION",1,0.9995,TRUE
"libsize","GSE282302","C2_D8","HALLMARK_APICAL_JUNCTION",0.75,0.96325,TRUE
"none","GSE282302","C2_D8","HALLMARK_APICAL_JUNCTION",0,0.50525,FALSE
"pcs","GSE282302","C2_D8","HALLMARK_APICAL_JUNCTION",0,0.777625,FALSE
"libsize","GSE282302","C2_D9","HALLMARK_APICAL_JUNCTION",0.166666666666667,0.821333333333333,FALSE
"none","GSE282302","C2_D9","HALLMARK_APICAL_JUNCTION",0.166666666666667,0.51525,FALSE
"pcs","GSE282302","C2_D9","HALLMARK_APICAL_JUNCTION",0.166666666666667,0.653583333333333,FALSE
"libsize","GSE282302","C3_D1","HALLMARK_APICAL_JUNCTION",0.75,0.958375,TRUE
"none","GSE282302","C3_D1","HALLMARK_APICAL_JUNCTION",0.75,0.9545,TRUE
"pcs","GSE282302","C3_D1","HALLMARK_APICAL_JUNCTION",0.25,0.7735,FALSE
"libsize","GSE282302","C3_D10","HALLMARK_APICAL_JUNCTION",1,0.998,TRUE
"none","GSE282302","C3_D10","HALLMARK_APICAL_JUNCTION",1,0.998875,TRUE
"pcs","GSE282302","C3_D10","HALLMARK_APICAL_JUNCTION",0.75,0.959625,TRUE
"libsize","GSE282302","C3_D11","HALLMARK_APICAL_JUNCTION",1,0.998875,TRUE
"none","GSE282302","C3_D11","HALLMARK_APICAL_JUNCTION",0.25,0.86075,FALSE
"pcs","GSE282302","C3_D11","HALLMARK_APICAL_JUNCTION",1,0.997,TRUE
"libsize","GSE282302","C3_D12","HALLMARK_APICAL_JUNCTION",0.875,0.99275,TRUE
"none","GSE282302","C3_D12","HALLMARK_APICAL_JUNCTION",0.875,0.9838125,TRUE
"pcs","GSE282302","C3_D12","HALLMARK_APICAL_JUNCTION",0.625,0.930125,TRUE
"libsize","GSE282302","C3_D2","HALLMARK_APICAL_JUNCTION",1,0.99875,TRUE
"none","GSE282302","C3_D2","HALLMARK_APICAL_JUNCTION",0.5,0.948,TRUE
"pcs","GSE282302","C3_D2","HALLMARK_APICAL_JUNCTION",0.5,0.921125,TRUE
"libsize","GSE282302","C3_D3","HALLMARK_APICAL_JUNCTION",0.75,0.8735,TRUE
"none","GSE282302","C3_D3","HALLMARK_APICAL_JUNCTION",1,0.999125,TRUE
"pcs","GSE282302","C3_D3","HALLMARK_APICAL_JUNCTION",0.75,0.990125,TRUE
"libsize","GSE282302","C3_D4","HALLMARK_APICAL_JUNCTION",1,0.9995,TRUE
"none","GSE282302","C3_D4","HALLMARK_APICAL_JUNCTION",0.5,0.889375,TRUE
"pcs","GSE282302","C3_D4","HALLMARK_APICAL_JUNCTION",0.75,0.995625,TRUE
"libsize","GSE282302","C3_D5","HALLMARK_APICAL_JUNCTION",1,0.999375,TRUE
"none","GSE282302","C3_D5","HALLMARK_APICAL_JUNCTION",0.75,0.951,TRUE
"pcs","GSE282302","C3_D5","HALLMARK_APICAL_JUNCTION",1,0.992875,TRUE
"libsize","GSE282302","C3_D6","HALLMARK_APICAL_JUNCTION",1,0.9995,TRUE
"none","GSE282302","C3_D6","HALLMARK_APICAL_JUNCTION",1,0.999375,TRUE
"pcs","GSE282302","C3_D6","HALLMARK_APICAL_JUNCTION",0.5,0.852625,TRUE
"libsize","GSE282302","C3_D7","HALLMARK_APICAL_JUNCTION",1,0.9995,TRUE
"none","GSE282302","C3_D7","HALLMARK_APICAL_JUNCTION",0.75,0.965875,TRUE
"pcs","GSE282302","C3_D7","HALLMARK_APICAL_JUNCTION",0.5,0.92725,TRUE
"libsize","GSE282302","C3_D8","HALLMARK_APICAL_JUNCTION",1,0.998375,TRUE
"none","GSE282302","C3_D8","HALLMARK_APICAL_JUNCTION",0.5,0.602125,TRUE
"pcs","GSE282302","C3_D8","HALLMARK_APICAL_JUNCTION",1,0.997625,TRUE
"libsize","GSE282302","C3_D9","HALLMARK_APICAL_JUNCTION",1,0.997875,TRUE
"none","GSE282302","C3_D9","HALLMARK_APICAL_JUNCTION",0.5,0.643625,TRUE
"pcs","GSE282302","C3_D9","HALLMARK_APICAL_JUNCTION",0.5,0.945625,TRUE
"libsize","GSE274557","Pt1","HALLMARK_APICAL_JUNCTION",1,0.999,TRUE
"none","GSE274557","Pt1","HALLMARK_APICAL_JUNCTION",0,0.4545,FALSE
"pcs","GSE274557","Pt1","HALLMARK_APICAL_JUNCTION",0.5,0.92675,TRUE
"libsize","GSE274557","Pt10","HALLMARK_APICAL_JUNCTION",0.75,0.805125,TRUE
"none","GSE274557","Pt10","HALLMARK_APICAL_JUNCTION",0.25,0.604375,FALSE
"pcs","GSE274557","Pt10","HALLMARK_APICAL_JUNCTION",0,0.27475,FALSE
"libsize","GSE274557","Pt11","HALLMARK_APICAL_JUNCTION",1,0.998,TRUE
"none","GSE274557","Pt11","HALLMARK_APICAL_JUNCTION",0,0.902875,FALSE
"pcs","GSE274557","Pt11","HALLMARK_APICAL_JUNCTION",0,0.414125,FALSE
"libsize","GSE274557","Pt12","HALLMARK_APICAL_JUNCTION",1,0.9995,TRUE
"none","GSE274557","Pt12","HALLMARK_APICAL_JUNCTION",0.25,0.643125,FALSE
"pcs","GSE274557","Pt12","HALLMARK_APICAL_JUNCTION",0.25,0.570875,FALSE
"libsize","GSE274557","Pt13","HALLMARK_APICAL_JUNCTION",0.714285714285714,0.906857142857143,TRUE
"none","GSE274557","Pt13","HALLMARK_APICAL_JUNCTION",0,0.209571428571429,FALSE
"pcs","GSE274557","Pt13","HALLMARK_APICAL_JUNCTION",0.142857142857143,0.768642857142857,FALSE
"libsize","GSE274557","Pt2","HALLMARK_APICAL_JUNCTION",1,0.997666666666667,TRUE
"none","GSE274557","Pt2","HALLMARK_APICAL_JUNCTION",0.333333333333333,0.5265,FALSE
"pcs","GSE274557","Pt2","HALLMARK_APICAL_JUNCTION",0.666666666666667,0.790333333333333,TRUE
"libsize","GSE274557","Pt3","HALLMARK_APICAL_JUNCTION",0.75,0.974125,TRUE
"none","GSE274557","Pt3","HALLMARK_APICAL_JUNCTION",0,0.289,FALSE
"pcs","GSE274557","Pt3","HALLMARK_APICAL_JUNCTION",0,0.5405,FALSE
"libsize","GSE274557","Pt4","HALLMARK_APICAL_JUNCTION",1,0.9995,TRUE
"none","GSE274557","Pt4","HALLMARK_APICAL_JUNCTION",0,0.16575,FALSE
"pcs","GSE274557","Pt4","HALLMARK_APICAL_JUNCTION",0,0.845875,FALSE
"libsize","GSE274557","Pt5","HALLMARK_APICAL_JUNCTION",0.666666666666667,0.9955,TRUE
"none","GSE274557","Pt5","HALLMARK_APICAL_JUNCTION",0.333333333333333,0.9755,FALSE
"pcs","GSE274557","Pt5","HALLMARK_APICAL_JUNCTION",0,0.830166666666667,FALSE
"libsize","GSE274557","Pt6","HALLMARK_APICAL_JUNCTION",0.666666666666667,0.9595,TRUE
"none","GSE274557","Pt6","HALLMARK_APICAL_JUNCTION",0.5,0.891583333333333,TRUE
"pcs","GSE274557","Pt6","HALLMARK_APICAL_JUNCTION",0.333333333333333,0.68425,FALSE
"libsize","GSE274557","Pt7","HALLMARK_APICAL_JUNCTION",0.75,0.993375,TRUE
"none","GSE274557","Pt7","HALLMARK_APICAL_JUNCTION",0.5,0.756125,TRUE
"pcs","GSE274557","Pt7","HALLMARK_APICAL_JUNCTION",0,0.647375,FALSE
"libsize","GSE274557","Pt8","HALLMARK_APICAL_JUNCTION",0.8,0.9383,TRUE
"none","GSE274557","Pt8","HALLMARK_APICAL_JUNCTION",0,0.2944,FALSE
"pcs","GSE274557","Pt8","HALLMARK_APICAL_JUNCTION",0.2,0.8558,FALSE
"libsize","GSE274557","Pt9","HALLMARK_APICAL_JUNCTION",0.75,0.982375,TRUE
"none","GSE274557","Pt9","HALLMARK_APICAL_JUNCTION",0.25,0.453375,FALSE
"pcs","GSE274557","Pt9","HALLMARK_APICAL_JUNCTION",0,0.428875,FALSE
"libsize","GSE282302","C1_D1","HALLMARK_APICAL_SURFACE",0,0.224,FALSE
"none","GSE282302","C1_D1","HALLMARK_APICAL_SURFACE",0,0.5475,FALSE
"pcs","GSE282302","C1_D1","HALLMARK_APICAL_SURFACE",0,0.327,FALSE
"libsize","GSE282302","C1_D10","HALLMARK_APICAL_SURFACE",0.5,0.943,TRUE
"none","GSE282302","C1_D10","HALLMARK_APICAL_SURFACE",0.5,0.898,TRUE
"pcs","GSE282302","C1_D10","HALLMARK_APICAL_SURFACE",0,0.46775,FALSE
"libsize","GSE282302","C1_D11","HALLMARK_APICAL_SURFACE",0.5,0.837,TRUE
"none","GSE282302","C1_D11","HALLMARK_APICAL_SURFACE",0,0.683,FALSE
"pcs","GSE282302","C1_D11","HALLMARK_APICAL_SURFACE",0,0.58875,FALSE
"libsize","GSE282302","C1_D12","HALLMARK_APICAL_SURFACE",0,0.59175,FALSE
"none","GSE282302","C1_D12","HALLMARK_APICAL_SURFACE",0,0.523,FALSE
"pcs","GSE282302","C1_D12","HALLMARK_APICAL_SURFACE",0,0.63825,FALSE
"libsize","GSE282302","C1_D13","HALLMARK_APICAL_SURFACE",0.5,0.93875,TRUE
"none","GSE282302","C1_D13","HALLMARK_APICAL_SURFACE",1,0.997,TRUE
"pcs","GSE282302","C1_D13","HALLMARK_APICAL_SURFACE",0,0.77875,FALSE
"libsize","GSE282302","C1_D14","HALLMARK_APICAL_SURFACE",0,0.665666666666667,FALSE
"none","GSE282302","C1_D14","HALLMARK_APICAL_SURFACE",0,0.7005,FALSE
"pcs","GSE282302","C1_D14","HALLMARK_APICAL_SURFACE",0,0.441333333333333,FALSE
"libsize","GSE282302","C1_D2","HALLMARK_APICAL_SURFACE",0,0.8175,FALSE
"none","GSE282302","C1_D2","HALLMARK_APICAL_SURFACE",0,0.737,FALSE
"pcs","GSE282302","C1_D2","HALLMARK_APICAL_SURFACE",0,0.381,FALSE
"libsize","GSE282302","C1_D3","HALLMARK_APICAL_SURFACE",0,0.3095,FALSE
"none","GSE282302","C1_D3","HALLMARK_APICAL_SURFACE",0,0.9735,FALSE
"pcs","GSE282302","C1_D3","HALLMARK_APICAL_SURFACE",0,0.353,FALSE
"libsize","GSE282302","C1_D4","HALLMARK_APICAL_SURFACE",0,0.6375,FALSE
"none","GSE282302","C1_D4","HALLMARK_APICAL_SURFACE",0,0.9005,FALSE
"pcs","GSE282302","C1_D4","HALLMARK_APICAL_SURFACE",0,0.7485,FALSE
"libsize","GSE282302","C1_D5","HALLMARK_APICAL_SURFACE",0,0.2105,FALSE
"none","GSE282302","C1_D5","HALLMARK_APICAL_SURFACE",0,0.569,FALSE
"pcs","GSE282302","C1_D5","HALLMARK_APICAL_SURFACE",0,0.228,FALSE
"libsize","GSE282302","C1_D6","HALLMARK_APICAL_SURFACE",0,0.7955,FALSE
"none","GSE282302","C1_D6","HALLMARK_APICAL_SURFACE",0,0.5035,FALSE
"pcs","GSE282302","C1_D6","HALLMARK_APICAL_SURFACE",0,0.2885,FALSE
"libsize","GSE282302","C1_D7","HALLMARK_APICAL_SURFACE",0,0.8345,FALSE
"none","GSE282302","C1_D7","HALLMARK_APICAL_SURFACE",0,0.7985,FALSE
"pcs","GSE282302","C1_D7","HALLMARK_APICAL_SURFACE",0,0.7685,FALSE
"libsize","GSE282302","C1_D8","HALLMARK_APICAL_SURFACE",0.5,0.69425,TRUE
"none","GSE282302","C1_D8","HALLMARK_APICAL_SURFACE",0.5,0.593,TRUE
"pcs","GSE282302","C1_D8","HALLMARK_APICAL_SURFACE",0,0.70575,FALSE
"libsize","GSE282302","C1_D9","HALLMARK_APICAL_SURFACE",0,0.727,FALSE
"none","GSE282302","C1_D9","HALLMARK_APICAL_SURFACE",0.5,0.7805,TRUE
"pcs","GSE282302","C1_D9","HALLMARK_APICAL_SURFACE",0,0.834,FALSE
"libsize","GSE282302","C2_D1","HALLMARK_APICAL_SURFACE",0,0.1655,FALSE
"none","GSE282302","C2_D1","HALLMARK_APICAL_SURFACE",0,0.697,FALSE
"pcs","GSE282302","C2_D1","HALLMARK_APICAL_SURFACE",0,0.0570000000000001,FALSE
"libsize","GSE282302","C2_D10","HALLMARK_APICAL_SURFACE",0,0.3945,FALSE
"none","GSE282302","C2_D10","HALLMARK_APICAL_SURFACE",0,0.616875,FALSE
"pcs","GSE282302","C2_D10","HALLMARK_APICAL_SURFACE",0,0.864875,FALSE
"libsize","GSE282302","C2_D11","HALLMARK_APICAL_SURFACE",0.25,0.87875,FALSE
"none","GSE282302","C2_D11","HALLMARK_APICAL_SURFACE",0,0.638,FALSE
"pcs","GSE282302","C2_D11","HALLMARK_APICAL_SURFACE",0,0.5619375,FALSE
"libsize","GSE282302","C2_D12","HALLMARK_APICAL_SURFACE",0,0.4905,FALSE
"none","GSE282302","C2_D12","HALLMARK_APICAL_SURFACE",0,0.1735,FALSE
"pcs","GSE282302","C2_D12","HALLMARK_APICAL_SURFACE",0,0.8115,FALSE
"libsize","GSE282302","C2_D13","HALLMARK_APICAL_SURFACE",0,0.543,FALSE
"none","GSE282302","C2_D13","HALLMARK_APICAL_SURFACE",0,0.8085,FALSE
"pcs","GSE282302","C2_D13","HALLMARK_APICAL_SURFACE",0,0.1235,FALSE
"libsize","GSE282302","C2_D2","HALLMARK_APICAL_SURFACE",0,0.8565,FALSE
"none","GSE282302","C2_D2","HALLMARK_APICAL_SURFACE",0,0.864,FALSE
"pcs","GSE282302","C2_D2","HALLMARK_APICAL_SURFACE",1,0.971,TRUE
"libsize","GSE282302","C2_D3","HALLMARK_APICAL_SURFACE",0,0.076,FALSE
"none","GSE282302","C2_D3","HALLMARK_APICAL_SURFACE",0,0.915,FALSE
"pcs","GSE282302","C2_D3","HALLMARK_APICAL_SURFACE",0,0.697,FALSE
"libsize","GSE282302","C2_D4","HALLMARK_APICAL_SURFACE",0,0.877,FALSE
"none","GSE282302","C2_D4","HALLMARK_APICAL_SURFACE",0,0.722,FALSE
"pcs","GSE282302","C2_D4","HALLMARK_APICAL_SURFACE",0,0.549,FALSE
"libsize","GSE282302","C2_D5","HALLMARK_APICAL_SURFACE",0,0.5265,FALSE
"none","GSE282302","C2_D5","HALLMARK_APICAL_SURFACE",0,0.76275,FALSE
"pcs","GSE282302","C2_D5","HALLMARK_APICAL_SURFACE",0,0.66475,FALSE
"libsize","GSE282302","C2_D6","HALLMARK_APICAL_SURFACE",0,0.84425,FALSE
"none","GSE282302","C2_D6","HALLMARK_APICAL_SURFACE",0,0.77175,FALSE
"pcs","GSE282302","C2_D6","HALLMARK_APICAL_SURFACE",0.5,0.95425,TRUE
"libsize","GSE282302","C2_D7","HALLMARK_APICAL_SURFACE",0,0.4055,FALSE
"none","GSE282302","C2_D7","HALLMARK_APICAL_SURFACE",0.5,0.98675,TRUE
"pcs","GSE282302","C2_D7","HALLMARK_APICAL_SURFACE",0,0.3635,FALSE
"libsize","GSE282302","C2_D8","HALLMARK_APICAL_SURFACE",0.5,0.94525,TRUE
"none","GSE282302","C2_D8","HALLMARK_APICAL_SURFACE",0,0.79875,FALSE
"pcs","GSE282302","C2_D8","HALLMARK_APICAL_SURFACE",0,0.653625,FALSE
"libsize","GSE282302","C2_D9","HALLMARK_APICAL_SURFACE",0,0.736,FALSE
"none","GSE282302","C2_D9","HALLMARK_APICAL_SURFACE",0,0.88425,FALSE
"pcs","GSE282302","C2_D9","HALLMARK_APICAL_SURFACE",0,0.826583333333333,FALSE
"libsize","GSE282302","C3_D1","HALLMARK_APICAL_SURFACE",0.5,0.87175,TRUE
"none","GSE282302","C3_D1","HALLMARK_APICAL_SURFACE",0.5,0.816875,TRUE
"pcs","GSE282302","C3_D1","HALLMARK_APICAL_SURFACE",0,0.74425,FALSE
"libsize","GSE282302","C3_D10","HALLMARK_APICAL_SURFACE",0.25,0.933375,FALSE
"none","GSE282302","C3_D10","HALLMARK_APICAL_SURFACE",0.25,0.943625,FALSE
"pcs","GSE282302","C3_D10","HALLMARK_APICAL_SURFACE",0,0.706625,FALSE
"libsize","GSE282302","C3_D11","HALLMARK_APICAL_SURFACE",0.75,0.98075,TRUE
"none","GSE282302","C3_D11","HALLMARK_APICAL_SURFACE",0.25,0.90825,FALSE
"pcs","GSE282302","C3_D11","HALLMARK_APICAL_SURFACE",0,0.58025,FALSE
"libsize","GSE282302","C3_D12","HALLMARK_APICAL_SURFACE",0,0.859125,FALSE
"none","GSE282302","C3_D12","HALLMARK_APICAL_SURFACE",0,0.8448125,FALSE
"pcs","GSE282302","C3_D12","HALLMARK_APICAL_SURFACE",0.125,0.826125,FALSE
"libsize","GSE282302","C3_D2","HALLMARK_APICAL_SURFACE",0,0.690625,FALSE
"none","GSE282302","C3_D2","HALLMARK_APICAL_SURFACE",0,0.519125,FALSE
"pcs","GSE282302","C3_D2","HALLMARK_APICAL_SURFACE",0.25,0.687125,FALSE
"libsize","GSE282302","C3_D3","HALLMARK_APICAL_SURFACE",0,0.72825,FALSE
"none","GSE282302","C3_D3","HALLMARK_APICAL_SURFACE",0.25,0.865625,FALSE
"pcs","GSE282302","C3_D3","HALLMARK_APICAL_SURFACE",0.25,0.718875,FALSE
"libsize","GSE282302","C3_D4","HALLMARK_APICAL_SURFACE",0.25,0.87275,FALSE
"none","GSE282302","C3_D4","HALLMARK_APICAL_SURFACE",0.25,0.547625,FALSE
"pcs","GSE282302","C3_D4","HALLMARK_APICAL_SURFACE",0.25,0.805125,FALSE
"libsize","GSE282302","C3_D5","HALLMARK_APICAL_SURFACE",0.25,0.729125,FALSE
"none","GSE282302","C3_D5","HALLMARK_APICAL_SURFACE",0,0.86875,FALSE
"pcs","GSE282302","C3_D5","HALLMARK_APICAL_SURFACE",0.25,0.7725,FALSE
"libsize","GSE282302","C3_D6","HALLMARK_APICAL_SURFACE",0.5,0.908875,TRUE
"none","GSE282302","C3_D6","HALLMARK_APICAL_SURFACE",0.25,0.68975,FALSE
"pcs","GSE282302","C3_D6","HALLMARK_APICAL_SURFACE",0,0.846,FALSE
"libsize","GSE282302","C3_D7","HALLMARK_APICAL_SURFACE",0.75,0.978,TRUE
"none","GSE282302","C3_D7","HALLMARK_APICAL_SURFACE",0.5,0.927625,TRUE
"pcs","GSE282302","C3_D7","HALLMARK_APICAL_SURFACE",0.25,0.846375,FALSE
"libsize","GSE282302","C3_D8","HALLMARK_APICAL_SURFACE",0,0.643,FALSE
"none","GSE282302","C3_D8","HALLMARK_APICAL_SURFACE",0,0.57475,FALSE
"pcs","GSE282302","C3_D8","HALLMARK_APICAL_SURFACE",0,0.575875,FALSE
"libsize","GSE282302","C3_D9","HALLMARK_APICAL_SURFACE",0.25,0.53125,FALSE
"none","GSE282302","C3_D9","HALLMARK_APICAL_SURFACE",0,0.473,FALSE
"pcs","GSE282302","C3_D9","HALLMARK_APICAL_SURFACE",0,0.60275,FALSE
"libsize","GSE274557","Pt1","HALLMARK_APICAL_SURFACE",0.5,0.9735,TRUE
"none","GSE274557","Pt1","HALLMARK_APICAL_SURFACE",0,0.40375,FALSE
"pcs","GSE274557","Pt1","HALLMARK_APICAL_SURFACE",0,0.439,FALSE
"libsize","GSE274557","Pt10","HALLMARK_APICAL_SURFACE",0.5,0.80875,TRUE
"none","GSE274557","Pt10","HALLMARK_APICAL_SURFACE",0.25,0.57725,FALSE
"pcs","GSE274557","Pt10","HALLMARK_APICAL_SURFACE",0,0.655375,FALSE
"libsize","GSE274557","Pt11","HALLMARK_APICAL_SURFACE",0.25,0.737,FALSE
"none","GSE274557","Pt11","HALLMARK_APICAL_SURFACE",0,0.625375,FALSE
"pcs","GSE274557","Pt11","HALLMARK_APICAL_SURFACE",0,0.544375,FALSE
"libsize","GSE274557","Pt12","HALLMARK_APICAL_SURFACE",0.25,0.89175,FALSE
"none","GSE274557","Pt12","HALLMARK_APICAL_SURFACE",0,0.563625,FALSE
"pcs","GSE274557","Pt12","HALLMARK_APICAL_SURFACE",0,0.4385,FALSE
"libsize","GSE274557","Pt13","HALLMARK_APICAL_SURFACE",0,0.698714285714286,FALSE
"none","GSE274557","Pt13","HALLMARK_APICAL_SURFACE",0,0.419714285714286,FALSE
"pcs","GSE274557","Pt13","HALLMARK_APICAL_SURFACE",0,0.489928571428571,FALSE
"libsize","GSE274557","Pt2","HALLMARK_APICAL_SURFACE",0,0.771833333333333,FALSE
"none","GSE274557","Pt2","HALLMARK_APICAL_SURFACE",0,0.5015,FALSE
"pcs","GSE274557","Pt2","HALLMARK_APICAL_SURFACE",0.333333333333333,0.621666666666667,FALSE
"libsize","GSE274557","Pt3","HALLMARK_APICAL_SURFACE",0,0.887875,FALSE
"none","GSE274557","Pt3","HALLMARK_APICAL_SURFACE",0,0.691,FALSE
"pcs","GSE274557","Pt3","HALLMARK_APICAL_SURFACE",0,0.608,FALSE
"libsize","GSE274557","Pt4","HALLMARK_APICAL_SURFACE",1,0.99325,TRUE
"none","GSE274557","Pt4","HALLMARK_APICAL_SURFACE",0,0.668125,FALSE
"pcs","GSE274557","Pt4","HALLMARK_APICAL_SURFACE",0,0.634625,FALSE
"libsize","GSE274557","Pt5","HALLMARK_APICAL_SURFACE",0.333333333333333,0.709,FALSE
"none","GSE274557","Pt5","HALLMARK_APICAL_SURFACE",0.333333333333333,0.589166666666667,FALSE
"pcs","GSE274557","Pt5","HALLMARK_APICAL_SURFACE",0,0.3235,FALSE
"libsize","GSE274557","Pt6","HALLMARK_APICAL_SURFACE",0.5,0.891,TRUE
"none","GSE274557","Pt6","HALLMARK_APICAL_SURFACE",0.333333333333333,0.845666666666667,FALSE
"pcs","GSE274557","Pt6","HALLMARK_APICAL_SURFACE",0,0.548333333333333,FALSE
"libsize","GSE274557","Pt7","HALLMARK_APICAL_SURFACE",0,0.886625,FALSE
"none","GSE274557","Pt7","HALLMARK_APICAL_SURFACE",0,0.681875,FALSE
"pcs","GSE274557","Pt7","HALLMARK_APICAL_SURFACE",0,0.55575,FALSE
"libsize","GSE274557","Pt8","HALLMARK_APICAL_SURFACE",0,0.8284,FALSE
"none","GSE274557","Pt8","HALLMARK_APICAL_SURFACE",0,0.5829,FALSE
"pcs","GSE274557","Pt8","HALLMARK_APICAL_SURFACE",0,0.507,FALSE
"libsize","GSE274557","Pt9","HALLMARK_APICAL_SURFACE",0,0.853125,FALSE
"none","GSE274557","Pt9","HALLMARK_APICAL_SURFACE",0.25,0.754,FALSE
"pcs","GSE274557","Pt9","HALLMARK_APICAL_SURFACE",0.25,0.84575,FALSE
"libsize","GSE282302","C1_D1","HALLMARK_APOPTOSIS",1,0.9995,TRUE
"none","GSE282302","C1_D1","HALLMARK_APOPTOSIS",1,0.9995,TRUE
"pcs","GSE282302","C1_D1","HALLMARK_APOPTOSIS",0,0.421,FALSE
"libsize","GSE282302","C1_D10","HALLMARK_APOPTOSIS",1,0.98975,TRUE
"none","GSE282302","C1_D10","HALLMARK_APOPTOSIS",0.5,0.9375,TRUE
"pcs","GSE282302","C1_D10","HALLMARK_APOPTOSIS",0.5,0.85475,TRUE
"libsize","GSE282302","C1_D11","HALLMARK_APOPTOSIS",1,0.98525,TRUE
"none","GSE282302","C1_D11","HALLMARK_APOPTOSIS",0,0.083,FALSE
"pcs","GSE282302","C1_D11","HALLMARK_APOPTOSIS",1,0.9995,TRUE
"libsize","GSE282302","C1_D12","HALLMARK_APOPTOSIS",0.5,0.84425,TRUE
"none","GSE282302","C1_D12","HALLMARK_APOPTOSIS",0,0.37125,FALSE
"pcs","GSE282302","C1_D12","HALLMARK_APOPTOSIS",1,0.98675,TRUE
"libsize","GSE282302","C1_D13","HALLMARK_APOPTOSIS",0.5,0.63325,TRUE
"none","GSE282302","C1_D13","HALLMARK_APOPTOSIS",0.5,0.8105,TRUE
"pcs","GSE282302","C1_D13","HALLMARK_APOPTOSIS",1,0.9995,TRUE
"libsize","GSE282302","C1_D14","HALLMARK_APOPTOSIS",0.666666666666667,0.921333333333333,TRUE
"none","GSE282302","C1_D14","HALLMARK_APOPTOSIS",0,0.059,FALSE
"pcs","GSE282302","C1_D14","HALLMARK_APOPTOSIS",0.333333333333333,0.9735,FALSE
"libsize","GSE282302","C1_D2","HALLMARK_APOPTOSIS",1,0.9995,TRUE
"none","GSE282302","C1_D2","HALLMARK_APOPTOSIS",0,0.821,FALSE
"pcs","GSE282302","C1_D2","HALLMARK_APOPTOSIS",1,0.996,TRUE
"libsize","GSE282302","C1_D3","HALLMARK_APOPTOSIS",1,0.9995,TRUE
"none","GSE282302","C1_D3","HALLMARK_APOPTOSIS",0,0.7465,FALSE
"pcs","GSE282302","C1_D3","HALLMARK_APOPTOSIS",0,0.92,FALSE
"libsize","GSE282302","C1_D4","HALLMARK_APOPTOSIS",1,0.9995,TRUE
"none","GSE282302","C1_D4","HALLMARK_APOPTOSIS",0,0,FALSE
"pcs","GSE282302","C1_D4","HALLMARK_APOPTOSIS",0,0.5665,FALSE
"libsize","GSE282302","C1_D5","HALLMARK_APOPTOSIS",1,0.9995,TRUE
"none","GSE282302","C1_D5","HALLMARK_APOPTOSIS",0,0.9785,FALSE
"pcs","GSE282302","C1_D5","HALLMARK_APOPTOSIS",1,0.9995,TRUE
"libsize","GSE282302","C1_D6","HALLMARK_APOPTOSIS",1,0.998,TRUE
"none","GSE282302","C1_D6","HALLMARK_APOPTOSIS",1,0.998,TRUE
"pcs","GSE282302","C1_D6","HALLMARK_APOPTOSIS",0,0.3885,FALSE
"libsize","GSE282302","C1_D7","HALLMARK_APOPTOSIS",1,0.9995,TRUE
"none","GSE282302","C1_D7","HALLMARK_APOPTOSIS",0,0.963,FALSE
"pcs","GSE282302","C1_D7","HALLMARK_APOPTOSIS",1,0.995,TRUE
"libsize","GSE282302","C1_D8","HALLMARK_APOPTOSIS",1,0.999,TRUE
"none","GSE282302","C1_D8","HALLMARK_APOPTOSIS",1,0.9995,TRUE
"pcs","GSE282302","C1_D8","HALLMARK_APOPTOSIS",0.5,0.96,TRUE
"libsize","GSE282302","C1_D9","HALLMARK_APOPTOSIS",1,0.9985,TRUE
"none","GSE282302","C1_D9","HALLMARK_APOPTOSIS",1,0.9995,TRUE
"pcs","GSE282302","C1_D9","HALLMARK_APOPTOSIS",1,0.99725,TRUE
"libsize","GSE282302","C2_D1","HALLMARK_APOPTOSIS",0,0.9535,FALSE
"none","GSE282302","C2_D1","HALLMARK_APOPTOSIS",1,0.994,TRUE
"pcs","GSE282302","C2_D1","HALLMARK_APOPTOSIS",1,0.986,TRUE
"libsize","GSE282302","C2_D10","HALLMARK_APOPTOSIS",0.5,0.91,TRUE
"none","GSE282302","C2_D10","HALLMARK_APOPTOSIS",0,0.235875,FALSE
"pcs","GSE282302","C2_D10","HALLMARK_APOPTOSIS",1,0.9995,TRUE
"libsize","GSE282302","C2_D11","HALLMARK_APOPTOSIS",0.75,0.976625,TRUE
"none","GSE282302","C2_D11","HALLMARK_APOPTOSIS",0.375,0.5004375,FALSE
"pcs","GSE282302","C2_D11","HALLMARK_APOPTOSIS",0.375,0.881125,FALSE
"libsize","GSE282302","C2_D12","HALLMARK_APOPTOSIS",0,0.4965,FALSE
"none","GSE282302","C2_D12","HALLMARK_APOPTOSIS",0,0,FALSE
"pcs","GSE282302","C2_D12","HALLMARK_APOPTOSIS",0,0.948,FALSE
"libsize","GSE282302","C2_D13","HALLMARK_APOPTOSIS",1,0.9995,TRUE
"none","GSE282302","C2_D13","HALLMARK_APOPTOSIS",0,0.3855,FALSE
"pcs","GSE282302","C2_D13","HALLMARK_APOPTOSIS",0,0.907,FALSE
"libsize","GSE282302","C2_D2","HALLMARK_APOPTOSIS",1,0.9965,TRUE
"none","GSE282302","C2_D2","HALLMARK_APOPTOSIS",1,0.9995,TRUE
"pcs","GSE282302","C2_D2","HALLMARK_APOPTOSIS",0,0.4985,FALSE
"libsize","GSE282302","C2_D3","HALLMARK_APOPTOSIS",1,0.9855,TRUE
"none","GSE282302","C2_D3","HALLMARK_APOPTOSIS",1,0.995,TRUE
"pcs","GSE282302","C2_D3","HALLMARK_APOPTOSIS",0,0.833,FALSE
"libsize","GSE282302","C2_D4","HALLMARK_APOPTOSIS",1,0.9995,TRUE
"none","GSE282302","C2_D4","HALLMARK_APOPTOSIS",1,0.9995,TRUE
"pcs","GSE282302","C2_D4","HALLMARK_APOPTOSIS",0,0.927,FALSE
"libsize","GSE282302","C2_D5","HALLMARK_APOPTOSIS",1,0.9985,TRUE
"none","GSE282302","C2_D5","HALLMARK_APOPTOSIS",0.5,0.5075,TRUE
"pcs","GSE282302","C2_D5","HALLMARK_APOPTOSIS",0.5,0.988,TRUE
"libsize","GSE282302","C2_D6","HALLMARK_APOPTOSIS",0,0.26925,FALSE
"none","GSE282302","C2_D6","HALLMARK_APOPTOSIS",0,0.14475,FALSE
"pcs","GSE282302","C2_D6","HALLMARK_APOPTOSIS",1,0.99925,TRUE
"libsize","GSE282302","C2_D7","HALLMARK_APOPTOSIS",0.5,0.956,TRUE
"none","GSE282302","C2_D7","HALLMARK_APOPTOSIS",0,0.11325,FALSE
"pcs","GSE282302","C2_D7","HALLMARK_APOPTOSIS",1,0.997,TRUE
"libsize","GSE282302","C2_D8","HALLMARK_APOPTOSIS",0.5,0.92975,TRUE
"none","GSE282302","C2_D8","HALLMARK_APOPTOSIS",0,0.399625,FALSE
"pcs","GSE282302","C2_D8","HALLMARK_APOPTOSIS",0.25,0.85325,FALSE
"libsize","GSE282302","C2_D9","HALLMARK_APOPTOSIS",0.166666666666667,0.791166666666667,FALSE
"none","GSE282302","C2_D9","HALLMARK_APOPTOSIS",0,0.66425,FALSE
"pcs","GSE282302","C2_D9","HALLMARK_APOPTOSIS",0.333333333333333,0.75925,FALSE
"libsize","GSE282302","C3_D1","HALLMARK_APOPTOSIS",1,0.9995,TRUE
"none","GSE282302","C3_D1","HALLMARK_APOPTOSIS",0.75,0.83675,TRUE
"pcs","GSE282302","C3_D1","HALLMARK_APOPTOSIS",0.5,0.821,TRUE
"libsize","GSE282302","C3_D10","HALLMARK_APOPTOSIS",0.75,0.98875,TRUE
"none","GSE282302","C3_D10","HALLMARK_APOPTOSIS",1,0.998375,TRUE
"pcs","GSE282302","C3_D10","HALLMARK_APOPTOSIS",0.75,0.959875,TRUE
"libsize","GSE282302","C3_D11","HALLMARK_APOPTOSIS",0.5,0.787875,TRUE
"none","GSE282302","C3_D11","HALLMARK_APOPTOSIS",0.25,0.3515,FALSE
"pcs","GSE282302","C3_D11","HALLMARK_APOPTOSIS",0.5,0.9675,TRUE
"libsize","GSE282302","C3_D12","HALLMARK_APOPTOSIS",0.875,0.966375,TRUE
"none","GSE282302","C3_D12","HALLMARK_APOPTOSIS",0.75,0.9816875,TRUE
"pcs","GSE282302","C3_D12","HALLMARK_APOPTOSIS",0.75,0.984,TRUE
"libsize","GSE282302","C3_D2","HALLMARK_APOPTOSIS",0.75,0.990375,TRUE
"none","GSE282302","C3_D2","HALLMARK_APOPTOSIS",0.5,0.5615,TRUE
"pcs","GSE282302","C3_D2","HALLMARK_APOPTOSIS",0.75,0.899375,TRUE
"libsize","GSE282302","C3_D3","HALLMARK_APOPTOSIS",0.5,0.986375,TRUE
"none","GSE282302","C3_D3","HALLMARK_APOPTOSIS",0.5,0.94825,TRUE
"pcs","GSE282302","C3_D3","HALLMARK_APOPTOSIS",0.5,0.75925,TRUE
"libsize","GSE282302","C3_D4","HALLMARK_APOPTOSIS",0.75,0.98575,TRUE
"none","GSE282302","C3_D4","HALLMARK_APOPTOSIS",0.5,0.6225,TRUE
"pcs","GSE282302","C3_D4","HALLMARK_APOPTOSIS",0.25,0.940625,FALSE
"libsize","GSE282302","C3_D5","HALLMARK_APOPTOSIS",0.25,0.965,FALSE
"none","GSE282302","C3_D5","HALLMARK_APOPTOSIS",0.5,0.80075,TRUE
"pcs","GSE282302","C3_D5","HALLMARK_APOPTOSIS",1,0.999,TRUE
"libsize","GSE282302","C3_D6","HALLMARK_APOPTOSIS",1,0.9995,TRUE
"none","GSE282302","C3_D6","HALLMARK_APOPTOSIS",0.75,0.756625,TRUE
"pcs","GSE282302","C3_D6","HALLMARK_APOPTOSIS",0.25,0.826,FALSE
"libsize","GSE282302","C3_D7","HALLMARK_APOPTOSIS",1,0.999375,TRUE
"none","GSE282302","C3_D7","HALLMARK_APOPTOSIS",0.75,0.983125,TRUE
"pcs","GSE282302","C3_D7","HALLMARK_APOPTOSIS",0.25,0.803375,FALSE
"libsize","GSE282302","C3_D8","HALLMARK_APOPTOSIS",1,0.9975,TRUE
"none","GSE282302","C3_D8","HALLMARK_APOPTOSIS",0.5,0.718375,TRUE
"pcs","GSE282302","C3_D8","HALLMARK_APOPTOSIS",1,0.998125,TRUE
"libsize","GSE282302","C3_D9","HALLMARK_APOPTOSIS",0.5,0.95075,TRUE
"none","GSE282302","C3_D9","HALLMARK_APOPTOSIS",0.5,0.626625,TRUE
"pcs","GSE282302","C3_D9","HALLMARK_APOPTOSIS",0.5,0.96,TRUE
"libsize","GSE274557","Pt1","HALLMARK_APOPTOSIS",1,0.9955,TRUE
"none","GSE274557","Pt1","HALLMARK_APOPTOSIS",0,0.55575,FALSE
"pcs","GSE274557","Pt1","HALLMARK_APOPTOSIS",0.5,0.6345,TRUE
"libsize","GSE274557","Pt10","HALLMARK_APOPTOSIS",0.5,0.881875,TRUE
"none","GSE274557","Pt10","HALLMARK_APOPTOSIS",0,0.5485,FALSE
"pcs","GSE274557","Pt10","HALLMARK_APOPTOSIS",0,0.783875,FALSE
"libsize","GSE274557","Pt11","HALLMARK_APOPTOSIS",0.5,0.750375,TRUE
"none","GSE274557","Pt11","HALLMARK_APOPTOSIS",0,0.428375,FALSE
"pcs","GSE274557","Pt11","HALLMARK_APOPTOSIS",0,0.693875,FALSE
"libsize","GSE274557","Pt12","HALLMARK_APOPTOSIS",1,0.996875,TRUE
"none","GSE274557","Pt12","HALLMARK_APOPTOSIS",0,0.210125,FALSE
"pcs","GSE274557","Pt12","HALLMARK_APOPTOSIS",0.25,0.500625,FALSE
"libsize","GSE274557","Pt13","HALLMARK_APOPTOSIS",0.428571428571429,0.817357142857143,FALSE
"none","GSE274557","Pt13","HALLMARK_APOPTOSIS",0,0.259714285714286,FALSE
"pcs","GSE274557","Pt13","HALLMARK_APOPTOSIS",0.428571428571429,0.748714285714286,FALSE
"libsize","GSE274557","Pt2","HALLMARK_APOPTOSIS",0.666666666666667,0.986666666666667,TRUE
"none","GSE274557","Pt2","HALLMARK_APOPTOSIS",0.333333333333333,0.448833333333333,FALSE
"pcs","GSE274557","Pt2","HALLMARK_APOPTOSIS",0,0.812666666666667,FALSE
"libsize","GSE274557","Pt3","HALLMARK_APOPTOSIS",0.25,0.838375,FALSE
"none","GSE274557","Pt3","HALLMARK_APOPTOSIS",0,0.319,FALSE
"pcs","GSE274557","Pt3","HALLMARK_APOPTOSIS",0,0.7225,FALSE
"libsize","GSE274557","Pt4","HALLMARK_APOPTOSIS",0.25,0.845375,FALSE
"none","GSE274557","Pt4","HALLMARK_APOPTOSIS",0,0.267,FALSE
"pcs","GSE274557","Pt4","HALLMARK_APOPTOSIS",0,0.793125,FALSE
"libsize","GSE274557","Pt5","HALLMARK_APOPTOSIS",0.666666666666667,0.729333333333333,TRUE
"none","GSE274557","Pt5","HALLMARK_APOPTOSIS",0.333333333333333,0.628333333333333,FALSE
"pcs","GSE274557","Pt5","HALLMARK_APOPTOSIS",0.666666666666667,0.971666666666667,TRUE
"libsize","GSE274557","Pt6","HALLMARK_APOPTOSIS",0.333333333333333,0.86625,FALSE
"none","GSE274557","Pt6","HALLMARK_APOPTOSIS",0.333333333333333,0.811083333333333,FALSE
"pcs","GSE274557","Pt6","HALLMARK_APOPTOSIS",0.166666666666667,0.79125,FALSE
"libsize","GSE274557","Pt7","HALLMARK_APOPTOSIS",0.25,0.841375,FALSE
"none","GSE274557","Pt7","HALLMARK_APOPTOSIS",0,0.374,FALSE
"pcs","GSE274557","Pt7","HALLMARK_APOPTOSIS",0.25,0.7445,FALSE
"libsize","GSE274557","Pt8","HALLMARK_APOPTOSIS",0.6,0.8421,TRUE
"none","GSE274557","Pt8","HALLMARK_APOPTOSIS",0.2,0.4276,FALSE
"pcs","GSE274557","Pt8","HALLMARK_APOPTOSIS",0,0.5999,FALSE
"libsize","GSE274557","Pt9","HALLMARK_APOPTOSIS",0,0.77025,FALSE
"none","GSE274557","Pt9","HALLMARK_APOPTOSIS",0,0.3315,FALSE
"pcs","GSE274557","Pt9","HALLMARK_APOPTOSIS",0,0.55525,FALSE
"libsize","GSE282302","C1_D1","HALLMARK_BILE_ACID_METABOLISM",1,0.988,TRUE
"none","GSE282302","C1_D1","HALLMARK_BILE_ACID_METABOLISM",0,0.6345,FALSE
"pcs","GSE282302","C1_D1","HALLMARK_BILE_ACID_METABOLISM",0,0.602,FALSE
"libsize","GSE282302","C1_D10","HALLMARK_BILE_ACID_METABOLISM",0,0.5115,FALSE
"none","GSE282302","C1_D10","HALLMARK_BILE_ACID_METABOLISM",0.5,0.52975,TRUE
"pcs","GSE282302","C1_D10","HALLMARK_BILE_ACID_METABOLISM",0,0.74275,FALSE
"libsize","GSE282302","C1_D11","HALLMARK_BILE_ACID_METABOLISM",1,0.9905,TRUE
"none","GSE282302","C1_D11","HALLMARK_BILE_ACID_METABOLISM",0.5,0.93875,TRUE
"pcs","GSE282302","C1_D11","HALLMARK_BILE_ACID_METABOLISM",0,0.53475,FALSE
"libsize","GSE282302","C1_D12","HALLMARK_BILE_ACID_METABOLISM",0,0.88375,FALSE
"none","GSE282302","C1_D12","HALLMARK_BILE_ACID_METABOLISM",0,0.89975,FALSE
"pcs","GSE282302","C1_D12","HALLMARK_BILE_ACID_METABOLISM",0.5,0.54625,TRUE
"libsize","GSE282302","C1_D13","HALLMARK_BILE_ACID_METABOLISM",1,0.99875,TRUE
"none","GSE282302","C1_D13","HALLMARK_BILE_ACID_METABOLISM",0.5,0.9585,TRUE
"pcs","GSE282302","C1_D13","HALLMARK_BILE_ACID_METABOLISM",0,0.67275,FALSE
"libsize","GSE282302","C1_D14","HALLMARK_BILE_ACID_METABOLISM",1,0.995166666666667,TRUE
"none","GSE282302","C1_D14","HALLMARK_BILE_ACID_METABOLISM",0,0.910833333333333,FALSE
"pcs","GSE282302","C1_D14","HALLMARK_BILE_ACID_METABOLISM",0,0.624,FALSE
"libsize","GSE282302","C1_D2","HALLMARK_BILE_ACID_METABOLISM",0,0.3145,FALSE
"none","GSE282302","C1_D2","HALLMARK_BILE_ACID_METABOLISM",0,0.321,FALSE
"pcs","GSE282302","C1_D2","HALLMARK_BILE_ACID_METABOLISM",0,0.1455,FALSE
"libsize","GSE282302","C1_D3","HALLMARK_BILE_ACID_METABOLISM",0,0.846,FALSE
"none","GSE282302","C1_D3","HALLMARK_BILE_ACID_METABOLISM",0,0.129,FALSE
"pcs","GSE282302","C1_D3","HALLMARK_BILE_ACID_METABOLISM",0,0.8335,FALSE
"libsize","GSE282302","C1_D4","HALLMARK_BILE_ACID_METABOLISM",0,0.082,FALSE
"none","GSE282302","C1_D4","HALLMARK_BILE_ACID_METABOLISM",0,0.6655,FALSE
"pcs","GSE282302","C1_D4","HALLMARK_BILE_ACID_METABOLISM",0,0.232,FALSE
"libsize","GSE282302","C1_D5","HALLMARK_BILE_ACID_METABOLISM",1,0.9995,TRUE
"none","GSE282302","C1_D5","HALLMARK_BILE_ACID_METABOLISM",0,0.944,FALSE
"pcs","GSE282302","C1_D5","HALLMARK_BILE_ACID_METABOLISM",0,0.8025,FALSE
"libsize","GSE282302","C1_D6","HALLMARK_BILE_ACID_METABOLISM",0,0.0125,FALSE
"none","GSE282302","C1_D6","HALLMARK_BILE_ACID_METABOLISM",0,0.6145,FALSE
"pcs","GSE282302","C1_D6","HALLMARK_BILE_ACID_METABOLISM",0,0.661,FALSE
"libsize","GSE282302","C1_D7","HALLMARK_BILE_ACID_METABOLISM",1,0.999,TRUE
"none","GSE282302","C1_D7","HALLMARK_BILE_ACID_METABOLISM",1,0.9995,TRUE
"pcs","GSE282302","C1_D7","HALLMARK_BILE_ACID_METABOLISM",0,0.808,FALSE
"libsize","GSE282302","C1_D8","HALLMARK_BILE_ACID_METABOLISM",0.5,0.77225,TRUE
"none","GSE282302","C1_D8","HALLMARK_BILE_ACID_METABOLISM",0,0.507,FALSE
"pcs","GSE282302","C1_D8","HALLMARK_BILE_ACID_METABOLISM",0,0.55825,FALSE
"libsize","GSE282302","C1_D9","HALLMARK_BILE_ACID_METABOLISM",0.5,0.9745,TRUE
"none","GSE282302","C1_D9","HALLMARK_BILE_ACID_METABOLISM",0,0.37175,FALSE
"pcs","GSE282302","C1_D9","HALLMARK_BILE_ACID_METABOLISM",0,0.79775,FALSE
"libsize","GSE282302","C2_D1","HALLMARK_BILE_ACID_METABOLISM",1,0.99,TRUE
"none","GSE282302","C2_D1","HALLMARK_BILE_ACID_METABOLISM",0,0.965,FALSE
"pcs","GSE282302","C2_D1","HALLMARK_BILE_ACID_METABOLISM",0,0.7945,FALSE
"libsize","GSE282302","C2_D10","HALLMARK_BILE_ACID_METABOLISM",1,0.99725,TRUE
"none","GSE282302","C2_D10","HALLMARK_BILE_ACID_METABOLISM",1,0.9945,TRUE
"pcs","GSE282302","C2_D10","HALLMARK_BILE_ACID_METABOLISM",0,0.898875,FALSE
"libsize","GSE282302","C2_D11","HALLMARK_BILE_ACID_METABOLISM",0.375,0.5568125,FALSE
"none","GSE282302","C2_D11","HALLMARK_BILE_ACID_METABOLISM",0.125,0.374125,FALSE
"pcs","GSE282302","C2_D11","HALLMARK_BILE_ACID_METABOLISM",0.25,0.7365,FALSE
"libsize","GSE282302","C2_D12","HALLMARK_BILE_ACID_METABOLISM",0,0.4735,FALSE
"none","GSE282302","C2_D12","HALLMARK_BILE_ACID_METABOLISM",0,0.615,FALSE
"pcs","GSE282302","C2_D12","HALLMARK_BILE_ACID_METABOLISM",0,0.467,FALSE
"libsize","GSE282302","C2_D13","HALLMARK_BILE_ACID_METABOLISM",1,0.9995,TRUE
"none","GSE282302","C2_D13","HALLMARK_BILE_ACID_METABOLISM",0,0.8705,FALSE
"pcs","GSE282302","C2_D13","HALLMARK_BILE_ACID_METABOLISM",0,0.801,FALSE
"libsize","GSE282302","C2_D2","HALLMARK_BILE_ACID_METABOLISM",0,0.081,FALSE
"none","GSE282302","C2_D2","HALLMARK_BILE_ACID_METABOLISM",0,0.1475,FALSE
"pcs","GSE282302","C2_D2","HALLMARK_BILE_ACID_METABOLISM",0,0.6305,FALSE
"libsize","GSE282302","C2_D3","HALLMARK_BILE_ACID_METABOLISM",1,0.999,TRUE
"none","GSE282302","C2_D3","HALLMARK_BILE_ACID_METABOLISM",1,0.9965,TRUE
"pcs","GSE282302","C2_D3","HALLMARK_BILE_ACID_METABOLISM",0,0.794,FALSE
"libsize","GSE282302","C2_D4","HALLMARK_BILE_ACID_METABOLISM",0,0.0335,FALSE
"none","GSE282302","C2_D4","HALLMARK_BILE_ACID_METABOLISM",0,0.865,FALSE
"pcs","GSE282302","C2_D4","HALLMARK_BILE_ACID_METABOLISM",0,0.301,FALSE
"libsize","GSE282302","C2_D5","HALLMARK_BILE_ACID_METABOLISM",0.5,0.50675,TRUE
"none","GSE282302","C2_D5","HALLMARK_BILE_ACID_METABOLISM",0,0.4595,FALSE
"pcs","GSE282302","C2_D5","HALLMARK_BILE_ACID_METABOLISM",0,0.23175,FALSE
"libsize","GSE282302","C2_D6","HALLMARK_BILE_ACID_METABOLISM",0.5,0.58675,TRUE
"none","GSE282302","C2_D6","HALLMARK_BILE_ACID_METABOLISM",0.5,0.546,TRUE
"pcs","GSE282302","C2_D6","HALLMARK_BILE_ACID_METABOLISM",1,0.98625,TRUE
"libsize","GSE282302","C2_D7","HALLMARK_BILE_ACID_METABOLISM",1,0.977,TRUE
"none","GSE282302","C2_D7","HALLMARK_BILE_ACID_METABOLISM",0,0.913,FALSE
"pcs","GSE282302","C2_D7","HALLMARK_BILE_ACID_METABOLISM",0,0.80825,FALSE
"libsize","GSE282302","C2_D8","HALLMARK_BILE_ACID_METABOLISM",0.25,0.927625,FALSE
"none","GSE282302","C2_D8","HALLMARK_BILE_ACID_METABOLISM",0,0.834625,FALSE
"pcs","GSE282302","C2_D8","HALLMARK_BILE_ACID_METABOLISM",0,0.296,FALSE
"libsize","GSE282302","C2_D9","HALLMARK_BILE_ACID_METABOLISM",1,0.995083333333333,TRUE
"none","GSE282302","C2_D9","HALLMARK_BILE_ACID_METABOLISM",0.5,0.820333333333333,TRUE
"pcs","GSE282302","C2_D9","HALLMARK_BILE_ACID_METABOLISM",0,0.70325,FALSE
"libsize","GSE282302","C3_D1","HALLMARK_BILE_ACID_METABOLISM",0,0.44125,FALSE
"none","GSE282302","C3_D1","HALLMARK_BILE_ACID_METABOLISM",0.25,0.464625,FALSE
"pcs","GSE282302","C3_D1","HALLMARK_BILE_ACID_METABOLISM",0,0.655375,FALSE
"libsize","GSE282302","C3_D10","HALLMARK_BILE_ACID_METABOLISM",0.5,0.50275,TRUE
"none","GSE282302","C3_D10","HALLMARK_BILE_ACID_METABOLISM",0.25,0.453,FALSE
"pcs","GSE282302","C3_D10","HALLMARK_BILE_ACID_METABOLISM",0,0.495,FALSE
"libsize","GSE282302","C3_D11","HALLMARK_BILE_ACID_METABOLISM",1,0.9975,TRUE
"none","GSE282302","C3_D11","HALLMARK_BILE_ACID_METABOLISM",1,0.997375,TRUE
"pcs","GSE282302","C3_D11","HALLMARK_BILE_ACID_METABOLISM",0.5,0.84375,TRUE
"libsize","GSE282302","C3_D12","HALLMARK_BILE_ACID_METABOLISM",0,0.268125,FALSE
"none","GSE282302","C3_D12","HALLMARK_BILE_ACID_METABOLISM",0.25,0.6278125,FALSE
"pcs","GSE282302","C3_D12","HALLMARK_BILE_ACID_METABOLISM",0.125,0.7570625,FALSE
"libsize","GSE282302","C3_D2","HALLMARK_BILE_ACID_METABOLISM",0.5,0.65675,TRUE
"none","GSE282302","C3_D2","HALLMARK_BILE_ACID_METABOLISM",0.75,0.761375,TRUE
"pcs","GSE282302","C3_D2","HALLMARK_BILE_ACID_METABOLISM",0.5,0.719125,TRUE
"libsize","GSE282302","C3_D3","HALLMARK_BILE_ACID_METABOLISM",0.5,0.735,TRUE
"none","GSE282302","C3_D3","HALLMARK_BILE_ACID_METABOLISM",0.5,0.71775,TRUE
"pcs","GSE282302","C3_D3","HALLMARK_BILE_ACID_METABOLISM",0,0.776,FALSE
"libsize","GSE282302","C3_D4","HALLMARK_BILE_ACID_METABOLISM",0.5,0.8485,TRUE
"none","GSE282302","C3_D4","HALLMARK_BILE_ACID_METABOLISM",0.5,0.877125,TRUE
"pcs","GSE282302","C3_D4","HALLMARK_BILE_ACID_METABOLISM",0.25,0.78275,FALSE
"libsize","GSE282302","C3_D5","HALLMARK_BILE_ACID_METABOLISM",0,0.366625,FALSE
"none","GSE282302","C3_D5","HALLMARK_BILE_ACID_METABOLISM",0,0.4815,FALSE
"pcs","GSE282302","C3_D5","HALLMARK_BILE_ACID_METABOLISM",0.25,0.76225,FALSE
"libsize","GSE282302","C3_D6","HALLMARK_BILE_ACID_METABOLISM",0,0.521375,FALSE
"none","GSE282302","C3_D6","HALLMARK_BILE_ACID_METABOLISM",0,0.35225,FALSE
"pcs","GSE282302","C3_D6","HALLMARK_BILE_ACID_METABOLISM",0,0.54675,FALSE
"libsize","GSE282302","C3_D7","HALLMARK_BILE_ACID_METABOLISM",0.25,0.779375,FALSE
"none","GSE282302","C3_D7","HALLMARK_BILE_ACID_METABOLISM",0.5,0.8085,TRUE
"pcs","GSE282302","C3_D7","HALLMARK_BILE_ACID_METABOLISM",0,0.84725,FALSE
"libsize","GSE282302","C3_D8","HALLMARK_BILE_ACID_METABOLISM",0.5,0.562125,TRUE
"none","GSE282302","C3_D8","HALLMARK_BILE_ACID_METABOLISM",0.25,0.265875,FALSE
"pcs","GSE282302","C3_D8","HALLMARK_BILE_ACID_METABOLISM",0,0.793625,FALSE
"libsize","GSE282302","C3_D9","HALLMARK_BILE_ACID_METABOLISM",0.75,0.762625,TRUE
"none","GSE282302","C3_D9","HALLMARK_BILE_ACID_METABOLISM",0.75,0.757375,TRUE
"pcs","GSE282302","C3_D9","HALLMARK_BILE_ACID_METABOLISM",0.25,0.726,FALSE
"libsize","GSE274557","Pt1","HALLMARK_BILE_ACID_METABOLISM",0,0.182,FALSE
"none","GSE274557","Pt1","HALLMARK_BILE_ACID_METABOLISM",0,0.75025,FALSE
"pcs","GSE274557","Pt1","HALLMARK_BILE_ACID_METABOLISM",0,0.0815,FALSE
"libsize","GSE274557","Pt10","HALLMARK_BILE_ACID_METABOLISM",0.25,0.912625,FALSE
"none","GSE274557","Pt10","HALLMARK_BILE_ACID_METABOLISM",0.25,0.826625,FALSE
"pcs","GSE274557","Pt10","HALLMARK_BILE_ACID_METABOLISM",0.25,0.757,FALSE
"libsize","GSE274557","Pt11","HALLMARK_BILE_ACID_METABOLISM",0.5,0.6975,TRUE
"none","GSE274557","Pt11","HALLMARK_BILE_ACID_METABOLISM",0.25,0.669,FALSE
"pcs","GSE274557","Pt11","HALLMARK_BILE_ACID_METABOLISM",0,0.709875,FALSE
"libsize","GSE274557","Pt12","HALLMARK_BILE_ACID_METABOLISM",0.5,0.790625,TRUE
"none","GSE274557","Pt12","HALLMARK_BILE_ACID_METABOLISM",0.25,0.736375,FALSE
"pcs","GSE274557","Pt12","HALLMARK_BILE_ACID_METABOLISM",0,0.610375,FALSE
"libsize","GSE274557","Pt13","HALLMARK_BILE_ACID_METABOLISM",0.428571428571429,0.566785714285714,FALSE
"none","GSE274557","Pt13","HALLMARK_BILE_ACID_METABOLISM",0.142857142857143,0.581785714285714,FALSE
"pcs","GSE274557","Pt13","HALLMARK_BILE_ACID_METABOLISM",0.285714285714286,0.591642857142857,FALSE
"libsize","GSE274557","Pt2","HALLMARK_BILE_ACID_METABOLISM",0,0.777166666666667,FALSE
"none","GSE274557","Pt2","HALLMARK_BILE_ACID_METABOLISM",0.333333333333333,0.655166666666667,FALSE
"pcs","GSE274557","Pt2","HALLMARK_BILE_ACID_METABOLISM",0.333333333333333,0.832166666666667,FALSE
"libsize","GSE274557","Pt3","HALLMARK_BILE_ACID_METABOLISM",0,0.755875,FALSE
"none","GSE274557","Pt3","HALLMARK_BILE_ACID_METABOLISM",0,0.449625,FALSE
"pcs","GSE274557","Pt3","HALLMARK_BILE_ACID_METABOLISM",0,0.749125,FALSE
"libsize","GSE274557","Pt4","HALLMARK_BILE_ACID_METABOLISM",0.25,0.729625,FALSE
"none","GSE274557","Pt4","HALLMARK_BILE_ACID_METABOLISM",0,0.58525,FALSE
"pcs","GSE274557","Pt4","HALLMARK_BILE_ACID_METABOLISM",0,0.50775,FALSE
"libsize","GSE274557","Pt5","HALLMARK_BILE_ACID_METABOLISM",1,0.994666666666667,TRUE
"none","GSE274557","Pt5","HALLMARK_BILE_ACID_METABOLISM",1,0.998833333333333,TRUE
"pcs","GSE274557","Pt5","HALLMARK_BILE_ACID_METABOLISM",0.666666666666667,0.933,TRUE
"libsize","GSE274557","Pt6","HALLMARK_BILE_ACID_METABOLISM",0.166666666666667,0.819666666666667,FALSE
"none","GSE274557","Pt6","HALLMARK_BILE_ACID_METABOLISM",0.166666666666667,0.5825,FALSE
"pcs","GSE274557","Pt6","HALLMARK_BILE_ACID_METABOLISM",0,0.644916666666667,FALSE
"libsize","GSE274557","Pt7","HALLMARK_BILE_ACID_METABOLISM",0.75,0.932125,TRUE
"none","GSE274557","Pt7","HALLMARK_BILE_ACID_METABOLISM",0.25,0.97075,FALSE
"pcs","GSE274557","Pt7","HALLMARK_BILE_ACID_METABOLISM",0.25,0.611375,FALSE
"libsize","GSE274557","Pt8","HALLMARK_BILE_ACID_METABOLISM",0.8,0.9837,TRUE
"none","GSE274557","Pt8","HALLMARK_BILE_ACID_METABOLISM",0.2,0.4524,FALSE
"pcs","GSE274557","Pt8","HALLMARK_BILE_ACID_METABOLISM",0.2,0.7119,FALSE
"libsize","GSE274557","Pt9","HALLMARK_BILE_ACID_METABOLISM",0,0.605125,FALSE
"none","GSE274557","Pt9","HALLMARK_BILE_ACID_METABOLISM",0,0.466375,FALSE
"pcs","GSE274557","Pt9","HALLMARK_BILE_ACID_METABOLISM",0,0.785375,FALSE
"libsize","GSE282302","C1_D1","HALLMARK_CHOLESTEROL_HOMEOSTASIS",1,0.9795,TRUE
"none","GSE282302","C1_D1","HALLMARK_CHOLESTEROL_HOMEOSTASIS",1,0.9995,TRUE
"pcs","GSE282302","C1_D1","HALLMARK_CHOLESTEROL_HOMEOSTASIS",0,0.878,FALSE
"libsize","GSE282302","C1_D10","HALLMARK_CHOLESTEROL_HOMEOSTASIS",0,0.85225,FALSE
"none","GSE282302","C1_D10","HALLMARK_CHOLESTEROL_HOMEOSTASIS",0,0.9015,FALSE
"pcs","GSE282302","C1_D10","HALLMARK_CHOLESTEROL_HOMEOSTASIS",0.5,0.97375,TRUE
"libsize","GSE282302","C1_D11","HALLMARK_CHOLESTEROL_HOMEOSTASIS",1,0.9995,TRUE
"none","GSE282302","C1_D11","HALLMARK_CHOLESTEROL_HOMEOSTASIS",1,0.9995,TRUE
"pcs","GSE282302","C1_D11","HALLMARK_CHOLESTEROL_HOMEOSTASIS",1,0.9995,TRUE
"libsize","GSE282302","C1_D12","HALLMARK_CHOLESTEROL_HOMEOSTASIS",1,0.9995,TRUE
"none","GSE282302","C1_D12","HALLMARK_CHOLESTEROL_HOMEOSTASIS",1,0.99925,TRUE
"pcs","GSE282302","C1_D12","HALLMARK_CHOLESTEROL_HOMEOSTASIS",1,0.99775,TRUE
"libsize","GSE282302","C1_D13","HALLMARK_CHOLESTEROL_HOMEOSTASIS",0.5,0.843,TRUE
"none","GSE282302","C1_D13","HALLMARK_CHOLESTEROL_HOMEOSTASIS",0,0.53475,FALSE
"pcs","GSE282302","C1_D13","HALLMARK_CHOLESTEROL_HOMEOSTASIS",0.5,0.9505,TRUE
"libsize","GSE282302","C1_D14","HALLMARK_CHOLESTEROL_HOMEOSTASIS",0.666666666666667,0.885833333333333,TRUE
"none","GSE282302","C1_D14","HALLMARK_CHOLESTEROL_HOMEOSTASIS",0.333333333333333,0.642,FALSE
"pcs","GSE282302","C1_D14","HALLMARK_CHOLESTEROL_HOMEOSTASIS",0.333333333333333,0.897666666666667,FALSE
"libsize","GSE282302","C1_D2","HALLMARK_CHOLESTEROL_HOMEOSTASIS",0,0.719,FALSE
"none","GSE282302","C1_D2","HALLMARK_CHOLESTEROL_HOMEOSTASIS",0,0.8245,FALSE
"pcs","GSE282302","C1_D2","HALLMARK_CHOLESTEROL_HOMEOSTASIS",0,0.6655,FALSE
"libsize","GSE282302","C1_D3","HALLMARK_CHOLESTEROL_HOMEOSTASIS",0,0.9565,FALSE
"none","GSE282302","C1_D3","HALLMARK_CHOLESTEROL_HOMEOSTASIS",0,0.368,FALSE
"pcs","GSE282302","C1_D3","HALLMARK_CHOLESTEROL_HOMEOSTASIS",1,0.9915,TRUE
"libsize","GSE282302","C1_D4","HALLMARK_CHOLESTEROL_HOMEOSTASIS",1,0.99,TRUE
"none","GSE282302","C1_D4","HALLMARK_CHOLESTEROL_HOMEOSTASIS",0,0.909,FALSE
"pcs","GSE282302","C1_D4","HALLMARK_CHOLESTEROL_HOMEOSTASIS",0,0.968,FALSE
"libsize","GSE282302","C1_D5","HALLMARK_CHOLESTEROL_HOMEOSTASIS",1,0.98,TRUE
"none","GSE282302","C1_D5","HALLMARK_CHOLESTEROL_HOMEOSTASIS",0,0.7055,FALSE
"pcs","GSE282302","C1_D5","HALLMARK_CHOLESTEROL_HOMEOSTASIS",0,0.8665,FALSE
"libsize","GSE282302","C1_D6","HALLMARK_CHOLESTEROL_HOMEOSTASIS",0,0.7585,FALSE
"none","GSE282302","C1_D6","HALLMARK_CHOLESTEROL_HOMEOSTASIS",0,0.6415,FALSE
"pcs","GSE282302","C1_D6","HALLMARK_CHOLESTEROL_HOMEOSTASIS",0,0.5175,FALSE
"libsize","GSE282302","C1_D7","HALLMARK_CHOLESTEROL_HOMEOSTASIS",1,0.997,TRUE
"none","GSE282302","C1_D7","HALLMARK_CHOLESTEROL_HOMEOSTASIS",0,0.8785,FALSE
"pcs","GSE282302","C1_D7","HALLMARK_CHOLESTEROL_HOMEOSTASIS",0,0.9505,FALSE
"libsize","GSE282302","C1_D8","HALLMARK_CHOLESTEROL_HOMEOSTASIS",1,0.9995,TRUE
"none","GSE282302","C1_D8","HALLMARK_CHOLESTEROL_HOMEOSTASIS",0.5,0.99025,TRUE
"pcs","GSE282302","C1_D8","HALLMARK_CHOLESTEROL_HOMEOSTASIS",0.5,0.98625,TRUE
"libsize","GSE282302","C1_D9","HALLMARK_CHOLESTEROL_HOMEOSTASIS",1,0.99325,TRUE
"none","GSE282302","C1_D9","HALLMARK_CHOLESTEROL_HOMEOSTASIS",0,0.93825,FALSE
"pcs","GSE282302","C1_D9","HALLMARK_CHOLESTEROL_HOMEOSTASIS",0,0.85525,FALSE
"libsize","GSE282302","C2_D1","HALLMARK_CHOLESTEROL_HOMEOSTASIS",1,0.9975,TRUE
"none","GSE282302","C2_D1","HALLMARK_CHOLESTEROL_HOMEOSTASIS",0,0.973,FALSE
"pcs","GSE282302","C2_D1","HALLMARK_CHOLESTEROL_HOMEOSTASIS",1,0.9995,TRUE
"libsize","GSE282302","C2_D10","HALLMARK_CHOLESTEROL_HOMEOSTASIS",1,0.99825,TRUE
"none","GSE282302","C2_D10","HALLMARK_CHOLESTEROL_HOMEOSTASIS",1,0.993875,TRUE
"pcs","GSE282302","C2_D10","HALLMARK_CHOLESTEROL_HOMEOSTASIS",1,0.999375,TRUE
"libsize","GSE282302","C2_D11","HALLMARK_CHOLESTEROL_HOMEOSTASIS",0.75,0.9441875,TRUE
"none","GSE282302","C2_D11","HALLMARK_CHOLESTEROL_HOMEOSTASIS",0.5,0.736125,TRUE
"pcs","GSE282302","C2_D11","HALLMARK_CHOLESTEROL_HOMEOSTASIS",0.625,0.96275,TRUE
"libsize","GSE282302","C2_D12","HALLMARK_CHOLESTEROL_HOMEOSTASIS",1,0.9975,TRUE
"none","GSE282302","C2_D12","HALLMARK_CHOLESTEROL_HOMEOSTASIS",0,0.976,FALSE
"pcs","GSE282302","C2_D12","HALLMARK_CHOLESTEROL_HOMEOSTASIS",0,0.7345,FALSE
"libsize","GSE282302","C2_D13","HALLMARK_CHOLESTEROL_HOMEOSTASIS",0,0.8855,FALSE
"none","GSE282302","C2_D13","HALLMARK_CHOLESTEROL_HOMEOSTASIS",0,0.7565,FALSE
"pcs","GSE282302","C2_D13","HALLMARK_CHOLESTEROL_HOMEOSTASIS",1,0.9865,TRUE
"libsize","GSE282302","C2_D2","HALLMARK_CHOLESTEROL_HOMEOSTASIS",0,0.504,FALSE
"none","GSE282302","C2_D2","HALLMARK_CHOLESTEROL_HOMEOSTASIS",0,0.502,FALSE
"pcs","GSE282302","C2_D2","HALLMARK_CHOLESTEROL_HOMEOSTASIS",1,0.996,TRUE
"libsize","GSE282302","C2_D3","HALLMARK_CHOLESTEROL_HOMEOSTASIS",1,0.995,TRUE
"none","GSE282302","C2_D3","HALLMARK_CHOLESTEROL_HOMEOSTASIS",1,0.9975,TRUE
"pcs","GSE282302","C2_D3","HALLMARK_CHOLESTEROL_HOMEOSTASIS",0,0.958,FALSE
"libsize","GSE282302","C2_D4","HALLMARK_CHOLESTEROL_HOMEOSTASIS",1,0.9885,TRUE
"none","GSE282302","C2_D4","HALLMARK_CHOLESTEROL_HOMEOSTASIS",1,0.998,TRUE
"pcs","GSE282302","C2_D4","HALLMARK_CHOLESTEROL_HOMEOSTASIS",0,0.311,FALSE
"libsize","GSE282302","C2_D5","HALLMARK_CHOLESTEROL_HOMEOSTASIS",1,0.997,TRUE
"none","GSE282302","C2_D5","HALLMARK_CHOLESTEROL_HOMEOSTASIS",0,0.97825,FALSE
"pcs","GSE282302","C2_D5","HALLMARK_CHOLESTEROL_HOMEOSTASIS",0.5,0.97825,TRUE
"libsize","GSE282302","C2_D6","HALLMARK_CHOLESTEROL_HOMEOSTASIS",0,0.452,FALSE
"none","GSE282302","C2_D6","HALLMARK_CHOLESTEROL_HOMEOSTASIS",0,0.64325,FALSE
"pcs","GSE282302","C2_D6","HALLMARK_CHOLESTEROL_HOMEOSTASIS",1,0.99325,TRUE
"libsize","GSE282302","C2_D7","HALLMARK_CHOLESTEROL_HOMEOSTASIS",1,0.9995,TRUE
"none","GSE282302","C2_D7","HALLMARK_CHOLESTEROL_HOMEOSTASIS",0,0.3845,FALSE
"pcs","GSE282302","C2_D7","HALLMARK_CHOLESTEROL_HOMEOSTASIS",1,0.99825,TRUE
"libsize","GSE282302","C2_D8","HALLMARK_CHOLESTEROL_HOMEOSTASIS",0.5,0.975,TRUE
"none","GSE282302","C2_D8","HALLMARK_CHOLESTEROL_HOMEOSTASIS",0.5,0.93275,TRUE
"pcs","GSE282302","C2_D8","HALLMARK_CHOLESTEROL_HOMEOSTASIS",0.5,0.98475,TRUE
"libsize","GSE282302","C2_D9","HALLMARK_CHOLESTEROL_HOMEOSTASIS",0.5,0.965666666666667,TRUE
"none","GSE282302","C2_D9","HALLMARK_CHOLESTEROL_HOMEOSTASIS",0,0.811,FALSE
"pcs","GSE282302","C2_D9","HALLMARK_CHOLESTEROL_HOMEOSTASIS",0.166666666666667,0.7285,FALSE
"libsize","GSE282302","C3_D1","HALLMARK_CHOLESTEROL_HOMEOSTASIS",1,0.9995,TRUE
"none","GSE282302","C3_D1","HALLMARK_CHOLESTEROL_HOMEOSTASIS",0.5,0.918875,TRUE
"pcs","GSE282302","C3_D1","HALLMARK_CHOLESTEROL_HOMEOSTASIS",0.75,0.977125,TRUE
"libsize","GSE282302","C3_D10","HALLMARK_CHOLESTEROL_HOMEOSTASIS",0.5,0.960625,TRUE
"none","GSE282302","C3_D10","HALLMARK_CHOLESTEROL_HOMEOSTASIS",0.5,0.95275,TRUE
"pcs","GSE282302","C3_D10","HALLMARK_CHOLESTEROL_HOMEOSTASIS",1,0.9915,TRUE
"libsize","GSE282302","C3_D11","HALLMARK_CHOLESTEROL_HOMEOSTASIS",1,0.9985,TRUE
"none","GSE282302","C3_D11","HALLMARK_CHOLESTEROL_HOMEOSTASIS",0.75,0.949625,TRUE
"pcs","GSE282302","C3_D11","HALLMARK_CHOLESTEROL_HOMEOSTASIS",1,0.999,TRUE
"libsize","GSE282302","C3_D12","HALLMARK_CHOLESTEROL_HOMEOSTASIS",0.75,0.84725,TRUE
"none","GSE282302","C3_D12","HALLMARK_CHOLESTEROL_HOMEOSTASIS",0.625,0.9270625,TRUE
"pcs","GSE282302","C3_D12","HALLMARK_CHOLESTEROL_HOMEOSTASIS",0.75,0.9785,TRUE
"libsize","GSE282302","C3_D2","HALLMARK_CHOLESTEROL_HOMEOSTASIS",1,0.997875,TRUE
"none","GSE282302","C3_D2","HALLMARK_CHOLESTEROL_HOMEOSTASIS",0.75,0.98425,TRUE
"pcs","GSE282302","C3_D2","HALLMARK_CHOLESTEROL_HOMEOSTASIS",1,0.9995,TRUE
"libsize","GSE282302","C3_D3","HALLMARK_CHOLESTEROL_HOMEOSTASIS",0.75,0.800875,TRUE
"none","GSE282302","C3_D3","HALLMARK_CHOLESTEROL_HOMEOSTASIS",0.75,0.762625,TRUE
"pcs","GSE282302","C3_D3","HALLMARK_CHOLESTEROL_HOMEOSTASIS",1,0.9965,TRUE
"libsize","GSE282302","C3_D4","HALLMARK_CHOLESTEROL_HOMEOSTASIS",1,0.99575,TRUE
"none","GSE282302","C3_D4","HALLMARK_CHOLESTEROL_HOMEOSTASIS",1,0.99525,TRUE
"pcs","GSE282302","C3_D4","HALLMARK_CHOLESTEROL_HOMEOSTASIS",0.75,0.887875,TRUE
"libsize","GSE282302","C3_D5","HALLMARK_CHOLESTEROL_HOMEOSTASIS",1,0.9995,TRUE
"none","GSE282302","C3_D5","HALLMARK_CHOLESTEROL_HOMEOSTASIS",1,0.99925,TRUE
"pcs","GSE282302","C3_D5","HALLMARK_CHOLESTEROL_HOMEOSTASIS",1,0.9995,TRUE
"libsize","GSE282302","C3_D6","HALLMARK_CHOLESTEROL_HOMEOSTASIS",0.75,0.988625,TRUE
"none","GSE282302","C3_D6","HALLMARK_CHOLESTEROL_HOMEOSTASIS",0.75,0.844875,TRUE
"pcs","GSE282302","C3_D6","HALLMARK_CHOLESTEROL_HOMEOSTASIS",0.5,0.9415,TRUE
"libsize","GSE282302","C3_D7","HALLMARK_CHOLESTEROL_HOMEOSTASIS",0.75,0.979375,TRUE
"none","GSE282302","C3_D7","HALLMARK_CHOLESTEROL_HOMEOSTASIS",0.5,0.87925,TRUE
"pcs","GSE282302","C3_D7","HALLMARK_CHOLESTEROL_HOMEOSTASIS",0,0.676375,FALSE
"libsize","GSE282302","C3_D8","HALLMARK_CHOLESTEROL_HOMEOSTASIS",0.5,0.809625,TRUE
"none","GSE282302","C3_D8","HALLMARK_CHOLESTEROL_HOMEOSTASIS",0.25,0.567,FALSE
"pcs","GSE282302","C3_D8","HALLMARK_CHOLESTEROL_HOMEOSTASIS",0.5,0.962,TRUE
"libsize","GSE282302","C3_D9","HALLMARK_CHOLESTEROL_HOMEOSTASIS",0.5,0.942875,TRUE
"none","GSE282302","C3_D9","HALLMARK_CHOLESTEROL_HOMEOSTASIS",0.5,0.882125,TRUE
"pcs","GSE282302","C3_D9","HALLMARK_CHOLESTEROL_HOMEOSTASIS",0.75,0.968875,TRUE
"libsize","GSE274557","Pt1","HALLMARK_CHOLESTEROL_HOMEOSTASIS",0.5,0.6505,TRUE
"none","GSE274557","Pt1","HALLMARK_CHOLESTEROL_HOMEOSTASIS",0.5,0.9655,TRUE
"pcs","GSE274557","Pt1","HALLMARK_CHOLESTEROL_HOMEOSTASIS",0.5,0.9395,TRUE
"libsize","GSE274557","Pt10","HALLMARK_CHOLESTEROL_HOMEOSTASIS",0.5,0.934375,TRUE
"none","GSE274557","Pt10","HALLMARK_CHOLESTEROL_HOMEOSTASIS",0.5,0.899875,TRUE
"pcs","GSE274557","Pt10","HALLMARK_CHOLESTEROL_HOMEOSTASIS",1,0.997125,TRUE
"libsize","GSE274557","Pt11","HALLMARK_CHOLESTEROL_HOMEOSTASIS",0.25,0.804625,FALSE
"none","GSE274557","Pt11","HALLMARK_CHOLESTEROL_HOMEOSTASIS",0.25,0.938625,FALSE
"pcs","GSE274557","Pt11","HALLMARK_CHOLESTEROL_HOMEOSTASIS",0.75,0.7695,TRUE
"libsize","GSE274557","Pt12","HALLMARK_CHOLESTEROL_HOMEOSTASIS",0.25,0.9225,FALSE
"none","GSE274557","Pt12","HALLMARK_CHOLESTEROL_HOMEOSTASIS",0,0.873625,FALSE
"pcs","GSE274557","Pt12","HALLMARK_CHOLESTEROL_HOMEOSTASIS",0,0.85325,FALSE
"libsize","GSE274557","Pt13","HALLMARK_CHOLESTEROL_HOMEOSTASIS",0.285714285714286,0.771785714285714,FALSE
"none","GSE274557","Pt13","HALLMARK_CHOLESTEROL_HOMEOSTASIS",0,0.773714285714286,FALSE
"pcs","GSE274557","Pt13","HALLMARK_CHOLESTEROL_HOMEOSTASIS",0.571428571428571,0.857,TRUE
"libsize","GSE274557","Pt2","HALLMARK_CHOLESTEROL_HOMEOSTASIS",1,0.9905,TRUE
"none","GSE274557","Pt2","HALLMARK_CHOLESTEROL_HOMEOSTASIS",1,0.995,TRUE
"pcs","GSE274557","Pt2","HALLMARK_CHOLESTEROL_HOMEOSTASIS",1,0.9995,TRUE
"libsize","GSE274557","Pt3","HALLMARK_CHOLESTEROL_HOMEOSTASIS",0,0.650375,FALSE
"none","GSE274557","Pt3","HALLMARK_CHOLESTEROL_HOMEOSTASIS",0,0.851875,FALSE
"pcs","GSE274557","Pt3","HALLMARK_CHOLESTEROL_HOMEOSTASIS",0,0.908,FALSE
"libsize","GSE274557","Pt4","HALLMARK_CHOLESTEROL_HOMEOSTASIS",0.25,0.599875,FALSE
"none","GSE274557","Pt4","HALLMARK_CHOLESTEROL_HOMEOSTASIS",0.25,0.902375,FALSE
"pcs","GSE274557","Pt4","HALLMARK_CHOLESTEROL_HOMEOSTASIS",0.25,0.76125,FALSE
"libsize","GSE274557","Pt5","HALLMARK_CHOLESTEROL_HOMEOSTASIS",0.333333333333333,0.698166666666667,FALSE
"none","GSE274557","Pt5","HALLMARK_CHOLESTEROL_HOMEOSTASIS",0.333333333333333,0.654833333333333,FALSE
"pcs","GSE274557","Pt5","HALLMARK_CHOLESTEROL_HOMEOSTASIS",0.666666666666667,0.972666666666667,TRUE
"libsize","GSE274557","Pt6","HALLMARK_CHOLESTEROL_HOMEOSTASIS",0,0.64725,FALSE
"none","GSE274557","Pt6","HALLMARK_CHOLESTEROL_HOMEOSTASIS",0,0.732,FALSE
"pcs","GSE274557","Pt6","HALLMARK_CHOLESTEROL_HOMEOSTASIS",0.166666666666667,0.684666666666667,FALSE
"libsize","GSE274557","Pt7","HALLMARK_CHOLESTEROL_HOMEOSTASIS",0,0.710625,FALSE
"none","GSE274557","Pt7","HALLMARK_CHOLESTEROL_HOMEOSTASIS",0,0.657875,FALSE
"pcs","GSE274557","Pt7","HALLMARK_CHOLESTEROL_HOMEOSTASIS",0.75,0.890875,TRUE
"libsize","GSE274557","Pt8","HALLMARK_CHOLESTEROL_HOMEOSTASIS",0.6,0.7702,TRUE
"none","GSE274557","Pt8","HALLMARK_CHOLESTEROL_HOMEOSTASIS",0.2,0.4198,FALSE
"pcs","GSE274557","Pt8","HALLMARK_CHOLESTEROL_HOMEOSTASIS",0.8,0.9734,TRUE
"libsize","GSE274557","Pt9","HALLMARK_CHOLESTEROL_HOMEOSTASIS",0.75,0.943875,TRUE
"none","GSE274557","Pt9","HALLMARK_CHOLESTEROL_HOMEOSTASIS",0.75,0.80475,TRUE
"pcs","GSE274557","Pt9","HALLMARK_CHOLESTEROL_HOMEOSTASIS",0.5,0.8785,TRUE
"libsize","GSE282302","C1_D1","HALLMARK_COAGULATION",1,0.9995,TRUE
"none","GSE282302","C1_D1","HALLMARK_COAGULATION",1,0.9995,TRUE
"pcs","GSE282302","C1_D1","HALLMARK_COAGULATION",1,0.9955,TRUE
"libsize","GSE282302","C1_D10","HALLMARK_COAGULATION",1,0.9985,TRUE
"none","GSE282302","C1_D10","HALLMARK_COAGULATION",1,0.9995,TRUE
"pcs","GSE282302","C1_D10","HALLMARK_COAGULATION",1,0.99875,TRUE
"libsize","GSE282302","C1_D11","HALLMARK_COAGULATION",1,0.997,TRUE
"none","GSE282302","C1_D11","HALLMARK_COAGULATION",0,0.0035,FALSE
"pcs","GSE282302","C1_D11","HALLMARK_COAGULATION",1,0.9995,TRUE
"libsize","GSE282302","C1_D12","HALLMARK_COAGULATION",1,0.99725,TRUE
"none","GSE282302","C1_D12","HALLMARK_COAGULATION",0,0.77125,FALSE
"pcs","GSE282302","C1_D12","HALLMARK_COAGULATION",1,0.9995,TRUE
"libsize","GSE282302","C1_D13","HALLMARK_COAGULATION",0.5,0.9465,TRUE
"none","GSE282302","C1_D13","HALLMARK_COAGULATION",1,0.9985,TRUE
"pcs","GSE282302","C1_D13","HALLMARK_COAGULATION",1,0.9995,TRUE
"libsize","GSE282302","C1_D14","HALLMARK_COAGULATION",1,0.9995,TRUE
"none","GSE282302","C1_D14","HALLMARK_COAGULATION",0,0.290666666666667,FALSE
"pcs","GSE282302","C1_D14","HALLMARK_COAGULATION",1,0.998333333333333,TRUE
"libsize","GSE282302","C1_D2","HALLMARK_COAGULATION",1,0.9995,TRUE
"none","GSE282302","C1_D2","HALLMARK_COAGULATION",0,0.843,FALSE
"pcs","GSE282302","C1_D2","HALLMARK_COAGULATION",0,0.9725,FALSE
"libsize","GSE282302","C1_D3","HALLMARK_COAGULATION",1,0.9995,TRUE
"none","GSE282302","C1_D3","HALLMARK_COAGULATION",0,0.99,FALSE
"pcs","GSE282302","C1_D3","HALLMARK_COAGULATION",1,0.996,TRUE
"libsize","GSE282302","C1_D4","HALLMARK_COAGULATION",1,0.9995,TRUE
"none","GSE282302","C1_D4","HALLMARK_COAGULATION",0,0.0905,FALSE
"pcs","GSE282302","C1_D4","HALLMARK_COAGULATION",0,0.511,FALSE
"libsize","GSE282302","C1_D5","HALLMARK_COAGULATION",1,0.9995,TRUE
"none","GSE282302","C1_D5","HALLMARK_COAGULATION",0,0.815,FALSE
"pcs","GSE282302","C1_D5","HALLMARK_COAGULATION",1,0.9995,TRUE
"libsize","GSE282302","C1_D6","HALLMARK_COAGULATION",1,0.9915,TRUE
"none","GSE282302","C1_D6","HALLMARK_COAGULATION",1,0.994,TRUE
"pcs","GSE282302","C1_D6","HALLMARK_COAGULATION",1,0.989,TRUE
"libsize","GSE282302","C1_D7","HALLMARK_COAGULATION",1,0.9995,TRUE
"none","GSE282302","C1_D7","HALLMARK_COAGULATION",1,0.9995,TRUE
"pcs","GSE282302","C1_D7","HALLMARK_COAGULATION",1,0.9995,TRUE
"libsize","GSE282302","C1_D8","HALLMARK_COAGULATION",1,0.9995,TRUE
"none","GSE282302","C1_D8","HALLMARK_COAGULATION",1,0.9995,TRUE
"pcs","GSE282302","C1_D8","HALLMARK_COAGULATION",0.5,0.861,TRUE
"libsize","GSE282302","C1_D9","HALLMARK_COAGULATION",1,0.9995,TRUE
"none","GSE282302","C1_D9","HALLMARK_COAGULATION",1,0.9995,TRUE
"pcs","GSE282302","C1_D9","HALLMARK_COAGULATION",1,0.995,TRUE
"libsize","GSE282302","C2_D1","HALLMARK_COAGULATION",0,0.977,FALSE
"none","GSE282302","C2_D1","HALLMARK_COAGULATION",1,0.9995,TRUE
"pcs","GSE282302","C2_D1","HALLMARK_COAGULATION",1,0.998,TRUE
"libsize","GSE282302","C2_D10","HALLMARK_COAGULATION",1,0.9995,TRUE
"none","GSE282302","C2_D10","HALLMARK_COAGULATION",0.75,0.988875,TRUE
"pcs","GSE282302","C2_D10","HALLMARK_COAGULATION",1,0.9995,TRUE
"libsize","GSE282302","C2_D11","HALLMARK_COAGULATION",1,0.99925,TRUE
"none","GSE282302","C2_D11","HALLMARK_COAGULATION",0.5,0.943625,TRUE
"pcs","GSE282302","C2_D11","HALLMARK_COAGULATION",0.75,0.9868125,TRUE
"libsize","GSE282302","C2_D12","HALLMARK_COAGULATION",1,0.997,TRUE
"none","GSE282302","C2_D12","HALLMARK_COAGULATION",0,0.08,FALSE
"pcs","GSE282302","C2_D12","HALLMARK_COAGULATION",1,0.9995,TRUE
"libsize","GSE282302","C2_D13","HALLMARK_COAGULATION",1,0.9995,TRUE
"none","GSE282302","C2_D13","HALLMARK_COAGULATION",0,0.335,FALSE
"pcs","GSE282302","C2_D13","HALLMARK_COAGULATION",0,0.6035,FALSE
"libsize","GSE282302","C2_D2","HALLMARK_COAGULATION",1,0.9995,TRUE
"none","GSE282302","C2_D2","HALLMARK_COAGULATION",1,0.9995,TRUE
"pcs","GSE282302","C2_D2","HALLMARK_COAGULATION",1,0.9995,TRUE
"libsize","GSE282302","C2_D3","HALLMARK_COAGULATION",1,0.9995,TRUE
"none","GSE282302","C2_D3","HALLMARK_COAGULATION",1,0.9995,TRUE
"pcs","GSE282302","C2_D3","HALLMARK_COAGULATION",1,0.9935,TRUE
"libsize","GSE282302","C2_D4","HALLMARK_COAGULATION",1,0.9995,TRUE
"none","GSE282302","C2_D4","HALLMARK_COAGULATION",1,0.9995,TRUE
"pcs","GSE282302","C2_D4","HALLMARK_COAGULATION",0,0.8265,FALSE
"libsize","GSE282302","C2_D5","HALLMARK_COAGULATION",0.5,0.9825,TRUE
"none","GSE282302","C2_D5","HALLMARK_COAGULATION",1,0.9875,TRUE
"pcs","GSE282302","C2_D5","HALLMARK_COAGULATION",1,0.99875,TRUE
"libsize","GSE282302","C2_D6","HALLMARK_COAGULATION",0,0.37625,FALSE
"none","GSE282302","C2_D6","HALLMARK_COAGULATION",0,0.432,FALSE
"pcs","GSE282302","C2_D6","HALLMARK_COAGULATION",1,0.9995,TRUE
"libsize","GSE282302","C2_D7","HALLMARK_COAGULATION",0.5,0.9605,TRUE
"none","GSE282302","C2_D7","HALLMARK_COAGULATION",1,0.9985,TRUE
"pcs","GSE282302","C2_D7","HALLMARK_COAGULATION",1,0.9995,TRUE
"libsize","GSE282302","C2_D8","HALLMARK_COAGULATION",1,0.996125,TRUE
"none","GSE282302","C2_D8","HALLMARK_COAGULATION",0,0.14925,FALSE
"pcs","GSE282302","C2_D8","HALLMARK_COAGULATION",0.75,0.99375,TRUE
"libsize","GSE282302","C2_D9","HALLMARK_COAGULATION",1,0.998583333333333,TRUE
"none","GSE282302","C2_D9","HALLMARK_COAGULATION",0.333333333333333,0.8765,FALSE
"pcs","GSE282302","C2_D9","HALLMARK_COAGULATION",0.666666666666667,0.917833333333333,TRUE
"libsize","GSE282302","C3_D1","HALLMARK_COAGULATION",1,0.999,TRUE
"none","GSE282302","C3_D1","HALLMARK_COAGULATION",0.75,0.99,TRUE
"pcs","GSE282302","C3_D1","HALLMARK_COAGULATION",0.5,0.922,TRUE
"libsize","GSE282302","C3_D10","HALLMARK_COAGULATION",0.75,0.987625,TRUE
"none","GSE282302","C3_D10","HALLMARK_COAGULATION",0.75,0.927375,TRUE
"pcs","GSE282302","C3_D10","HALLMARK_COAGULATION",1,0.999125,TRUE
"libsize","GSE282302","C3_D11","HALLMARK_COAGULATION",1,0.99225,TRUE
"none","GSE282302","C3_D11","HALLMARK_COAGULATION",0.5,0.901625,TRUE
"pcs","GSE282302","C3_D11","HALLMARK_COAGULATION",1,0.9995,TRUE
"libsize","GSE282302","C3_D12","HALLMARK_COAGULATION",0.75,0.93925,TRUE
"none","GSE282302","C3_D12","HALLMARK_COAGULATION",0.75,0.9633125,TRUE
"pcs","GSE282302","C3_D12","HALLMARK_COAGULATION",0.75,0.989,TRUE
"libsize","GSE282302","C3_D2","HALLMARK_COAGULATION",1,0.999125,TRUE
"none","GSE282302","C3_D2","HALLMARK_COAGULATION",0.5,0.882875,TRUE
"pcs","GSE282302","C3_D2","HALLMARK_COAGULATION",1,0.997875,TRUE
"libsize","GSE282302","C3_D3","HALLMARK_COAGULATION",0.75,0.961125,TRUE
"none","GSE282302","C3_D3","HALLMARK_COAGULATION",0.5,0.968875,TRUE
"pcs","GSE282302","C3_D3","HALLMARK_COAGULATION",0.75,0.93625,TRUE
"libsize","GSE282302","C3_D4","HALLMARK_COAGULATION",1,0.9995,TRUE
"none","GSE282302","C3_D4","HALLMARK_COAGULATION",0.75,0.815125,TRUE
"pcs","GSE282302","C3_D4","HALLMARK_COAGULATION",1,0.997875,TRUE
"libsize","GSE282302","C3_D5","HALLMARK_COAGULATION",0.75,0.9945,TRUE
"none","GSE282302","C3_D5","HALLMARK_COAGULATION",1,0.994125,TRUE
"pcs","GSE282302","C3_D5","HALLMARK_COAGULATION",1,0.9995,TRUE
"libsize","GSE282302","C3_D6","HALLMARK_COAGULATION",1,0.9995,TRUE
"none","GSE282302","C3_D6","HALLMARK_COAGULATION",0.75,0.9655,TRUE
"pcs","GSE282302","C3_D6","HALLMARK_COAGULATION",0.75,0.988875,TRUE
"libsize","GSE282302","C3_D7","HALLMARK_COAGULATION",1,0.9995,TRUE
"none","GSE282302","C3_D7","HALLMARK_COAGULATION",1,0.9995,TRUE
"pcs","GSE282302","C3_D7","HALLMARK_COAGULATION",1,0.9975,TRUE
"libsize","GSE282302","C3_D8","HALLMARK_COAGULATION",1,0.999,TRUE
"none","GSE282302","C3_D8","HALLMARK_COAGULATION",0.75,0.74875,TRUE
"pcs","GSE282302","C3_D8","HALLMARK_COAGULATION",1,0.9995,TRUE
"libsize","GSE282302","C3_D9","HALLMARK_COAGULATION",1,0.9985,TRUE
"none","GSE282302","C3_D9","HALLMARK_COAGULATION",0.25,0.7255,FALSE
"pcs","GSE282302","C3_D9","HALLMARK_COAGULATION",0.75,0.9695,TRUE
"libsize","GSE274557","Pt1","HALLMARK_COAGULATION",1,0.9995,TRUE
"none","GSE274557","Pt1","HALLMARK_COAGULATION",0.5,0.5985,TRUE
"pcs","GSE274557","Pt1","HALLMARK_COAGULATION",1,0.998,TRUE
"libsize","GSE274557","Pt10","HALLMARK_COAGULATION",1,0.998125,TRUE
"none","GSE274557","Pt10","HALLMARK_COAGULATION",0.25,0.82925,FALSE
"pcs","GSE274557","Pt10","HALLMARK_COAGULATION",0.5,0.975,TRUE
"libsize","GSE274557","Pt11","HALLMARK_COAGULATION",0.75,0.98175,TRUE
"none","GSE274557","Pt11","HALLMARK_COAGULATION",0.75,0.981,TRUE
"pcs","GSE274557","Pt11","HALLMARK_COAGULATION",0.75,0.96925,TRUE
"libsize","GSE274557","Pt12","HALLMARK_COAGULATION",1,0.9995,TRUE
"none","GSE274557","Pt12","HALLMARK_COAGULATION",0.25,0.36225,FALSE
"pcs","GSE274557","Pt12","HALLMARK_COAGULATION",0.25,0.803375,FALSE
"libsize","GSE274557","Pt13","HALLMARK_COAGULATION",0.571428571428571,0.951571428571429,TRUE
"none","GSE274557","Pt13","HALLMARK_COAGULATION",0.142857142857143,0.608071428571429,FALSE
"pcs","GSE274557","Pt13","HALLMARK_COAGULATION",0.571428571428571,0.859785714285714,TRUE
"libsize","GSE274557","Pt2","HALLMARK_COAGULATION",1,0.9995,TRUE
"none","GSE274557","Pt2","HALLMARK_COAGULATION",0.333333333333333,0.561666666666667,FALSE
"pcs","GSE274557","Pt2","HALLMARK_COAGULATION",0.666666666666667,0.9565,TRUE
"libsize","GSE274557","Pt3","HALLMARK_COAGULATION",1,0.998625,TRUE
"none","GSE274557","Pt3","HALLMARK_COAGULATION",0,0.5965,FALSE
"pcs","GSE274557","Pt3","HALLMARK_COAGULATION",0.5,0.8525,TRUE
"libsize","GSE274557","Pt4","HALLMARK_COAGULATION",1,0.999375,TRUE
"none","GSE274557","Pt4","HALLMARK_COAGULATION",0,0.4315,FALSE
"pcs","GSE274557","Pt4","HALLMARK_COAGULATION",0.5,0.969,TRUE
"libsize","GSE274557","Pt5","HALLMARK_COAGULATION",1,0.9995,TRUE
"none","GSE274557","Pt5","HALLMARK_COAGULATION",1,0.9995,TRUE
"pcs","GSE274557","Pt5","HALLMARK_COAGULATION",1,0.991333333333333,TRUE
"libsize","GSE274557","Pt6","HALLMARK_COAGULATION",1,0.992583333333333,TRUE
"none","GSE274557","Pt6","HALLMARK_COAGULATION",0.666666666666667,0.823666666666667,TRUE
"pcs","GSE274557","Pt6","HALLMARK_COAGULATION",0.166666666666667,0.728583333333333,FALSE
"libsize","GSE274557","Pt7","HALLMARK_COAGULATION",0.75,0.9715,TRUE
"none","GSE274557","Pt7","HALLMARK_COAGULATION",0.75,0.780625,TRUE
"pcs","GSE274557","Pt7","HALLMARK_COAGULATION",1,0.994625,TRUE
"libsize","GSE274557","Pt8","HALLMARK_COAGULATION",1,0.9989,TRUE
"none","GSE274557","Pt8","HALLMARK_COAGULATION",0.4,0.4393,FALSE
"pcs","GSE274557","Pt8","HALLMARK_COAGULATION",0.6,0.9284,TRUE
"libsize","GSE274557","Pt9","HALLMARK_COAGULATION",0.75,0.92675,TRUE
"none","GSE274557","Pt9","HALLMARK_COAGULATION",0,0.017375,FALSE
"pcs","GSE274557","Pt9","HALLMARK_COAGULATION",0.5,0.878625,TRUE
"libsize","GSE282302","C1_D1","HALLMARK_COMPLEMENT",1,0.9965,TRUE
"none","GSE282302","C1_D1","HALLMARK_COMPLEMENT",1,0.9995,TRUE
"pcs","GSE282302","C1_D1","HALLMARK_COMPLEMENT",1,0.998,TRUE
"libsize","GSE282302","C1_D10","HALLMARK_COMPLEMENT",0.5,0.97275,TRUE
"none","GSE282302","C1_D10","HALLMARK_COMPLEMENT",1,0.992,TRUE
"pcs","GSE282302","C1_D10","HALLMARK_COMPLEMENT",0.5,0.97875,TRUE
"libsize","GSE282302","C1_D11","HALLMARK_COMPLEMENT",1,0.99925,TRUE
"none","GSE282302","C1_D11","HALLMARK_COMPLEMENT",0,0.8085,FALSE
"pcs","GSE282302","C1_D11","HALLMARK_COMPLEMENT",1,0.99225,TRUE
"libsize","GSE282302","C1_D12","HALLMARK_COMPLEMENT",0.5,0.96225,TRUE
"none","GSE282302","C1_D12","HALLMARK_COMPLEMENT",0,0.40425,FALSE
"pcs","GSE282302","C1_D12","HALLMARK_COMPLEMENT",1,0.999,TRUE
"libsize","GSE282302","C1_D13","HALLMARK_COMPLEMENT",0.5,0.9345,TRUE
"none","GSE282302","C1_D13","HALLMARK_COMPLEMENT",1,0.99425,TRUE
"pcs","GSE282302","C1_D13","HALLMARK_COMPLEMENT",1,0.9995,TRUE
"libsize","GSE282302","C1_D14","HALLMARK_COMPLEMENT",1,0.9995,TRUE
"none","GSE282302","C1_D14","HALLMARK_COMPLEMENT",0,0.547,FALSE
"pcs","GSE282302","C1_D14","HALLMARK_COMPLEMENT",1,0.999333333333333,TRUE
"libsize","GSE282302","C1_D2","HALLMARK_COMPLEMENT",1,0.9995,TRUE
"none","GSE282302","C1_D2","HALLMARK_COMPLEMENT",0,0.97,FALSE
"pcs","GSE282302","C1_D2","HALLMARK_COMPLEMENT",1,0.9995,TRUE
"libsize","GSE282302","C1_D3","HALLMARK_COMPLEMENT",1,0.9995,TRUE
"none","GSE282302","C1_D3","HALLMARK_COMPLEMENT",0,0.81,FALSE
"pcs","GSE282302","C1_D3","HALLMARK_COMPLEMENT",0,0.479,FALSE
"libsize","GSE282302","C1_D4","HALLMARK_COMPLEMENT",1,0.9995,TRUE
"none","GSE282302","C1_D4","HALLMARK_COMPLEMENT",0,0.036,FALSE
"pcs","GSE282302","C1_D4","HALLMARK_COMPLEMENT",0,0.7935,FALSE
"libsize","GSE282302","C1_D5","HALLMARK_COMPLEMENT",1,0.9995,TRUE
"none","GSE282302","C1_D5","HALLMARK_COMPLEMENT",0,0.778,FALSE
"pcs","GSE282302","C1_D5","HALLMARK_COMPLEMENT",1,0.9985,TRUE
"libsize","GSE282302","C1_D6","HALLMARK_COMPLEMENT",1,0.999,TRUE
"none","GSE282302","C1_D6","HALLMARK_COMPLEMENT",1,0.9985,TRUE
"pcs","GSE282302","C1_D6","HALLMARK_COMPLEMENT",1,0.9795,TRUE
"libsize","GSE282302","C1_D7","HALLMARK_COMPLEMENT",1,0.9995,TRUE
"none","GSE282302","C1_D7","HALLMARK_COMPLEMENT",0,0.6395,FALSE
"pcs","GSE282302","C1_D7","HALLMARK_COMPLEMENT",1,0.999,TRUE
"libsize","GSE282302","C1_D8","HALLMARK_COMPLEMENT",1,0.9995,TRUE
"none","GSE282302","C1_D8","HALLMARK_COMPLEMENT",1,0.99875,TRUE
"pcs","GSE282302","C1_D8","HALLMARK_COMPLEMENT",0.5,0.7535,TRUE
"libsize","GSE282302","C1_D9","HALLMARK_COMPLEMENT",1,0.999,TRUE
"none","GSE282302","C1_D9","HALLMARK_COMPLEMENT",1,0.99925,TRUE
"pcs","GSE282302","C1_D9","HALLMARK_COMPLEMENT",0.5,0.972,TRUE
"libsize","GSE282302","C2_D1","HALLMARK_COMPLEMENT",1,0.994,TRUE
"none","GSE282302","C2_D1","HALLMARK_COMPLEMENT",1,0.9995,TRUE
"pcs","GSE282302","C2_D1","HALLMARK_COMPLEMENT",1,0.9995,TRUE
"libsize","GSE282302","C2_D10","HALLMARK_COMPLEMENT",1,0.999125,TRUE
"none","GSE282302","C2_D10","HALLMARK_COMPLEMENT",0.25,0.825625,FALSE
"pcs","GSE282302","C2_D10","HALLMARK_COMPLEMENT",1,0.999375,TRUE
"libsize","GSE282302","C2_D11","HALLMARK_COMPLEMENT",1,0.9978125,TRUE
"none","GSE282302","C2_D11","HALLMARK_COMPLEMENT",0.25,0.5100625,FALSE
"pcs","GSE282302","C2_D11","HALLMARK_COMPLEMENT",0.75,0.977,TRUE
"libsize","GSE282302","C2_D12","HALLMARK_COMPLEMENT",0,0.9225,FALSE
"none","GSE282302","C2_D12","HALLMARK_COMPLEMENT",0,0.018,FALSE
"pcs","GSE282302","C2_D12","HALLMARK_COMPLEMENT",0,0.866,FALSE
"libsize","GSE282302","C2_D13","HALLMARK_COMPLEMENT",1,0.9995,TRUE
"none","GSE282302","C2_D13","HALLMARK_COMPLEMENT",0,0.629,FALSE
"pcs","GSE282302","C2_D13","HALLMARK_COMPLEMENT",0,0.54,FALSE
"libsize","GSE282302","C2_D2","HALLMARK_COMPLEMENT",0,0.9355,FALSE
"none","GSE282302","C2_D2","HALLMARK_COMPLEMENT",1,0.9985,TRUE
"pcs","GSE282302","C2_D2","HALLMARK_COMPLEMENT",1,0.999,TRUE
"libsize","GSE282302","C2_D3","HALLMARK_COMPLEMENT",1,0.976,TRUE
"none","GSE282302","C2_D3","HALLMARK_COMPLEMENT",1,0.9975,TRUE
"pcs","GSE282302","C2_D3","HALLMARK_COMPLEMENT",1,0.9985,TRUE
"libsize","GSE282302","C2_D4","HALLMARK_COMPLEMENT",1,0.9995,TRUE
"none","GSE282302","C2_D4","HALLMARK_COMPLEMENT",1,0.9995,TRUE
"pcs","GSE282302","C2_D4","HALLMARK_COMPLEMENT",0,0.694,FALSE
"libsize","GSE282302","C2_D5","HALLMARK_COMPLEMENT",1,0.99925,TRUE
"none","GSE282302","C2_D5","HALLMARK_COMPLEMENT",0.5,0.751,TRUE
"pcs","GSE282302","C2_D5","HALLMARK_COMPLEMENT",1,0.99225,TRUE
"libsize","GSE282302","C2_D6","HALLMARK_COMPLEMENT",0,0.51425,FALSE
"none","GSE282302","C2_D6","HALLMARK_COMPLEMENT",0,0.4605,FALSE
"pcs","GSE282302","C2_D6","HALLMARK_COMPLEMENT",1,0.9995,TRUE
"libsize","GSE282302","C2_D7","HALLMARK_COMPLEMENT",1,0.99825,TRUE
"none","GSE282302","C2_D7","HALLMARK_COMPLEMENT",0,0.03825,FALSE
"pcs","GSE282302","C2_D7","HALLMARK_COMPLEMENT",1,0.9945,TRUE
"libsize","GSE282302","C2_D8","HALLMARK_COMPLEMENT",0.75,0.98375,TRUE
"none","GSE282302","C2_D8","HALLMARK_COMPLEMENT",0,0.019875,FALSE
"pcs","GSE282302","C2_D8","HALLMARK_COMPLEMENT",0.5,0.964875,TRUE
"libsize","GSE282302","C2_D9","HALLMARK_COMPLEMENT",0.333333333333333,0.91775,FALSE
"none","GSE282302","C2_D9","HALLMARK_COMPLEMENT",0.333333333333333,0.897083333333333,FALSE
"pcs","GSE282302","C2_D9","HALLMARK_COMPLEMENT",0.333333333333333,0.682916666666667,FALSE
"libsize","GSE282302","C3_D1","HALLMARK_COMPLEMENT",1,0.99925,TRUE
"none","GSE282302","C3_D1","HALLMARK_COMPLEMENT",0.5,0.921375,TRUE
"pcs","GSE282302","C3_D1","HALLMARK_COMPLEMENT",0.75,0.88625,TRUE
"libsize","GSE282302","C3_D10","HALLMARK_COMPLEMENT",0.75,0.933125,TRUE
"none","GSE282302","C3_D10","HALLMARK_COMPLEMENT",0.75,0.96425,TRUE
"pcs","GSE282302","C3_D10","HALLMARK_COMPLEMENT",0.75,0.867625,TRUE
"libsize","GSE282302","C3_D11","HALLMARK_COMPLEMENT",1,0.999375,TRUE
"none","GSE282302","C3_D11","HALLMARK_COMPLEMENT",0.5,0.79125,TRUE
"pcs","GSE282302","C3_D11","HALLMARK_COMPLEMENT",0.75,0.968375,TRUE
"libsize","GSE282302","C3_D12","HALLMARK_COMPLEMENT",0.75,0.9764375,TRUE
"none","GSE282302","C3_D12","HALLMARK_COMPLEMENT",0.75,0.8989375,TRUE
"pcs","GSE282302","C3_D12","HALLMARK_COMPLEMENT",0.875,0.9739375,TRUE
"libsize","GSE282302","C3_D2","HALLMARK_COMPLEMENT",1,0.998625,TRUE
"none","GSE282302","C3_D2","HALLMARK_COMPLEMENT",0.5,0.5855,TRUE
"pcs","GSE282302","C3_D2","HALLMARK_COMPLEMENT",0.75,0.956375,TRUE
"libsize","GSE282302","C3_D3","HALLMARK_COMPLEMENT",1,0.99775,TRUE
"none","GSE282302","C3_D3","HALLMARK_COMPLEMENT",0.75,0.779625,TRUE
"pcs","GSE282302","C3_D3","HALLMARK_COMPLEMENT",0.25,0.6965,FALSE
"libsize","GSE282302","C3_D4","HALLMARK_COMPLEMENT",1,0.999375,TRUE
"none","GSE282302","C3_D4","HALLMARK_COMPLEMENT",0.75,0.9225,TRUE
"pcs","GSE282302","C3_D4","HALLMARK_COMPLEMENT",0.75,0.985,TRUE
"libsize","GSE282302","C3_D5","HALLMARK_COMPLEMENT",1,0.999375,TRUE
"none","GSE282302","C3_D5","HALLMARK_COMPLEMENT",1,0.99825,TRUE
"pcs","GSE282302","C3_D5","HALLMARK_COMPLEMENT",1,0.99225,TRUE
"libsize","GSE282302","C3_D6","HALLMARK_COMPLEMENT",1,0.9995,TRUE
"none","GSE282302","C3_D6","HALLMARK_COMPLEMENT",0.5,0.732125,TRUE
"pcs","GSE282302","C3_D6","HALLMARK_COMPLEMENT",0.25,0.81325,FALSE
"libsize","GSE282302","C3_D7","HALLMARK_COMPLEMENT",1,0.998875,TRUE
"none","GSE282302","C3_D7","HALLMARK_COMPLEMENT",0.5,0.946375,TRUE
"pcs","GSE282302","C3_D7","HALLMARK_COMPLEMENT",0.5,0.963125,TRUE
"libsize","GSE282302","C3_D8","HALLMARK_COMPLEMENT",0.5,0.956875,TRUE
"none","GSE282302","C3_D8","HALLMARK_COMPLEMENT",0.5,0.7315,TRUE
"pcs","GSE282302","C3_D8","HALLMARK_COMPLEMENT",1,0.9995,TRUE
"libsize","GSE282302","C3_D9","HALLMARK_COMPLEMENT",0.75,0.982875,TRUE
"none","GSE282302","C3_D9","HALLMARK_COMPLEMENT",0.25,0.544375,FALSE
"pcs","GSE282302","C3_D9","HALLMARK_COMPLEMENT",1,0.994,TRUE
"libsize","GSE274557","Pt1","HALLMARK_COMPLEMENT",1,0.9995,TRUE
"none","GSE274557","Pt1","HALLMARK_COMPLEMENT",0.333333333333333,0.638333333333333,FALSE
"pcs","GSE274557","Pt1","HALLMARK_COMPLEMENT",0.666666666666667,0.982666666666667,TRUE
"libsize","GSE274557","Pt10","HALLMARK_COMPLEMENT",0.75,0.9635,TRUE
"none","GSE274557","Pt10","HALLMARK_COMPLEMENT",0,0.41825,FALSE
"pcs","GSE274557","Pt10","HALLMARK_COMPLEMENT",0.25,0.829875,FALSE
"libsize","GSE274557","Pt11","HALLMARK_COMPLEMENT",0.5,0.695625,TRUE
"none","GSE274557","Pt11","HALLMARK_COMPLEMENT",0.5,0.77425,TRUE
"pcs","GSE274557","Pt11","HALLMARK_COMPLEMENT",0.25,0.8525,FALSE
"libsize","GSE274557","Pt12","HALLMARK_COMPLEMENT",1,0.9995,TRUE
"none","GSE274557","Pt12","HALLMARK_COMPLEMENT",0.25,0.411625,FALSE
"pcs","GSE274557","Pt12","HALLMARK_COMPLEMENT",0.5,0.71725,TRUE
"libsize","GSE274557","Pt13","HALLMARK_COMPLEMENT",0.285714285714286,0.832285714285714,FALSE
"none","GSE274557","Pt13","HALLMARK_COMPLEMENT",0.142857142857143,0.551928571428571,FALSE
"pcs","GSE274557","Pt13","HALLMARK_COMPLEMENT",0.285714285714286,0.743357142857143,FALSE
"libsize","GSE274557","Pt2","HALLMARK_COMPLEMENT",1,0.9995,TRUE
"none","GSE274557","Pt2","HALLMARK_COMPLEMENT",0.333333333333333,0.741333333333333,FALSE
"pcs","GSE274557","Pt2","HALLMARK_COMPLEMENT",0.333333333333333,0.818666666666667,FALSE
"libsize","GSE274557","Pt3","HALLMARK_COMPLEMENT",0.75,0.952,TRUE
"none","GSE274557","Pt3","HALLMARK_COMPLEMENT",0,0.3255,FALSE
"pcs","GSE274557","Pt3","HALLMARK_COMPLEMENT",0,0.568875,FALSE
"libsize","GSE274557","Pt4","HALLMARK_COMPLEMENT",1,0.998625,TRUE
"none","GSE274557","Pt4","HALLMARK_COMPLEMENT",0,0.394375,FALSE
"pcs","GSE274557","Pt4","HALLMARK_COMPLEMENT",0.25,0.71925,FALSE
"libsize","GSE274557","Pt5","HALLMARK_COMPLEMENT",0.666666666666667,0.868666666666667,TRUE
"none","GSE274557","Pt5","HALLMARK_COMPLEMENT",0.666666666666667,0.8,TRUE
"pcs","GSE274557","Pt5","HALLMARK_COMPLEMENT",1,0.992,TRUE
"libsize","GSE274557","Pt6","HALLMARK_COMPLEMENT",0.333333333333333,0.84825,FALSE
"none","GSE274557","Pt6","HALLMARK_COMPLEMENT",0.5,0.71025,TRUE
"pcs","GSE274557","Pt6","HALLMARK_COMPLEMENT",0,0.81175,FALSE
"libsize","GSE274557","Pt7","HALLMARK_COMPLEMENT",0.5,0.87375,TRUE
"none","GSE274557","Pt7","HALLMARK_COMPLEMENT",0,0.40925,FALSE
"pcs","GSE274557","Pt7","HALLMARK_COMPLEMENT",0.5,0.7885,TRUE
"libsize","GSE274557","Pt8","HALLMARK_COMPLEMENT",0.8,0.9453,TRUE
"none","GSE274557","Pt8","HALLMARK_COMPLEMENT",0.2,0.4871,FALSE
"pcs","GSE274557","Pt8","HALLMARK_COMPLEMENT",0.6,0.9845,TRUE
"libsize","GSE274557","Pt9","HALLMARK_COMPLEMENT",0.25,0.852875,FALSE
"none","GSE274557","Pt9","HALLMARK_COMPLEMENT",0,0.05425,FALSE
"pcs","GSE274557","Pt9","HALLMARK_COMPLEMENT",0.25,0.95975,FALSE
"libsize","GSE282302","C1_D1","HALLMARK_DNA_REPAIR",0,0.2135,FALSE
"none","GSE282302","C1_D1","HALLMARK_DNA_REPAIR",0,0.64,FALSE
"pcs","GSE282302","C1_D1","HALLMARK_DNA_REPAIR",0,0.3345,FALSE
"libsize","GSE282302","C1_D10","HALLMARK_DNA_REPAIR",0,0.2665,FALSE
"none","GSE282302","C1_D10","HALLMARK_DNA_REPAIR",0,0.17375,FALSE
"pcs","GSE282302","C1_D10","HALLMARK_DNA_REPAIR",0,0.367,FALSE
"libsize","GSE282302","C1_D11","HALLMARK_DNA_REPAIR",0,0.882,FALSE
"none","GSE282302","C1_D11","HALLMARK_DNA_REPAIR",0,0.8785,FALSE
"pcs","GSE282302","C1_D11","HALLMARK_DNA_REPAIR",0,0.17125,FALSE
"libsize","GSE282302","C1_D12","HALLMARK_DNA_REPAIR",0.5,0.95875,TRUE
"none","GSE282302","C1_D12","HALLMARK_DNA_REPAIR",0,0.89475,FALSE
"pcs","GSE282302","C1_D12","HALLMARK_DNA_REPAIR",0,0.6175,FALSE
"libsize","GSE282302","C1_D13","HALLMARK_DNA_REPAIR",0,0.72625,FALSE
"none","GSE282302","C1_D13","HALLMARK_DNA_REPAIR",0,0.20425,FALSE
"pcs","GSE282302","C1_D13","HALLMARK_DNA_REPAIR",0,0.35875,FALSE
"libsize","GSE282302","C1_D14","HALLMARK_DNA_REPAIR",0,0.8005,FALSE
"none","GSE282302","C1_D14","HALLMARK_DNA_REPAIR",0.333333333333333,0.854333333333333,FALSE
"pcs","GSE282302","C1_D14","HALLMARK_DNA_REPAIR",0,0.214833333333333,FALSE
"libsize","GSE282302","C1_D2","HALLMARK_DNA_REPAIR",1,0.9995,TRUE
"none","GSE282302","C1_D2","HALLMARK_DNA_REPAIR",1,0.9965,TRUE
"pcs","GSE282302","C1_D2","HALLMARK_DNA_REPAIR",0,0.5285,FALSE
"libsize","GSE282302","C1_D3","HALLMARK_DNA_REPAIR",0,0.1065,FALSE
"none","GSE282302","C1_D3","HALLMARK_DNA_REPAIR",0,0.8595,FALSE
"pcs","GSE282302","C1_D3","HALLMARK_DNA_REPAIR",0,0.483,FALSE
"libsize","GSE282302","C1_D4","HALLMARK_DNA_REPAIR",0,0.1565,FALSE
"none","GSE282302","C1_D4","HALLMARK_DNA_REPAIR",0,0.6625,FALSE
"pcs","GSE282302","C1_D4","HALLMARK_DNA_REPAIR",0,0.5665,FALSE
"libsize","GSE282302","C1_D5","HALLMARK_DNA_REPAIR",0,0.105,FALSE
"none","GSE282302","C1_D5","HALLMARK_DNA_REPAIR",0,0.285,FALSE
"pcs","GSE282302","C1_D5","HALLMARK_DNA_REPAIR",0,0.197,FALSE
"libsize","GSE282302","C1_D6","HALLMARK_DNA_REPAIR",0,0.7475,FALSE
"none","GSE282302","C1_D6","HALLMARK_DNA_REPAIR",0,0.499,FALSE
"pcs","GSE282302","C1_D6","HALLMARK_DNA_REPAIR",0,0.7055,FALSE
"libsize","GSE282302","C1_D7","HALLMARK_DNA_REPAIR",0,0.1225,FALSE
"none","GSE282302","C1_D7","HALLMARK_DNA_REPAIR",0,0.4035,FALSE
"pcs","GSE282302","C1_D7","HALLMARK_DNA_REPAIR",0,0.5055,FALSE
"libsize","GSE282302","C1_D8","HALLMARK_DNA_REPAIR",0.5,0.798,TRUE
"none","GSE282302","C1_D8","HALLMARK_DNA_REPAIR",0,0.48225,FALSE
"pcs","GSE282302","C1_D8","HALLMARK_DNA_REPAIR",0,0.54025,FALSE
"libsize","GSE282302","C1_D9","HALLMARK_DNA_REPAIR",0.5,0.7485,TRUE
"none","GSE282302","C1_D9","HALLMARK_DNA_REPAIR",0,0.459,FALSE
"pcs","GSE282302","C1_D9","HALLMARK_DNA_REPAIR",0,0.225,FALSE
"libsize","GSE282302","C2_D1","HALLMARK_DNA_REPAIR",0,0.207,FALSE
"none","GSE282302","C2_D1","HALLMARK_DNA_REPAIR",0,0.7935,FALSE
"pcs","GSE282302","C2_D1","HALLMARK_DNA_REPAIR",0,0.338,FALSE
"libsize","GSE282302","C2_D10","HALLMARK_DNA_REPAIR",0,0.640125,FALSE
"none","GSE282302","C2_D10","HALLMARK_DNA_REPAIR",0,0.730875,FALSE
"pcs","GSE282302","C2_D10","HALLMARK_DNA_REPAIR",0.25,0.72225,FALSE
"libsize","GSE282302","C2_D11","HALLMARK_DNA_REPAIR",0.375,0.7161875,FALSE
"none","GSE282302","C2_D11","HALLMARK_DNA_REPAIR",0.375,0.679375,FALSE
"pcs","GSE282302","C2_D11","HALLMARK_DNA_REPAIR",0,0.50375,FALSE
"libsize","GSE282302","C2_D12","HALLMARK_DNA_REPAIR",1,0.9985,TRUE
"none","GSE282302","C2_D12","HALLMARK_DNA_REPAIR",1,0.9975,TRUE
"pcs","GSE282302","C2_D12","HALLMARK_DNA_REPAIR",0,0.1265,FALSE
"libsize","GSE282302","C2_D13","HALLMARK_DNA_REPAIR",1,0.9995,TRUE
"none","GSE282302","C2_D13","HALLMARK_DNA_REPAIR",1,0.999,TRUE
"pcs","GSE282302","C2_D13","HALLMARK_DNA_REPAIR",0,0.765,FALSE
"libsize","GSE282302","C2_D2","HALLMARK_DNA_REPAIR",0,0.499,FALSE
"none","GSE282302","C2_D2","HALLMARK_DNA_REPAIR",0,0.4405,FALSE
"pcs","GSE282302","C2_D2","HALLMARK_DNA_REPAIR",0,0.45,FALSE
"libsize","GSE282302","C2_D3","HALLMARK_DNA_REPAIR",0,0.96,FALSE
"none","GSE282302","C2_D3","HALLMARK_DNA_REPAIR",0,0.598,FALSE
"pcs","GSE282302","C2_D3","HALLMARK_DNA_REPAIR",0,0.5455,FALSE
"libsize","GSE282302","C2_D4","HALLMARK_DNA_REPAIR",0,0.4095,FALSE
"none","GSE282302","C2_D4","HALLMARK_DNA_REPAIR",0,0.5485,FALSE
"pcs","GSE282302","C2_D4","HALLMARK_DNA_REPAIR",0,0.1785,FALSE
"libsize","GSE282302","C2_D5","HALLMARK_DNA_REPAIR",0,0.861,FALSE
"none","GSE282302","C2_D5","HALLMARK_DNA_REPAIR",0,0.61,FALSE
"pcs","GSE282302","C2_D5","HALLMARK_DNA_REPAIR",0,0.46525,FALSE
"libsize","GSE282302","C2_D6","HALLMARK_DNA_REPAIR",0,0.855,FALSE
"none","GSE282302","C2_D6","HALLMARK_DNA_REPAIR",0,0.8285,FALSE
"pcs","GSE282302","C2_D6","HALLMARK_DNA_REPAIR",0,0.80575,FALSE
"libsize","GSE282302","C2_D7","HALLMARK_DNA_REPAIR",0.5,0.97075,TRUE
"none","GSE282302","C2_D7","HALLMARK_DNA_REPAIR",0,0.00149999999999995,FALSE
"pcs","GSE282302","C2_D7","HALLMARK_DNA_REPAIR",0,0.7395,FALSE
"libsize","GSE282302","C2_D8","HALLMARK_DNA_REPAIR",0,0.743125,FALSE
"none","GSE282302","C2_D8","HALLMARK_DNA_REPAIR",0,0.829,FALSE
"pcs","GSE282302","C2_D8","HALLMARK_DNA_REPAIR",0,0.420375,FALSE
"libsize","GSE282302","C2_D9","HALLMARK_DNA_REPAIR",0,0.447083333333333,FALSE
"none","GSE282302","C2_D9","HALLMARK_DNA_REPAIR",0,0.428083333333333,FALSE
"pcs","GSE282302","C2_D9","HALLMARK_DNA_REPAIR",0.166666666666667,0.662416666666667,FALSE
"libsize","GSE282302","C3_D1","HALLMARK_DNA_REPAIR",0,0.3345,FALSE
"none","GSE282302","C3_D1","HALLMARK_DNA_REPAIR",0,0.484375,FALSE
"pcs","GSE282302","C3_D1","HALLMARK_DNA_REPAIR",0,0.1815,FALSE
"libsize","GSE282302","C3_D10","HALLMARK_DNA_REPAIR",0,0.434625,FALSE
"none","GSE282302","C3_D10","HALLMARK_DNA_REPAIR",0,0.416,FALSE
"pcs","GSE282302","C3_D10","HALLMARK_DNA_REPAIR",0,0.84625,FALSE
"libsize","GSE282302","C3_D11","HALLMARK_DNA_REPAIR",0,0.411875,FALSE
"none","GSE282302","C3_D11","HALLMARK_DNA_REPAIR",0.25,0.66775,FALSE
"pcs","GSE282302","C3_D11","HALLMARK_DNA_REPAIR",0,0.505,FALSE
"libsize","GSE282302","C3_D12","HALLMARK_DNA_REPAIR",0.125,0.5224375,FALSE
"none","GSE282302","C3_D12","HALLMARK_DNA_REPAIR",0.125,0.514875,FALSE
"pcs","GSE282302","C3_D12","HALLMARK_DNA_REPAIR",0,0.6431875,FALSE
"libsize","GSE282302","C3_D2","HALLMARK_DNA_REPAIR",0,0.706375,FALSE
"none","GSE282302","C3_D2","HALLMARK_DNA_REPAIR",0,0.703375,FALSE
"pcs","GSE282302","C3_D2","HALLMARK_DNA_REPAIR",0.25,0.797125,FALSE
"libsize","GSE282302","C3_D3","HALLMARK_DNA_REPAIR",0,0.42625,FALSE
"none","GSE282302","C3_D3","HALLMARK_DNA_REPAIR",0,0.397125,FALSE
"pcs","GSE282302","C3_D3","HALLMARK_DNA_REPAIR",0,0.729875,FALSE
"libsize","GSE282302","C3_D4","HALLMARK_DNA_REPAIR",0.25,0.68675,FALSE
"none","GSE282302","C3_D4","HALLMARK_DNA_REPAIR",0.25,0.820375,FALSE
"pcs","GSE282302","C3_D4","HALLMARK_DNA_REPAIR",0,0.288125,FALSE
"libsize","GSE282302","C3_D5","HALLMARK_DNA_REPAIR",0,0.782125,FALSE
"none","GSE282302","C3_D5","HALLMARK_DNA_REPAIR",0,0.79975,FALSE
"pcs","GSE282302","C3_D5","HALLMARK_DNA_REPAIR",0,0.532,FALSE
"libsize","GSE282302","C3_D6","HALLMARK_DNA_REPAIR",0.25,0.606,FALSE
"none","GSE282302","C3_D6","HALLMARK_DNA_REPAIR",0,0.6445,FALSE
"pcs","GSE282302","C3_D6","HALLMARK_DNA_REPAIR",0,0.39725,FALSE
"libsize","GSE282302","C3_D7","HALLMARK_DNA_REPAIR",0,0.694625,FALSE
"none","GSE282302","C3_D7","HALLMARK_DNA_REPAIR",0,0.458375,FALSE
"pcs","GSE282302","C3_D7","HALLMARK_DNA_REPAIR",0.25,0.83225,FALSE
"libsize","GSE282302","C3_D8","HALLMARK_DNA_REPAIR",0.25,0.730625,FALSE
"none","GSE282302","C3_D8","HALLMARK_DNA_REPAIR",0,0.529125,FALSE
"pcs","GSE282302","C3_D8","HALLMARK_DNA_REPAIR",0.25,0.7965,FALSE
"libsize","GSE282302","C3_D9","HALLMARK_DNA_REPAIR",0.5,0.736125,TRUE
"none","GSE282302","C3_D9","HALLMARK_DNA_REPAIR",0.5,0.66975,TRUE
"pcs","GSE282302","C3_D9","HALLMARK_DNA_REPAIR",0.5,0.772625,TRUE
"libsize","GSE274557","Pt1","HALLMARK_DNA_REPAIR",0,0.056,FALSE
"none","GSE274557","Pt1","HALLMARK_DNA_REPAIR",0.5,0.983,TRUE
"pcs","GSE274557","Pt1","HALLMARK_DNA_REPAIR",0,0.57175,FALSE
"libsize","GSE274557","Pt10","HALLMARK_DNA_REPAIR",0,0.37625,FALSE
"none","GSE274557","Pt10","HALLMARK_DNA_REPAIR",0.25,0.6175,FALSE
"pcs","GSE274557","Pt10","HALLMARK_DNA_REPAIR",0,0.6395,FALSE
"libsize","GSE274557","Pt11","HALLMARK_DNA_REPAIR",0,0.5365,FALSE
"none","GSE274557","Pt11","HALLMARK_DNA_REPAIR",0.25,0.968875,FALSE
"pcs","GSE274557","Pt11","HALLMARK_DNA_REPAIR",0,0.532,FALSE
"libsize","GSE274557","Pt12","HALLMARK_DNA_REPAIR",0.25,0.465875,FALSE
"none","GSE274557","Pt12","HALLMARK_DNA_REPAIR",0.25,0.841875,FALSE
"pcs","GSE274557","Pt12","HALLMARK_DNA_REPAIR",0,0.5305,FALSE
"libsize","GSE274557","Pt13","HALLMARK_DNA_REPAIR",0.142857142857143,0.3615,FALSE
"none","GSE274557","Pt13","HALLMARK_DNA_REPAIR",0.142857142857143,0.522642857142857,FALSE
"pcs","GSE274557","Pt13","HALLMARK_DNA_REPAIR",0.142857142857143,0.449214285714286,FALSE
"libsize","GSE274557","Pt2","HALLMARK_DNA_REPAIR",0,0.185,FALSE
"none","GSE274557","Pt2","HALLMARK_DNA_REPAIR",0,0.355,FALSE
"pcs","GSE274557","Pt2","HALLMARK_DNA_REPAIR",0,0.243666666666667,FALSE
"libsize","GSE274557","Pt3","HALLMARK_DNA_REPAIR",0,0.564125,FALSE
"none","GSE274557","Pt3","HALLMARK_DNA_REPAIR",0.5,0.88575,TRUE
"pcs","GSE274557","Pt3","HALLMARK_DNA_REPAIR",0,0.76725,FALSE
"libsize","GSE274557","Pt4","HALLMARK_DNA_REPAIR",0,0.523,FALSE
"none","GSE274557","Pt4","HALLMARK_DNA_REPAIR",0.5,0.89625,TRUE
"pcs","GSE274557","Pt4","HALLMARK_DNA_REPAIR",0,0.48175,FALSE
"libsize","GSE274557","Pt5","HALLMARK_DNA_REPAIR",0,0.770333333333333,FALSE
"none","GSE274557","Pt5","HALLMARK_DNA_REPAIR",0.333333333333333,0.978833333333333,FALSE
"pcs","GSE274557","Pt5","HALLMARK_DNA_REPAIR",0,0.669,FALSE
"libsize","GSE274557","Pt6","HALLMARK_DNA_REPAIR",0.166666666666667,0.648416666666667,FALSE
"none","GSE274557","Pt6","HALLMARK_DNA_REPAIR",0,0.488666666666667,FALSE
"pcs","GSE274557","Pt6","HALLMARK_DNA_REPAIR",0,0.455416666666667,FALSE
"libsize","GSE274557","Pt7","HALLMARK_DNA_REPAIR",0,0.614375,FALSE
"none","GSE274557","Pt7","HALLMARK_DNA_REPAIR",0.25,0.812625,FALSE
"pcs","GSE274557","Pt7","HALLMARK_DNA_REPAIR",0,0.844375,FALSE
"libsize","GSE274557","Pt8","HALLMARK_DNA_REPAIR",0.2,0.7065,FALSE
"none","GSE274557","Pt8","HALLMARK_DNA_REPAIR",0.4,0.9694,FALSE
"pcs","GSE274557","Pt8","HALLMARK_DNA_REPAIR",0,0.4277,FALSE
"libsize","GSE274557","Pt9","HALLMARK_DNA_REPAIR",0.25,0.775875,FALSE
"none","GSE274557","Pt9","HALLMARK_DNA_REPAIR",0,0.70175,FALSE
"pcs","GSE274557","Pt9","HALLMARK_DNA_REPAIR",0.25,0.68675,FALSE
"libsize","GSE282302","C1_D1","HALLMARK_E2F_TARGETS",1,0.979,TRUE
"none","GSE282302","C1_D1","HALLMARK_E2F_TARGETS",0,0,FALSE
"pcs","GSE282302","C1_D1","HALLMARK_E2F_TARGETS",1,0.995,TRUE
"libsize","GSE282302","C1_D10","HALLMARK_E2F_TARGETS",0.5,0.81175,TRUE
"none","GSE282302","C1_D10","HALLMARK_E2F_TARGETS",0,0.695,FALSE
"pcs","GSE282302","C1_D10","HALLMARK_E2F_TARGETS",1,0.9995,TRUE
"libsize","GSE282302","C1_D11","HALLMARK_E2F_TARGETS",1,0.9995,TRUE
"none","GSE282302","C1_D11","HALLMARK_E2F_TARGETS",0.5,0.96275,TRUE
"pcs","GSE282302","C1_D11","HALLMARK_E2F_TARGETS",1,0.9995,TRUE
"libsize","GSE282302","C1_D12","HALLMARK_E2F_TARGETS",1,0.9995,TRUE
"none","GSE282302","C1_D12","HALLMARK_E2F_TARGETS",1,0.9995,TRUE
"pcs","GSE282302","C1_D12","HALLMARK_E2F_TARGETS",1,0.9995,TRUE
"libsize","GSE282302","C1_D13","HALLMARK_E2F_TARGETS",0.5,0.72375,TRUE
"none","GSE282302","C1_D13","HALLMARK_E2F_TARGETS",0,0.52675,FALSE
"pcs","GSE282302","C1_D13","HALLMARK_E2F_TARGETS",1,0.9995,TRUE
"libsize","GSE282302","C1_D14","HALLMARK_E2F_TARGETS",1,0.9995,TRUE
"none","GSE282302","C1_D14","HALLMARK_E2F_TARGETS",1,0.997833333333333,TRUE
"pcs","GSE282302","C1_D14","HALLMARK_E2F_TARGETS",1,0.9995,TRUE
"libsize","GSE282302","C1_D2","HALLMARK_E2F_TARGETS",1,0.9995,TRUE
"none","GSE282302","C1_D2","HALLMARK_E2F_TARGETS",1,0.9995,TRUE
"pcs","GSE282302","C1_D2","HALLMARK_E2F_TARGETS",0,0.863,FALSE
"libsize","GSE282302","C1_D3","HALLMARK_E2F_TARGETS",0,0.9535,FALSE
"none","GSE282302","C1_D3","HALLMARK_E2F_TARGETS",0,0.0335,FALSE
"pcs","GSE282302","C1_D3","HALLMARK_E2F_TARGETS",1,0.9995,TRUE
"libsize","GSE282302","C1_D4","HALLMARK_E2F_TARGETS",1,0.9995,TRUE
"none","GSE282302","C1_D4","HALLMARK_E2F_TARGETS",0,0.016,FALSE
"pcs","GSE282302","C1_D4","HALLMARK_E2F_TARGETS",1,0.9995,TRUE
"libsize","GSE282302","C1_D5","HALLMARK_E2F_TARGETS",1,0.9965,TRUE
"none","GSE282302","C1_D5","HALLMARK_E2F_TARGETS",0,0,FALSE
"pcs","GSE282302","C1_D5","HALLMARK_E2F_TARGETS",1,0.9975,TRUE
"libsize","GSE282302","C1_D6","HALLMARK_E2F_TARGETS",1,0.9995,TRUE
"none","GSE282302","C1_D6","HALLMARK_E2F_TARGETS",0,0.662,FALSE
"pcs","GSE282302","C1_D6","HALLMARK_E2F_TARGETS",1,0.9995,TRUE
"libsize","GSE282302","C1_D7","HALLMARK_E2F_TARGETS",0,0.5715,FALSE
"none","GSE282302","C1_D7","HALLMARK_E2F_TARGETS",0,0.0105,FALSE
"pcs","GSE282302","C1_D7","HALLMARK_E2F_TARGETS",1,0.9995,TRUE
"libsize","GSE282302","C1_D8","HALLMARK_E2F_TARGETS",1,0.9995,TRUE
"none","GSE282302","C1_D8","HALLMARK_E2F_TARGETS",0,0.1715,FALSE
"pcs","GSE282302","C1_D8","HALLMARK_E2F_TARGETS",1,0.99675,TRUE
"libsize","GSE282302","C1_D9","HALLMARK_E2F_TARGETS",0.5,0.96375,TRUE
"none","GSE282302","C1_D9","HALLMARK_E2F_TARGETS",0.5,0.62525,TRUE
"pcs","GSE282302","C1_D9","HALLMARK_E2F_TARGETS",1,0.9995,TRUE
"libsize","GSE282302","C2_D1","HALLMARK_E2F_TARGETS",0,0.866,FALSE
"none","GSE282302","C2_D1","HALLMARK_E2F_TARGETS",0,0,FALSE
"pcs","GSE282302","C2_D1","HALLMARK_E2F_TARGETS",1,0.9995,TRUE
"libsize","GSE282302","C2_D10","HALLMARK_E2F_TARGETS",1,0.99925,TRUE
"none","GSE282302","C2_D10","HALLMARK_E2F_TARGETS",1,0.994875,TRUE
"pcs","GSE282302","C2_D10","HALLMARK_E2F_TARGETS",1,0.9995,TRUE
"libsize","GSE282302","C2_D11","HALLMARK_E2F_TARGETS",0.75,0.9638125,TRUE
"none","GSE282302","C2_D11","HALLMARK_E2F_TARGETS",0.625,0.8698125,TRUE
"pcs","GSE282302","C2_D11","HALLMARK_E2F_TARGETS",1,0.9988125,TRUE
"libsize","GSE282302","C2_D12","HALLMARK_E2F_TARGETS",1,0.9995,TRUE
"none","GSE282302","C2_D12","HALLMARK_E2F_TARGETS",1,0.9995,TRUE
"pcs","GSE282302","C2_D12","HALLMARK_E2F_TARGETS",0,0.7565,FALSE
"libsize","GSE282302","C2_D13","HALLMARK_E2F_TARGETS",1,0.9995,TRUE
"none","GSE282302","C2_D13","HALLMARK_E2F_TARGETS",1,0.9995,TRUE
"pcs","GSE282302","C2_D13","HALLMARK_E2F_TARGETS",1,0.9995,TRUE
"libsize","GSE282302","C2_D2","HALLMARK_E2F_TARGETS",0,0.513,FALSE
"none","GSE282302","C2_D2","HALLMARK_E2F_TARGETS",0,0.6,FALSE
"pcs","GSE282302","C2_D2","HALLMARK_E2F_TARGETS",1,0.9995,TRUE
"libsize","GSE282302","C2_D3","HALLMARK_E2F_TARGETS",1,0.9995,TRUE
"none","GSE282302","C2_D3","HALLMARK_E2F_TARGETS",1,0.999,TRUE
"pcs","GSE282302","C2_D3","HALLMARK_E2F_TARGETS",1,0.9995,TRUE
"libsize","GSE282302","C2_D4","HALLMARK_E2F_TARGETS",0,0.8595,FALSE
"none","GSE282302","C2_D4","HALLMARK_E2F_TARGETS",0,0.0425,FALSE
"pcs","GSE282302","C2_D4","HALLMARK_E2F_TARGETS",1,0.9995,TRUE
"libsize","GSE282302","C2_D5","HALLMARK_E2F_TARGETS",1,0.99675,TRUE
"none","GSE282302","C2_D5","HALLMARK_E2F_TARGETS",0.5,0.569,TRUE
"pcs","GSE282302","C2_D5","HALLMARK_E2F_TARGETS",1,0.9995,TRUE
"libsize","GSE282302","C2_D6","HALLMARK_E2F_TARGETS",1,0.99925,TRUE
"none","GSE282302","C2_D6","HALLMARK_E2F_TARGETS",0.5,0.995,TRUE
"pcs","GSE282302","C2_D6","HALLMARK_E2F_TARGETS",1,0.9995,TRUE
"libsize","GSE282302","C2_D7","HALLMARK_E2F_TARGETS",1,0.9995,TRUE
"none","GSE282302","C2_D7","HALLMARK_E2F_TARGETS",0,0.01525,FALSE
"pcs","GSE282302","C2_D7","HALLMARK_E2F_TARGETS",1,0.9995,TRUE
"libsize","GSE282302","C2_D8","HALLMARK_E2F_TARGETS",0.75,0.98175,TRUE
"none","GSE282302","C2_D8","HALLMARK_E2F_TARGETS",0,0.40475,FALSE
"pcs","GSE282302","C2_D8","HALLMARK_E2F_TARGETS",1,0.9995,TRUE
"libsize","GSE282302","C2_D9","HALLMARK_E2F_TARGETS",0.333333333333333,0.931583333333333,FALSE
"none","GSE282302","C2_D9","HALLMARK_E2F_TARGETS",0,0.49525,FALSE
"pcs","GSE282302","C2_D9","HALLMARK_E2F_TARGETS",0.833333333333333,0.947333333333333,TRUE
"libsize","GSE282302","C3_D1","HALLMARK_E2F_TARGETS",0.5,0.935,TRUE
"none","GSE282302","C3_D1","HALLMARK_E2F_TARGETS",0.25,0.501125,FALSE
"pcs","GSE282302","C3_D1","HALLMARK_E2F_TARGETS",0.75,0.83025,TRUE
"libsize","GSE282302","C3_D10","HALLMARK_E2F_TARGETS",0.25,0.760625,FALSE
"none","GSE282302","C3_D10","HALLMARK_E2F_TARGETS",0,0.515875,FALSE
"pcs","GSE282302","C3_D10","HALLMARK_E2F_TARGETS",1,0.9995,TRUE
"libsize","GSE282302","C3_D11","HALLMARK_E2F_TARGETS",0.75,0.96975,TRUE
"none","GSE282302","C3_D11","HALLMARK_E2F_TARGETS",0.25,0.7195,FALSE
"pcs","GSE282302","C3_D11","HALLMARK_E2F_TARGETS",1,0.9995,TRUE
"libsize","GSE282302","C3_D12","HALLMARK_E2F_TARGETS",0.625,0.8353125,TRUE
"none","GSE282302","C3_D12","HALLMARK_E2F_TARGETS",0.5,0.7051875,TRUE
"pcs","GSE282302","C3_D12","HALLMARK_E2F_TARGETS",1,0.9995,TRUE
"libsize","GSE282302","C3_D2","HALLMARK_E2F_TARGETS",0.75,0.86875,TRUE
"none","GSE282302","C3_D2","HALLMARK_E2F_TARGETS",0.5,0.745625,TRUE
"pcs","GSE282302","C3_D2","HALLMARK_E2F_TARGETS",1,0.9995,TRUE
"libsize","GSE282302","C3_D3","HALLMARK_E2F_TARGETS",0.5,0.55575,TRUE
"none","GSE282302","C3_D3","HALLMARK_E2F_TARGETS",0,0.280125,FALSE
"pcs","GSE282302","C3_D3","HALLMARK_E2F_TARGETS",1,0.9995,TRUE
"libsize","GSE282302","C3_D4","HALLMARK_E2F_TARGETS",1,0.998375,TRUE
"none","GSE282302","C3_D4","HALLMARK_E2F_TARGETS",0.5,0.742375,TRUE
"pcs","GSE282302","C3_D4","HALLMARK_E2F_TARGETS",0.75,0.971875,TRUE
"libsize","GSE282302","C3_D5","HALLMARK_E2F_TARGETS",0.75,0.990875,TRUE
"none","GSE282302","C3_D5","HALLMARK_E2F_TARGETS",0.5,0.90375,TRUE
"pcs","GSE282302","C3_D5","HALLMARK_E2F_TARGETS",1,0.9995,TRUE
"libsize","GSE282302","C3_D6","HALLMARK_E2F_TARGETS",1,0.99875,TRUE
"none","GSE282302","C3_D6","HALLMARK_E2F_TARGETS",0.5,0.5845,TRUE
"pcs","GSE282302","C3_D6","HALLMARK_E2F_TARGETS",0.75,0.996125,TRUE
"libsize","GSE282302","C3_D7","HALLMARK_E2F_TARGETS",0.75,0.93275,TRUE
"none","GSE282302","C3_D7","HALLMARK_E2F_TARGETS",0.25,0.480375,FALSE
"pcs","GSE282302","C3_D7","HALLMARK_E2F_TARGETS",0.75,0.884125,TRUE
"libsize","GSE282302","C3_D8","HALLMARK_E2F_TARGETS",0.75,0.805,TRUE
"none","GSE282302","C3_D8","HALLMARK_E2F_TARGETS",0,0.691,FALSE
"pcs","GSE282302","C3_D8","HALLMARK_E2F_TARGETS",1,0.9995,TRUE
"libsize","GSE282302","C3_D9","HALLMARK_E2F_TARGETS",0.5,0.751125,TRUE
"none","GSE282302","C3_D9","HALLMARK_E2F_TARGETS",0.5,0.519625,TRUE
"pcs","GSE282302","C3_D9","HALLMARK_E2F_TARGETS",1,0.999375,TRUE
"libsize","GSE274557","Pt1","HALLMARK_E2F_TARGETS",1,0.99925,TRUE
"none","GSE274557","Pt1","HALLMARK_E2F_TARGETS",1,0.99775,TRUE
"pcs","GSE274557","Pt1","HALLMARK_E2F_TARGETS",1,0.9995,TRUE
"libsize","GSE274557","Pt10","HALLMARK_E2F_TARGETS",0.75,0.812625,TRUE
"none","GSE274557","Pt10","HALLMARK_E2F_TARGETS",0.25,0.415,FALSE
"pcs","GSE274557","Pt10","HALLMARK_E2F_TARGETS",1,0.999,TRUE
"libsize","GSE274557","Pt11","HALLMARK_E2F_TARGETS",0.25,0.897125,FALSE
"none","GSE274557","Pt11","HALLMARK_E2F_TARGETS",0,0.405125,FALSE
"pcs","GSE274557","Pt11","HALLMARK_E2F_TARGETS",0.75,0.946625,TRUE
"libsize","GSE274557","Pt12","HALLMARK_E2F_TARGETS",0.75,0.954,TRUE
"none","GSE274557","Pt12","HALLMARK_E2F_TARGETS",0.5,0.83475,TRUE
"pcs","GSE274557","Pt12","HALLMARK_E2F_TARGETS",0.75,0.805,TRUE
"libsize","GSE274557","Pt13","HALLMARK_E2F_TARGETS",0.571428571428571,0.895071428571429,TRUE
"none","GSE274557","Pt13","HALLMARK_E2F_TARGETS",0.571428571428571,0.707357142857143,TRUE
"pcs","GSE274557","Pt13","HALLMARK_E2F_TARGETS",0.714285714285714,0.921,TRUE
"libsize","GSE274557","Pt2","HALLMARK_E2F_TARGETS",0.333333333333333,0.8965,FALSE
"none","GSE274557","Pt2","HALLMARK_E2F_TARGETS",0.333333333333333,0.427166666666667,FALSE
"pcs","GSE274557","Pt2","HALLMARK_E2F_TARGETS",1,0.999166666666667,TRUE
"libsize","GSE274557","Pt3","HALLMARK_E2F_TARGETS",1,0.999375,TRUE
"none","GSE274557","Pt3","HALLMARK_E2F_TARGETS",0.75,0.983625,TRUE
"pcs","GSE274557","Pt3","HALLMARK_E2F_TARGETS",1,0.9995,TRUE
"libsize","GSE274557","Pt4","HALLMARK_E2F_TARGETS",0.75,0.97625,TRUE
"none","GSE274557","Pt4","HALLMARK_E2F_TARGETS",0.5,0.74125,TRUE
"pcs","GSE274557","Pt4","HALLMARK_E2F_TARGETS",1,0.9995,TRUE
"libsize","GSE274557","Pt5","HALLMARK_E2F_TARGETS",1,0.998833333333333,TRUE
"none","GSE274557","Pt5","HALLMARK_E2F_TARGETS",1,0.9995,TRUE
"pcs","GSE274557","Pt5","HALLMARK_E2F_TARGETS",1,0.9995,TRUE
"libsize","GSE274557","Pt6","HALLMARK_E2F_TARGETS",0.833333333333333,0.927833333333333,TRUE
"none","GSE274557","Pt6","HALLMARK_E2F_TARGETS",0,0.297333333333333,FALSE
"pcs","GSE274557","Pt6","HALLMARK_E2F_TARGETS",0.5,0.874416666666667,TRUE
"libsize","GSE274557","Pt7","HALLMARK_E2F_TARGETS",1,0.9955,TRUE
"none","GSE274557","Pt7","HALLMARK_E2F_TARGETS",0.75,0.936375,TRUE
"pcs","GSE274557","Pt7","HALLMARK_E2F_TARGETS",1,0.9995,TRUE
"libsize","GSE274557","Pt8","HALLMARK_E2F_TARGETS",1,0.9989,TRUE
"none","GSE274557","Pt8","HALLMARK_E2F_TARGETS",1,0.9989,TRUE
"pcs","GSE274557","Pt8","HALLMARK_E2F_TARGETS",1,0.9995,TRUE
"libsize","GSE274557","Pt9","HALLMARK_E2F_TARGETS",0.75,0.813625,TRUE
"none","GSE274557","Pt9","HALLMARK_E2F_TARGETS",0.25,0.474375,FALSE
"pcs","GSE274557","Pt9","HALLMARK_E2F_TARGETS",0.75,0.775125,TRUE
"libsize","GSE282302","C1_D1","HALLMARK_EPITHELIAL_MESENCHYMAL_TRANSITION",1,0.9995,TRUE
"none","GSE282302","C1_D1","HALLMARK_EPITHELIAL_MESENCHYMAL_TRANSITION",1,0.9995,TRUE
"pcs","GSE282302","C1_D1","HALLMARK_EPITHELIAL_MESENCHYMAL_TRANSITION",1,0.9995,TRUE
"libsize","GSE282302","C1_D10","HALLMARK_EPITHELIAL_MESENCHYMAL_TRANSITION",1,0.9995,TRUE
"none","GSE282302","C1_D10","HALLMARK_EPITHELIAL_MESENCHYMAL_TRANSITION",1,0.9995,TRUE
"pcs","GSE282302","C1_D10","HALLMARK_EPITHELIAL_MESENCHYMAL_TRANSITION",1,0.9995,TRUE
"libsize","GSE282302","C1_D11","HALLMARK_EPITHELIAL_MESENCHYMAL_TRANSITION",1,0.9995,TRUE
"none","GSE282302","C1_D11","HALLMARK_EPITHELIAL_MESENCHYMAL_TRANSITION",0.5,0.50075,TRUE
"pcs","GSE282302","C1_D11","HALLMARK_EPITHELIAL_MESENCHYMAL_TRANSITION",1,0.9995,TRUE
"libsize","GSE282302","C1_D12","HALLMARK_EPITHELIAL_MESENCHYMAL_TRANSITION",1,0.9995,TRUE
"none","GSE282302","C1_D12","HALLMARK_EPITHELIAL_MESENCHYMAL_TRANSITION",1,0.9995,TRUE
"pcs","GSE282302","C1_D12","HALLMARK_EPITHELIAL_MESENCHYMAL_TRANSITION",1,0.9995,TRUE
"libsize","GSE282302","C1_D13","HALLMARK_EPITHELIAL_MESENCHYMAL_TRANSITION",1,0.9995,TRUE
"none","GSE282302","C1_D13","HALLMARK_EPITHELIAL_MESENCHYMAL_TRANSITION",1,0.9995,TRUE
"pcs","GSE282302","C1_D13","HALLMARK_EPITHELIAL_MESENCHYMAL_TRANSITION",1,0.9995,TRUE
"libsize","GSE282302","C1_D14","HALLMARK_EPITHELIAL_MESENCHYMAL_TRANSITION",1,0.9995,TRUE
"none","GSE282302","C1_D14","HALLMARK_EPITHELIAL_MESENCHYMAL_TRANSITION",0.333333333333333,0.612,FALSE
"pcs","GSE282302","C1_D14","HALLMARK_EPITHELIAL_MESENCHYMAL_TRANSITION",1,0.9995,TRUE
"libsize","GSE282302","C1_D2","HALLMARK_EPITHELIAL_MESENCHYMAL_TRANSITION",1,0.9995,TRUE
"none","GSE282302","C1_D2","HALLMARK_EPITHELIAL_MESENCHYMAL_TRANSITION",0,0.1355,FALSE
"pcs","GSE282302","C1_D2","HALLMARK_EPITHELIAL_MESENCHYMAL_TRANSITION",1,0.9995,TRUE
"libsize","GSE282302","C1_D3","HALLMARK_EPITHELIAL_MESENCHYMAL_TRANSITION",1,0.9995,TRUE
"none","GSE282302","C1_D3","HALLMARK_EPITHELIAL_MESENCHYMAL_TRANSITION",0,0.9585,FALSE
"pcs","GSE282302","C1_D3","HALLMARK_EPITHELIAL_MESENCHYMAL_TRANSITION",1,0.9995,TRUE
"libsize","GSE282302","C1_D4","HALLMARK_EPITHELIAL_MESENCHYMAL_TRANSITION",1,0.9995,TRUE
"none","GSE282302","C1_D4","HALLMARK_EPITHELIAL_MESENCHYMAL_TRANSITION",0,0,FALSE
"pcs","GSE282302","C1_D4","HALLMARK_EPITHELIAL_MESENCHYMAL_TRANSITION",1,0.9995,TRUE
"libsize","GSE282302","C1_D5","HALLMARK_EPITHELIAL_MESENCHYMAL_TRANSITION",1,0.9995,TRUE
"none","GSE282302","C1_D5","HALLMARK_EPITHELIAL_MESENCHYMAL_TRANSITION",0,0.0235,FALSE
"pcs","GSE282302","C1_D5","HALLMARK_EPITHELIAL_MESENCHYMAL_TRANSITION",1,0.9995,TRUE
"libsize","GSE282302","C1_D6","HALLMARK_EPITHELIAL_MESENCHYMAL_TRANSITION",1,0.999,TRUE
"none","GSE282302","C1_D6","HALLMARK_EPITHELIAL_MESENCHYMAL_TRANSITION",1,0.9995,TRUE
"pcs","GSE282302","C1_D6","HALLMARK_EPITHELIAL_MESENCHYMAL_TRANSITION",1,0.9995,TRUE
"libsize","GSE282302","C1_D7","HALLMARK_EPITHELIAL_MESENCHYMAL_TRANSITION",1,0.9995,TRUE
"none","GSE282302","C1_D7","HALLMARK_EPITHELIAL_MESENCHYMAL_TRANSITION",1,0.9995,TRUE
"pcs","GSE282302","C1_D7","HALLMARK_EPITHELIAL_MESENCHYMAL_TRANSITION",1,0.9995,TRUE
"libsize","GSE282302","C1_D8","HALLMARK_EPITHELIAL_MESENCHYMAL_TRANSITION",1,0.9995,TRUE
"none","GSE282302","C1_D8","HALLMARK_EPITHELIAL_MESENCHYMAL_TRANSITION",0.5,0.953,TRUE
"pcs","GSE282302","C1_D8","HALLMARK_EPITHELIAL_MESENCHYMAL_TRANSITION",1,0.9875,TRUE
"libsize","GSE282302","C1_D9","HALLMARK_EPITHELIAL_MESENCHYMAL_TRANSITION",1,0.9995,TRUE
"none","GSE282302","C1_D9","HALLMARK_EPITHELIAL_MESENCHYMAL_TRANSITION",1,0.9995,TRUE
"pcs","GSE282302","C1_D9","HALLMARK_EPITHELIAL_MESENCHYMAL_TRANSITION",1,0.9995,TRUE
"libsize","GSE282302","C2_D1","HALLMARK_EPITHELIAL_MESENCHYMAL_TRANSITION",1,0.9995,TRUE
"none","GSE282302","C2_D1","HALLMARK_EPITHELIAL_MESENCHYMAL_TRANSITION",0,0.694,FALSE
"pcs","GSE282302","C2_D1","HALLMARK_EPITHELIAL_MESENCHYMAL_TRANSITION",1,0.9995,TRUE
"libsize","GSE282302","C2_D10","HALLMARK_EPITHELIAL_MESENCHYMAL_TRANSITION",1,0.9995,TRUE
"none","GSE282302","C2_D10","HALLMARK_EPITHELIAL_MESENCHYMAL_TRANSITION",1,0.9995,TRUE
"pcs","GSE282302","C2_D10","HALLMARK_EPITHELIAL_MESENCHYMAL_TRANSITION",1,0.9995,TRUE
"libsize","GSE282302","C2_D11","HALLMARK_EPITHELIAL_MESENCHYMAL_TRANSITION",1,0.9995,TRUE
"none","GSE282302","C2_D11","HALLMARK_EPITHELIAL_MESENCHYMAL_TRANSITION",0.875,0.8835,TRUE
"pcs","GSE282302","C2_D11","HALLMARK_EPITHELIAL_MESENCHYMAL_TRANSITION",1,0.9995,TRUE
"libsize","GSE282302","C2_D12","HALLMARK_EPITHELIAL_MESENCHYMAL_TRANSITION",1,0.9995,TRUE
"none","GSE282302","C2_D12","HALLMARK_EPITHELIAL_MESENCHYMAL_TRANSITION",0,0.6355,FALSE
"pcs","GSE282302","C2_D12","HALLMARK_EPITHELIAL_MESENCHYMAL_TRANSITION",1,0.9995,TRUE
"libsize","GSE282302","C2_D13","HALLMARK_EPITHELIAL_MESENCHYMAL_TRANSITION",1,0.9995,TRUE
"none","GSE282302","C2_D13","HALLMARK_EPITHELIAL_MESENCHYMAL_TRANSITION",0,0.00749999999999995,FALSE
"pcs","GSE282302","C2_D13","HALLMARK_EPITHELIAL_MESENCHYMAL_TRANSITION",1,0.9995,TRUE
"libsize","GSE282302","C2_D2","HALLMARK_EPITHELIAL_MESENCHYMAL_TRANSITION",0,0.626,FALSE
"none","GSE282302","C2_D2","HALLMARK_EPITHELIAL_MESENCHYMAL_TRANSITION",1,0.9995,TRUE
"pcs","GSE282302","C2_D2","HALLMARK_EPITHELIAL_MESENCHYMAL_TRANSITION",1,0.9995,TRUE
"libsize","GSE282302","C2_D3","HALLMARK_EPITHELIAL_MESENCHYMAL_TRANSITION",1,0.9995,TRUE
"none","GSE282302","C2_D3","HALLMARK_EPITHELIAL_MESENCHYMAL_TRANSITION",1,0.9995,TRUE
"pcs","GSE282302","C2_D3","HALLMARK_EPITHELIAL_MESENCHYMAL_TRANSITION",1,0.9995,TRUE
"libsize","GSE282302","C2_D4","HALLMARK_EPITHELIAL_MESENCHYMAL_TRANSITION",1,0.9995,TRUE
"none","GSE282302","C2_D4","HALLMARK_EPITHELIAL_MESENCHYMAL_TRANSITION",1,0.9995,TRUE
"pcs","GSE282302","C2_D4","HALLMARK_EPITHELIAL_MESENCHYMAL_TRANSITION",1,0.9995,TRUE
"libsize","GSE282302","C2_D5","HALLMARK_EPITHELIAL_MESENCHYMAL_TRANSITION",0.5,0.86675,TRUE
"none","GSE282302","C2_D5","HALLMARK_EPITHELIAL_MESENCHYMAL_TRANSITION",0.5,0.9655,TRUE
"pcs","GSE282302","C2_D5","HALLMARK_EPITHELIAL_MESENCHYMAL_TRANSITION",1,0.9995,TRUE
"libsize","GSE282302","C2_D6","HALLMARK_EPITHELIAL_MESENCHYMAL_TRANSITION",0,0.00324999999999998,FALSE
"none","GSE282302","C2_D6","HALLMARK_EPITHELIAL_MESENCHYMAL_TRANSITION",0,0.06125,FALSE
"pcs","GSE282302","C2_D6","HALLMARK_EPITHELIAL_MESENCHYMAL_TRANSITION",1,0.9995,TRUE
"libsize","GSE282302","C2_D7","HALLMARK_EPITHELIAL_MESENCHYMAL_TRANSITION",1,0.9995,TRUE
"none","GSE282302","C2_D7","HALLMARK_EPITHELIAL_MESENCHYMAL_TRANSITION",0.5,0.9925,TRUE
"pcs","GSE282302","C2_D7","HALLMARK_EPITHELIAL_MESENCHYMAL_TRANSITION",1,0.9995,TRUE
"libsize","GSE282302","C2_D8","HALLMARK_EPITHELIAL_MESENCHYMAL_TRANSITION",1,0.9995,TRUE
"none","GSE282302","C2_D8","HALLMARK_EPITHELIAL_MESENCHYMAL_TRANSITION",0,0.28475,FALSE
"pcs","GSE282302","C2_D8","HALLMARK_EPITHELIAL_MESENCHYMAL_TRANSITION",1,0.9995,TRUE
"libsize","GSE282302","C2_D9","HALLMARK_EPITHELIAL_MESENCHYMAL_TRANSITION",1,0.9995,TRUE
"none","GSE282302","C2_D9","HALLMARK_EPITHELIAL_MESENCHYMAL_TRANSITION",1,0.9995,TRUE
"pcs","GSE282302","C2_D9","HALLMARK_EPITHELIAL_MESENCHYMAL_TRANSITION",0.666666666666667,0.991583333333333,TRUE
"libsize","GSE282302","C3_D1","HALLMARK_EPITHELIAL_MESENCHYMAL_TRANSITION",1,0.9995,TRUE
"none","GSE282302","C3_D1","HALLMARK_EPITHELIAL_MESENCHYMAL_TRANSITION",0.25,0.69775,FALSE
"pcs","GSE282302","C3_D1","HALLMARK_EPITHELIAL_MESENCHYMAL_TRANSITION",1,0.9995,TRUE
"libsize","GSE282302","C3_D10","HALLMARK_EPITHELIAL_MESENCHYMAL_TRANSITION",0.75,0.98125,TRUE
"none","GSE282302","C3_D10","HALLMARK_EPITHELIAL_MESENCHYMAL_TRANSITION",1,0.9995,TRUE
"pcs","GSE282302","C3_D10","HALLMARK_EPITHELIAL_MESENCHYMAL_TRANSITION",1,0.9995,TRUE
"libsize","GSE282302","C3_D11","HALLMARK_EPITHELIAL_MESENCHYMAL_TRANSITION",1,0.9995,TRUE
"none","GSE282302","C3_D11","HALLMARK_EPITHELIAL_MESENCHYMAL_TRANSITION",0.5,0.694125,TRUE
"pcs","GSE282302","C3_D11","HALLMARK_EPITHELIAL_MESENCHYMAL_TRANSITION",1,0.9995,TRUE
"libsize","GSE282302","C3_D12","HALLMARK_EPITHELIAL_MESENCHYMAL_TRANSITION",1,0.99525,TRUE
"none","GSE282302","C3_D12","HALLMARK_EPITHELIAL_MESENCHYMAL_TRANSITION",1,0.999,TRUE
"pcs","GSE282302","C3_D12","HALLMARK_EPITHELIAL_MESENCHYMAL_TRANSITION",1,0.9995,TRUE
"libsize","GSE282302","C3_D2","HALLMARK_EPITHELIAL_MESENCHYMAL_TRANSITION",0.75,0.858625,TRUE
"none","GSE282302","C3_D2","HALLMARK_EPITHELIAL_MESENCHYMAL_TRANSITION",0.75,0.960625,TRUE
"pcs","GSE282302","C3_D2","HALLMARK_EPITHELIAL_MESENCHYMAL_TRANSITION",1,0.9995,TRUE
"libsize","GSE282302","C3_D3","HALLMARK_EPITHELIAL_MESENCHYMAL_TRANSITION",1,0.9995,TRUE
"none","GSE282302","C3_D3","HALLMARK_EPITHELIAL_MESENCHYMAL_TRANSITION",1,0.9995,TRUE
"pcs","GSE282302","C3_D3","HALLMARK_EPITHELIAL_MESENCHYMAL_TRANSITION",1,0.9995,TRUE
"libsize","GSE282302","C3_D4","HALLMARK_EPITHELIAL_MESENCHYMAL_TRANSITION",1,0.9995,TRUE
"none","GSE282302","C3_D4","HALLMARK_EPITHELIAL_MESENCHYMAL_TRANSITION",0.75,0.865375,TRUE
"pcs","GSE282302","C3_D4","HALLMARK_EPITHELIAL_MESENCHYMAL_TRANSITION",1,0.9995,TRUE
"libsize","GSE282302","C3_D5","HALLMARK_EPITHELIAL_MESENCHYMAL_TRANSITION",1,0.9995,TRUE
"none","GSE282302","C3_D5","HALLMARK_EPITHELIAL_MESENCHYMAL_TRANSITION",1,0.9995,TRUE
"pcs","GSE282302","C3_D5","HALLMARK_EPITHELIAL_MESENCHYMAL_TRANSITION",1,0.9995,TRUE
"libsize","GSE282302","C3_D6","HALLMARK_EPITHELIAL_MESENCHYMAL_TRANSITION",1,0.9995,TRUE
"none","GSE282302","C3_D6","HALLMARK_EPITHELIAL_MESENCHYMAL_TRANSITION",0.75,0.940625,TRUE
"pcs","GSE282302","C3_D6","HALLMARK_EPITHELIAL_MESENCHYMAL_TRANSITION",1,0.9995,TRUE
"libsize","GSE282302","C3_D7","HALLMARK_EPITHELIAL_MESENCHYMAL_TRANSITION",1,0.9995,TRUE
"none","GSE282302","C3_D7","HALLMARK_EPITHELIAL_MESENCHYMAL_TRANSITION",1,0.9995,TRUE
"pcs","GSE282302","C3_D7","HALLMARK_EPITHELIAL_MESENCHYMAL_TRANSITION",1,0.998375,TRUE
"libsize","GSE282302","C3_D8","HALLMARK_EPITHELIAL_MESENCHYMAL_TRANSITION",1,0.996625,TRUE
"none","GSE282302","C3_D8","HALLMARK_EPITHELIAL_MESENCHYMAL_TRANSITION",0.75,0.749625,TRUE
"pcs","GSE282302","C3_D8","HALLMARK_EPITHELIAL_MESENCHYMAL_TRANSITION",1,0.9995,TRUE
"libsize","GSE282302","C3_D9","HALLMARK_EPITHELIAL_MESENCHYMAL_TRANSITION",0.75,0.907625,TRUE
"none","GSE282302","C3_D9","HALLMARK_EPITHELIAL_MESENCHYMAL_TRANSITION",0.5,0.667,TRUE
"pcs","GSE282302","C3_D9","HALLMARK_EPITHELIAL_MESENCHYMAL_TRANSITION",1,0.9995,TRUE
"libsize","GSE274557","Pt1","HALLMARK_EPITHELIAL_MESENCHYMAL_TRANSITION",1,0.9995,TRUE
"none","GSE274557","Pt1","HALLMARK_EPITHELIAL_MESENCHYMAL_TRANSITION",0,0.2355,FALSE
"pcs","GSE274557","Pt1","HALLMARK_EPITHELIAL_MESENCHYMAL_TRANSITION",1,0.9995,TRUE
"libsize","GSE274557","Pt10","HALLMARK_EPITHELIAL_MESENCHYMAL_TRANSITION",1,0.9995,TRUE
"none","GSE274557","Pt10","HALLMARK_EPITHELIAL_MESENCHYMAL_TRANSITION",0,0.00237499999999999,FALSE
"pcs","GSE274557","Pt10","HALLMARK_EPITHELIAL_MESENCHYMAL_TRANSITION",0.75,0.98725,TRUE
"libsize","GSE274557","Pt11","HALLMARK_EPITHELIAL_MESENCHYMAL_TRANSITION",0.75,0.989125,TRUE
"none","GSE274557","Pt11","HALLMARK_EPITHELIAL_MESENCHYMAL_TRANSITION",0.25,0.897875,FALSE
"pcs","GSE274557","Pt11","HALLMARK_EPITHELIAL_MESENCHYMAL_TRANSITION",0.75,0.981625,TRUE
"libsize","GSE274557","Pt12","HALLMARK_EPITHELIAL_MESENCHYMAL_TRANSITION",1,0.9995,TRUE
"none","GSE274557","Pt12","HALLMARK_EPITHELIAL_MESENCHYMAL_TRANSITION",0,0.14925,FALSE
"pcs","GSE274557","Pt12","HALLMARK_EPITHELIAL_MESENCHYMAL_TRANSITION",0.75,0.934,TRUE
"libsize","GSE274557","Pt13","HALLMARK_EPITHELIAL_MESENCHYMAL_TRANSITION",0.571428571428571,0.938571428571429,TRUE
"none","GSE274557","Pt13","HALLMARK_EPITHELIAL_MESENCHYMAL_TRANSITION",0,0.237571428571429,FALSE
"pcs","GSE274557","Pt13","HALLMARK_EPITHELIAL_MESENCHYMAL_TRANSITION",0.857142857142857,0.994714285714286,TRUE
"libsize","GSE274557","Pt2","HALLMARK_EPITHELIAL_MESENCHYMAL_TRANSITION",1,0.9995,TRUE
"none","GSE274557","Pt2","HALLMARK_EPITHELIAL_MESENCHYMAL_TRANSITION",0.333333333333333,0.334,FALSE
"pcs","GSE274557","Pt2","HALLMARK_EPITHELIAL_MESENCHYMAL_TRANSITION",1,0.9995,TRUE
"libsize","GSE274557","Pt3","HALLMARK_EPITHELIAL_MESENCHYMAL_TRANSITION",0.75,0.99475,TRUE
"none","GSE274557","Pt3","HALLMARK_EPITHELIAL_MESENCHYMAL_TRANSITION",0.25,0.29075,FALSE
"pcs","GSE274557","Pt3","HALLMARK_EPITHELIAL_MESENCHYMAL_TRANSITION",1,0.9995,TRUE
"libsize","GSE274557","Pt4","HALLMARK_EPITHELIAL_MESENCHYMAL_TRANSITION",1,0.9995,TRUE
"none","GSE274557","Pt4","HALLMARK_EPITHELIAL_MESENCHYMAL_TRANSITION",0.25,0.311375,FALSE
"pcs","GSE274557","Pt4","HALLMARK_EPITHELIAL_MESENCHYMAL_TRANSITION",1,0.998875,TRUE
"libsize","GSE274557","Pt5","HALLMARK_EPITHELIAL_MESENCHYMAL_TRANSITION",0.666666666666667,0.822,TRUE
"none","GSE274557","Pt5","HALLMARK_EPITHELIAL_MESENCHYMAL_TRANSITION",0.666666666666667,0.785833333333333,TRUE
"pcs","GSE274557","Pt5","HALLMARK_EPITHELIAL_MESENCHYMAL_TRANSITION",1,0.998666666666667,TRUE
"libsize","GSE274557","Pt6","HALLMARK_EPITHELIAL_MESENCHYMAL_TRANSITION",1,0.99825,TRUE
"none","GSE274557","Pt6","HALLMARK_EPITHELIAL_MESENCHYMAL_TRANSITION",0.666666666666667,0.673333333333333,TRUE
"pcs","GSE274557","Pt6","HALLMARK_EPITHELIAL_MESENCHYMAL_TRANSITION",0.666666666666667,0.854833333333333,TRUE
"libsize","GSE274557","Pt7","HALLMARK_EPITHELIAL_MESENCHYMAL_TRANSITION",0.75,0.94525,TRUE
"none","GSE274557","Pt7","HALLMARK_EPITHELIAL_MESENCHYMAL_TRANSITION",0.25,0.432625,FALSE
"pcs","GSE274557","Pt7","HALLMARK_EPITHELIAL_MESENCHYMAL_TRANSITION",1,0.9995,TRUE
"libsize","GSE274557","Pt8","HALLMARK_EPITHELIAL_MESENCHYMAL_TRANSITION",0.8,0.9923,TRUE
"none","GSE274557","Pt8","HALLMARK_EPITHELIAL_MESENCHYMAL_TRANSITION",0,0.1859,FALSE
"pcs","GSE274557","Pt8","HALLMARK_EPITHELIAL_MESENCHYMAL_TRANSITION",1,0.9986,TRUE
"libsize","GSE274557","Pt9","HALLMARK_EPITHELIAL_MESENCHYMAL_TRANSITION",0.75,0.995125,TRUE
"none","GSE274557","Pt9","HALLMARK_EPITHELIAL_MESENCHYMAL_TRANSITION",0,0.0675,FALSE
"pcs","GSE274557","Pt9","HALLMARK_EPITHELIAL_MESENCHYMAL_TRANSITION",1,0.9995,TRUE
"libsize","GSE282302","C1_D1","HALLMARK_ESTROGEN_RESPONSE_EARLY",1,0.9995,TRUE
"none","GSE282302","C1_D1","HALLMARK_ESTROGEN_RESPONSE_EARLY",0,0.52,FALSE
"pcs","GSE282302","C1_D1","HALLMARK_ESTROGEN_RESPONSE_EARLY",0,0.324,FALSE
"libsize","GSE282302","C1_D10","HALLMARK_ESTROGEN_RESPONSE_EARLY",0.5,0.83025,TRUE
"none","GSE282302","C1_D10","HALLMARK_ESTROGEN_RESPONSE_EARLY",0,0.764,FALSE
"pcs","GSE282302","C1_D10","HALLMARK_ESTROGEN_RESPONSE_EARLY",0.5,0.72175,TRUE
"libsize","GSE282302","C1_D11","HALLMARK_ESTROGEN_RESPONSE_EARLY",1,0.9995,TRUE
"none","GSE282302","C1_D11","HALLMARK_ESTROGEN_RESPONSE_EARLY",1,0.998,TRUE
"pcs","GSE282302","C1_D11","HALLMARK_ESTROGEN_RESPONSE_EARLY",0.5,0.96575,TRUE
"libsize","GSE282302","C1_D12","HALLMARK_ESTROGEN_RESPONSE_EARLY",1,0.99925,TRUE
"none","GSE282302","C1_D12","HALLMARK_ESTROGEN_RESPONSE_EARLY",1,0.999,TRUE
"pcs","GSE282302","C1_D12","HALLMARK_ESTROGEN_RESPONSE_EARLY",0.5,0.8345,TRUE
"libsize","GSE282302","C1_D13","HALLMARK_ESTROGEN_RESPONSE_EARLY",0.5,0.97775,TRUE
"none","GSE282302","C1_D13","HALLMARK_ESTROGEN_RESPONSE_EARLY",1,0.98625,TRUE
"pcs","GSE282302","C1_D13","HALLMARK_ESTROGEN_RESPONSE_EARLY",0.5,0.9755,TRUE
"libsize","GSE282302","C1_D14","HALLMARK_ESTROGEN_RESPONSE_EARLY",1,0.9995,TRUE
"none","GSE282302","C1_D14","HALLMARK_ESTROGEN_RESPONSE_EARLY",0,0.786166666666667,FALSE
"pcs","GSE282302","C1_D14","HALLMARK_ESTROGEN_RESPONSE_EARLY",0.333333333333333,0.893833333333333,FALSE
"libsize","GSE282302","C1_D2","HALLMARK_ESTROGEN_RESPONSE_EARLY",0,0.9065,FALSE
"none","GSE282302","C1_D2","HALLMARK_ESTROGEN_RESPONSE_EARLY",0,0.3625,FALSE
"pcs","GSE282302","C1_D2","HALLMARK_ESTROGEN_RESPONSE_EARLY",0,0.9405,FALSE
"libsize","GSE282302","C1_D3","HALLMARK_ESTROGEN_RESPONSE_EARLY",0,0.929,FALSE
"none","GSE282302","C1_D3","HALLMARK_ESTROGEN_RESPONSE_EARLY",0,0.8895,FALSE
"pcs","GSE282302","C1_D3","HALLMARK_ESTROGEN_RESPONSE_EARLY",0,0.6525,FALSE
"libsize","GSE282302","C1_D4","HALLMARK_ESTROGEN_RESPONSE_EARLY",1,0.9995,TRUE
"none","GSE282302","C1_D4","HALLMARK_ESTROGEN_RESPONSE_EARLY",0,0.4055,FALSE
"pcs","GSE282302","C1_D4","HALLMARK_ESTROGEN_RESPONSE_EARLY",0,0.878,FALSE
"libsize","GSE282302","C1_D5","HALLMARK_ESTROGEN_RESPONSE_EARLY",1,0.9965,TRUE
"none","GSE282302","C1_D5","HALLMARK_ESTROGEN_RESPONSE_EARLY",0,0.0625,FALSE
"pcs","GSE282302","C1_D5","HALLMARK_ESTROGEN_RESPONSE_EARLY",1,0.9965,TRUE
"libsize","GSE282302","C1_D6","HALLMARK_ESTROGEN_RESPONSE_EARLY",0,0.4565,FALSE
"none","GSE282302","C1_D6","HALLMARK_ESTROGEN_RESPONSE_EARLY",0,0.2545,FALSE
"pcs","GSE282302","C1_D6","HALLMARK_ESTROGEN_RESPONSE_EARLY",0,0.8235,FALSE
"libsize","GSE282302","C1_D7","HALLMARK_ESTROGEN_RESPONSE_EARLY",1,0.9995,TRUE
"none","GSE282302","C1_D7","HALLMARK_ESTROGEN_RESPONSE_EARLY",1,0.982,TRUE
"pcs","GSE282302","C1_D7","HALLMARK_ESTROGEN_RESPONSE_EARLY",1,0.9995,TRUE
"libsize","GSE282302","C1_D8","HALLMARK_ESTROGEN_RESPONSE_EARLY",1,0.99925,TRUE
"none","GSE282302","C1_D8","HALLMARK_ESTROGEN_RESPONSE_EARLY",0.5,0.643,TRUE
"pcs","GSE282302","C1_D8","HALLMARK_ESTROGEN_RESPONSE_EARLY",0,0.8215,FALSE
"libsize","GSE282302","C1_D9","HALLMARK_ESTROGEN_RESPONSE_EARLY",1,0.99925,TRUE
"none","GSE282302","C1_D9","HALLMARK_ESTROGEN_RESPONSE_EARLY",0.5,0.79325,TRUE
"pcs","GSE282302","C1_D9","HALLMARK_ESTROGEN_RESPONSE_EARLY",0,0.5355,FALSE
"libsize","GSE282302","C2_D1","HALLMARK_ESTROGEN_RESPONSE_EARLY",0,0.8085,FALSE
"none","GSE282302","C2_D1","HALLMARK_ESTROGEN_RESPONSE_EARLY",0,0.0965,FALSE
"pcs","GSE282302","C2_D1","HALLMARK_ESTROGEN_RESPONSE_EARLY",0,0.949,FALSE
"libsize","GSE282302","C2_D10","HALLMARK_ESTROGEN_RESPONSE_EARLY",1,0.989625,TRUE
"none","GSE282302","C2_D10","HALLMARK_ESTROGEN_RESPONSE_EARLY",0.25,0.95175,FALSE
"pcs","GSE282302","C2_D10","HALLMARK_ESTROGEN_RESPONSE_EARLY",0.5,0.88425,TRUE
"libsize","GSE282302","C2_D11","HALLMARK_ESTROGEN_RESPONSE_EARLY",0.75,0.7644375,TRUE
"none","GSE282302","C2_D11","HALLMARK_ESTROGEN_RESPONSE_EARLY",0.375,0.4979375,FALSE
"pcs","GSE282302","C2_D11","HALLMARK_ESTROGEN_RESPONSE_EARLY",0.375,0.771125,FALSE
"libsize","GSE282302","C2_D12","HALLMARK_ESTROGEN_RESPONSE_EARLY",0,0.9135,FALSE
"none","GSE282302","C2_D12","HALLMARK_ESTROGEN_RESPONSE_EARLY",0,0.0315,FALSE
"pcs","GSE282302","C2_D12","HALLMARK_ESTROGEN_RESPONSE_EARLY",0,0.4485,FALSE
"libsize","GSE282302","C2_D13","HALLMARK_ESTROGEN_RESPONSE_EARLY",0,0.7225,FALSE
"none","GSE282302","C2_D13","HALLMARK_ESTROGEN_RESPONSE_EARLY",0,0.605,FALSE
"pcs","GSE282302","C2_D13","HALLMARK_ESTROGEN_RESPONSE_EARLY",0,0.0105,FALSE
"libsize","GSE282302","C2_D2","HALLMARK_ESTROGEN_RESPONSE_EARLY",0,0.0659999999999999,FALSE
"none","GSE282302","C2_D2","HALLMARK_ESTROGEN_RESPONSE_EARLY",0,0.0425,FALSE
"pcs","GSE282302","C2_D2","HALLMARK_ESTROGEN_RESPONSE_EARLY",0,0.6925,FALSE
"libsize","GSE282302","C2_D3","HALLMARK_ESTROGEN_RESPONSE_EARLY",1,0.9995,TRUE
"none","GSE282302","C2_D3","HALLMARK_ESTROGEN_RESPONSE_EARLY",1,0.9995,TRUE
"pcs","GSE282302","C2_D3","HALLMARK_ESTROGEN_RESPONSE_EARLY",1,0.987,TRUE
"libsize","GSE282302","C2_D4","HALLMARK_ESTROGEN_RESPONSE_EARLY",0,0.6255,FALSE
"none","GSE282302","C2_D4","HALLMARK_ESTROGEN_RESPONSE_EARLY",0,0.4535,FALSE
"pcs","GSE282302","C2_D4","HALLMARK_ESTROGEN_RESPONSE_EARLY",0,0.515,FALSE
"libsize","GSE282302","C2_D5","HALLMARK_ESTROGEN_RESPONSE_EARLY",0.5,0.573,TRUE
"none","GSE282302","C2_D5","HALLMARK_ESTROGEN_RESPONSE_EARLY",0,0.369,FALSE
"pcs","GSE282302","C2_D5","HALLMARK_ESTROGEN_RESPONSE_EARLY",0.5,0.895,TRUE
"libsize","GSE282302","C2_D6","HALLMARK_ESTROGEN_RESPONSE_EARLY",0,0.56025,FALSE
"none","GSE282302","C2_D6","HALLMARK_ESTROGEN_RESPONSE_EARLY",0,0.49425,FALSE
"pcs","GSE282302","C2_D6","HALLMARK_ESTROGEN_RESPONSE_EARLY",1,0.9985,TRUE
"libsize","GSE282302","C2_D7","HALLMARK_ESTROGEN_RESPONSE_EARLY",1,0.9995,TRUE
"none","GSE282302","C2_D7","HALLMARK_ESTROGEN_RESPONSE_EARLY",0,0.72375,FALSE
"pcs","GSE282302","C2_D7","HALLMARK_ESTROGEN_RESPONSE_EARLY",0.5,0.80925,TRUE
"libsize","GSE282302","C2_D8","HALLMARK_ESTROGEN_RESPONSE_EARLY",1,0.994125,TRUE
"none","GSE282302","C2_D8","HALLMARK_ESTROGEN_RESPONSE_EARLY",0.5,0.874,TRUE
"pcs","GSE282302","C2_D8","HALLMARK_ESTROGEN_RESPONSE_EARLY",0.25,0.66875,FALSE
"libsize","GSE282302","C2_D9","HALLMARK_ESTROGEN_RESPONSE_EARLY",1,0.995666666666667,TRUE
"none","GSE282302","C2_D9","HALLMARK_ESTROGEN_RESPONSE_EARLY",0.333333333333333,0.805416666666667,FALSE
"pcs","GSE282302","C2_D9","HALLMARK_ESTROGEN_RESPONSE_EARLY",0,0.526916666666667,FALSE
"libsize","GSE282302","C3_D1","HALLMARK_ESTROGEN_RESPONSE_EARLY",0.5,0.951375,TRUE
"none","GSE282302","C3_D1","HALLMARK_ESTROGEN_RESPONSE_EARLY",0.5,0.602125,TRUE
"pcs","GSE282302","C3_D1","HALLMARK_ESTROGEN_RESPONSE_EARLY",0.25,0.83375,FALSE
"libsize","GSE282302","C3_D10","HALLMARK_ESTROGEN_RESPONSE_EARLY",0.75,0.99125,TRUE
"none","GSE282302","C3_D10","HALLMARK_ESTROGEN_RESPONSE_EARLY",0.5,0.96725,TRUE
"pcs","GSE282302","C3_D10","HALLMARK_ESTROGEN_RESPONSE_EARLY",0.25,0.713,FALSE
"libsize","GSE282302","C3_D11","HALLMARK_ESTROGEN_RESPONSE_EARLY",1,0.9995,TRUE
"none","GSE282302","C3_D11","HALLMARK_ESTROGEN_RESPONSE_EARLY",0.75,0.992,TRUE
"pcs","GSE282302","C3_D11","HALLMARK_ESTROGEN_RESPONSE_EARLY",0.75,0.913375,TRUE
"libsize","GSE282302","C3_D12","HALLMARK_ESTROGEN_RESPONSE_EARLY",0.5,0.6164375,TRUE
"none","GSE282302","C3_D12","HALLMARK_ESTROGEN_RESPONSE_EARLY",0.625,0.854,TRUE
"pcs","GSE282302","C3_D12","HALLMARK_ESTROGEN_RESPONSE_EARLY",0.375,0.8333125,FALSE
"libsize","GSE282302","C3_D2","HALLMARK_ESTROGEN_RESPONSE_EARLY",0.75,0.84625,TRUE
"none","GSE282302","C3_D2","HALLMARK_ESTROGEN_RESPONSE_EARLY",0.5,0.784875,TRUE
"pcs","GSE282302","C3_D2","HALLMARK_ESTROGEN_RESPONSE_EARLY",0,0.843625,FALSE
"libsize","GSE282302","C3_D3","HALLMARK_ESTROGEN_RESPONSE_EARLY",0.25,0.7235,FALSE
"none","GSE282302","C3_D3","HALLMARK_ESTROGEN_RESPONSE_EARLY",0,0.64675,FALSE
"pcs","GSE282302","C3_D3","HALLMARK_ESTROGEN_RESPONSE_EARLY",0.25,0.9515,FALSE
"libsize","GSE282302","C3_D4","HALLMARK_ESTROGEN_RESPONSE_EARLY",1,0.998125,TRUE
"none","GSE282302","C3_D4","HALLMARK_ESTROGEN_RESPONSE_EARLY",0.5,0.88,TRUE
"pcs","GSE282302","C3_D4","HALLMARK_ESTROGEN_RESPONSE_EARLY",0.5,0.924625,TRUE
"libsize","GSE282302","C3_D5","HALLMARK_ESTROGEN_RESPONSE_EARLY",0.75,0.81825,TRUE
"none","GSE282302","C3_D5","HALLMARK_ESTROGEN_RESPONSE_EARLY",0.75,0.788,TRUE
"pcs","GSE282302","C3_D5","HALLMARK_ESTROGEN_RESPONSE_EARLY",0.75,0.843875,TRUE
"libsize","GSE282302","C3_D6","HALLMARK_ESTROGEN_RESPONSE_EARLY",0.75,0.990625,TRUE
"none","GSE282302","C3_D6","HALLMARK_ESTROGEN_RESPONSE_EARLY",0.5,0.947625,TRUE
"pcs","GSE282302","C3_D6","HALLMARK_ESTROGEN_RESPONSE_EARLY",0,0.900875,FALSE
"libsize","GSE282302","C3_D7","HALLMARK_ESTROGEN_RESPONSE_EARLY",0.75,0.962375,TRUE
"none","GSE282302","C3_D7","HALLMARK_ESTROGEN_RESPONSE_EARLY",0.25,0.769875,FALSE
"pcs","GSE282302","C3_D7","HALLMARK_ESTROGEN_RESPONSE_EARLY",0,0.731125,FALSE
"libsize","GSE282302","C3_D8","HALLMARK_ESTROGEN_RESPONSE_EARLY",0.75,0.7525,TRUE
"none","GSE282302","C3_D8","HALLMARK_ESTROGEN_RESPONSE_EARLY",0,0.37275,FALSE
"pcs","GSE282302","C3_D8","HALLMARK_ESTROGEN_RESPONSE_EARLY",0.25,0.935,FALSE
"libsize","GSE282302","C3_D9","HALLMARK_ESTROGEN_RESPONSE_EARLY",0.75,0.81625,TRUE
"none","GSE282302","C3_D9","HALLMARK_ESTROGEN_RESPONSE_EARLY",0.75,0.807875,TRUE
"pcs","GSE282302","C3_D9","HALLMARK_ESTROGEN_RESPONSE_EARLY",0.5,0.931875,TRUE
"libsize","GSE274557","Pt1","HALLMARK_ESTROGEN_RESPONSE_EARLY",0.5,0.80425,TRUE
"none","GSE274557","Pt1","HALLMARK_ESTROGEN_RESPONSE_EARLY",0.5,0.95375,TRUE
"pcs","GSE274557","Pt1","HALLMARK_ESTROGEN_RESPONSE_EARLY",0,0.494,FALSE
"libsize","GSE274557","Pt10","HALLMARK_ESTROGEN_RESPONSE_EARLY",0.75,0.9855,TRUE
"none","GSE274557","Pt10","HALLMARK_ESTROGEN_RESPONSE_EARLY",0.25,0.94625,FALSE
"pcs","GSE274557","Pt10","HALLMARK_ESTROGEN_RESPONSE_EARLY",0.25,0.760875,FALSE
"libsize","GSE274557","Pt11","HALLMARK_ESTROGEN_RESPONSE_EARLY",0.75,0.94425,TRUE
"none","GSE274557","Pt11","HALLMARK_ESTROGEN_RESPONSE_EARLY",0.5,0.847875,TRUE
"pcs","GSE274557","Pt11","HALLMARK_ESTROGEN_RESPONSE_EARLY",0.25,0.707875,FALSE
"libsize","GSE274557","Pt12","HALLMARK_ESTROGEN_RESPONSE_EARLY",0.25,0.682,FALSE
"none","GSE274557","Pt12","HALLMARK_ESTROGEN_RESPONSE_EARLY",0.75,0.748,TRUE
"pcs","GSE274557","Pt12","HALLMARK_ESTROGEN_RESPONSE_EARLY",0,0.3945,FALSE
"libsize","GSE274557","Pt13","HALLMARK_ESTROGEN_RESPONSE_EARLY",0.142857142857143,0.9065,FALSE
"none","GSE274557","Pt13","HALLMARK_ESTROGEN_RESPONSE_EARLY",0,0.780071428571429,FALSE
"pcs","GSE274557","Pt13","HALLMARK_ESTROGEN_RESPONSE_EARLY",0.285714285714286,0.683,FALSE
"libsize","GSE274557","Pt2","HALLMARK_ESTROGEN_RESPONSE_EARLY",0.666666666666667,0.9775,TRUE
"none","GSE274557","Pt2","HALLMARK_ESTROGEN_RESPONSE_EARLY",0.333333333333333,0.885166666666667,FALSE
"pcs","GSE274557","Pt2","HALLMARK_ESTROGEN_RESPONSE_EARLY",0.333333333333333,0.675333333333333,FALSE
"libsize","GSE274557","Pt3","HALLMARK_ESTROGEN_RESPONSE_EARLY",0.75,0.97075,TRUE
"none","GSE274557","Pt3","HALLMARK_ESTROGEN_RESPONSE_EARLY",0,0.213625,FALSE
"pcs","GSE274557","Pt3","HALLMARK_ESTROGEN_RESPONSE_EARLY",0,0.45525,FALSE
"libsize","GSE274557","Pt4","HALLMARK_ESTROGEN_RESPONSE_EARLY",0.75,0.952875,TRUE
"none","GSE274557","Pt4","HALLMARK_ESTROGEN_RESPONSE_EARLY",0.25,0.621125,FALSE
"pcs","GSE274557","Pt4","HALLMARK_ESTROGEN_RESPONSE_EARLY",0,0.77025,FALSE
"libsize","GSE274557","Pt5","HALLMARK_ESTROGEN_RESPONSE_EARLY",0.666666666666667,0.752833333333333,TRUE
"none","GSE274557","Pt5","HALLMARK_ESTROGEN_RESPONSE_EARLY",0,0.695333333333333,FALSE
"pcs","GSE274557","Pt5","HALLMARK_ESTROGEN_RESPONSE_EARLY",0.333333333333333,0.709333333333333,FALSE
"libsize","GSE274557","Pt6","HALLMARK_ESTROGEN_RESPONSE_EARLY",0.666666666666667,0.981083333333333,TRUE
"none","GSE274557","Pt6","HALLMARK_ESTROGEN_RESPONSE_EARLY",0.333333333333333,0.830333333333333,FALSE
"pcs","GSE274557","Pt6","HALLMARK_ESTROGEN_RESPONSE_EARLY",0.166666666666667,0.668333333333333,FALSE
"libsize","GSE274557","Pt7","HALLMARK_ESTROGEN_RESPONSE_EARLY",1,0.998375,TRUE
"none","GSE274557","Pt7","HALLMARK_ESTROGEN_RESPONSE_EARLY",0.5,0.716375,TRUE
"pcs","GSE274557","Pt7","HALLMARK_ESTROGEN_RESPONSE_EARLY",0,0.811625,FALSE
"libsize","GSE274557","Pt8","HALLMARK_ESTROGEN_RESPONSE_EARLY",0.4,0.7763,FALSE
"none","GSE274557","Pt8","HALLMARK_ESTROGEN_RESPONSE_EARLY",0,0.7095,FALSE
"pcs","GSE274557","Pt8","HALLMARK_ESTROGEN_RESPONSE_EARLY",0.4,0.7886,FALSE
"libsize","GSE274557","Pt9","HALLMARK_ESTROGEN_RESPONSE_EARLY",0.75,0.946375,TRUE
"none","GSE274557","Pt9","HALLMARK_ESTROGEN_RESPONSE_EARLY",0.25,0.95075,FALSE
"pcs","GSE274557","Pt9","HALLMARK_ESTROGEN_RESPONSE_EARLY",0,0.607875,FALSE
"libsize","GSE282302","C1_D1","HALLMARK_ESTROGEN_RESPONSE_LATE",1,0.9995,TRUE
"none","GSE282302","C1_D1","HALLMARK_ESTROGEN_RESPONSE_LATE",0,0.2895,FALSE
"pcs","GSE282302","C1_D1","HALLMARK_ESTROGEN_RESPONSE_LATE",0,0.0985,FALSE
"libsize","GSE282302","C1_D10","HALLMARK_ESTROGEN_RESPONSE_LATE",0,0.506,FALSE
"none","GSE282302","C1_D10","HALLMARK_ESTROGEN_RESPONSE_LATE",0.5,0.71025,TRUE
"pcs","GSE282302","C1_D10","HALLMARK_ESTROGEN_RESPONSE_LATE",0.5,0.95125,TRUE
"libsize","GSE282302","C1_D11","HALLMARK_ESTROGEN_RESPONSE_LATE",1,0.9995,TRUE
"none","GSE282302","C1_D11","HALLMARK_ESTROGEN_RESPONSE_LATE",1,0.9995,TRUE
"pcs","GSE282302","C1_D11","HALLMARK_ESTROGEN_RESPONSE_LATE",0,0.80025,FALSE
"libsize","GSE282302","C1_D12","HALLMARK_ESTROGEN_RESPONSE_LATE",1,0.9995,TRUE
"none","GSE282302","C1_D12","HALLMARK_ESTROGEN_RESPONSE_LATE",1,0.9995,TRUE
"pcs","GSE282302","C1_D12","HALLMARK_ESTROGEN_RESPONSE_LATE",0.5,0.80325,TRUE
"libsize","GSE282302","C1_D13","HALLMARK_ESTROGEN_RESPONSE_LATE",1,0.998,TRUE
"none","GSE282302","C1_D13","HALLMARK_ESTROGEN_RESPONSE_LATE",0.5,0.9775,TRUE
"pcs","GSE282302","C1_D13","HALLMARK_ESTROGEN_RESPONSE_LATE",1,0.99925,TRUE
"libsize","GSE282302","C1_D14","HALLMARK_ESTROGEN_RESPONSE_LATE",1,0.9995,TRUE
"none","GSE282302","C1_D14","HALLMARK_ESTROGEN_RESPONSE_LATE",0.333333333333333,0.953666666666667,FALSE
"pcs","GSE282302","C1_D14","HALLMARK_ESTROGEN_RESPONSE_LATE",0.333333333333333,0.896333333333333,FALSE
"libsize","GSE282302","C1_D2","HALLMARK_ESTROGEN_RESPONSE_LATE",1,0.9975,TRUE
"none","GSE282302","C1_D2","HALLMARK_ESTROGEN_RESPONSE_LATE",0,0.9345,FALSE
"pcs","GSE282302","C1_D2","HALLMARK_ESTROGEN_RESPONSE_LATE",0,0.8735,FALSE
"libsize","GSE282302","C1_D3","HALLMARK_ESTROGEN_RESPONSE_LATE",0,0.9085,FALSE
"none","GSE282302","C1_D3","HALLMARK_ESTROGEN_RESPONSE_LATE",0,0.473,FALSE
"pcs","GSE282302","C1_D3","HALLMARK_ESTROGEN_RESPONSE_LATE",1,0.9835,TRUE
"libsize","GSE282302","C1_D4","HALLMARK_ESTROGEN_RESPONSE_LATE",1,0.9995,TRUE
"none","GSE282302","C1_D4","HALLMARK_ESTROGEN_RESPONSE_LATE",0,0.5575,FALSE
"pcs","GSE282302","C1_D4","HALLMARK_ESTROGEN_RESPONSE_LATE",0,0.891,FALSE
"libsize","GSE282302","C1_D5","HALLMARK_ESTROGEN_RESPONSE_LATE",1,0.9995,TRUE
"none","GSE282302","C1_D5","HALLMARK_ESTROGEN_RESPONSE_LATE",0,0.115,FALSE
"pcs","GSE282302","C1_D5","HALLMARK_ESTROGEN_RESPONSE_LATE",0,0.931,FALSE
"libsize","GSE282302","C1_D6","HALLMARK_ESTROGEN_RESPONSE_LATE",0,0.303,FALSE
"none","GSE282302","C1_D6","HALLMARK_ESTROGEN_RESPONSE_LATE",0,0.3685,FALSE
"pcs","GSE282302","C1_D6","HALLMARK_ESTROGEN_RESPONSE_LATE",0,0.968,FALSE
"libsize","GSE282302","C1_D7","HALLMARK_ESTROGEN_RESPONSE_LATE",1,0.9995,TRUE
"none","GSE282302","C1_D7","HALLMARK_ESTROGEN_RESPONSE_LATE",1,0.9995,TRUE
"pcs","GSE282302","C1_D7","HALLMARK_ESTROGEN_RESPONSE_LATE",1,0.9995,TRUE
"libsize","GSE282302","C1_D8","HALLMARK_ESTROGEN_RESPONSE_LATE",1,0.9995,TRUE
"none","GSE282302","C1_D8","HALLMARK_ESTROGEN_RESPONSE_LATE",0.5,0.76275,TRUE
"pcs","GSE282302","C1_D8","HALLMARK_ESTROGEN_RESPONSE_LATE",0.5,0.84325,TRUE
"libsize","GSE282302","C1_D9","HALLMARK_ESTROGEN_RESPONSE_LATE",1,0.99925,TRUE
"none","GSE282302","C1_D9","HALLMARK_ESTROGEN_RESPONSE_LATE",0,0.90775,FALSE
"pcs","GSE282302","C1_D9","HALLMARK_ESTROGEN_RESPONSE_LATE",0.5,0.917,TRUE
"libsize","GSE282302","C2_D1","HALLMARK_ESTROGEN_RESPONSE_LATE",0,0.776,FALSE
"none","GSE282302","C2_D1","HALLMARK_ESTROGEN_RESPONSE_LATE",0,0.013,FALSE
"pcs","GSE282302","C2_D1","HALLMARK_ESTROGEN_RESPONSE_LATE",0,0.6815,FALSE
"libsize","GSE282302","C2_D10","HALLMARK_ESTROGEN_RESPONSE_LATE",1,0.989125,TRUE
"none","GSE282302","C2_D10","HALLMARK_ESTROGEN_RESPONSE_LATE",1,0.987125,TRUE
"pcs","GSE282302","C2_D10","HALLMARK_ESTROGEN_RESPONSE_LATE",0.75,0.972625,TRUE
"libsize","GSE282302","C2_D11","HALLMARK_ESTROGEN_RESPONSE_LATE",0.625,0.7355,TRUE
"none","GSE282302","C2_D11","HALLMARK_ESTROGEN_RESPONSE_LATE",0.375,0.51475,FALSE
"pcs","GSE282302","C2_D11","HALLMARK_ESTROGEN_RESPONSE_LATE",0.625,0.862625,TRUE
"libsize","GSE282302","C2_D12","HALLMARK_ESTROGEN_RESPONSE_LATE",1,0.9995,TRUE
"none","GSE282302","C2_D12","HALLMARK_ESTROGEN_RESPONSE_LATE",0,0.718,FALSE
"pcs","GSE282302","C2_D12","HALLMARK_ESTROGEN_RESPONSE_LATE",0,0.641,FALSE
"libsize","GSE282302","C2_D13","HALLMARK_ESTROGEN_RESPONSE_LATE",0,0.9375,FALSE
"none","GSE282302","C2_D13","HALLMARK_ESTROGEN_RESPONSE_LATE",0,0.8985,FALSE
"pcs","GSE282302","C2_D13","HALLMARK_ESTROGEN_RESPONSE_LATE",0,0.1175,FALSE
"libsize","GSE282302","C2_D2","HALLMARK_ESTROGEN_RESPONSE_LATE",0,0.00649999999999995,FALSE
"none","GSE282302","C2_D2","HALLMARK_ESTROGEN_RESPONSE_LATE",0,0.00800000000000001,FALSE
"pcs","GSE282302","C2_D2","HALLMARK_ESTROGEN_RESPONSE_LATE",1,0.998,TRUE
"libsize","GSE282302","C2_D3","HALLMARK_ESTROGEN_RESPONSE_LATE",1,0.9995,TRUE
"none","GSE282302","C2_D3","HALLMARK_ESTROGEN_RESPONSE_LATE",1,0.9995,TRUE
"pcs","GSE282302","C2_D3","HALLMARK_ESTROGEN_RESPONSE_LATE",0,0.888,FALSE
"libsize","GSE282302","C2_D4","HALLMARK_ESTROGEN_RESPONSE_LATE",0,0.589,FALSE
"none","GSE282302","C2_D4","HALLMARK_ESTROGEN_RESPONSE_LATE",1,0.9785,TRUE
"pcs","GSE282302","C2_D4","HALLMARK_ESTROGEN_RESPONSE_LATE",0,0.691,FALSE
"libsize","GSE282302","C2_D5","HALLMARK_ESTROGEN_RESPONSE_LATE",0.5,0.72275,TRUE
"none","GSE282302","C2_D5","HALLMARK_ESTROGEN_RESPONSE_LATE",0,0.56625,FALSE
"pcs","GSE282302","C2_D5","HALLMARK_ESTROGEN_RESPONSE_LATE",0.5,0.588,TRUE
"libsize","GSE282302","C2_D6","HALLMARK_ESTROGEN_RESPONSE_LATE",0.5,0.70975,TRUE
"none","GSE282302","C2_D6","HALLMARK_ESTROGEN_RESPONSE_LATE",0.5,0.6195,TRUE
"pcs","GSE282302","C2_D6","HALLMARK_ESTROGEN_RESPONSE_LATE",1,0.982,TRUE
"libsize","GSE282302","C2_D7","HALLMARK_ESTROGEN_RESPONSE_LATE",1,0.9995,TRUE
"none","GSE282302","C2_D7","HALLMARK_ESTROGEN_RESPONSE_LATE",0.5,0.76775,TRUE
"pcs","GSE282302","C2_D7","HALLMARK_ESTROGEN_RESPONSE_LATE",1,0.99475,TRUE
"libsize","GSE282302","C2_D8","HALLMARK_ESTROGEN_RESPONSE_LATE",0.75,0.9875,TRUE
"none","GSE282302","C2_D8","HALLMARK_ESTROGEN_RESPONSE_LATE",0.5,0.95925,TRUE
"pcs","GSE282302","C2_D8","HALLMARK_ESTROGEN_RESPONSE_LATE",0.25,0.638875,FALSE
"libsize","GSE282302","C2_D9","HALLMARK_ESTROGEN_RESPONSE_LATE",1,0.999416666666667,TRUE
"none","GSE282302","C2_D9","HALLMARK_ESTROGEN_RESPONSE_LATE",0.5,0.920916666666667,TRUE
"pcs","GSE282302","C2_D9","HALLMARK_ESTROGEN_RESPONSE_LATE",0.166666666666667,0.6355,FALSE
"libsize","GSE282302","C3_D1","HALLMARK_ESTROGEN_RESPONSE_LATE",0.5,0.872,TRUE
"none","GSE282302","C3_D1","HALLMARK_ESTROGEN_RESPONSE_LATE",0.5,0.538625,TRUE
"pcs","GSE282302","C3_D1","HALLMARK_ESTROGEN_RESPONSE_LATE",0.75,0.98025,TRUE
"libsize","GSE282302","C3_D10","HALLMARK_ESTROGEN_RESPONSE_LATE",1,0.996875,TRUE
"none","GSE282302","C3_D10","HALLMARK_ESTROGEN_RESPONSE_LATE",0.75,0.991125,TRUE
"pcs","GSE282302","C3_D10","HALLMARK_ESTROGEN_RESPONSE_LATE",0.5,0.965625,TRUE
"libsize","GSE282302","C3_D11","HALLMARK_ESTROGEN_RESPONSE_LATE",1,0.9995,TRUE
"none","GSE282302","C3_D11","HALLMARK_ESTROGEN_RESPONSE_LATE",0.75,0.997,TRUE
"pcs","GSE282302","C3_D11","HALLMARK_ESTROGEN_RESPONSE_LATE",0.75,0.986375,TRUE
"libsize","GSE282302","C3_D12","HALLMARK_ESTROGEN_RESPONSE_LATE",0.5,0.538125,TRUE
"none","GSE282302","C3_D12","HALLMARK_ESTROGEN_RESPONSE_LATE",0.875,0.868625,TRUE
"pcs","GSE282302","C3_D12","HALLMARK_ESTROGEN_RESPONSE_LATE",0.75,0.9789375,TRUE
"libsize","GSE282302","C3_D2","HALLMARK_ESTROGEN_RESPONSE_LATE",0.5,0.734875,TRUE
"none","GSE282302","C3_D2","HALLMARK_ESTROGEN_RESPONSE_LATE",0.5,0.740875,TRUE
"pcs","GSE282302","C3_D2","HALLMARK_ESTROGEN_RESPONSE_LATE",0.25,0.87375,FALSE
"libsize","GSE282302","C3_D3","HALLMARK_ESTROGEN_RESPONSE_LATE",0.25,0.72975,FALSE
"none","GSE282302","C3_D3","HALLMARK_ESTROGEN_RESPONSE_LATE",0,0.702125,FALSE
"pcs","GSE282302","C3_D3","HALLMARK_ESTROGEN_RESPONSE_LATE",0.75,0.977875,TRUE
"libsize","GSE282302","C3_D4","HALLMARK_ESTROGEN_RESPONSE_LATE",1,0.9995,TRUE
"none","GSE282302","C3_D4","HALLMARK_ESTROGEN_RESPONSE_LATE",1,0.999125,TRUE
"pcs","GSE282302","C3_D4","HALLMARK_ESTROGEN_RESPONSE_LATE",0.75,0.97525,TRUE
"libsize","GSE282302","C3_D5","HALLMARK_ESTROGEN_RESPONSE_LATE",0.5,0.767,TRUE
"none","GSE282302","C3_D5","HALLMARK_ESTROGEN_RESPONSE_LATE",0.75,0.789125,TRUE
"pcs","GSE282302","C3_D5","HALLMARK_ESTROGEN_RESPONSE_LATE",1,0.995125,TRUE
"libsize","GSE282302","C3_D6","HALLMARK_ESTROGEN_RESPONSE_LATE",1,0.995125,TRUE
"none","GSE282302","C3_D6","HALLMARK_ESTROGEN_RESPONSE_LATE",0.5,0.956875,TRUE
"pcs","GSE282302","C3_D6","HALLMARK_ESTROGEN_RESPONSE_LATE",0.25,0.742,FALSE
"libsize","GSE282302","C3_D7","HALLMARK_ESTROGEN_RESPONSE_LATE",0.75,0.9535,TRUE
"none","GSE282302","C3_D7","HALLMARK_ESTROGEN_RESPONSE_LATE",0.75,0.8235,TRUE
"pcs","GSE282302","C3_D7","HALLMARK_ESTROGEN_RESPONSE_LATE",0.5,0.906375,TRUE
"libsize","GSE282302","C3_D8","HALLMARK_ESTROGEN_RESPONSE_LATE",0.75,0.75125,TRUE
"none","GSE282302","C3_D8","HALLMARK_ESTROGEN_RESPONSE_LATE",0.25,0.337625,FALSE
"pcs","GSE282302","C3_D8","HALLMARK_ESTROGEN_RESPONSE_LATE",1,0.9885,TRUE
"libsize","GSE282302","C3_D9","HALLMARK_ESTROGEN_RESPONSE_LATE",0.5,0.741125,TRUE
"none","GSE282302","C3_D9","HALLMARK_ESTROGEN_RESPONSE_LATE",0.75,0.749,TRUE
"pcs","GSE282302","C3_D9","HALLMARK_ESTROGEN_RESPONSE_LATE",1,0.99575,TRUE
"libsize","GSE274557","Pt1","HALLMARK_ESTROGEN_RESPONSE_LATE",0.5,0.64125,TRUE
"none","GSE274557","Pt1","HALLMARK_ESTROGEN_RESPONSE_LATE",0.5,0.974,TRUE
"pcs","GSE274557","Pt1","HALLMARK_ESTROGEN_RESPONSE_LATE",0,0.9205,FALSE
"libsize","GSE274557","Pt10","HALLMARK_ESTROGEN_RESPONSE_LATE",0.5,0.97625,TRUE
"none","GSE274557","Pt10","HALLMARK_ESTROGEN_RESPONSE_LATE",0.5,0.9605,TRUE
"pcs","GSE274557","Pt10","HALLMARK_ESTROGEN_RESPONSE_LATE",0,0.65825,FALSE
"libsize","GSE274557","Pt11","HALLMARK_ESTROGEN_RESPONSE_LATE",0.75,0.75575,TRUE
"none","GSE274557","Pt11","HALLMARK_ESTROGEN_RESPONSE_LATE",0.5,0.864875,TRUE
"pcs","GSE274557","Pt11","HALLMARK_ESTROGEN_RESPONSE_LATE",0.25,0.842875,FALSE
"libsize","GSE274557","Pt12","HALLMARK_ESTROGEN_RESPONSE_LATE",0.25,0.604,FALSE
"none","GSE274557","Pt12","HALLMARK_ESTROGEN_RESPONSE_LATE",0.75,0.8075,TRUE
"pcs","GSE274557","Pt12","HALLMARK_ESTROGEN_RESPONSE_LATE",0,0.576,FALSE
"libsize","GSE274557","Pt13","HALLMARK_ESTROGEN_RESPONSE_LATE",0.142857142857143,0.590071428571429,FALSE
"none","GSE274557","Pt13","HALLMARK_ESTROGEN_RESPONSE_LATE",0,0.561928571428571,FALSE
"pcs","GSE274557","Pt13","HALLMARK_ESTROGEN_RESPONSE_LATE",0.142857142857143,0.840357142857143,FALSE
"libsize","GSE274557","Pt2","HALLMARK_ESTROGEN_RESPONSE_LATE",0.666666666666667,0.921,TRUE
"none","GSE274557","Pt2","HALLMARK_ESTROGEN_RESPONSE_LATE",0.666666666666667,0.910833333333333,TRUE
"pcs","GSE274557","Pt2","HALLMARK_ESTROGEN_RESPONSE_LATE",0.333333333333333,0.829333333333333,FALSE
"libsize","GSE274557","Pt3","HALLMARK_ESTROGEN_RESPONSE_LATE",0.5,0.94325,TRUE
"none","GSE274557","Pt3","HALLMARK_ESTROGEN_RESPONSE_LATE",0,0.33025,FALSE
"pcs","GSE274557","Pt3","HALLMARK_ESTROGEN_RESPONSE_LATE",0,0.612625,FALSE
"libsize","GSE274557","Pt4","HALLMARK_ESTROGEN_RESPONSE_LATE",0.5,0.841375,TRUE
"none","GSE274557","Pt4","HALLMARK_ESTROGEN_RESPONSE_LATE",0,0.82175,FALSE
"pcs","GSE274557","Pt4","HALLMARK_ESTROGEN_RESPONSE_LATE",0.25,0.794875,FALSE
"libsize","GSE274557","Pt5","HALLMARK_ESTROGEN_RESPONSE_LATE",0.666666666666667,0.674833333333333,TRUE
"none","GSE274557","Pt5","HALLMARK_ESTROGEN_RESPONSE_LATE",0.333333333333333,0.618166666666667,FALSE
"pcs","GSE274557","Pt5","HALLMARK_ESTROGEN_RESPONSE_LATE",0,0.647,FALSE
"libsize","GSE274557","Pt6","HALLMARK_ESTROGEN_RESPONSE_LATE",0.666666666666667,0.974,TRUE
"none","GSE274557","Pt6","HALLMARK_ESTROGEN_RESPONSE_LATE",0.333333333333333,0.802583333333333,FALSE
"pcs","GSE274557","Pt6","HALLMARK_ESTROGEN_RESPONSE_LATE",0,0.84875,FALSE
"libsize","GSE274557","Pt7","HALLMARK_ESTROGEN_RESPONSE_LATE",0.75,0.9655,TRUE
"none","GSE274557","Pt7","HALLMARK_ESTROGEN_RESPONSE_LATE",0.25,0.765125,FALSE
"pcs","GSE274557","Pt7","HALLMARK_ESTROGEN_RESPONSE_LATE",0.5,0.87975,TRUE
"libsize","GSE274557","Pt8","HALLMARK_ESTROGEN_RESPONSE_LATE",0.4,0.6303,FALSE
"none","GSE274557","Pt8","HALLMARK_ESTROGEN_RESPONSE_LATE",0.2,0.7585,FALSE
"pcs","GSE274557","Pt8","HALLMARK_ESTROGEN_RESPONSE_LATE",0.2,0.8172,FALSE
"libsize","GSE274557","Pt9","HALLMARK_ESTROGEN_RESPONSE_LATE",0.5,0.9485,TRUE
"none","GSE274557","Pt9","HALLMARK_ESTROGEN_RESPONSE_LATE",0.5,0.731625,TRUE
"pcs","GSE274557","Pt9","HALLMARK_ESTROGEN_RESPONSE_LATE",0,0.69425,FALSE
"libsize","GSE282302","C1_D1","HALLMARK_FATTY_ACID_METABOLISM",0,0.5045,FALSE
"none","GSE282302","C1_D1","HALLMARK_FATTY_ACID_METABOLISM",0,0.868,FALSE
"pcs","GSE282302","C1_D1","HALLMARK_FATTY_ACID_METABOLISM",0,0.8185,FALSE
"libsize","GSE282302","C1_D10","HALLMARK_FATTY_ACID_METABOLISM",0,0.048,FALSE
"none","GSE282302","C1_D10","HALLMARK_FATTY_ACID_METABOLISM",0.5,0.64825,TRUE
"pcs","GSE282302","C1_D10","HALLMARK_FATTY_ACID_METABOLISM",0,0.8025,FALSE
"libsize","GSE282302","C1_D11","HALLMARK_FATTY_ACID_METABOLISM",1,0.99425,TRUE
"none","GSE282302","C1_D11","HALLMARK_FATTY_ACID_METABOLISM",1,0.999,TRUE
"pcs","GSE282302","C1_D11","HALLMARK_FATTY_ACID_METABOLISM",0.5,0.975,TRUE
"libsize","GSE282302","C1_D12","HALLMARK_FATTY_ACID_METABOLISM",1,0.99875,TRUE
"none","GSE282302","C1_D12","HALLMARK_FATTY_ACID_METABOLISM",1,0.98875,TRUE
"pcs","GSE282302","C1_D12","HALLMARK_FATTY_ACID_METABOLISM",0.5,0.97575,TRUE
"libsize","GSE282302","C1_D13","HALLMARK_FATTY_ACID_METABOLISM",0.5,0.95575,TRUE
"none","GSE282302","C1_D13","HALLMARK_FATTY_ACID_METABOLISM",0.5,0.5155,TRUE
"pcs","GSE282302","C1_D13","HALLMARK_FATTY_ACID_METABOLISM",0,0.74825,FALSE
"libsize","GSE282302","C1_D14","HALLMARK_FATTY_ACID_METABOLISM",0.666666666666667,0.950166666666667,TRUE
"none","GSE282302","C1_D14","HALLMARK_FATTY_ACID_METABOLISM",0.333333333333333,0.789666666666667,FALSE
"pcs","GSE282302","C1_D14","HALLMARK_FATTY_ACID_METABOLISM",0.333333333333333,0.746666666666667,FALSE
"libsize","GSE282302","C1_D2","HALLMARK_FATTY_ACID_METABOLISM",1,0.974,TRUE
"none","GSE282302","C1_D2","HALLMARK_FATTY_ACID_METABOLISM",0,0.9425,FALSE
"pcs","GSE282302","C1_D2","HALLMARK_FATTY_ACID_METABOLISM",0,0.182,FALSE
"libsize","GSE282302","C1_D3","HALLMARK_FATTY_ACID_METABOLISM",0,0.8465,FALSE
"none","GSE282302","C1_D3","HALLMARK_FATTY_ACID_METABOLISM",0,0.054,FALSE
"pcs","GSE282302","C1_D3","HALLMARK_FATTY_ACID_METABOLISM",0,0.088,FALSE
"libsize","GSE282302","C1_D4","HALLMARK_FATTY_ACID_METABOLISM",1,0.9815,TRUE
"none","GSE282302","C1_D4","HALLMARK_FATTY_ACID_METABOLISM",0,0.997,FALSE
"pcs","GSE282302","C1_D4","HALLMARK_FATTY_ACID_METABOLISM",0,0.955,FALSE
"libsize","GSE282302","C1_D5","HALLMARK_FATTY_ACID_METABOLISM",0,0.9395,FALSE
"none","GSE282302","C1_D5","HALLMARK_FATTY_ACID_METABOLISM",0,0.4205,FALSE
"pcs","GSE282302","C1_D5","HALLMARK_FATTY_ACID_METABOLISM",0,0.8455,FALSE
"libsize","GSE282302","C1_D6","HALLMARK_FATTY_ACID_METABOLISM",0,0.00249999999999995,FALSE
"none","GSE282302","C1_D6","HALLMARK_FATTY_ACID_METABOLISM",0,0.024,FALSE
"pcs","GSE282302","C1_D6","HALLMARK_FATTY_ACID_METABOLISM",1,0.995,TRUE
"libsize","GSE282302","C1_D7","HALLMARK_FATTY_ACID_METABOLISM",1,0.9935,TRUE
"none","GSE282302","C1_D7","HALLMARK_FATTY_ACID_METABOLISM",1,0.991,TRUE
"pcs","GSE282302","C1_D7","HALLMARK_FATTY_ACID_METABOLISM",1,0.9995,TRUE
"libsize","GSE282302","C1_D8","HALLMARK_FATTY_ACID_METABOLISM",1,0.9995,TRUE
"none","GSE282302","C1_D8","HALLMARK_FATTY_ACID_METABOLISM",0.5,0.6735,TRUE
"pcs","GSE282302","C1_D8","HALLMARK_FATTY_ACID_METABOLISM",0.5,0.9435,TRUE
"libsize","GSE282302","C1_D9","HALLMARK_FATTY_ACID_METABOLISM",1,0.9985,TRUE
"none","GSE282302","C1_D9","HALLMARK_FATTY_ACID_METABOLISM",0,0.62325,FALSE
"pcs","GSE282302","C1_D9","HALLMARK_FATTY_ACID_METABOLISM",0.5,0.792,TRUE
"libsize","GSE282302","C2_D1","HALLMARK_FATTY_ACID_METABOLISM",1,0.9985,TRUE
"none","GSE282302","C2_D1","HALLMARK_FATTY_ACID_METABOLISM",0,0.2065,FALSE
"pcs","GSE282302","C2_D1","HALLMARK_FATTY_ACID_METABOLISM",1,0.9905,TRUE
"libsize","GSE282302","C2_D10","HALLMARK_FATTY_ACID_METABOLISM",1,0.999,TRUE
"none","GSE282302","C2_D10","HALLMARK_FATTY_ACID_METABOLISM",1,0.998,TRUE
"pcs","GSE282302","C2_D10","HALLMARK_FATTY_ACID_METABOLISM",0.5,0.949125,TRUE
"libsize","GSE282302","C2_D11","HALLMARK_FATTY_ACID_METABOLISM",0.5,0.6533125,TRUE
"none","GSE282302","C2_D11","HALLMARK_FATTY_ACID_METABOLISM",0.125,0.360875,FALSE
"pcs","GSE282302","C2_D11","HALLMARK_FATTY_ACID_METABOLISM",0.625,0.8825625,TRUE
"libsize","GSE282302","C2_D12","HALLMARK_FATTY_ACID_METABOLISM",1,0.9985,TRUE
"none","GSE282302","C2_D12","HALLMARK_FATTY_ACID_METABOLISM",1,0.9945,TRUE
"pcs","GSE282302","C2_D12","HALLMARK_FATTY_ACID_METABOLISM",0,0.902,FALSE
"libsize","GSE282302","C2_D13","HALLMARK_FATTY_ACID_METABOLISM",1,0.9995,TRUE
"none","GSE282302","C2_D13","HALLMARK_FATTY_ACID_METABOLISM",0,0.817,FALSE
"pcs","GSE282302","C2_D13","HALLMARK_FATTY_ACID_METABOLISM",1,0.9955,TRUE
"libsize","GSE282302","C2_D2","HALLMARK_FATTY_ACID_METABOLISM",0,0.0285,FALSE
"none","GSE282302","C2_D2","HALLMARK_FATTY_ACID_METABOLISM",0,0.025,FALSE
"pcs","GSE282302","C2_D2","HALLMARK_FATTY_ACID_METABOLISM",0,0.77,FALSE
"libsize","GSE282302","C2_D3","HALLMARK_FATTY_ACID_METABOLISM",1,0.9995,TRUE
"none","GSE282302","C2_D3","HALLMARK_FATTY_ACID_METABOLISM",1,0.9975,TRUE
"pcs","GSE282302","C2_D3","HALLMARK_FATTY_ACID_METABOLISM",0,0.9685,FALSE
"libsize","GSE282302","C2_D4","HALLMARK_FATTY_ACID_METABOLISM",0,0.14,FALSE
"none","GSE282302","C2_D4","HALLMARK_FATTY_ACID_METABOLISM",1,0.972,TRUE
"pcs","GSE282302","C2_D4","HALLMARK_FATTY_ACID_METABOLISM",0,0.221,FALSE
"libsize","GSE282302","C2_D5","HALLMARK_FATTY_ACID_METABOLISM",0.5,0.5255,TRUE
"none","GSE282302","C2_D5","HALLMARK_FATTY_ACID_METABOLISM",0.5,0.50275,TRUE
"pcs","GSE282302","C2_D5","HALLMARK_FATTY_ACID_METABOLISM",0.5,0.8605,TRUE
"libsize","GSE282302","C2_D6","HALLMARK_FATTY_ACID_METABOLISM",0,0.487,FALSE
"none","GSE282302","C2_D6","HALLMARK_FATTY_ACID_METABOLISM",0,0.47825,FALSE
"pcs","GSE282302","C2_D6","HALLMARK_FATTY_ACID_METABOLISM",1,0.9995,TRUE
"libsize","GSE282302","C2_D7","HALLMARK_FATTY_ACID_METABOLISM",1,0.9995,TRUE
"none","GSE282302","C2_D7","HALLMARK_FATTY_ACID_METABOLISM",0,0.14225,FALSE
"pcs","GSE282302","C2_D7","HALLMARK_FATTY_ACID_METABOLISM",0,0.24075,FALSE
"libsize","GSE282302","C2_D8","HALLMARK_FATTY_ACID_METABOLISM",0,0.689625,FALSE
"none","GSE282302","C2_D8","HALLMARK_FATTY_ACID_METABOLISM",0,0.81925,FALSE
"pcs","GSE282302","C2_D8","HALLMARK_FATTY_ACID_METABOLISM",0.25,0.67775,FALSE
"libsize","GSE282302","C2_D9","HALLMARK_FATTY_ACID_METABOLISM",0.333333333333333,0.957916666666667,FALSE
"none","GSE282302","C2_D9","HALLMARK_FATTY_ACID_METABOLISM",0.166666666666667,0.655416666666667,FALSE
"pcs","GSE282302","C2_D9","HALLMARK_FATTY_ACID_METABOLISM",0.166666666666667,0.7295,FALSE
"libsize","GSE282302","C3_D1","HALLMARK_FATTY_ACID_METABOLISM",0.25,0.543125,FALSE
"none","GSE282302","C3_D1","HALLMARK_FATTY_ACID_METABOLISM",0.25,0.62725,FALSE
"pcs","GSE282302","C3_D1","HALLMARK_FATTY_ACID_METABOLISM",0.5,0.934625,TRUE
"libsize","GSE282302","C3_D10","HALLMARK_FATTY_ACID_METABOLISM",0.25,0.30025,FALSE
"none","GSE282302","C3_D10","HALLMARK_FATTY_ACID_METABOLISM",0.25,0.307875,FALSE
"pcs","GSE282302","C3_D10","HALLMARK_FATTY_ACID_METABOLISM",0.5,0.60925,TRUE
"libsize","GSE282302","C3_D11","HALLMARK_FATTY_ACID_METABOLISM",1,0.993625,TRUE
"none","GSE282302","C3_D11","HALLMARK_FATTY_ACID_METABOLISM",0.5,0.96375,TRUE
"pcs","GSE282302","C3_D11","HALLMARK_FATTY_ACID_METABOLISM",0.5,0.93075,TRUE
"libsize","GSE282302","C3_D12","HALLMARK_FATTY_ACID_METABOLISM",0,0.2054375,FALSE
"none","GSE282302","C3_D12","HALLMARK_FATTY_ACID_METABOLISM",0.375,0.5395625,FALSE
"pcs","GSE282302","C3_D12","HALLMARK_FATTY_ACID_METABOLISM",0.625,0.85275,TRUE
"libsize","GSE282302","C3_D2","HALLMARK_FATTY_ACID_METABOLISM",0.5,0.513375,TRUE
"none","GSE282302","C3_D2","HALLMARK_FATTY_ACID_METABOLISM",0.25,0.6525,FALSE
"pcs","GSE282302","C3_D2","HALLMARK_FATTY_ACID_METABOLISM",0.75,0.98025,TRUE
"libsize","GSE282302","C3_D3","HALLMARK_FATTY_ACID_METABOLISM",0.5,0.718875,TRUE
"none","GSE282302","C3_D3","HALLMARK_FATTY_ACID_METABOLISM",0.5,0.737,TRUE
"pcs","GSE282302","C3_D3","HALLMARK_FATTY_ACID_METABOLISM",0.5,0.91475,TRUE
"libsize","GSE282302","C3_D4","HALLMARK_FATTY_ACID_METABOLISM",1,0.99875,TRUE
"none","GSE282302","C3_D4","HALLMARK_FATTY_ACID_METABOLISM",1,0.999,TRUE
"pcs","GSE282302","C3_D4","HALLMARK_FATTY_ACID_METABOLISM",0.25,0.839875,FALSE
"libsize","GSE282302","C3_D5","HALLMARK_FATTY_ACID_METABOLISM",0.5,0.58875,TRUE
"none","GSE282302","C3_D5","HALLMARK_FATTY_ACID_METABOLISM",0.5,0.82325,TRUE
"pcs","GSE282302","C3_D5","HALLMARK_FATTY_ACID_METABOLISM",0.5,0.769,TRUE
"libsize","GSE282302","C3_D6","HALLMARK_FATTY_ACID_METABOLISM",0.25,0.726625,FALSE
"none","GSE282302","C3_D6","HALLMARK_FATTY_ACID_METABOLISM",0.5,0.6325,TRUE
"pcs","GSE282302","C3_D6","HALLMARK_FATTY_ACID_METABOLISM",0.5,0.71325,TRUE
"libsize","GSE282302","C3_D7","HALLMARK_FATTY_ACID_METABOLISM",0,0.597625,FALSE
"none","GSE282302","C3_D7","HALLMARK_FATTY_ACID_METABOLISM",0.25,0.818375,FALSE
"pcs","GSE282302","C3_D7","HALLMARK_FATTY_ACID_METABOLISM",0.5,0.901375,TRUE
"libsize","GSE282302","C3_D8","HALLMARK_FATTY_ACID_METABOLISM",0.5,0.600125,TRUE
"none","GSE282302","C3_D8","HALLMARK_FATTY_ACID_METABOLISM",0.25,0.251,FALSE
"pcs","GSE282302","C3_D8","HALLMARK_FATTY_ACID_METABOLISM",0.5,0.815625,TRUE
"libsize","GSE282302","C3_D9","HALLMARK_FATTY_ACID_METABOLISM",0.5,0.72775,TRUE
"none","GSE282302","C3_D9","HALLMARK_FATTY_ACID_METABOLISM",0.75,0.747125,TRUE
"pcs","GSE282302","C3_D9","HALLMARK_FATTY_ACID_METABOLISM",1,0.998125,TRUE
"libsize","GSE274557","Pt1","HALLMARK_FATTY_ACID_METABOLISM",0,0.28725,FALSE
"none","GSE274557","Pt1","HALLMARK_FATTY_ACID_METABOLISM",0,0.86475,FALSE
"pcs","GSE274557","Pt1","HALLMARK_FATTY_ACID_METABOLISM",1,0.995,TRUE
"libsize","GSE274557","Pt10","HALLMARK_FATTY_ACID_METABOLISM",0,0.579,FALSE
"none","GSE274557","Pt10","HALLMARK_FATTY_ACID_METABOLISM",0,0.627875,FALSE
"pcs","GSE274557","Pt10","HALLMARK_FATTY_ACID_METABOLISM",0.5,0.857875,TRUE
"libsize","GSE274557","Pt11","HALLMARK_FATTY_ACID_METABOLISM",0.25,0.41175,FALSE
"none","GSE274557","Pt11","HALLMARK_FATTY_ACID_METABOLISM",0.5,0.65825,TRUE
"pcs","GSE274557","Pt11","HALLMARK_FATTY_ACID_METABOLISM",0,0.8915,FALSE
"libsize","GSE274557","Pt12","HALLMARK_FATTY_ACID_METABOLISM",0.75,0.9735,TRUE
"none","GSE274557","Pt12","HALLMARK_FATTY_ACID_METABOLISM",0.25,0.863875,FALSE
"pcs","GSE274557","Pt12","HALLMARK_FATTY_ACID_METABOLISM",0.5,0.9405,TRUE
"libsize","GSE274557","Pt13","HALLMARK_FATTY_ACID_METABOLISM",0.285714285714286,0.537642857142857,FALSE
"none","GSE274557","Pt13","HALLMARK_FATTY_ACID_METABOLISM",0.142857142857143,0.700214285714286,FALSE
"pcs","GSE274557","Pt13","HALLMARK_FATTY_ACID_METABOLISM",0.571428571428571,0.891357142857143,TRUE
"libsize","GSE274557","Pt2","HALLMARK_FATTY_ACID_METABOLISM",0,0.415833333333333,FALSE
"none","GSE274557","Pt2","HALLMARK_FATTY_ACID_METABOLISM",0.333333333333333,0.536166666666667,FALSE
"pcs","GSE274557","Pt2","HALLMARK_FATTY_ACID_METABOLISM",1,0.9935,TRUE
"libsize","GSE274557","Pt3","HALLMARK_FATTY_ACID_METABOLISM",0.25,0.381125,FALSE
"none","GSE274557","Pt3","HALLMARK_FATTY_ACID_METABOLISM",0,0.71025,FALSE
"pcs","GSE274557","Pt3","HALLMARK_FATTY_ACID_METABOLISM",0,0.729125,FALSE
"libsize","GSE274557","Pt4","HALLMARK_FATTY_ACID_METABOLISM",0,0.44675,FALSE
"none","GSE274557","Pt4","HALLMARK_FATTY_ACID_METABOLISM",0.25,0.844625,FALSE
"pcs","GSE274557","Pt4","HALLMARK_FATTY_ACID_METABOLISM",0,0.61225,FALSE
"libsize","GSE274557","Pt5","HALLMARK_FATTY_ACID_METABOLISM",0.333333333333333,0.7055,FALSE
"none","GSE274557","Pt5","HALLMARK_FATTY_ACID_METABOLISM",0.666666666666667,0.771833333333333,TRUE
"pcs","GSE274557","Pt5","HALLMARK_FATTY_ACID_METABOLISM",0.666666666666667,0.957,TRUE
"libsize","GSE274557","Pt6","HALLMARK_FATTY_ACID_METABOLISM",0.5,0.8035,TRUE
"none","GSE274557","Pt6","HALLMARK_FATTY_ACID_METABOLISM",0.166666666666667,0.715,FALSE
"pcs","GSE274557","Pt6","HALLMARK_FATTY_ACID_METABOLISM",0,0.663833333333333,FALSE
"libsize","GSE274557","Pt7","HALLMARK_FATTY_ACID_METABOLISM",0.25,0.44225,FALSE
"none","GSE274557","Pt7","HALLMARK_FATTY_ACID_METABOLISM",0,0.30825,FALSE
"pcs","GSE274557","Pt7","HALLMARK_FATTY_ACID_METABOLISM",0.5,0.854,TRUE
"libsize","GSE274557","Pt8","HALLMARK_FATTY_ACID_METABOLISM",0.6,0.8585,TRUE
"none","GSE274557","Pt8","HALLMARK_FATTY_ACID_METABOLISM",0,0.4988,FALSE
"pcs","GSE274557","Pt8","HALLMARK_FATTY_ACID_METABOLISM",0.4,0.8249,FALSE
"libsize","GSE274557","Pt9","HALLMARK_FATTY_ACID_METABOLISM",0.25,0.404125,FALSE
"none","GSE274557","Pt9","HALLMARK_FATTY_ACID_METABOLISM",0,0.512875,FALSE
"pcs","GSE274557","Pt9","HALLMARK_FATTY_ACID_METABOLISM",0.25,0.803125,FALSE
"libsize","GSE282302","C1_D1","HALLMARK_G2M_CHECKPOINT",1,0.98,TRUE
"none","GSE282302","C1_D1","HALLMARK_G2M_CHECKPOINT",0,0.071,FALSE
"pcs","GSE282302","C1_D1","HALLMARK_G2M_CHECKPOINT",1,0.998,TRUE
"libsize","GSE282302","C1_D10","HALLMARK_G2M_CHECKPOINT",0.5,0.87175,TRUE
"none","GSE282302","C1_D10","HALLMARK_G2M_CHECKPOINT",0,0.6295,FALSE
"pcs","GSE282302","C1_D10","HALLMARK_G2M_CHECKPOINT",1,0.99925,TRUE
"libsize","GSE282302","C1_D11","HALLMARK_G2M_CHECKPOINT",1,0.9995,TRUE
"none","GSE282302","C1_D11","HALLMARK_G2M_CHECKPOINT",0.5,0.911,TRUE
"pcs","GSE282302","C1_D11","HALLMARK_G2M_CHECKPOINT",1,0.9995,TRUE
"libsize","GSE282302","C1_D12","HALLMARK_G2M_CHECKPOINT",1,0.9995,TRUE
"none","GSE282302","C1_D12","HALLMARK_G2M_CHECKPOINT",1,0.999,TRUE
"pcs","GSE282302","C1_D12","HALLMARK_G2M_CHECKPOINT",1,0.9995,TRUE
"libsize","GSE282302","C1_D13","HALLMARK_G2M_CHECKPOINT",0.5,0.88175,TRUE
"none","GSE282302","C1_D13","HALLMARK_G2M_CHECKPOINT",0.5,0.98175,TRUE
"pcs","GSE282302","C1_D13","HALLMARK_G2M_CHECKPOINT",1,0.9995,TRUE
"libsize","GSE282302","C1_D14","HALLMARK_G2M_CHECKPOINT",1,0.999333333333333,TRUE
"none","GSE282302","C1_D14","HALLMARK_G2M_CHECKPOINT",1,0.999166666666667,TRUE
"pcs","GSE282302","C1_D14","HALLMARK_G2M_CHECKPOINT",1,0.998,TRUE
"libsize","GSE282302","C1_D2","HALLMARK_G2M_CHECKPOINT",1,0.9995,TRUE
"none","GSE282302","C1_D2","HALLMARK_G2M_CHECKPOINT",1,0.999,TRUE
"pcs","GSE282302","C1_D2","HALLMARK_G2M_CHECKPOINT",0,0.84,FALSE
"libsize","GSE282302","C1_D3","HALLMARK_G2M_CHECKPOINT",1,0.9955,TRUE
"none","GSE282302","C1_D3","HALLMARK_G2M_CHECKPOINT",0,0.16,FALSE
"pcs","GSE282302","C1_D3","HALLMARK_G2M_CHECKPOINT",1,0.9995,TRUE
"libsize","GSE282302","C1_D4","HALLMARK_G2M_CHECKPOINT",1,0.9965,TRUE
"none","GSE282302","C1_D4","HALLMARK_G2M_CHECKPOINT",0,0.003,FALSE
"pcs","GSE282302","C1_D4","HALLMARK_G2M_CHECKPOINT",1,0.9995,TRUE
"libsize","GSE282302","C1_D5","HALLMARK_G2M_CHECKPOINT",1,0.999,TRUE
"none","GSE282302","C1_D5","HALLMARK_G2M_CHECKPOINT",0,0,FALSE
"pcs","GSE282302","C1_D5","HALLMARK_G2M_CHECKPOINT",1,0.994,TRUE
"libsize","GSE282302","C1_D6","HALLMARK_G2M_CHECKPOINT",1,0.9995,TRUE
"none","GSE282302","C1_D6","HALLMARK_G2M_CHECKPOINT",0,0.892,FALSE
"pcs","GSE282302","C1_D6","HALLMARK_G2M_CHECKPOINT",1,0.9995,TRUE
"libsize","GSE282302","C1_D7","HALLMARK_G2M_CHECKPOINT",0,0.6845,FALSE
"none","GSE282302","C1_D7","HALLMARK_G2M_CHECKPOINT",0,0.00549999999999995,FALSE
"pcs","GSE282302","C1_D7","HALLMARK_G2M_CHECKPOINT",1,0.9995,TRUE
"libsize","GSE282302","C1_D8","HALLMARK_G2M_CHECKPOINT",1,0.9995,TRUE
"none","GSE282302","C1_D8","HALLMARK_G2M_CHECKPOINT",0,0.32425,FALSE
"pcs","GSE282302","C1_D8","HALLMARK_G2M_CHECKPOINT",1,0.998,TRUE
"libsize","GSE282302","C1_D9","HALLMARK_G2M_CHECKPOINT",1,0.994,TRUE
"none","GSE282302","C1_D9","HALLMARK_G2M_CHECKPOINT",0.5,0.77175,TRUE
"pcs","GSE282302","C1_D9","HALLMARK_G2M_CHECKPOINT",1,0.996,TRUE
"libsize","GSE282302","C2_D1","HALLMARK_G2M_CHECKPOINT",0,0.789,FALSE
"none","GSE282302","C2_D1","HALLMARK_G2M_CHECKPOINT",0,0,FALSE
"pcs","GSE282302","C2_D1","HALLMARK_G2M_CHECKPOINT",1,0.9995,TRUE
"libsize","GSE282302","C2_D10","HALLMARK_G2M_CHECKPOINT",1,0.999125,TRUE
"none","GSE282302","C2_D10","HALLMARK_G2M_CHECKPOINT",1,0.996,TRUE
"pcs","GSE282302","C2_D10","HALLMARK_G2M_CHECKPOINT",1,0.9995,TRUE
"libsize","GSE282302","C2_D11","HALLMARK_G2M_CHECKPOINT",0.75,0.98275,TRUE
"none","GSE282302","C2_D11","HALLMARK_G2M_CHECKPOINT",0.5,0.858125,TRUE
"pcs","GSE282302","C2_D11","HALLMARK_G2M_CHECKPOINT",0.875,0.9834375,TRUE
"libsize","GSE282302","C2_D12","HALLMARK_G2M_CHECKPOINT",1,0.9995,TRUE
"none","GSE282302","C2_D12","HALLMARK_G2M_CHECKPOINT",1,0.9905,TRUE
"pcs","GSE282302","C2_D12","HALLMARK_G2M_CHECKPOINT",0,0.7535,FALSE
"libsize","GSE282302","C2_D13","HALLMARK_G2M_CHECKPOINT",1,0.9995,TRUE
"none","GSE282302","C2_D13","HALLMARK_G2M_CHECKPOINT",1,0.9995,TRUE
"pcs","GSE282302","C2_D13","HALLMARK_G2M_CHECKPOINT",1,0.9995,TRUE
"libsize","GSE282302","C2_D2","HALLMARK_G2M_CHECKPOINT",0,0.477,FALSE
"none","GSE282302","C2_D2","HALLMARK_G2M_CHECKPOINT",0,0.517,FALSE
"pcs","GSE282302","C2_D2","HALLMARK_G2M_CHECKPOINT",1,0.9995,TRUE
"libsize","GSE282302","C2_D3","HALLMARK_G2M_CHECKPOINT",1,0.9995,TRUE
"none","GSE282302","C2_D3","HALLMARK_G2M_CHECKPOINT",0,0.9135,FALSE
"pcs","GSE282302","C2_D3","HALLMARK_G2M_CHECKPOINT",1,0.9915,TRUE
"libsize","GSE282302","C2_D4","HALLMARK_G2M_CHECKPOINT",0,0.7785,FALSE
"none","GSE282302","C2_D4","HALLMARK_G2M_CHECKPOINT",0,0.02,FALSE
"pcs","GSE282302","C2_D4","HALLMARK_G2M_CHECKPOINT",1,0.9995,TRUE
"libsize","GSE282302","C2_D5","HALLMARK_G2M_CHECKPOINT",0.5,0.989,TRUE
"none","GSE282302","C2_D5","HALLMARK_G2M_CHECKPOINT",0,0.49625,FALSE
"pcs","GSE282302","C2_D5","HALLMARK_G2M_CHECKPOINT",1,0.9995,TRUE
"libsize","GSE282302","C2_D6","HALLMARK_G2M_CHECKPOINT",0.5,0.98775,TRUE
"none","GSE282302","C2_D6","HALLMARK_G2M_CHECKPOINT",0.5,0.904,TRUE
"pcs","GSE282302","C2_D6","HALLMARK_G2M_CHECKPOINT",1,0.9995,TRUE
"libsize","GSE282302","C2_D7","HALLMARK_G2M_CHECKPOINT",1,0.9995,TRUE
"none","GSE282302","C2_D7","HALLMARK_G2M_CHECKPOINT",0,0.005,FALSE
"pcs","GSE282302","C2_D7","HALLMARK_G2M_CHECKPOINT",1,0.9995,TRUE
"libsize","GSE282302","C2_D8","HALLMARK_G2M_CHECKPOINT",0.5,0.942375,TRUE
"none","GSE282302","C2_D8","HALLMARK_G2M_CHECKPOINT",0,0.58725,FALSE
"pcs","GSE282302","C2_D8","HALLMARK_G2M_CHECKPOINT",1,0.9995,TRUE
"libsize","GSE282302","C2_D9","HALLMARK_G2M_CHECKPOINT",0.666666666666667,0.975416666666667,TRUE
"none","GSE282302","C2_D9","HALLMARK_G2M_CHECKPOINT",0.166666666666667,0.667,FALSE
"pcs","GSE282302","C2_D9","HALLMARK_G2M_CHECKPOINT",0.666666666666667,0.98875,TRUE
"libsize","GSE282302","C3_D1","HALLMARK_G2M_CHECKPOINT",0.5,0.933375,TRUE
"none","GSE282302","C3_D1","HALLMARK_G2M_CHECKPOINT",0.25,0.58125,FALSE
"pcs","GSE282302","C3_D1","HALLMARK_G2M_CHECKPOINT",0.75,0.809125,TRUE
"libsize","GSE282302","C3_D10","HALLMARK_G2M_CHECKPOINT",0.25,0.845375,FALSE
"none","GSE282302","C3_D10","HALLMARK_G2M_CHECKPOINT",0,0.658125,FALSE
"pcs","GSE282302","C3_D10","HALLMARK_G2M_CHECKPOINT",1,0.9995,TRUE
"libsize","GSE282302","C3_D11","HALLMARK_G2M_CHECKPOINT",0.5,0.86,TRUE
"none","GSE282302","C3_D11","HALLMARK_G2M_CHECKPOINT",0.25,0.57575,FALSE
"pcs","GSE282302","C3_D11","HALLMARK_G2M_CHECKPOINT",1,0.9995,TRUE
"libsize","GSE282302","C3_D12","HALLMARK_G2M_CHECKPOINT",0.5,0.7676875,TRUE
"none","GSE282302","C3_D12","HALLMARK_G2M_CHECKPOINT",0.5,0.618375,TRUE
"pcs","GSE282302","C3_D12","HALLMARK_G2M_CHECKPOINT",0.75,0.988375,TRUE
"libsize","GSE282302","C3_D2","HALLMARK_G2M_CHECKPOINT",0.75,0.857625,TRUE
"none","GSE282302","C3_D2","HALLMARK_G2M_CHECKPOINT",0.5,0.670625,TRUE
"pcs","GSE282302","C3_D2","HALLMARK_G2M_CHECKPOINT",1,0.9995,TRUE
"libsize","GSE282302","C3_D3","HALLMARK_G2M_CHECKPOINT",0.5,0.5745,TRUE
"none","GSE282302","C3_D3","HALLMARK_G2M_CHECKPOINT",0,0.215,FALSE
"pcs","GSE282302","C3_D3","HALLMARK_G2M_CHECKPOINT",1,0.999375,TRUE
"libsize","GSE282302","C3_D4","HALLMARK_G2M_CHECKPOINT",1,0.9945,TRUE
"none","GSE282302","C3_D4","HALLMARK_G2M_CHECKPOINT",0.25,0.672625,FALSE
"pcs","GSE282302","C3_D4","HALLMARK_G2M_CHECKPOINT",1,0.9975,TRUE
"libsize","GSE282302","C3_D5","HALLMARK_G2M_CHECKPOINT",0.75,0.98225,TRUE
"none","GSE282302","C3_D5","HALLMARK_G2M_CHECKPOINT",0.5,0.924625,TRUE
"pcs","GSE282302","C3_D5","HALLMARK_G2M_CHECKPOINT",1,0.9995,TRUE
"libsize","GSE282302","C3_D6","HALLMARK_G2M_CHECKPOINT",1,0.99575,TRUE
"none","GSE282302","C3_D6","HALLMARK_G2M_CHECKPOINT",0.25,0.5555,FALSE
"pcs","GSE282302","C3_D6","HALLMARK_G2M_CHECKPOINT",0.5,0.9725,TRUE
"libsize","GSE282302","C3_D7","HALLMARK_G2M_CHECKPOINT",0.5,0.836,TRUE
"none","GSE282302","C3_D7","HALLMARK_G2M_CHECKPOINT",0.25,0.385625,FALSE
"pcs","GSE282302","C3_D7","HALLMARK_G2M_CHECKPOINT",0.75,0.989375,TRUE
"libsize","GSE282302","C3_D8","HALLMARK_G2M_CHECKPOINT",0.75,0.888375,TRUE
"none","GSE282302","C3_D8","HALLMARK_G2M_CHECKPOINT",0,0.568625,FALSE
"pcs","GSE282302","C3_D8","HALLMARK_G2M_CHECKPOINT",1,0.9995,TRUE
"libsize","GSE282302","C3_D9","HALLMARK_G2M_CHECKPOINT",0.75,0.7585,TRUE
"none","GSE282302","C3_D9","HALLMARK_G2M_CHECKPOINT",0.5,0.650875,TRUE
"pcs","GSE282302","C3_D9","HALLMARK_G2M_CHECKPOINT",1,0.999375,TRUE
"libsize","GSE274557","Pt1","HALLMARK_G2M_CHECKPOINT",1,0.99925,TRUE
"none","GSE274557","Pt1","HALLMARK_G2M_CHECKPOINT",0,0.9805,FALSE
"pcs","GSE274557","Pt1","HALLMARK_G2M_CHECKPOINT",1,0.9995,TRUE
"libsize","GSE274557","Pt10","HALLMARK_G2M_CHECKPOINT",0.5,0.8425,TRUE
"none","GSE274557","Pt10","HALLMARK_G2M_CHECKPOINT",0,0.275125,FALSE
"pcs","GSE274557","Pt10","HALLMARK_G2M_CHECKPOINT",1,0.99925,TRUE
"libsize","GSE274557","Pt11","HALLMARK_G2M_CHECKPOINT",0.25,0.85675,FALSE
"none","GSE274557","Pt11","HALLMARK_G2M_CHECKPOINT",0,0.097,FALSE
"pcs","GSE274557","Pt11","HALLMARK_G2M_CHECKPOINT",0.75,0.96975,TRUE
"libsize","GSE274557","Pt12","HALLMARK_G2M_CHECKPOINT",1,0.996125,TRUE
"none","GSE274557","Pt12","HALLMARK_G2M_CHECKPOINT",0.25,0.764625,FALSE
"pcs","GSE274557","Pt12","HALLMARK_G2M_CHECKPOINT",0.75,0.825875,TRUE
"libsize","GSE274557","Pt13","HALLMARK_G2M_CHECKPOINT",0.571428571428571,0.955,TRUE
"none","GSE274557","Pt13","HALLMARK_G2M_CHECKPOINT",0.571428571428571,0.700357142857143,TRUE
"pcs","GSE274557","Pt13","HALLMARK_G2M_CHECKPOINT",0.714285714285714,0.916714285714286,TRUE
"libsize","GSE274557","Pt2","HALLMARK_G2M_CHECKPOINT",0.666666666666667,0.967333333333333,TRUE
"none","GSE274557","Pt2","HALLMARK_G2M_CHECKPOINT",0.333333333333333,0.464333333333333,FALSE
"pcs","GSE274557","Pt2","HALLMARK_G2M_CHECKPOINT",1,0.9995,TRUE
"libsize","GSE274557","Pt3","HALLMARK_G2M_CHECKPOINT",1,0.995125,TRUE
"none","GSE274557","Pt3","HALLMARK_G2M_CHECKPOINT",0.75,0.836,TRUE
"pcs","GSE274557","Pt3","HALLMARK_G2M_CHECKPOINT",1,0.998125,TRUE
"libsize","GSE274557","Pt4","HALLMARK_G2M_CHECKPOINT",1,0.997,TRUE
"none","GSE274557","Pt4","HALLMARK_G2M_CHECKPOINT",0.5,0.512,TRUE
"pcs","GSE274557","Pt4","HALLMARK_G2M_CHECKPOINT",1,0.9995,TRUE
"libsize","GSE274557","Pt5","HALLMARK_G2M_CHECKPOINT",1,0.9985,TRUE
"none","GSE274557","Pt5","HALLMARK_G2M_CHECKPOINT",1,0.999333333333333,TRUE
"pcs","GSE274557","Pt5","HALLMARK_G2M_CHECKPOINT",1,0.9995,TRUE
"libsize","GSE274557","Pt6","HALLMARK_G2M_CHECKPOINT",1,0.997916666666667,TRUE
"none","GSE274557","Pt6","HALLMARK_G2M_CHECKPOINT",0,0.2555,FALSE
"pcs","GSE274557","Pt6","HALLMARK_G2M_CHECKPOINT",0.5,0.877416666666667,TRUE
"libsize","GSE274557","Pt7","HALLMARK_G2M_CHECKPOINT",1,0.9995,TRUE
"none","GSE274557","Pt7","HALLMARK_G2M_CHECKPOINT",0.5,0.934125,TRUE
"pcs","GSE274557","Pt7","HALLMARK_G2M_CHECKPOINT",1,0.9995,TRUE
"libsize","GSE274557","Pt8","HALLMARK_G2M_CHECKPOINT",1,0.9985,TRUE
"none","GSE274557","Pt8","HALLMARK_G2M_CHECKPOINT",0.6,0.9802,TRUE
"pcs","GSE274557","Pt8","HALLMARK_G2M_CHECKPOINT",1,0.9995,TRUE
"libsize","GSE274557","Pt9","HALLMARK_G2M_CHECKPOINT",0.5,0.96975,TRUE
"none","GSE274557","Pt9","HALLMARK_G2M_CHECKPOINT",0.25,0.379875,FALSE
"pcs","GSE274557","Pt9","HALLMARK_G2M_CHECKPOINT",1,0.999375,TRUE
"libsize","GSE282302","C1_D1","HALLMARK_GLYCOLYSIS",1,0.998,TRUE
"none","GSE282302","C1_D1","HALLMARK_GLYCOLYSIS",0,0.7415,FALSE
"pcs","GSE282302","C1_D1","HALLMARK_GLYCOLYSIS",0,0.9585,FALSE
"libsize","GSE282302","C1_D10","HALLMARK_GLYCOLYSIS",1,0.988,TRUE
"none","GSE282302","C1_D10","HALLMARK_GLYCOLYSIS",1,0.9855,TRUE
"pcs","GSE282302","C1_D10","HALLMARK_GLYCOLYSIS",0.5,0.65375,TRUE
"libsize","GSE282302","C1_D11","HALLMARK_GLYCOLYSIS",1,0.9995,TRUE
"none","GSE282302","C1_D11","HALLMARK_GLYCOLYSIS",1,0.9995,TRUE
"pcs","GSE282302","C1_D11","HALLMARK_GLYCOLYSIS",1,0.9995,TRUE
"libsize","GSE282302","C1_D12","HALLMARK_GLYCOLYSIS",1,0.9995,TRUE
"none","GSE282302","C1_D12","HALLMARK_GLYCOLYSIS",1,0.9995,TRUE
"pcs","GSE282302","C1_D12","HALLMARK_GLYCOLYSIS",0,0.76525,FALSE
"libsize","GSE282302","C1_D13","HALLMARK_GLYCOLYSIS",1,0.99925,TRUE
"none","GSE282302","C1_D13","HALLMARK_GLYCOLYSIS",0.5,0.507,TRUE
"pcs","GSE282302","C1_D13","HALLMARK_GLYCOLYSIS",0.5,0.76,TRUE
"libsize","GSE282302","C1_D14","HALLMARK_GLYCOLYSIS",1,0.9995,TRUE
"none","GSE282302","C1_D14","HALLMARK_GLYCOLYSIS",0,0.600833333333333,FALSE
"pcs","GSE282302","C1_D14","HALLMARK_GLYCOLYSIS",1,0.994833333333333,TRUE
"libsize","GSE282302","C1_D2","HALLMARK_GLYCOLYSIS",1,0.999,TRUE
"none","GSE282302","C1_D2","HALLMARK_GLYCOLYSIS",1,0.999,TRUE
"pcs","GSE282302","C1_D2","HALLMARK_GLYCOLYSIS",0,0.327,FALSE
"libsize","GSE282302","C1_D3","HALLMARK_GLYCOLYSIS",0,0.94,FALSE
"none","GSE282302","C1_D3","HALLMARK_GLYCOLYSIS",1,0.9995,TRUE
"pcs","GSE282302","C1_D3","HALLMARK_GLYCOLYSIS",0,0.3725,FALSE
"libsize","GSE282302","C1_D4","HALLMARK_GLYCOLYSIS",1,0.9995,TRUE
"none","GSE282302","C1_D4","HALLMARK_GLYCOLYSIS",1,0.9995,TRUE
"pcs","GSE282302","C1_D4","HALLMARK_GLYCOLYSIS",1,0.9995,TRUE
"libsize","GSE282302","C1_D5","HALLMARK_GLYCOLYSIS",0,0.7155,FALSE
"none","GSE282302","C1_D5","HALLMARK_GLYCOLYSIS",0,0.79,FALSE
"pcs","GSE282302","C1_D5","HALLMARK_GLYCOLYSIS",1,0.994,TRUE
"libsize","GSE282302","C1_D6","HALLMARK_GLYCOLYSIS",1,0.997,TRUE
"none","GSE282302","C1_D6","HALLMARK_GLYCOLYSIS",0,0.623,FALSE
"pcs","GSE282302","C1_D6","HALLMARK_GLYCOLYSIS",1,0.9955,TRUE
"libsize","GSE282302","C1_D7","HALLMARK_GLYCOLYSIS",1,0.9995,TRUE
"none","GSE282302","C1_D7","HALLMARK_GLYCOLYSIS",1,0.9995,TRUE
"pcs","GSE282302","C1_D7","HALLMARK_GLYCOLYSIS",1,0.9995,TRUE
"libsize","GSE282302","C1_D8","HALLMARK_GLYCOLYSIS",1,0.9995,TRUE
"none","GSE282302","C1_D8","HALLMARK_GLYCOLYSIS",0.5,0.95075,TRUE
"pcs","GSE282302","C1_D8","HALLMARK_GLYCOLYSIS",0,0.771,FALSE
"libsize","GSE282302","C1_D9","HALLMARK_GLYCOLYSIS",1,0.99825,TRUE
"none","GSE282302","C1_D9","HALLMARK_GLYCOLYSIS",0.5,0.98775,TRUE
"pcs","GSE282302","C1_D9","HALLMARK_GLYCOLYSIS",0.5,0.597,TRUE
"libsize","GSE282302","C2_D1","HALLMARK_GLYCOLYSIS",0,0.9725,FALSE
"none","GSE282302","C2_D1","HALLMARK_GLYCOLYSIS",0,0.813,FALSE
"pcs","GSE282302","C2_D1","HALLMARK_GLYCOLYSIS",1,0.9995,TRUE
"libsize","GSE282302","C2_D10","HALLMARK_GLYCOLYSIS",1,0.9995,TRUE
"none","GSE282302","C2_D10","HALLMARK_GLYCOLYSIS",0.75,0.972875,TRUE
"pcs","GSE282302","C2_D10","HALLMARK_GLYCOLYSIS",1,0.9995,TRUE
"libsize","GSE282302","C2_D11","HALLMARK_GLYCOLYSIS",0.75,0.87,TRUE
"none","GSE282302","C2_D11","HALLMARK_GLYCOLYSIS",0.5,0.64175,TRUE
"pcs","GSE282302","C2_D11","HALLMARK_GLYCOLYSIS",0.5,0.8149375,TRUE
"libsize","GSE282302","C2_D12","HALLMARK_GLYCOLYSIS",1,0.999,TRUE
"none","GSE282302","C2_D12","HALLMARK_GLYCOLYSIS",1,0.9955,TRUE
"pcs","GSE282302","C2_D12","HALLMARK_GLYCOLYSIS",0,0.9165,FALSE
"libsize","GSE282302","C2_D13","HALLMARK_GLYCOLYSIS",1,0.9975,TRUE
"none","GSE282302","C2_D13","HALLMARK_GLYCOLYSIS",1,0.9955,TRUE
"pcs","GSE282302","C2_D13","HALLMARK_GLYCOLYSIS",1,0.995,TRUE
"libsize","GSE282302","C2_D2","HALLMARK_GLYCOLYSIS",0,0.917,FALSE
"none","GSE282302","C2_D2","HALLMARK_GLYCOLYSIS",0,0.8115,FALSE
"pcs","GSE282302","C2_D2","HALLMARK_GLYCOLYSIS",0,0.456,FALSE
"libsize","GSE282302","C2_D3","HALLMARK_GLYCOLYSIS",1,0.9995,TRUE
"none","GSE282302","C2_D3","HALLMARK_GLYCOLYSIS",1,0.9995,TRUE
"pcs","GSE282302","C2_D3","HALLMARK_GLYCOLYSIS",0,0.8255,FALSE
"libsize","GSE282302","C2_D4","HALLMARK_GLYCOLYSIS",1,0.9995,TRUE
"none","GSE282302","C2_D4","HALLMARK_GLYCOLYSIS",1,0.9995,TRUE
"pcs","GSE282302","C2_D4","HALLMARK_GLYCOLYSIS",0,0.682,FALSE
"libsize","GSE282302","C2_D5","HALLMARK_GLYCOLYSIS",1,0.9995,TRUE
"none","GSE282302","C2_D5","HALLMARK_GLYCOLYSIS",1,0.99425,TRUE
"pcs","GSE282302","C2_D5","HALLMARK_GLYCOLYSIS",0.5,0.93275,TRUE
"libsize","GSE282302","C2_D6","HALLMARK_GLYCOLYSIS",0.5,0.994,TRUE
"none","GSE282302","C2_D6","HALLMARK_GLYCOLYSIS",1,0.99875,TRUE
"pcs","GSE282302","C2_D6","HALLMARK_GLYCOLYSIS",1,0.9995,TRUE
"libsize","GSE282302","C2_D7","HALLMARK_GLYCOLYSIS",1,0.9995,TRUE
"none","GSE282302","C2_D7","HALLMARK_GLYCOLYSIS",0,0,FALSE
"pcs","GSE282302","C2_D7","HALLMARK_GLYCOLYSIS",1,0.98725,TRUE
"libsize","GSE282302","C2_D8","HALLMARK_GLYCOLYSIS",0.75,0.962125,TRUE
"none","GSE282302","C2_D8","HALLMARK_GLYCOLYSIS",0.5,0.969,TRUE
"pcs","GSE282302","C2_D8","HALLMARK_GLYCOLYSIS",0,0.605625,FALSE
"libsize","GSE282302","C2_D9","HALLMARK_GLYCOLYSIS",0.666666666666667,0.9505,TRUE
"none","GSE282302","C2_D9","HALLMARK_GLYCOLYSIS",0,0.429333333333333,FALSE
"pcs","GSE282302","C2_D9","HALLMARK_GLYCOLYSIS",0,0.681666666666667,FALSE
"libsize","GSE282302","C3_D1","HALLMARK_GLYCOLYSIS",0.75,0.957125,TRUE
"none","GSE282302","C3_D1","HALLMARK_GLYCOLYSIS",0.5,0.831125,TRUE
"pcs","GSE282302","C3_D1","HALLMARK_GLYCOLYSIS",0,0.7725,FALSE
"libsize","GSE282302","C3_D10","HALLMARK_GLYCOLYSIS",1,0.9995,TRUE
"none","GSE282302","C3_D10","HALLMARK_GLYCOLYSIS",1,0.9995,TRUE
"pcs","GSE282302","C3_D10","HALLMARK_GLYCOLYSIS",0.75,0.893375,TRUE
"libsize","GSE282302","C3_D11","HALLMARK_GLYCOLYSIS",1,0.9995,TRUE
"none","GSE282302","C3_D11","HALLMARK_GLYCOLYSIS",1,0.9995,TRUE
"pcs","GSE282302","C3_D11","HALLMARK_GLYCOLYSIS",1,0.997125,TRUE
"libsize","GSE282302","C3_D12","HALLMARK_GLYCOLYSIS",0.5,0.719,TRUE
"none","GSE282302","C3_D12","HALLMARK_GLYCOLYSIS",0.875,0.8764375,TRUE
"pcs","GSE282302","C3_D12","HALLMARK_GLYCOLYSIS",0.625,0.9263125,TRUE
"libsize","GSE282302","C3_D2","HALLMARK_GLYCOLYSIS",1,0.999,TRUE
"none","GSE282302","C3_D2","HALLMARK_GLYCOLYSIS",0.75,0.985125,TRUE
"pcs","GSE282302","C3_D2","HALLMARK_GLYCOLYSIS",0.75,0.969375,TRUE
"libsize","GSE282302","C3_D3","HALLMARK_GLYCOLYSIS",0.75,0.99025,TRUE
"none","GSE282302","C3_D3","HALLMARK_GLYCOLYSIS",1,0.99925,TRUE
"pcs","GSE282302","C3_D3","HALLMARK_GLYCOLYSIS",0.75,0.776125,TRUE
"libsize","GSE282302","C3_D4","HALLMARK_GLYCOLYSIS",1,0.990125,TRUE
"none","GSE282302","C3_D4","HALLMARK_GLYCOLYSIS",1,0.997375,TRUE
"pcs","GSE282302","C3_D4","HALLMARK_GLYCOLYSIS",0.25,0.943625,FALSE
"libsize","GSE282302","C3_D5","HALLMARK_GLYCOLYSIS",0.75,0.92325,TRUE
"none","GSE282302","C3_D5","HALLMARK_GLYCOLYSIS",0.75,0.842,TRUE
"pcs","GSE282302","C3_D5","HALLMARK_GLYCOLYSIS",1,0.994,TRUE
"libsize","GSE282302","C3_D6","HALLMARK_GLYCOLYSIS",1,0.99225,TRUE
"none","GSE282302","C3_D6","HALLMARK_GLYCOLYSIS",0.5,0.986875,TRUE
"pcs","GSE282302","C3_D6","HALLMARK_GLYCOLYSIS",0,0.830875,FALSE
"libsize","GSE282302","C3_D7","HALLMARK_GLYCOLYSIS",0.75,0.932,TRUE
"none","GSE282302","C3_D7","HALLMARK_GLYCOLYSIS",0.5,0.812125,TRUE
"pcs","GSE282302","C3_D7","HALLMARK_GLYCOLYSIS",0.5,0.745875,TRUE
"libsize","GSE282302","C3_D8","HALLMARK_GLYCOLYSIS",0.75,0.8865,TRUE
"none","GSE282302","C3_D8","HALLMARK_GLYCOLYSIS",0.25,0.560625,FALSE
"pcs","GSE282302","C3_D8","HALLMARK_GLYCOLYSIS",0.75,0.89975,TRUE
"libsize","GSE282302","C3_D9","HALLMARK_GLYCOLYSIS",0.25,0.801875,FALSE
"none","GSE282302","C3_D9","HALLMARK_GLYCOLYSIS",0.5,0.8965,TRUE
"pcs","GSE282302","C3_D9","HALLMARK_GLYCOLYSIS",0.25,0.677875,FALSE
"libsize","GSE274557","Pt1","HALLMARK_GLYCOLYSIS",0.5,0.96,TRUE
"none","GSE274557","Pt1","HALLMARK_GLYCOLYSIS",0.5,0.8045,TRUE
"pcs","GSE274557","Pt1","HALLMARK_GLYCOLYSIS",0.5,0.9575,TRUE
"libsize","GSE274557","Pt10","HALLMARK_GLYCOLYSIS",0.25,0.570875,FALSE
"none","GSE274557","Pt10","HALLMARK_GLYCOLYSIS",0,0.35425,FALSE
"pcs","GSE274557","Pt10","HALLMARK_GLYCOLYSIS",0.25,0.873625,FALSE
"libsize","GSE274557","Pt11","HALLMARK_GLYCOLYSIS",0.75,0.79125,TRUE
"none","GSE274557","Pt11","HALLMARK_GLYCOLYSIS",0.5,0.90875,TRUE
"pcs","GSE274557","Pt11","HALLMARK_GLYCOLYSIS",0.5,0.935125,TRUE
"libsize","GSE274557","Pt12","HALLMARK_GLYCOLYSIS",0,0.661625,FALSE
"none","GSE274557","Pt12","HALLMARK_GLYCOLYSIS",0.25,0.63375,FALSE
"pcs","GSE274557","Pt12","HALLMARK_GLYCOLYSIS",0,0.468,FALSE
"libsize","GSE274557","Pt13","HALLMARK_GLYCOLYSIS",0.285714285714286,0.667285714285714,FALSE
"none","GSE274557","Pt13","HALLMARK_GLYCOLYSIS",0.142857142857143,0.846428571428571,FALSE
"pcs","GSE274557","Pt13","HALLMARK_GLYCOLYSIS",0.285714285714286,0.702071428571429,FALSE
"libsize","GSE274557","Pt2","HALLMARK_GLYCOLYSIS",1,0.9995,TRUE
"none","GSE274557","Pt2","HALLMARK_GLYCOLYSIS",1,0.9995,TRUE
"pcs","GSE274557","Pt2","HALLMARK_GLYCOLYSIS",0.666666666666667,0.806,TRUE
"libsize","GSE274557","Pt3","HALLMARK_GLYCOLYSIS",0.5,0.85275,TRUE
"none","GSE274557","Pt3","HALLMARK_GLYCOLYSIS",0.25,0.767875,FALSE
"pcs","GSE274557","Pt3","HALLMARK_GLYCOLYSIS",0,0.68125,FALSE
"libsize","GSE274557","Pt4","HALLMARK_GLYCOLYSIS",0.5,0.94225,TRUE
"none","GSE274557","Pt4","HALLMARK_GLYCOLYSIS",0.5,0.936375,TRUE
"pcs","GSE274557","Pt4","HALLMARK_GLYCOLYSIS",0,0.961875,FALSE
"libsize","GSE274557","Pt5","HALLMARK_GLYCOLYSIS",0.666666666666667,0.798666666666667,TRUE
"none","GSE274557","Pt5","HALLMARK_GLYCOLYSIS",0.333333333333333,0.700333333333333,FALSE
"pcs","GSE274557","Pt5","HALLMARK_GLYCOLYSIS",0.333333333333333,0.7995,FALSE
"libsize","GSE274557","Pt6","HALLMARK_GLYCOLYSIS",0.5,0.886083333333333,TRUE
"none","GSE274557","Pt6","HALLMARK_GLYCOLYSIS",0.5,0.869083333333333,TRUE
"pcs","GSE274557","Pt6","HALLMARK_GLYCOLYSIS",0.333333333333333,0.707083333333333,FALSE
"libsize","GSE274557","Pt7","HALLMARK_GLYCOLYSIS",0.25,0.756125,FALSE
"none","GSE274557","Pt7","HALLMARK_GLYCOLYSIS",0.25,0.54425,FALSE
"pcs","GSE274557","Pt7","HALLMARK_GLYCOLYSIS",0.75,0.992625,TRUE
"libsize","GSE274557","Pt8","HALLMARK_GLYCOLYSIS",0.4,0.7248,FALSE
"none","GSE274557","Pt8","HALLMARK_GLYCOLYSIS",0.8,0.8178,TRUE
"pcs","GSE274557","Pt8","HALLMARK_GLYCOLYSIS",0.6,0.9723,TRUE
"libsize","GSE274557","Pt9","HALLMARK_GLYCOLYSIS",0.75,0.94675,TRUE
"none","GSE274557","Pt9","HALLMARK_GLYCOLYSIS",0.25,0.607625,FALSE
"pcs","GSE274557","Pt9","HALLMARK_GLYCOLYSIS",0,0.594875,FALSE
"libsize","GSE282302","C1_D1","HALLMARK_HEDGEHOG_SIGNALING",0,0.863,FALSE
"none","GSE282302","C1_D1","HALLMARK_HEDGEHOG_SIGNALING",1,0.9885,TRUE
"pcs","GSE282302","C1_D1","HALLMARK_HEDGEHOG_SIGNALING",0,0.4115,FALSE
"libsize","GSE282302","C1_D10","HALLMARK_HEDGEHOG_SIGNALING",0.5,0.93375,TRUE
"none","GSE282302","C1_D10","HALLMARK_HEDGEHOG_SIGNALING",0,0.8735,FALSE
"pcs","GSE282302","C1_D10","HALLMARK_HEDGEHOG_SIGNALING",0.5,0.93225,TRUE
"libsize","GSE282302","C1_D11","HALLMARK_HEDGEHOG_SIGNALING",1,0.98025,TRUE
"none","GSE282302","C1_D11","HALLMARK_HEDGEHOG_SIGNALING",0,0.67525,FALSE
"pcs","GSE282302","C1_D11","HALLMARK_HEDGEHOG_SIGNALING",0,0.8645,FALSE
"libsize","GSE282302","C1_D12","HALLMARK_HEDGEHOG_SIGNALING",0,0.595,FALSE
"none","GSE282302","C1_D12","HALLMARK_HEDGEHOG_SIGNALING",0,0.271,FALSE
"pcs","GSE282302","C1_D12","HALLMARK_HEDGEHOG_SIGNALING",0,0.56725,FALSE
"libsize","GSE282302","C1_D13","HALLMARK_HEDGEHOG_SIGNALING",0,0.8365,FALSE
"none","GSE282302","C1_D13","HALLMARK_HEDGEHOG_SIGNALING",0,0.55475,FALSE
"pcs","GSE282302","C1_D13","HALLMARK_HEDGEHOG_SIGNALING",0,0.929,FALSE
"libsize","GSE282302","C1_D14","HALLMARK_HEDGEHOG_SIGNALING",0,0.754666666666667,FALSE
"none","GSE282302","C1_D14","HALLMARK_HEDGEHOG_SIGNALING",0,0.0546666666666666,FALSE
"pcs","GSE282302","C1_D14","HALLMARK_HEDGEHOG_SIGNALING",0,0.673333333333333,FALSE
"libsize","GSE282302","C1_D2","HALLMARK_HEDGEHOG_SIGNALING",0,0.7165,FALSE
"none","GSE282302","C1_D2","HALLMARK_HEDGEHOG_SIGNALING",0,0.284,FALSE
"pcs","GSE282302","C1_D2","HALLMARK_HEDGEHOG_SIGNALING",0,0.769,FALSE
"libsize","GSE282302","C1_D3","HALLMARK_HEDGEHOG_SIGNALING",0,0.8135,FALSE
"none","GSE282302","C1_D3","HALLMARK_HEDGEHOG_SIGNALING",0,0.772,FALSE
"pcs","GSE282302","C1_D3","HALLMARK_HEDGEHOG_SIGNALING",1,0.9935,TRUE
"libsize","GSE282302","C1_D4","HALLMARK_HEDGEHOG_SIGNALING",0,0.637,FALSE
"none","GSE282302","C1_D4","HALLMARK_HEDGEHOG_SIGNALING",0,0.4925,FALSE
"pcs","GSE282302","C1_D4","HALLMARK_HEDGEHOG_SIGNALING",0,0.568,FALSE
"libsize","GSE282302","C1_D5","HALLMARK_HEDGEHOG_SIGNALING",0,0.675,FALSE
"none","GSE282302","C1_D5","HALLMARK_HEDGEHOG_SIGNALING",0,0.789,FALSE
"pcs","GSE282302","C1_D5","HALLMARK_HEDGEHOG_SIGNALING",0,0.9215,FALSE
"libsize","GSE282302","C1_D6","HALLMARK_HEDGEHOG_SIGNALING",0,0.969,FALSE
"none","GSE282302","C1_D6","HALLMARK_HEDGEHOG_SIGNALING",0,0.8615,FALSE
"pcs","GSE282302","C1_D6","HALLMARK_HEDGEHOG_SIGNALING",0,0.2915,FALSE
"libsize","GSE282302","C1_D7","HALLMARK_HEDGEHOG_SIGNALING",0,0.8755,FALSE
"none","GSE282302","C1_D7","HALLMARK_HEDGEHOG_SIGNALING",0,0.647,FALSE
"pcs","GSE282302","C1_D7","HALLMARK_HEDGEHOG_SIGNALING",1,0.9975,TRUE
"libsize","GSE282302","C1_D8","HALLMARK_HEDGEHOG_SIGNALING",1,0.9955,TRUE
"none","GSE282302","C1_D8","HALLMARK_HEDGEHOG_SIGNALING",0.5,0.927,TRUE
"pcs","GSE282302","C1_D8","HALLMARK_HEDGEHOG_SIGNALING",0.5,0.83075,TRUE
"libsize","GSE282302","C1_D9","HALLMARK_HEDGEHOG_SIGNALING",0,0.70225,FALSE
"none","GSE282302","C1_D9","HALLMARK_HEDGEHOG_SIGNALING",0,0.61425,FALSE
"pcs","GSE282302","C1_D9","HALLMARK_HEDGEHOG_SIGNALING",0,0.78625,FALSE
"libsize","GSE282302","C2_D1","HALLMARK_HEDGEHOG_SIGNALING",1,0.9995,TRUE
"none","GSE282302","C2_D1","HALLMARK_HEDGEHOG_SIGNALING",1,0.999,TRUE
"pcs","GSE282302","C2_D1","HALLMARK_HEDGEHOG_SIGNALING",1,0.9985,TRUE
"libsize","GSE282302","C2_D10","HALLMARK_HEDGEHOG_SIGNALING",0,0.950625,FALSE
"none","GSE282302","C2_D10","HALLMARK_HEDGEHOG_SIGNALING",0,0.676375,FALSE
"pcs","GSE282302","C2_D10","HALLMARK_HEDGEHOG_SIGNALING",0.25,0.8285,FALSE
"libsize","GSE282302","C2_D11","HALLMARK_HEDGEHOG_SIGNALING",0.25,0.82925,FALSE
"none","GSE282302","C2_D11","HALLMARK_HEDGEHOG_SIGNALING",0,0.7369375,FALSE
"pcs","GSE282302","C2_D11","HALLMARK_HEDGEHOG_SIGNALING",0,0.7179375,FALSE
"libsize","GSE282302","C2_D12","HALLMARK_HEDGEHOG_SIGNALING",0,0.4035,FALSE
"none","GSE282302","C2_D12","HALLMARK_HEDGEHOG_SIGNALING",0,0.2035,FALSE
"pcs","GSE282302","C2_D12","HALLMARK_HEDGEHOG_SIGNALING",0,0.9185,FALSE
"libsize","GSE282302","C2_D13","HALLMARK_HEDGEHOG_SIGNALING",1,0.971,TRUE
"none","GSE282302","C2_D13","HALLMARK_HEDGEHOG_SIGNALING",0,0.6075,FALSE
"pcs","GSE282302","C2_D13","HALLMARK_HEDGEHOG_SIGNALING",0,0.855,FALSE
"libsize","GSE282302","C2_D2","HALLMARK_HEDGEHOG_SIGNALING",0,0.957,FALSE
"none","GSE282302","C2_D2","HALLMARK_HEDGEHOG_SIGNALING",0,0.962,FALSE
"pcs","GSE282302","C2_D2","HALLMARK_HEDGEHOG_SIGNALING",0,0.9205,FALSE
"libsize","GSE282302","C2_D3","HALLMARK_HEDGEHOG_SIGNALING",0,0.671,FALSE
"none","GSE282302","C2_D3","HALLMARK_HEDGEHOG_SIGNALING",0,0.1205,FALSE
"pcs","GSE282302","C2_D3","HALLMARK_HEDGEHOG_SIGNALING",0,0.6085,FALSE
"libsize","GSE282302","C2_D4","HALLMARK_HEDGEHOG_SIGNALING",0,0.6995,FALSE
"none","GSE282302","C2_D4","HALLMARK_HEDGEHOG_SIGNALING",0,0.8975,FALSE
"pcs","GSE282302","C2_D4","HALLMARK_HEDGEHOG_SIGNALING",0,0.918,FALSE
"libsize","GSE282302","C2_D5","HALLMARK_HEDGEHOG_SIGNALING",0,0.75925,FALSE
"none","GSE282302","C2_D5","HALLMARK_HEDGEHOG_SIGNALING",0,0.75375,FALSE
"pcs","GSE282302","C2_D5","HALLMARK_HEDGEHOG_SIGNALING",0,0.6045,FALSE
"libsize","GSE282302","C2_D6","HALLMARK_HEDGEHOG_SIGNALING",0,0.7075,FALSE
"none","GSE282302","C2_D6","HALLMARK_HEDGEHOG_SIGNALING",0,0.63825,FALSE
"pcs","GSE282302","C2_D6","HALLMARK_HEDGEHOG_SIGNALING",1,0.97075,TRUE
"libsize","GSE282302","C2_D7","HALLMARK_HEDGEHOG_SIGNALING",0,0.73125,FALSE
"none","GSE282302","C2_D7","HALLMARK_HEDGEHOG_SIGNALING",0,0.86875,FALSE
"pcs","GSE282302","C2_D7","HALLMARK_HEDGEHOG_SIGNALING",0.5,0.89575,TRUE
"libsize","GSE282302","C2_D8","HALLMARK_HEDGEHOG_SIGNALING",0.75,0.991125,TRUE
"none","GSE282302","C2_D8","HALLMARK_HEDGEHOG_SIGNALING",0.5,0.865,TRUE
"pcs","GSE282302","C2_D8","HALLMARK_HEDGEHOG_SIGNALING",0,0.771125,FALSE
"libsize","GSE282302","C2_D9","HALLMARK_HEDGEHOG_SIGNALING",0,0.865083333333333,FALSE
"none","GSE282302","C2_D9","HALLMARK_HEDGEHOG_SIGNALING",0,0.87675,FALSE
"pcs","GSE282302","C2_D9","HALLMARK_HEDGEHOG_SIGNALING",0,0.7725,FALSE
"libsize","GSE282302","C3_D1","HALLMARK_HEDGEHOG_SIGNALING",0,0.787,FALSE
"none","GSE282302","C3_D1","HALLMARK_HEDGEHOG_SIGNALING",0.25,0.835,FALSE
"pcs","GSE282302","C3_D1","HALLMARK_HEDGEHOG_SIGNALING",0.25,0.691875,FALSE
"libsize","GSE282302","C3_D10","HALLMARK_HEDGEHOG_SIGNALING",0.25,0.919875,FALSE
"none","GSE282302","C3_D10","HALLMARK_HEDGEHOG_SIGNALING",0.25,0.94725,FALSE
"pcs","GSE282302","C3_D10","HALLMARK_HEDGEHOG_SIGNALING",0.5,0.895,TRUE
"libsize","GSE282302","C3_D11","HALLMARK_HEDGEHOG_SIGNALING",0.25,0.95725,FALSE
"none","GSE282302","C3_D11","HALLMARK_HEDGEHOG_SIGNALING",0,0.859375,FALSE
"pcs","GSE282302","C3_D11","HALLMARK_HEDGEHOG_SIGNALING",0.5,0.8975,TRUE
"libsize","GSE282302","C3_D12","HALLMARK_HEDGEHOG_SIGNALING",0.375,0.9483125,FALSE
"none","GSE282302","C3_D12","HALLMARK_HEDGEHOG_SIGNALING",0.5,0.9208125,TRUE
"pcs","GSE282302","C3_D12","HALLMARK_HEDGEHOG_SIGNALING",0.375,0.808625,FALSE
"libsize","GSE282302","C3_D2","HALLMARK_HEDGEHOG_SIGNALING",0.25,0.93575,FALSE
"none","GSE282302","C3_D2","HALLMARK_HEDGEHOG_SIGNALING",0,0.915875,FALSE
"pcs","GSE282302","C3_D2","HALLMARK_HEDGEHOG_SIGNALING",0,0.897625,FALSE
"libsize","GSE282302","C3_D3","HALLMARK_HEDGEHOG_SIGNALING",0,0.83175,FALSE
"none","GSE282302","C3_D3","HALLMARK_HEDGEHOG_SIGNALING",0,0.766375,FALSE
"pcs","GSE282302","C3_D3","HALLMARK_HEDGEHOG_SIGNALING",0.25,0.948,FALSE
"libsize","GSE282302","C3_D4","HALLMARK_HEDGEHOG_SIGNALING",0.75,0.955875,TRUE
"none","GSE282302","C3_D4","HALLMARK_HEDGEHOG_SIGNALING",0.25,0.800125,FALSE
"pcs","GSE282302","C3_D4","HALLMARK_HEDGEHOG_SIGNALING",0.25,0.796,FALSE
"libsize","GSE282302","C3_D5","HALLMARK_HEDGEHOG_SIGNALING",0,0.855375,FALSE
"none","GSE282302","C3_D5","HALLMARK_HEDGEHOG_SIGNALING",0,0.76075,FALSE
"pcs","GSE282302","C3_D5","HALLMARK_HEDGEHOG_SIGNALING",0.5,0.92775,TRUE
"libsize","GSE282302","C3_D6","HALLMARK_HEDGEHOG_SIGNALING",0.75,0.929875,TRUE
"none","GSE282302","C3_D6","HALLMARK_HEDGEHOG_SIGNALING",0.75,0.915875,TRUE
"pcs","GSE282302","C3_D6","HALLMARK_HEDGEHOG_SIGNALING",0.25,0.7755,FALSE
"libsize","GSE282302","C3_D7","HALLMARK_HEDGEHOG_SIGNALING",0.5,0.86475,TRUE
"none","GSE282302","C3_D7","HALLMARK_HEDGEHOG_SIGNALING",0.25,0.884625,FALSE
"pcs","GSE282302","C3_D7","HALLMARK_HEDGEHOG_SIGNALING",0,0.74925,FALSE
"libsize","GSE282302","C3_D8","HALLMARK_HEDGEHOG_SIGNALING",0,0.775875,FALSE
"none","GSE282302","C3_D8","HALLMARK_HEDGEHOG_SIGNALING",0,0.609375,FALSE
"pcs","GSE282302","C3_D8","HALLMARK_HEDGEHOG_SIGNALING",0,0.7915,FALSE
"libsize","GSE282302","C3_D9","HALLMARK_HEDGEHOG_SIGNALING",0.5,0.945375,TRUE
"none","GSE282302","C3_D9","HALLMARK_HEDGEHOG_SIGNALING",0.25,0.754,FALSE
"pcs","GSE282302","C3_D9","HALLMARK_HEDGEHOG_SIGNALING",0.75,0.97725,TRUE
"libsize","GSE274557","Pt1","HALLMARK_HEDGEHOG_SIGNALING",0.5,0.89075,TRUE
"none","GSE274557","Pt1","HALLMARK_HEDGEHOG_SIGNALING",0.5,0.49725,TRUE
"pcs","GSE274557","Pt1","HALLMARK_HEDGEHOG_SIGNALING",0,0.45475,FALSE
"libsize","GSE274557","Pt10","HALLMARK_HEDGEHOG_SIGNALING",0.25,0.852625,FALSE
"none","GSE274557","Pt10","HALLMARK_HEDGEHOG_SIGNALING",0,0.398375,FALSE
"pcs","GSE274557","Pt10","HALLMARK_HEDGEHOG_SIGNALING",0,0.457375,FALSE
"libsize","GSE274557","Pt11","HALLMARK_HEDGEHOG_SIGNALING",0,0.795625,FALSE
"none","GSE274557","Pt11","HALLMARK_HEDGEHOG_SIGNALING",0,0.58375,FALSE
"pcs","GSE274557","Pt11","HALLMARK_HEDGEHOG_SIGNALING",0,0.507375,FALSE
"libsize","GSE274557","Pt12","HALLMARK_HEDGEHOG_SIGNALING",0.25,0.72425,FALSE
"none","GSE274557","Pt12","HALLMARK_HEDGEHOG_SIGNALING",0,0.611,FALSE
"pcs","GSE274557","Pt12","HALLMARK_HEDGEHOG_SIGNALING",0,0.555,FALSE
"libsize","GSE274557","Pt13","HALLMARK_HEDGEHOG_SIGNALING",0.142857142857143,0.848571428571429,FALSE
"none","GSE274557","Pt13","HALLMARK_HEDGEHOG_SIGNALING",0,0.515857142857143,FALSE
"pcs","GSE274557","Pt13","HALLMARK_HEDGEHOG_SIGNALING",0,0.688285714285714,FALSE
"libsize","GSE274557","Pt2","HALLMARK_HEDGEHOG_SIGNALING",0,0.735833333333333,FALSE
"none","GSE274557","Pt2","HALLMARK_HEDGEHOG_SIGNALING",0,0.4705,FALSE
"pcs","GSE274557","Pt2","HALLMARK_HEDGEHOG_SIGNALING",0,0.5375,FALSE
"libsize","GSE274557","Pt3","HALLMARK_HEDGEHOG_SIGNALING",0,0.7935,FALSE
"none","GSE274557","Pt3","HALLMARK_HEDGEHOG_SIGNALING",0,0.687875,FALSE
"pcs","GSE274557","Pt3","HALLMARK_HEDGEHOG_SIGNALING",0,0.53625,FALSE
"libsize","GSE274557","Pt4","HALLMARK_HEDGEHOG_SIGNALING",0.5,0.921125,TRUE
"none","GSE274557","Pt4","HALLMARK_HEDGEHOG_SIGNALING",0,0.66075,FALSE
"pcs","GSE274557","Pt4","HALLMARK_HEDGEHOG_SIGNALING",0,0.655,FALSE
"libsize","GSE274557","Pt5","HALLMARK_HEDGEHOG_SIGNALING",0.333333333333333,0.860166666666667,FALSE
"none","GSE274557","Pt5","HALLMARK_HEDGEHOG_SIGNALING",0,0.600166666666667,FALSE
"pcs","GSE274557","Pt5","HALLMARK_HEDGEHOG_SIGNALING",0,0.248333333333333,FALSE
"libsize","GSE274557","Pt6","HALLMARK_HEDGEHOG_SIGNALING",0,0.762916666666667,FALSE
"none","GSE274557","Pt6","HALLMARK_HEDGEHOG_SIGNALING",0,0.787,FALSE
"pcs","GSE274557","Pt6","HALLMARK_HEDGEHOG_SIGNALING",0,0.609583333333333,FALSE
"libsize","GSE274557","Pt7","HALLMARK_HEDGEHOG_SIGNALING",0,0.77475,FALSE
"none","GSE274557","Pt7","HALLMARK_HEDGEHOG_SIGNALING",0,0.6535,FALSE
"pcs","GSE274557","Pt7","HALLMARK_HEDGEHOG_SIGNALING",0,0.3375,FALSE
"libsize","GSE274557","Pt8","HALLMARK_HEDGEHOG_SIGNALING",0.4,0.7771,FALSE
"none","GSE274557","Pt8","HALLMARK_HEDGEHOG_SIGNALING",0,0.3688,FALSE
"pcs","GSE274557","Pt8","HALLMARK_HEDGEHOG_SIGNALING",0,0.8084,FALSE
"libsize","GSE274557","Pt9","HALLMARK_HEDGEHOG_SIGNALING",0.25,0.807875,FALSE
"none","GSE274557","Pt9","HALLMARK_HEDGEHOG_SIGNALING",0,0.5585,FALSE
"pcs","GSE274557","Pt9","HALLMARK_HEDGEHOG_SIGNALING",0.25,0.617,FALSE
"libsize","GSE282302","C1_D1","HALLMARK_HEME_METABOLISM",0,0.6655,FALSE
"none","GSE282302","C1_D1","HALLMARK_HEME_METABOLISM",0,0.91,FALSE
"pcs","GSE282302","C1_D1","HALLMARK_HEME_METABOLISM",0,0.8885,FALSE
"libsize","GSE282302","C1_D10","HALLMARK_HEME_METABOLISM",0,0.29125,FALSE
"none","GSE282302","C1_D10","HALLMARK_HEME_METABOLISM",0,0.495,FALSE
"pcs","GSE282302","C1_D10","HALLMARK_HEME_METABOLISM",0,0.6915,FALSE
"libsize","GSE282302","C1_D11","HALLMARK_HEME_METABOLISM",0.5,0.90375,TRUE
"none","GSE282302","C1_D11","HALLMARK_HEME_METABOLISM",1,0.99725,TRUE
"pcs","GSE282302","C1_D11","HALLMARK_HEME_METABOLISM",0,0.54575,FALSE
"libsize","GSE282302","C1_D12","HALLMARK_HEME_METABOLISM",0.5,0.686,TRUE
"none","GSE282302","C1_D12","HALLMARK_HEME_METABOLISM",0,0.32125,FALSE
"pcs","GSE282302","C1_D12","HALLMARK_HEME_METABOLISM",0.5,0.88975,TRUE
"libsize","GSE282302","C1_D13","HALLMARK_HEME_METABOLISM",0,0.7,FALSE
"none","GSE282302","C1_D13","HALLMARK_HEME_METABOLISM",0,0.45025,FALSE
"pcs","GSE282302","C1_D13","HALLMARK_HEME_METABOLISM",0,0.56725,FALSE
"libsize","GSE282302","C1_D14","HALLMARK_HEME_METABOLISM",0.666666666666667,0.964,TRUE
"none","GSE282302","C1_D14","HALLMARK_HEME_METABOLISM",0,0.619,FALSE
"pcs","GSE282302","C1_D14","HALLMARK_HEME_METABOLISM",0,0.661166666666667,FALSE
"libsize","GSE282302","C1_D2","HALLMARK_HEME_METABOLISM",1,0.987,TRUE
"none","GSE282302","C1_D2","HALLMARK_HEME_METABOLISM",0,0.883,FALSE
"pcs","GSE282302","C1_D2","HALLMARK_HEME_METABOLISM",0,0.6865,FALSE
"libsize","GSE282302","C1_D3","HALLMARK_HEME_METABOLISM",1,0.9875,TRUE
"none","GSE282302","C1_D3","HALLMARK_HEME_METABOLISM",0,0.445,FALSE
"pcs","GSE282302","C1_D3","HALLMARK_HEME_METABOLISM",0,0.9015,FALSE
"libsize","GSE282302","C1_D4","HALLMARK_HEME_METABOLISM",0,0.8665,FALSE
"none","GSE282302","C1_D4","HALLMARK_HEME_METABOLISM",0,0,FALSE
"pcs","GSE282302","C1_D4","HALLMARK_HEME_METABOLISM",1,0.9915,TRUE
"libsize","GSE282302","C1_D5","HALLMARK_HEME_METABOLISM",0,0.9255,FALSE
"none","GSE282302","C1_D5","HALLMARK_HEME_METABOLISM",0,0.586,FALSE
"pcs","GSE282302","C1_D5","HALLMARK_HEME_METABOLISM",1,0.9865,TRUE
"libsize","GSE282302","C1_D6","HALLMARK_HEME_METABOLISM",0,0.2955,FALSE
"none","GSE282302","C1_D6","HALLMARK_HEME_METABOLISM",0,0.8575,FALSE
"pcs","GSE282302","C1_D6","HALLMARK_HEME_METABOLISM",0,0.447,FALSE
"libsize","GSE282302","C1_D7","HALLMARK_HEME_METABOLISM",0,0.859,FALSE
"none","GSE282302","C1_D7","HALLMARK_HEME_METABOLISM",0,0.8,FALSE
"pcs","GSE282302","C1_D7","HALLMARK_HEME_METABOLISM",0,0.937,FALSE
"libsize","GSE282302","C1_D8","HALLMARK_HEME_METABOLISM",1,0.983,TRUE
"none","GSE282302","C1_D8","HALLMARK_HEME_METABOLISM",0.5,0.96075,TRUE
"pcs","GSE282302","C1_D8","HALLMARK_HEME_METABOLISM",0,0.1495,FALSE
"libsize","GSE282302","C1_D9","HALLMARK_HEME_METABOLISM",0.5,0.83275,TRUE
"none","GSE282302","C1_D9","HALLMARK_HEME_METABOLISM",0,0.57775,FALSE
"pcs","GSE282302","C1_D9","HALLMARK_HEME_METABOLISM",0,0.65825,FALSE
"libsize","GSE282302","C2_D1","HALLMARK_HEME_METABOLISM",0,0.9505,FALSE
"none","GSE282302","C2_D1","HALLMARK_HEME_METABOLISM",0,0.4465,FALSE
"pcs","GSE282302","C2_D1","HALLMARK_HEME_METABOLISM",0,0.139,FALSE
"libsize","GSE282302","C2_D10","HALLMARK_HEME_METABOLISM",0,0.9255,FALSE
"none","GSE282302","C2_D10","HALLMARK_HEME_METABOLISM",0,0.783125,FALSE
"pcs","GSE282302","C2_D10","HALLMARK_HEME_METABOLISM",0,0.606375,FALSE
"libsize","GSE282302","C2_D11","HALLMARK_HEME_METABOLISM",0.125,0.4735625,FALSE
"none","GSE282302","C2_D11","HALLMARK_HEME_METABOLISM",0,0.2725625,FALSE
"pcs","GSE282302","C2_D11","HALLMARK_HEME_METABOLISM",0.25,0.7230625,FALSE
"libsize","GSE282302","C2_D12","HALLMARK_HEME_METABOLISM",1,0.9785,TRUE
"none","GSE282302","C2_D12","HALLMARK_HEME_METABOLISM",0,0.959,FALSE
"pcs","GSE282302","C2_D12","HALLMARK_HEME_METABOLISM",0,0.499,FALSE
"libsize","GSE282302","C2_D13","HALLMARK_HEME_METABOLISM",0,0.563,FALSE
"none","GSE282302","C2_D13","HALLMARK_HEME_METABOLISM",0,0.3545,FALSE
"pcs","GSE282302","C2_D13","HALLMARK_HEME_METABOLISM",0,0.7495,FALSE
"libsize","GSE282302","C2_D2","HALLMARK_HEME_METABOLISM",0,0.021,FALSE
"none","GSE282302","C2_D2","HALLMARK_HEME_METABOLISM",0,0.00949999999999995,FALSE
"pcs","GSE282302","C2_D2","HALLMARK_HEME_METABOLISM",1,0.9985,TRUE
"libsize","GSE282302","C2_D3","HALLMARK_HEME_METABOLISM",0,0.959,FALSE
"none","GSE282302","C2_D3","HALLMARK_HEME_METABOLISM",0,0.653,FALSE
"pcs","GSE282302","C2_D3","HALLMARK_HEME_METABOLISM",0,0.5455,FALSE
"libsize","GSE282302","C2_D4","HALLMARK_HEME_METABOLISM",0,0.142,FALSE
"none","GSE282302","C2_D4","HALLMARK_HEME_METABOLISM",0,0.2865,FALSE
"pcs","GSE282302","C2_D4","HALLMARK_HEME_METABOLISM",0,0.554,FALSE
"libsize","GSE282302","C2_D5","HALLMARK_HEME_METABOLISM",0,0.3875,FALSE
"none","GSE282302","C2_D5","HALLMARK_HEME_METABOLISM",0,0.41625,FALSE
"pcs","GSE282302","C2_D5","HALLMARK_HEME_METABOLISM",0,0.54275,FALSE
"libsize","GSE282302","C2_D6","HALLMARK_HEME_METABOLISM",0,0.022,FALSE
"none","GSE282302","C2_D6","HALLMARK_HEME_METABOLISM",0,0.079,FALSE
"pcs","GSE282302","C2_D6","HALLMARK_HEME_METABOLISM",1,0.988,TRUE
"libsize","GSE282302","C2_D7","HALLMARK_HEME_METABOLISM",0,0.70825,FALSE
"none","GSE282302","C2_D7","HALLMARK_HEME_METABOLISM",0,0.249,FALSE
"pcs","GSE282302","C2_D7","HALLMARK_HEME_METABOLISM",0.5,0.552,TRUE
"libsize","GSE282302","C2_D8","HALLMARK_HEME_METABOLISM",0,0.714125,FALSE
"none","GSE282302","C2_D8","HALLMARK_HEME_METABOLISM",0,0.748875,FALSE
"pcs","GSE282302","C2_D8","HALLMARK_HEME_METABOLISM",0,0.27025,FALSE
"libsize","GSE282302","C2_D9","HALLMARK_HEME_METABOLISM",0,0.75275,FALSE
"none","GSE282302","C2_D9","HALLMARK_HEME_METABOLISM",0,0.527916666666667,FALSE
"pcs","GSE282302","C2_D9","HALLMARK_HEME_METABOLISM",0,0.760333333333333,FALSE
"libsize","GSE282302","C3_D1","HALLMARK_HEME_METABOLISM",0,0.303,FALSE
"none","GSE282302","C3_D1","HALLMARK_HEME_METABOLISM",0,0.46925,FALSE
"pcs","GSE282302","C3_D1","HALLMARK_HEME_METABOLISM",0,0.815875,FALSE
"libsize","GSE282302","C3_D10","HALLMARK_HEME_METABOLISM",0,0.405125,FALSE
"none","GSE282302","C3_D10","HALLMARK_HEME_METABOLISM",0,0.382125,FALSE
"pcs","GSE282302","C3_D10","HALLMARK_HEME_METABOLISM",0,0.410625,FALSE
"libsize","GSE282302","C3_D11","HALLMARK_HEME_METABOLISM",0.25,0.856375,FALSE
"none","GSE282302","C3_D11","HALLMARK_HEME_METABOLISM",0.25,0.766375,FALSE
"pcs","GSE282302","C3_D11","HALLMARK_HEME_METABOLISM",0.25,0.551125,FALSE
"libsize","GSE282302","C3_D12","HALLMARK_HEME_METABOLISM",0,0.2080625,FALSE
"none","GSE282302","C3_D12","HALLMARK_HEME_METABOLISM",0,0.2780625,FALSE
"pcs","GSE282302","C3_D12","HALLMARK_HEME_METABOLISM",0.125,0.774375,FALSE
"libsize","GSE282302","C3_D2","HALLMARK_HEME_METABOLISM",0.25,0.5865,FALSE
"none","GSE282302","C3_D2","HALLMARK_HEME_METABOLISM",0,0.453,FALSE
"pcs","GSE282302","C3_D2","HALLMARK_HEME_METABOLISM",0.25,0.690875,FALSE
"libsize","GSE282302","C3_D3","HALLMARK_HEME_METABOLISM",0,0.719375,FALSE
"none","GSE282302","C3_D3","HALLMARK_HEME_METABOLISM",0.25,0.61025,FALSE
"pcs","GSE282302","C3_D3","HALLMARK_HEME_METABOLISM",0.25,0.5425,FALSE
"libsize","GSE282302","C3_D4","HALLMARK_HEME_METABOLISM",0.25,0.8335,FALSE
"none","GSE282302","C3_D4","HALLMARK_HEME_METABOLISM",0,0.471875,FALSE
"pcs","GSE282302","C3_D4","HALLMARK_HEME_METABOLISM",0.25,0.696,FALSE
"libsize","GSE282302","C3_D5","HALLMARK_HEME_METABOLISM",0.25,0.471375,FALSE
"none","GSE282302","C3_D5","HALLMARK_HEME_METABOLISM",0.25,0.596125,FALSE
"pcs","GSE282302","C3_D5","HALLMARK_HEME_METABOLISM",0.5,0.82775,TRUE
"libsize","GSE282302","C3_D6","HALLMARK_HEME_METABOLISM",0.25,0.469375,FALSE
"none","GSE282302","C3_D6","HALLMARK_HEME_METABOLISM",0,0.468,FALSE
"pcs","GSE282302","C3_D6","HALLMARK_HEME_METABOLISM",0.25,0.733,FALSE
"libsize","GSE282302","C3_D7","HALLMARK_HEME_METABOLISM",0,0.417625,FALSE
"none","GSE282302","C3_D7","HALLMARK_HEME_METABOLISM",0,0.539875,FALSE
"pcs","GSE282302","C3_D7","HALLMARK_HEME_METABOLISM",0.25,0.490625,FALSE
"libsize","GSE282302","C3_D8","HALLMARK_HEME_METABOLISM",0.25,0.442875,FALSE
"none","GSE282302","C3_D8","HALLMARK_HEME_METABOLISM",0,0.074875,FALSE
"pcs","GSE282302","C3_D8","HALLMARK_HEME_METABOLISM",0,0.621,FALSE
"libsize","GSE282302","C3_D9","HALLMARK_HEME_METABOLISM",0,0.641375,FALSE
"none","GSE282302","C3_D9","HALLMARK_HEME_METABOLISM",0.25,0.6885,FALSE
"pcs","GSE282302","C3_D9","HALLMARK_HEME_METABOLISM",0,0.648875,FALSE
"libsize","GSE274557","Pt1","HALLMARK_HEME_METABOLISM",0,0.5955,FALSE
"none","GSE274557","Pt1","HALLMARK_HEME_METABOLISM",0,0.251,FALSE
"pcs","GSE274557","Pt1","HALLMARK_HEME_METABOLISM",0,0.30425,FALSE
"libsize","GSE274557","Pt10","HALLMARK_HEME_METABOLISM",0,0.52175,FALSE
"none","GSE274557","Pt10","HALLMARK_HEME_METABOLISM",0,0.141875,FALSE
"pcs","GSE274557","Pt10","HALLMARK_HEME_METABOLISM",0,0.626125,FALSE
"libsize","GSE274557","Pt11","HALLMARK_HEME_METABOLISM",0,0.478625,FALSE
"none","GSE274557","Pt11","HALLMARK_HEME_METABOLISM",0,0.196625,FALSE
"pcs","GSE274557","Pt11","HALLMARK_HEME_METABOLISM",0.5,0.817,TRUE
"libsize","GSE274557","Pt12","HALLMARK_HEME_METABOLISM",0.25,0.88625,FALSE
"none","GSE274557","Pt12","HALLMARK_HEME_METABOLISM",0,0.176,FALSE
"pcs","GSE274557","Pt12","HALLMARK_HEME_METABOLISM",0,0.57675,FALSE
"libsize","GSE274557","Pt13","HALLMARK_HEME_METABOLISM",0.285714285714286,0.508,FALSE
"none","GSE274557","Pt13","HALLMARK_HEME_METABOLISM",0,0.522071428571429,FALSE
"pcs","GSE274557","Pt13","HALLMARK_HEME_METABOLISM",0.142857142857143,0.7635,FALSE
"libsize","GSE274557","Pt2","HALLMARK_HEME_METABOLISM",0.333333333333333,0.660333333333333,FALSE
"none","GSE274557","Pt2","HALLMARK_HEME_METABOLISM",0.333333333333333,0.528333333333333,FALSE
"pcs","GSE274557","Pt2","HALLMARK_HEME_METABOLISM",0.333333333333333,0.9125,FALSE
"libsize","GSE274557","Pt3","HALLMARK_HEME_METABOLISM",0,0.560375,FALSE
"none","GSE274557","Pt3","HALLMARK_HEME_METABOLISM",0,0.119875,FALSE
"pcs","GSE274557","Pt3","HALLMARK_HEME_METABOLISM",0.25,0.578625,FALSE
"libsize","GSE274557","Pt4","HALLMARK_HEME_METABOLISM",0,0.621,FALSE
"none","GSE274557","Pt4","HALLMARK_HEME_METABOLISM",0,0.166375,FALSE
"pcs","GSE274557","Pt4","HALLMARK_HEME_METABOLISM",0,0.843375,FALSE
"libsize","GSE274557","Pt5","HALLMARK_HEME_METABOLISM",0,0.560666666666667,FALSE
"none","GSE274557","Pt5","HALLMARK_HEME_METABOLISM",0,0.0595,FALSE
"pcs","GSE274557","Pt5","HALLMARK_HEME_METABOLISM",0.333333333333333,0.865666666666667,FALSE
"libsize","GSE274557","Pt6","HALLMARK_HEME_METABOLISM",0,0.278333333333333,FALSE
"none","GSE274557","Pt6","HALLMARK_HEME_METABOLISM",0,0.320166666666667,FALSE
"pcs","GSE274557","Pt6","HALLMARK_HEME_METABOLISM",0,0.711666666666667,FALSE
"libsize","GSE274557","Pt7","HALLMARK_HEME_METABOLISM",0,0.54825,FALSE
"none","GSE274557","Pt7","HALLMARK_HEME_METABOLISM",0,0.2835,FALSE
"pcs","GSE274557","Pt7","HALLMARK_HEME_METABOLISM",0,0.806375,FALSE
"libsize","GSE274557","Pt8","HALLMARK_HEME_METABOLISM",0,0.344,FALSE
"none","GSE274557","Pt8","HALLMARK_HEME_METABOLISM",0,0.0166,FALSE
"pcs","GSE274557","Pt8","HALLMARK_HEME_METABOLISM",0.2,0.7276,FALSE
"libsize","GSE274557","Pt9","HALLMARK_HEME_METABOLISM",0,0.7675,FALSE
"none","GSE274557","Pt9","HALLMARK_HEME_METABOLISM",0,0.433375,FALSE
"pcs","GSE274557","Pt9","HALLMARK_HEME_METABOLISM",0,0.720625,FALSE
"libsize","GSE282302","C1_D1","HALLMARK_HYPOXIA",1,0.9995,TRUE
"none","GSE282302","C1_D1","HALLMARK_HYPOXIA",1,0.9975,TRUE
"pcs","GSE282302","C1_D1","HALLMARK_HYPOXIA",1,0.9995,TRUE
"libsize","GSE282302","C1_D10","HALLMARK_HYPOXIA",1,0.9995,TRUE
"none","GSE282302","C1_D10","HALLMARK_HYPOXIA",0.5,0.9745,TRUE
"pcs","GSE282302","C1_D10","HALLMARK_HYPOXIA",0.5,0.98,TRUE
"libsize","GSE282302","C1_D11","HALLMARK_HYPOXIA",1,0.9995,TRUE
"none","GSE282302","C1_D11","HALLMARK_HYPOXIA",0.5,0.65725,TRUE
"pcs","GSE282302","C1_D11","HALLMARK_HYPOXIA",1,0.9995,TRUE
"libsize","GSE282302","C1_D12","HALLMARK_HYPOXIA",1,0.9995,TRUE
"none","GSE282302","C1_D12","HALLMARK_HYPOXIA",0,0.40075,FALSE
"pcs","GSE282302","C1_D12","HALLMARK_HYPOXIA",1,0.9995,TRUE
"libsize","GSE282302","C1_D13","HALLMARK_HYPOXIA",1,0.9995,TRUE
"none","GSE282302","C1_D13","HALLMARK_HYPOXIA",0.5,0.504,TRUE
"pcs","GSE282302","C1_D13","HALLMARK_HYPOXIA",1,0.9995,TRUE
"libsize","GSE282302","C1_D14","HALLMARK_HYPOXIA",1,0.9995,TRUE
"none","GSE282302","C1_D14","HALLMARK_HYPOXIA",0.333333333333333,0.335666666666667,FALSE
"pcs","GSE282302","C1_D14","HALLMARK_HYPOXIA",1,0.9995,TRUE
"libsize","GSE282302","C1_D2","HALLMARK_HYPOXIA",1,0.9995,TRUE
"none","GSE282302","C1_D2","HALLMARK_HYPOXIA",0,0.8905,FALSE
"pcs","GSE282302","C1_D2","HALLMARK_HYPOXIA",1,0.992,TRUE
"libsize","GSE282302","C1_D3","HALLMARK_HYPOXIA",0,0.9665,FALSE
"none","GSE282302","C1_D3","HALLMARK_HYPOXIA",0,0.9865,FALSE
"pcs","GSE282302","C1_D3","HALLMARK_HYPOXIA",1,0.9995,TRUE
"libsize","GSE282302","C1_D4","HALLMARK_HYPOXIA",1,0.9995,TRUE
"none","GSE282302","C1_D4","HALLMARK_HYPOXIA",0,0.001,FALSE
"pcs","GSE282302","C1_D4","HALLMARK_HYPOXIA",1,0.9995,TRUE
"libsize","GSE282302","C1_D5","HALLMARK_HYPOXIA",1,0.9995,TRUE
"none","GSE282302","C1_D5","HALLMARK_HYPOXIA",0,0.6555,FALSE
"pcs","GSE282302","C1_D5","HALLMARK_HYPOXIA",1,0.9995,TRUE
"libsize","GSE282302","C1_D6","HALLMARK_HYPOXIA",1,0.9865,TRUE
"none","GSE282302","C1_D6","HALLMARK_HYPOXIA",0,0.8315,FALSE
"pcs","GSE282302","C1_D6","HALLMARK_HYPOXIA",1,0.9995,TRUE
"libsize","GSE282302","C1_D7","HALLMARK_HYPOXIA",1,0.9995,TRUE
"none","GSE282302","C1_D7","HALLMARK_HYPOXIA",1,0.9995,TRUE
"pcs","GSE282302","C1_D7","HALLMARK_HYPOXIA",1,0.9995,TRUE
"libsize","GSE282302","C1_D8","HALLMARK_HYPOXIA",1,0.9995,TRUE
"none","GSE282302","C1_D8","HALLMARK_HYPOXIA",0.5,0.963,TRUE
"pcs","GSE282302","C1_D8","HALLMARK_HYPOXIA",0.5,0.7965,TRUE
"libsize","GSE282302","C1_D9","HALLMARK_HYPOXIA",1,0.9995,TRUE
"none","GSE282302","C1_D9","HALLMARK_HYPOXIA",1,0.99925,TRUE
"pcs","GSE282302","C1_D9","HALLMARK_HYPOXIA",0.5,0.98425,TRUE
"libsize","GSE282302","C2_D1","HALLMARK_HYPOXIA",1,0.996,TRUE
"none","GSE282302","C2_D1","HALLMARK_HYPOXIA",0,0.6455,FALSE
"pcs","GSE282302","C2_D1","HALLMARK_HYPOXIA",1,0.9995,TRUE
"libsize","GSE282302","C2_D10","HALLMARK_HYPOXIA",1,0.9995,TRUE
"none","GSE282302","C2_D10","HALLMARK_HYPOXIA",1,0.9995,TRUE
"pcs","GSE282302","C2_D10","HALLMARK_HYPOXIA",1,0.9995,TRUE
"libsize","GSE282302","C2_D11","HALLMARK_HYPOXIA",1,0.9995,TRUE
"none","GSE282302","C2_D11","HALLMARK_HYPOXIA",0.25,0.5950625,FALSE
"pcs","GSE282302","C2_D11","HALLMARK_HYPOXIA",0.75,0.9666875,TRUE
"libsize","GSE282302","C2_D12","HALLMARK_HYPOXIA",1,0.9915,TRUE
"none","GSE282302","C2_D12","HALLMARK_HYPOXIA",0,0,FALSE
"pcs","GSE282302","C2_D12","HALLMARK_HYPOXIA",0,0.993,FALSE
"libsize","GSE282302","C2_D13","HALLMARK_HYPOXIA",1,0.9995,TRUE
"none","GSE282302","C2_D13","HALLMARK_HYPOXIA",0,0.0565,FALSE
"pcs","GSE282302","C2_D13","HALLMARK_HYPOXIA",1,0.9995,TRUE
"libsize","GSE282302","C2_D2","HALLMARK_HYPOXIA",0,0.4685,FALSE
"none","GSE282302","C2_D2","HALLMARK_HYPOXIA",0,0.7895,FALSE
"pcs","GSE282302","C2_D2","HALLMARK_HYPOXIA",1,0.9995,TRUE
"libsize","GSE282302","C2_D3","HALLMARK_HYPOXIA",1,0.9995,TRUE
"none","GSE282302","C2_D3","HALLMARK_HYPOXIA",1,0.9995,TRUE
"pcs","GSE282302","C2_D3","HALLMARK_HYPOXIA",1,0.9995,TRUE
"libsize","GSE282302","C2_D4","HALLMARK_HYPOXIA",1,0.9995,TRUE
"none","GSE282302","C2_D4","HALLMARK_HYPOXIA",1,0.9995,TRUE
"pcs","GSE282302","C2_D4","HALLMARK_HYPOXIA",1,0.9995,TRUE
"libsize","GSE282302","C2_D5","HALLMARK_HYPOXIA",1,0.99925,TRUE
"none","GSE282302","C2_D5","HALLMARK_HYPOXIA",0.5,0.525,TRUE
"pcs","GSE282302","C2_D5","HALLMARK_HYPOXIA",1,0.9995,TRUE
"libsize","GSE282302","C2_D6","HALLMARK_HYPOXIA",0,0.7915,FALSE
"none","GSE282302","C2_D6","HALLMARK_HYPOXIA",0.5,0.8545,TRUE
"pcs","GSE282302","C2_D6","HALLMARK_HYPOXIA",1,0.9995,TRUE
"libsize","GSE282302","C2_D7","HALLMARK_HYPOXIA",1,0.9995,TRUE
"none","GSE282302","C2_D7","HALLMARK_HYPOXIA",0,0.00249999999999995,FALSE
"pcs","GSE282302","C2_D7","HALLMARK_HYPOXIA",1,0.9995,TRUE
"libsize","GSE282302","C2_D8","HALLMARK_HYPOXIA",0.5,0.97,TRUE
"none","GSE282302","C2_D8","HALLMARK_HYPOXIA",0,0.045125,FALSE
"pcs","GSE282302","C2_D8","HALLMARK_HYPOXIA",0.5,0.947125,TRUE
"libsize","GSE282302","C2_D9","HALLMARK_HYPOXIA",1,0.9995,TRUE
"none","GSE282302","C2_D9","HALLMARK_HYPOXIA",0.5,0.64025,TRUE
"pcs","GSE282302","C2_D9","HALLMARK_HYPOXIA",0.833333333333333,0.940083333333333,TRUE
"libsize","GSE282302","C3_D1","HALLMARK_HYPOXIA",1,0.9995,TRUE
"none","GSE282302","C3_D1","HALLMARK_HYPOXIA",0.75,0.771875,TRUE
"pcs","GSE282302","C3_D1","HALLMARK_HYPOXIA",1,0.998125,TRUE
"libsize","GSE282302","C3_D10","HALLMARK_HYPOXIA",0.75,0.973875,TRUE
"none","GSE282302","C3_D10","HALLMARK_HYPOXIA",1,0.999125,TRUE
"pcs","GSE282302","C3_D10","HALLMARK_HYPOXIA",1,0.9995,TRUE
"libsize","GSE282302","C3_D11","HALLMARK_HYPOXIA",1,0.9995,TRUE
"none","GSE282302","C3_D11","HALLMARK_HYPOXIA",0.5,0.820375,TRUE
"pcs","GSE282302","C3_D11","HALLMARK_HYPOXIA",1,0.9995,TRUE
"libsize","GSE282302","C3_D12","HALLMARK_HYPOXIA",0.875,0.917875,TRUE
"none","GSE282302","C3_D12","HALLMARK_HYPOXIA",1,0.9985625,TRUE
"pcs","GSE282302","C3_D12","HALLMARK_HYPOXIA",0.875,0.99625,TRUE
"libsize","GSE282302","C3_D2","HALLMARK_HYPOXIA",0.75,0.953,TRUE
"none","GSE282302","C3_D2","HALLMARK_HYPOXIA",0.5,0.503375,TRUE
"pcs","GSE282302","C3_D2","HALLMARK_HYPOXIA",1,0.999375,TRUE
"libsize","GSE282302","C3_D3","HALLMARK_HYPOXIA",1,0.9995,TRUE
"none","GSE282302","C3_D3","HALLMARK_HYPOXIA",1,0.9995,TRUE
"pcs","GSE282302","C3_D3","HALLMARK_HYPOXIA",0.75,0.945375,TRUE
"libsize","GSE282302","C3_D4","HALLMARK_HYPOXIA",1,0.999375,TRUE
"none","GSE282302","C3_D4","HALLMARK_HYPOXIA",0.5,0.53525,TRUE
"pcs","GSE282302","C3_D4","HALLMARK_HYPOXIA",0.75,0.992125,TRUE
"libsize","GSE282302","C3_D5","HALLMARK_HYPOXIA",0.75,0.94475,TRUE
"none","GSE282302","C3_D5","HALLMARK_HYPOXIA",0.25,0.829875,FALSE
"pcs","GSE282302","C3_D5","HALLMARK_HYPOXIA",1,0.9995,TRUE
"libsize","GSE282302","C3_D6","HALLMARK_HYPOXIA",1,0.9995,TRUE
"none","GSE282302","C3_D6","HALLMARK_HYPOXIA",0.75,0.77225,TRUE
"pcs","GSE282302","C3_D6","HALLMARK_HYPOXIA",0.75,0.987625,TRUE
"libsize","GSE282302","C3_D7","HALLMARK_HYPOXIA",1,0.9995,TRUE
"none","GSE282302","C3_D7","HALLMARK_HYPOXIA",0.75,0.95925,TRUE
"pcs","GSE282302","C3_D7","HALLMARK_HYPOXIA",0.75,0.88325,TRUE
"libsize","GSE282302","C3_D8","HALLMARK_HYPOXIA",0.75,0.91075,TRUE
"none","GSE282302","C3_D8","HALLMARK_HYPOXIA",0.5,0.65425,TRUE
"pcs","GSE282302","C3_D8","HALLMARK_HYPOXIA",0.75,0.8075,TRUE
"libsize","GSE282302","C3_D9","HALLMARK_HYPOXIA",0.75,0.9885,TRUE
"none","GSE282302","C3_D9","HALLMARK_HYPOXIA",0.25,0.588875,FALSE
"pcs","GSE282302","C3_D9","HALLMARK_HYPOXIA",1,0.9935,TRUE
"libsize","GSE274557","Pt1","HALLMARK_HYPOXIA",0.666666666666667,0.722333333333333,TRUE
"none","GSE274557","Pt1","HALLMARK_HYPOXIA",0,0.370833333333333,FALSE
"pcs","GSE274557","Pt1","HALLMARK_HYPOXIA",0.666666666666667,0.708833333333333,TRUE
"libsize","GSE274557","Pt10","HALLMARK_HYPOXIA",1,0.99875,TRUE
"none","GSE274557","Pt10","HALLMARK_HYPOXIA",0,0.042375,FALSE
"pcs","GSE274557","Pt10","HALLMARK_HYPOXIA",1,0.9975,TRUE
"libsize","GSE274557","Pt11","HALLMARK_HYPOXIA",0.75,0.980125,TRUE
"none","GSE274557","Pt11","HALLMARK_HYPOXIA",0.25,0.7955,FALSE
"pcs","GSE274557","Pt11","HALLMARK_HYPOXIA",1,0.998625,TRUE
"libsize","GSE274557","Pt12","HALLMARK_HYPOXIA",1,0.998875,TRUE
"none","GSE274557","Pt12","HALLMARK_HYPOXIA",0.25,0.490125,FALSE
"pcs","GSE274557","Pt12","HALLMARK_HYPOXIA",0.5,0.8375,TRUE
"libsize","GSE274557","Pt13","HALLMARK_HYPOXIA",0.857142857142857,0.965285714285714,TRUE
"none","GSE274557","Pt13","HALLMARK_HYPOXIA",0.285714285714286,0.686714285714286,FALSE
"pcs","GSE274557","Pt13","HALLMARK_HYPOXIA",0.857142857142857,0.996714285714286,TRUE
"libsize","GSE274557","Pt2","HALLMARK_HYPOXIA",1,0.9995,TRUE
"none","GSE274557","Pt2","HALLMARK_HYPOXIA",0.666666666666667,0.818833333333333,TRUE
"pcs","GSE274557","Pt2","HALLMARK_HYPOXIA",1,0.9995,TRUE
"libsize","GSE274557","Pt3","HALLMARK_HYPOXIA",1,0.996125,TRUE
"none","GSE274557","Pt3","HALLMARK_HYPOXIA",0.25,0.537125,FALSE
"pcs","GSE274557","Pt3","HALLMARK_HYPOXIA",0.75,0.97625,TRUE
"libsize","GSE274557","Pt4","HALLMARK_HYPOXIA",1,0.999375,TRUE
"none","GSE274557","Pt4","HALLMARK_HYPOXIA",0.25,0.513,FALSE
"pcs","GSE274557","Pt4","HALLMARK_HYPOXIA",1,0.996625,TRUE
"libsize","GSE274557","Pt5","HALLMARK_HYPOXIA",0.666666666666667,0.698,TRUE
"none","GSE274557","Pt5","HALLMARK_HYPOXIA",0.666666666666667,0.6755,TRUE
"pcs","GSE274557","Pt5","HALLMARK_HYPOXIA",1,0.9995,TRUE
"libsize","GSE274557","Pt6","HALLMARK_HYPOXIA",1,0.999416666666667,TRUE
"none","GSE274557","Pt6","HALLMARK_HYPOXIA",0.333333333333333,0.891333333333333,FALSE
"pcs","GSE274557","Pt6","HALLMARK_HYPOXIA",0.5,0.920583333333333,TRUE
"libsize","GSE274557","Pt7","HALLMARK_HYPOXIA",1,0.9995,TRUE
"none","GSE274557","Pt7","HALLMARK_HYPOXIA",0.25,0.486625,FALSE
"pcs","GSE274557","Pt7","HALLMARK_HYPOXIA",1,0.9995,TRUE
"libsize","GSE274557","Pt8","HALLMARK_HYPOXIA",1,0.9985,TRUE
"none","GSE274557","Pt8","HALLMARK_HYPOXIA",0.8,0.8053,TRUE
"pcs","GSE274557","Pt8","HALLMARK_HYPOXIA",1,0.9995,TRUE
"libsize","GSE274557","Pt9","HALLMARK_HYPOXIA",1,0.999375,TRUE
"none","GSE274557","Pt9","HALLMARK_HYPOXIA",0,0.218625,FALSE
"pcs","GSE274557","Pt9","HALLMARK_HYPOXIA",0.75,0.99175,TRUE
"libsize","GSE282302","C1_D1","HALLMARK_IL2_STAT5_SIGNALING",1,0.998,TRUE
"none","GSE282302","C1_D1","HALLMARK_IL2_STAT5_SIGNALING",1,0.9955,TRUE
"pcs","GSE282302","C1_D1","HALLMARK_IL2_STAT5_SIGNALING",0,0.9165,FALSE
"libsize","GSE282302","C1_D10","HALLMARK_IL2_STAT5_SIGNALING",1,0.9885,TRUE
"none","GSE282302","C1_D10","HALLMARK_IL2_STAT5_SIGNALING",0.5,0.952,TRUE
"pcs","GSE282302","C1_D10","HALLMARK_IL2_STAT5_SIGNALING",0,0.76125,FALSE
"libsize","GSE282302","C1_D11","HALLMARK_IL2_STAT5_SIGNALING",0.5,0.925,TRUE
"none","GSE282302","C1_D11","HALLMARK_IL2_STAT5_SIGNALING",0,0.13025,FALSE
"pcs","GSE282302","C1_D11","HALLMARK_IL2_STAT5_SIGNALING",0,0.84275,FALSE
"libsize","GSE282302","C1_D12","HALLMARK_IL2_STAT5_SIGNALING",0,0.78525,FALSE
"none","GSE282302","C1_D12","HALLMARK_IL2_STAT5_SIGNALING",0,0.4305,FALSE
"pcs","GSE282302","C1_D12","HALLMARK_IL2_STAT5_SIGNALING",0,0.719,FALSE
"libsize","GSE282302","C1_D13","HALLMARK_IL2_STAT5_SIGNALING",0.5,0.58975,TRUE
"none","GSE282302","C1_D13","HALLMARK_IL2_STAT5_SIGNALING",0,0.74325,FALSE
"pcs","GSE282302","C1_D13","HALLMARK_IL2_STAT5_SIGNALING",0.5,0.9665,TRUE
"libsize","GSE282302","C1_D14","HALLMARK_IL2_STAT5_SIGNALING",0.666666666666667,0.913666666666667,TRUE
"none","GSE282302","C1_D14","HALLMARK_IL2_STAT5_SIGNALING",0,0.336833333333333,FALSE
"pcs","GSE282302","C1_D14","HALLMARK_IL2_STAT5_SIGNALING",0.333333333333333,0.924,FALSE
"libsize","GSE282302","C1_D2","HALLMARK_IL2_STAT5_SIGNALING",1,0.9995,TRUE
"none","GSE282302","C1_D2","HALLMARK_IL2_STAT5_SIGNALING",0,0.6925,FALSE
"pcs","GSE282302","C1_D2","HALLMARK_IL2_STAT5_SIGNALING",0,0.9775,FALSE
"libsize","GSE282302","C1_D3","HALLMARK_IL2_STAT5_SIGNALING",1,0.9955,TRUE
"none","GSE282302","C1_D3","HALLMARK_IL2_STAT5_SIGNALING",0,0.5235,FALSE
"pcs","GSE282302","C1_D3","HALLMARK_IL2_STAT5_SIGNALING",0,0.443,FALSE
"libsize","GSE282302","C1_D4","HALLMARK_IL2_STAT5_SIGNALING",1,0.9995,TRUE
"none","GSE282302","C1_D4","HALLMARK_IL2_STAT5_SIGNALING",0,0,FALSE
"pcs","GSE282302","C1_D4","HALLMARK_IL2_STAT5_SIGNALING",0,0.961,FALSE
"libsize","GSE282302","C1_D5","HALLMARK_IL2_STAT5_SIGNALING",1,0.9995,TRUE
"none","GSE282302","C1_D5","HALLMARK_IL2_STAT5_SIGNALING",0,0.818,FALSE
"pcs","GSE282302","C1_D5","HALLMARK_IL2_STAT5_SIGNALING",1,0.985,TRUE
"libsize","GSE282302","C1_D6","HALLMARK_IL2_STAT5_SIGNALING",1,0.9995,TRUE
"none","GSE282302","C1_D6","HALLMARK_IL2_STAT5_SIGNALING",1,0.9995,TRUE
"pcs","GSE282302","C1_D6","HALLMARK_IL2_STAT5_SIGNALING",1,0.9785,TRUE
"libsize","GSE282302","C1_D7","HALLMARK_IL2_STAT5_SIGNALING",0,0.9255,FALSE
"none","GSE282302","C1_D7","HALLMARK_IL2_STAT5_SIGNALING",0,0.00749999999999995,FALSE
"pcs","GSE282302","C1_D7","HALLMARK_IL2_STAT5_SIGNALING",0,0.934,FALSE
"libsize","GSE282302","C1_D8","HALLMARK_IL2_STAT5_SIGNALING",1,0.99525,TRUE
"none","GSE282302","C1_D8","HALLMARK_IL2_STAT5_SIGNALING",0.5,0.967,TRUE
"pcs","GSE282302","C1_D8","HALLMARK_IL2_STAT5_SIGNALING",0,0.53525,FALSE
"libsize","GSE282302","C1_D9","HALLMARK_IL2_STAT5_SIGNALING",1,0.99275,TRUE
"none","GSE282302","C1_D9","HALLMARK_IL2_STAT5_SIGNALING",1,0.99925,TRUE
"pcs","GSE282302","C1_D9","HALLMARK_IL2_STAT5_SIGNALING",0,0.681,FALSE
"libsize","GSE282302","C2_D1","HALLMARK_IL2_STAT5_SIGNALING",0,0.8885,FALSE
"none","GSE282302","C2_D1","HALLMARK_IL2_STAT5_SIGNALING",0,0.95,FALSE
"pcs","GSE282302","C2_D1","HALLMARK_IL2_STAT5_SIGNALING",1,0.9995,TRUE
"libsize","GSE282302","C2_D10","HALLMARK_IL2_STAT5_SIGNALING",0.25,0.937,FALSE
"none","GSE282302","C2_D10","HALLMARK_IL2_STAT5_SIGNALING",0,0.32725,FALSE
"pcs","GSE282302","C2_D10","HALLMARK_IL2_STAT5_SIGNALING",1,0.996,TRUE
"libsize","GSE282302","C2_D11","HALLMARK_IL2_STAT5_SIGNALING",0.75,0.969375,TRUE
"none","GSE282302","C2_D11","HALLMARK_IL2_STAT5_SIGNALING",0.25,0.405625,FALSE
"pcs","GSE282302","C2_D11","HALLMARK_IL2_STAT5_SIGNALING",0.125,0.8299375,FALSE
"libsize","GSE282302","C2_D12","HALLMARK_IL2_STAT5_SIGNALING",0,0.1605,FALSE
"none","GSE282302","C2_D12","HALLMARK_IL2_STAT5_SIGNALING",0,0,FALSE
"pcs","GSE282302","C2_D12","HALLMARK_IL2_STAT5_SIGNALING",0,0.311,FALSE
"libsize","GSE282302","C2_D13","HALLMARK_IL2_STAT5_SIGNALING",1,0.999,TRUE
"none","GSE282302","C2_D13","HALLMARK_IL2_STAT5_SIGNALING",0,0.0555,FALSE
"pcs","GSE282302","C2_D13","HALLMARK_IL2_STAT5_SIGNALING",0,0.8215,FALSE
"libsize","GSE282302","C2_D2","HALLMARK_IL2_STAT5_SIGNALING",0,0.645,FALSE
"none","GSE282302","C2_D2","HALLMARK_IL2_STAT5_SIGNALING",0,0.7615,FALSE
"pcs","GSE282302","C2_D2","HALLMARK_IL2_STAT5_SIGNALING",0,0.301,FALSE
"libsize","GSE282302","C2_D3","HALLMARK_IL2_STAT5_SIGNALING",1,0.9725,TRUE
"none","GSE282302","C2_D3","HALLMARK_IL2_STAT5_SIGNALING",0,0.7785,FALSE
"pcs","GSE282302","C2_D3","HALLMARK_IL2_STAT5_SIGNALING",1,0.9935,TRUE
"libsize","GSE282302","C2_D4","HALLMARK_IL2_STAT5_SIGNALING",1,0.9995,TRUE
"none","GSE282302","C2_D4","HALLMARK_IL2_STAT5_SIGNALING",1,0.9905,TRUE
"pcs","GSE282302","C2_D4","HALLMARK_IL2_STAT5_SIGNALING",0,0.3905,FALSE
"libsize","GSE282302","C2_D5","HALLMARK_IL2_STAT5_SIGNALING",1,0.99525,TRUE
"none","GSE282302","C2_D5","HALLMARK_IL2_STAT5_SIGNALING",0.5,0.53375,TRUE
"pcs","GSE282302","C2_D5","HALLMARK_IL2_STAT5_SIGNALING",0.5,0.8865,TRUE
"libsize","GSE282302","C2_D6","HALLMARK_IL2_STAT5_SIGNALING",0,0.6395,FALSE
"none","GSE282302","C2_D6","HALLMARK_IL2_STAT5_SIGNALING",0,0.53725,FALSE
"pcs","GSE282302","C2_D6","HALLMARK_IL2_STAT5_SIGNALING",1,0.998,TRUE
"libsize","GSE282302","C2_D7","HALLMARK_IL2_STAT5_SIGNALING",0,0.87025,FALSE
"none","GSE282302","C2_D7","HALLMARK_IL2_STAT5_SIGNALING",0,0.22425,FALSE
"pcs","GSE282302","C2_D7","HALLMARK_IL2_STAT5_SIGNALING",1,0.98725,TRUE
"libsize","GSE282302","C2_D8","HALLMARK_IL2_STAT5_SIGNALING",1,0.991625,TRUE
"none","GSE282302","C2_D8","HALLMARK_IL2_STAT5_SIGNALING",0,0.2545,FALSE
"pcs","GSE282302","C2_D8","HALLMARK_IL2_STAT5_SIGNALING",0.5,0.8045,TRUE
"libsize","GSE282302","C2_D9","HALLMARK_IL2_STAT5_SIGNALING",0.333333333333333,0.919166666666667,FALSE
"none","GSE282302","C2_D9","HALLMARK_IL2_STAT5_SIGNALING",0.166666666666667,0.817916666666667,FALSE
"pcs","GSE282302","C2_D9","HALLMARK_IL2_STAT5_SIGNALING",0,0.717833333333333,FALSE
"libsize","GSE282302","C3_D1","HALLMARK_IL2_STAT5_SIGNALING",0.75,0.976625,TRUE
"none","GSE282302","C3_D1","HALLMARK_IL2_STAT5_SIGNALING",0.5,0.774375,TRUE
"pcs","GSE282302","C3_D1","HALLMARK_IL2_STAT5_SIGNALING",0.25,0.789,FALSE
"libsize","GSE282302","C3_D10","HALLMARK_IL2_STAT5_SIGNALING",0.75,0.86825,TRUE
"none","GSE282302","C3_D10","HALLMARK_IL2_STAT5_SIGNALING",0.75,0.980125,TRUE
"pcs","GSE282302","C3_D10","HALLMARK_IL2_STAT5_SIGNALING",1,0.991,TRUE
"libsize","GSE282302","C3_D11","HALLMARK_IL2_STAT5_SIGNALING",0.75,0.881375,TRUE
"none","GSE282302","C3_D11","HALLMARK_IL2_STAT5_SIGNALING",0,0.423,FALSE
"pcs","GSE282302","C3_D11","HALLMARK_IL2_STAT5_SIGNALING",0.75,0.892,TRUE
"libsize","GSE282302","C3_D12","HALLMARK_IL2_STAT5_SIGNALING",0.375,0.932125,FALSE
"none","GSE282302","C3_D12","HALLMARK_IL2_STAT5_SIGNALING",0.625,0.9521875,TRUE
"pcs","GSE282302","C3_D12","HALLMARK_IL2_STAT5_SIGNALING",0.75,0.939,TRUE
"libsize","GSE282302","C3_D2","HALLMARK_IL2_STAT5_SIGNALING",0.75,0.9565,TRUE
"none","GSE282302","C3_D2","HALLMARK_IL2_STAT5_SIGNALING",0.5,0.55375,TRUE
"pcs","GSE282302","C3_D2","HALLMARK_IL2_STAT5_SIGNALING",0.5,0.946,TRUE
"libsize","GSE282302","C3_D3","HALLMARK_IL2_STAT5_SIGNALING",0.25,0.864875,FALSE
"none","GSE282302","C3_D3","HALLMARK_IL2_STAT5_SIGNALING",0.25,0.63725,FALSE
"pcs","GSE282302","C3_D3","HALLMARK_IL2_STAT5_SIGNALING",0.25,0.838,FALSE
"libsize","GSE282302","C3_D4","HALLMARK_IL2_STAT5_SIGNALING",0.75,0.95975,TRUE
"none","GSE282302","C3_D4","HALLMARK_IL2_STAT5_SIGNALING",0.25,0.67875,FALSE
"pcs","GSE282302","C3_D4","HALLMARK_IL2_STAT5_SIGNALING",0.25,0.75875,FALSE
"libsize","GSE282302","C3_D5","HALLMARK_IL2_STAT5_SIGNALING",1,0.998125,TRUE
"none","GSE282302","C3_D5","HALLMARK_IL2_STAT5_SIGNALING",0.75,0.9265,TRUE
"pcs","GSE282302","C3_D5","HALLMARK_IL2_STAT5_SIGNALING",1,0.996375,TRUE
"libsize","GSE282302","C3_D6","HALLMARK_IL2_STAT5_SIGNALING",1,0.9945,TRUE
"none","GSE282302","C3_D6","HALLMARK_IL2_STAT5_SIGNALING",0.25,0.648,FALSE
"pcs","GSE282302","C3_D6","HALLMARK_IL2_STAT5_SIGNALING",0,0.82125,FALSE
"libsize","GSE282302","C3_D7","HALLMARK_IL2_STAT5_SIGNALING",1,0.997875,TRUE
"none","GSE282302","C3_D7","HALLMARK_IL2_STAT5_SIGNALING",0.5,0.793125,TRUE
"pcs","GSE282302","C3_D7","HALLMARK_IL2_STAT5_SIGNALING",0,0.807625,FALSE
"libsize","GSE282302","C3_D8","HALLMARK_IL2_STAT5_SIGNALING",0.75,0.983375,TRUE
"none","GSE282302","C3_D8","HALLMARK_IL2_STAT5_SIGNALING",0.5,0.602625,TRUE
"pcs","GSE282302","C3_D8","HALLMARK_IL2_STAT5_SIGNALING",0.75,0.988125,TRUE
"libsize","GSE282302","C3_D9","HALLMARK_IL2_STAT5_SIGNALING",0.25,0.90175,FALSE
"none","GSE282302","C3_D9","HALLMARK_IL2_STAT5_SIGNALING",0.25,0.525875,FALSE
"pcs","GSE282302","C3_D9","HALLMARK_IL2_STAT5_SIGNALING",1,0.986,TRUE
"libsize","GSE274557","Pt1","HALLMARK_IL2_STAT5_SIGNALING",0.5,0.97725,TRUE
"none","GSE274557","Pt1","HALLMARK_IL2_STAT5_SIGNALING",0,0.30775,FALSE
"pcs","GSE274557","Pt1","HALLMARK_IL2_STAT5_SIGNALING",0,0.60875,FALSE
"libsize","GSE274557","Pt10","HALLMARK_IL2_STAT5_SIGNALING",0.5,0.952,TRUE
"none","GSE274557","Pt10","HALLMARK_IL2_STAT5_SIGNALING",0,0.255375,FALSE
"pcs","GSE274557","Pt10","HALLMARK_IL2_STAT5_SIGNALING",0.25,0.855875,FALSE
"libsize","GSE274557","Pt11","HALLMARK_IL2_STAT5_SIGNALING",0.5,0.815375,TRUE
"none","GSE274557","Pt11","HALLMARK_IL2_STAT5_SIGNALING",0,0.461,FALSE
"pcs","GSE274557","Pt11","HALLMARK_IL2_STAT5_SIGNALING",0,0.443625,FALSE
"libsize","GSE274557","Pt12","HALLMARK_IL2_STAT5_SIGNALING",0.75,0.983,TRUE
"none","GSE274557","Pt12","HALLMARK_IL2_STAT5_SIGNALING",0,0.115375,FALSE
"pcs","GSE274557","Pt12","HALLMARK_IL2_STAT5_SIGNALING",0.25,0.793125,FALSE
"libsize","GSE274557","Pt13","HALLMARK_IL2_STAT5_SIGNALING",0.285714285714286,0.770428571428571,FALSE
"none","GSE274557","Pt13","HALLMARK_IL2_STAT5_SIGNALING",0,0.419928571428571,FALSE
"pcs","GSE274557","Pt13","HALLMARK_IL2_STAT5_SIGNALING",0.285714285714286,0.830857142857143,FALSE
"libsize","GSE274557","Pt2","HALLMARK_IL2_STAT5_SIGNALING",0.333333333333333,0.805833333333333,FALSE
"none","GSE274557","Pt2","HALLMARK_IL2_STAT5_SIGNALING",0.333333333333333,0.538166666666667,FALSE
"pcs","GSE274557","Pt2","HALLMARK_IL2_STAT5_SIGNALING",0,0.747166666666667,FALSE
"libsize","GSE274557","Pt3","HALLMARK_IL2_STAT5_SIGNALING",0.25,0.617625,FALSE
"none","GSE274557","Pt3","HALLMARK_IL2_STAT5_SIGNALING",0.25,0.435875,FALSE
"pcs","GSE274557","Pt3","HALLMARK_IL2_STAT5_SIGNALING",0,0.67775,FALSE
"libsize","GSE274557","Pt4","HALLMARK_IL2_STAT5_SIGNALING",0.25,0.885875,FALSE
"none","GSE274557","Pt4","HALLMARK_IL2_STAT5_SIGNALING",0,0.2545,FALSE
"pcs","GSE274557","Pt4","HALLMARK_IL2_STAT5_SIGNALING",0,0.792875,FALSE
"libsize","GSE274557","Pt5","HALLMARK_IL2_STAT5_SIGNALING",0.666666666666667,0.726333333333333,TRUE
"none","GSE274557","Pt5","HALLMARK_IL2_STAT5_SIGNALING",0.333333333333333,0.4055,FALSE
"pcs","GSE274557","Pt5","HALLMARK_IL2_STAT5_SIGNALING",0.333333333333333,0.8975,FALSE
"libsize","GSE274557","Pt6","HALLMARK_IL2_STAT5_SIGNALING",0.166666666666667,0.708416666666667,FALSE
"none","GSE274557","Pt6","HALLMARK_IL2_STAT5_SIGNALING",0.333333333333333,0.76775,FALSE
"pcs","GSE274557","Pt6","HALLMARK_IL2_STAT5_SIGNALING",0,0.668333333333333,FALSE
"libsize","GSE274557","Pt7","HALLMARK_IL2_STAT5_SIGNALING",0,0.742,FALSE
"none","GSE274557","Pt7","HALLMARK_IL2_STAT5_SIGNALING",0,0.26,FALSE
"pcs","GSE274557","Pt7","HALLMARK_IL2_STAT5_SIGNALING",0.25,0.920375,FALSE
"libsize","GSE274557","Pt8","HALLMARK_IL2_STAT5_SIGNALING",0.6,0.832,TRUE
"none","GSE274557","Pt8","HALLMARK_IL2_STAT5_SIGNALING",0,0.5774,FALSE
"pcs","GSE274557","Pt8","HALLMARK_IL2_STAT5_SIGNALING",0,0.5101,FALSE
"libsize","GSE274557","Pt9","HALLMARK_IL2_STAT5_SIGNALING",0,0.930875,FALSE
"none","GSE274557","Pt9","HALLMARK_IL2_STAT5_SIGNALING",0,0.42775,FALSE
"pcs","GSE274557","Pt9","HALLMARK_IL2_STAT5_SIGNALING",0.25,0.83875,FALSE
"libsize","GSE282302","C1_D1","HALLMARK_IL6_JAK_STAT3_SIGNALING",1,0.997,TRUE
"none","GSE282302","C1_D1","HALLMARK_IL6_JAK_STAT3_SIGNALING",0,0.359,FALSE
"pcs","GSE282302","C1_D1","HALLMARK_IL6_JAK_STAT3_SIGNALING",0,0.0885,FALSE
"libsize","GSE282302","C1_D10","HALLMARK_IL6_JAK_STAT3_SIGNALING",1,0.9995,TRUE
"none","GSE282302","C1_D10","HALLMARK_IL6_JAK_STAT3_SIGNALING",1,0.999,TRUE
"pcs","GSE282302","C1_D10","HALLMARK_IL6_JAK_STAT3_SIGNALING",1,0.9875,TRUE
"libsize","GSE282302","C1_D11","HALLMARK_IL6_JAK_STAT3_SIGNALING",1,0.998,TRUE
"none","GSE282302","C1_D11","HALLMARK_IL6_JAK_STAT3_SIGNALING",0,0.702,FALSE
"pcs","GSE282302","C1_D11","HALLMARK_IL6_JAK_STAT3_SIGNALING",1,0.99925,TRUE
"libsize","GSE282302","C1_D12","HALLMARK_IL6_JAK_STAT3_SIGNALING",1,0.9995,TRUE
"none","GSE282302","C1_D12","HALLMARK_IL6_JAK_STAT3_SIGNALING",0.5,0.56,TRUE
"pcs","GSE282302","C1_D12","HALLMARK_IL6_JAK_STAT3_SIGNALING",0.5,0.9375,TRUE
"libsize","GSE282302","C1_D13","HALLMARK_IL6_JAK_STAT3_SIGNALING",0.5,0.92775,TRUE
"none","GSE282302","C1_D13","HALLMARK_IL6_JAK_STAT3_SIGNALING",1,0.998,TRUE
"pcs","GSE282302","C1_D13","HALLMARK_IL6_JAK_STAT3_SIGNALING",1,0.99775,TRUE
"libsize","GSE282302","C1_D14","HALLMARK_IL6_JAK_STAT3_SIGNALING",0.666666666666667,0.979166666666667,TRUE
"none","GSE282302","C1_D14","HALLMARK_IL6_JAK_STAT3_SIGNALING",0,0.682833333333333,FALSE
"pcs","GSE282302","C1_D14","HALLMARK_IL6_JAK_STAT3_SIGNALING",0,0.917166666666667,FALSE
"libsize","GSE282302","C1_D2","HALLMARK_IL6_JAK_STAT3_SIGNALING",1,0.9995,TRUE
"none","GSE282302","C1_D2","HALLMARK_IL6_JAK_STAT3_SIGNALING",0,0.26,FALSE
"pcs","GSE282302","C1_D2","HALLMARK_IL6_JAK_STAT3_SIGNALING",1,0.9995,TRUE
"libsize","GSE282302","C1_D3","HALLMARK_IL6_JAK_STAT3_SIGNALING",1,0.9995,TRUE
"none","GSE282302","C1_D3","HALLMARK_IL6_JAK_STAT3_SIGNALING",0,0.0685,FALSE
"pcs","GSE282302","C1_D3","HALLMARK_IL6_JAK_STAT3_SIGNALING",0,0.7835,FALSE
"libsize","GSE282302","C1_D4","HALLMARK_IL6_JAK_STAT3_SIGNALING",1,0.9995,TRUE
"none","GSE282302","C1_D4","HALLMARK_IL6_JAK_STAT3_SIGNALING",0,0.0475,FALSE
"pcs","GSE282302","C1_D4","HALLMARK_IL6_JAK_STAT3_SIGNALING",1,0.98,TRUE
"libsize","GSE282302","C1_D5","HALLMARK_IL6_JAK_STAT3_SIGNALING",1,0.9995,TRUE
"none","GSE282302","C1_D5","HALLMARK_IL6_JAK_STAT3_SIGNALING",0,0.1515,FALSE
"pcs","GSE282302","C1_D5","HALLMARK_IL6_JAK_STAT3_SIGNALING",1,0.9995,TRUE
"libsize","GSE282302","C1_D6","HALLMARK_IL6_JAK_STAT3_SIGNALING",0,0.9545,FALSE
"none","GSE282302","C1_D6","HALLMARK_IL6_JAK_STAT3_SIGNALING",0,0.8925,FALSE
"pcs","GSE282302","C1_D6","HALLMARK_IL6_JAK_STAT3_SIGNALING",1,0.9995,TRUE
"libsize","GSE282302","C1_D7","HALLMARK_IL6_JAK_STAT3_SIGNALING",1,0.9995,TRUE
"none","GSE282302","C1_D7","HALLMARK_IL6_JAK_STAT3_SIGNALING",1,0.9825,TRUE
"pcs","GSE282302","C1_D7","HALLMARK_IL6_JAK_STAT3_SIGNALING",1,0.9995,TRUE
"libsize","GSE282302","C1_D8","HALLMARK_IL6_JAK_STAT3_SIGNALING",1,0.9995,TRUE
"none","GSE282302","C1_D8","HALLMARK_IL6_JAK_STAT3_SIGNALING",0,0.51125,FALSE
"pcs","GSE282302","C1_D8","HALLMARK_IL6_JAK_STAT3_SIGNALING",0,0.87575,FALSE
"libsize","GSE282302","C1_D9","HALLMARK_IL6_JAK_STAT3_SIGNALING",0.5,0.911,TRUE
"none","GSE282302","C1_D9","HALLMARK_IL6_JAK_STAT3_SIGNALING",0.5,0.549,TRUE
"pcs","GSE282302","C1_D9","HALLMARK_IL6_JAK_STAT3_SIGNALING",1,0.9985,TRUE
"libsize","GSE282302","C2_D1","HALLMARK_IL6_JAK_STAT3_SIGNALING",1,0.994,TRUE
"none","GSE282302","C2_D1","HALLMARK_IL6_JAK_STAT3_SIGNALING",1,0.992,TRUE
"pcs","GSE282302","C2_D1","HALLMARK_IL6_JAK_STAT3_SIGNALING",1,0.998,TRUE
"libsize","GSE282302","C2_D10","HALLMARK_IL6_JAK_STAT3_SIGNALING",1,0.9995,TRUE
"none","GSE282302","C2_D10","HALLMARK_IL6_JAK_STAT3_SIGNALING",0.25,0.960625,FALSE
"pcs","GSE282302","C2_D10","HALLMARK_IL6_JAK_STAT3_SIGNALING",1,0.9995,TRUE
"libsize","GSE282302","C2_D11","HALLMARK_IL6_JAK_STAT3_SIGNALING",1,0.9973125,TRUE
"none","GSE282302","C2_D11","HALLMARK_IL6_JAK_STAT3_SIGNALING",0.25,0.4370625,FALSE
"pcs","GSE282302","C2_D11","HALLMARK_IL6_JAK_STAT3_SIGNALING",0.875,0.973625,TRUE
"libsize","GSE282302","C2_D12","HALLMARK_IL6_JAK_STAT3_SIGNALING",1,0.9725,TRUE
"none","GSE282302","C2_D12","HALLMARK_IL6_JAK_STAT3_SIGNALING",0,0,FALSE
"pcs","GSE282302","C2_D12","HALLMARK_IL6_JAK_STAT3_SIGNALING",0,0.7915,FALSE
"libsize","GSE282302","C2_D13","HALLMARK_IL6_JAK_STAT3_SIGNALING",1,0.9995,TRUE
"none","GSE282302","C2_D13","HALLMARK_IL6_JAK_STAT3_SIGNALING",0,0.393,FALSE
"pcs","GSE282302","C2_D13","HALLMARK_IL6_JAK_STAT3_SIGNALING",0,0.935,FALSE
"libsize","GSE282302","C2_D2","HALLMARK_IL6_JAK_STAT3_SIGNALING",0,0.8365,FALSE
"none","GSE282302","C2_D2","HALLMARK_IL6_JAK_STAT3_SIGNALING",0,0.918,FALSE
"pcs","GSE282302","C2_D2","HALLMARK_IL6_JAK_STAT3_SIGNALING",1,0.9995,TRUE
"libsize","GSE282302","C2_D3","HALLMARK_IL6_JAK_STAT3_SIGNALING",1,0.9995,TRUE
"none","GSE282302","C2_D3","HALLMARK_IL6_JAK_STAT3_SIGNALING",1,0.976,TRUE
"pcs","GSE282302","C2_D3","HALLMARK_IL6_JAK_STAT3_SIGNALING",1,0.999,TRUE
"libsize","GSE282302","C2_D4","HALLMARK_IL6_JAK_STAT3_SIGNALING",1,0.998,TRUE
"none","GSE282302","C2_D4","HALLMARK_IL6_JAK_STAT3_SIGNALING",1,0.9915,TRUE
"pcs","GSE282302","C2_D4","HALLMARK_IL6_JAK_STAT3_SIGNALING",0,0.4745,FALSE
"libsize","GSE282302","C2_D5","HALLMARK_IL6_JAK_STAT3_SIGNALING",0.5,0.98625,TRUE
"none","GSE282302","C2_D5","HALLMARK_IL6_JAK_STAT3_SIGNALING",0.5,0.551,TRUE
"pcs","GSE282302","C2_D5","HALLMARK_IL6_JAK_STAT3_SIGNALING",0.5,0.9885,TRUE
"libsize","GSE282302","C2_D6","HALLMARK_IL6_JAK_STAT3_SIGNALING",0,0.7505,FALSE
"none","GSE282302","C2_D6","HALLMARK_IL6_JAK_STAT3_SIGNALING",0.5,0.59575,TRUE
"pcs","GSE282302","C2_D6","HALLMARK_IL6_JAK_STAT3_SIGNALING",1,0.99825,TRUE
"libsize","GSE282302","C2_D7","HALLMARK_IL6_JAK_STAT3_SIGNALING",1,0.998,TRUE
"none","GSE282302","C2_D7","HALLMARK_IL6_JAK_STAT3_SIGNALING",0,0.41725,FALSE
"pcs","GSE282302","C2_D7","HALLMARK_IL6_JAK_STAT3_SIGNALING",1,0.99275,TRUE
"libsize","GSE282302","C2_D8","HALLMARK_IL6_JAK_STAT3_SIGNALING",0.5,0.956875,TRUE
"none","GSE282302","C2_D8","HALLMARK_IL6_JAK_STAT3_SIGNALING",0,0.0335,FALSE
"pcs","GSE282302","C2_D8","HALLMARK_IL6_JAK_STAT3_SIGNALING",0.75,0.9895,TRUE
"libsize","GSE282302","C2_D9","HALLMARK_IL6_JAK_STAT3_SIGNALING",1,0.994583333333333,TRUE
"none","GSE282302","C2_D9","HALLMARK_IL6_JAK_STAT3_SIGNALING",0.5,0.897416666666667,TRUE
"pcs","GSE282302","C2_D9","HALLMARK_IL6_JAK_STAT3_SIGNALING",0.5,0.876166666666667,TRUE
"libsize","GSE282302","C3_D1","HALLMARK_IL6_JAK_STAT3_SIGNALING",0.75,0.94225,TRUE
"none","GSE282302","C3_D1","HALLMARK_IL6_JAK_STAT3_SIGNALING",0.5,0.55875,TRUE
"pcs","GSE282302","C3_D1","HALLMARK_IL6_JAK_STAT3_SIGNALING",0.5,0.91,TRUE
"libsize","GSE282302","C3_D10","HALLMARK_IL6_JAK_STAT3_SIGNALING",0.75,0.97375,TRUE
"none","GSE282302","C3_D10","HALLMARK_IL6_JAK_STAT3_SIGNALING",0.75,0.922875,TRUE
"pcs","GSE282302","C3_D10","HALLMARK_IL6_JAK_STAT3_SIGNALING",1,0.998125,TRUE
"libsize","GSE282302","C3_D11","HALLMARK_IL6_JAK_STAT3_SIGNALING",1,0.999375,TRUE
"none","GSE282302","C3_D11","HALLMARK_IL6_JAK_STAT3_SIGNALING",0.5,0.777375,TRUE
"pcs","GSE282302","C3_D11","HALLMARK_IL6_JAK_STAT3_SIGNALING",1,0.999125,TRUE
"libsize","GSE282302","C3_D12","HALLMARK_IL6_JAK_STAT3_SIGNALING",1,0.997875,TRUE
"none","GSE282302","C3_D12","HALLMARK_IL6_JAK_STAT3_SIGNALING",0.875,0.9778125,TRUE
"pcs","GSE282302","C3_D12","HALLMARK_IL6_JAK_STAT3_SIGNALING",1,0.9995,TRUE
"libsize","GSE282302","C3_D2","HALLMARK_IL6_JAK_STAT3_SIGNALING",0.75,0.96375,TRUE
"none","GSE282302","C3_D2","HALLMARK_IL6_JAK_STAT3_SIGNALING",0.75,0.990875,TRUE
"pcs","GSE282302","C3_D2","HALLMARK_IL6_JAK_STAT3_SIGNALING",1,0.9965,TRUE
"libsize","GSE282302","C3_D3","HALLMARK_IL6_JAK_STAT3_SIGNALING",0.75,0.992,TRUE
"none","GSE282302","C3_D3","HALLMARK_IL6_JAK_STAT3_SIGNALING",0.5,0.8925,TRUE
"pcs","GSE282302","C3_D3","HALLMARK_IL6_JAK_STAT3_SIGNALING",0.75,0.83375,TRUE
"libsize","GSE282302","C3_D4","HALLMARK_IL6_JAK_STAT3_SIGNALING",1,0.999375,TRUE
"none","GSE282302","C3_D4","HALLMARK_IL6_JAK_STAT3_SIGNALING",0.5,0.886125,TRUE
"pcs","GSE282302","C3_D4","HALLMARK_IL6_JAK_STAT3_SIGNALING",0.75,0.98025,TRUE
"libsize","GSE282302","C3_D5","HALLMARK_IL6_JAK_STAT3_SIGNALING",1,0.9985,TRUE
"none","GSE282302","C3_D5","HALLMARK_IL6_JAK_STAT3_SIGNALING",0.75,0.889,TRUE
"pcs","GSE282302","C3_D5","HALLMARK_IL6_JAK_STAT3_SIGNALING",1,0.9995,TRUE
"libsize","GSE282302","C3_D6","HALLMARK_IL6_JAK_STAT3_SIGNALING",1,0.9995,TRUE
"none","GSE282302","C3_D6","HALLMARK_IL6_JAK_STAT3_SIGNALING",0.5,0.62825,TRUE
"pcs","GSE282302","C3_D6","HALLMARK_IL6_JAK_STAT3_SIGNALING",0.5,0.979625,TRUE
"libsize","GSE282302","C3_D7","HALLMARK_IL6_JAK_STAT3_SIGNALING",0.75,0.986125,TRUE
"none","GSE282302","C3_D7","HALLMARK_IL6_JAK_STAT3_SIGNALING",0.5,0.776625,TRUE
"pcs","GSE282302","C3_D7","HALLMARK_IL6_JAK_STAT3_SIGNALING",1,0.996875,TRUE
"libsize","GSE282302","C3_D8","HALLMARK_IL6_JAK_STAT3_SIGNALING",0.75,0.986375,TRUE
"none","GSE282302","C3_D8","HALLMARK_IL6_JAK_STAT3_SIGNALING",0.5,0.74175,TRUE
"pcs","GSE282302","C3_D8","HALLMARK_IL6_JAK_STAT3_SIGNALING",1,0.998875,TRUE
"libsize","GSE282302","C3_D9","HALLMARK_IL6_JAK_STAT3_SIGNALING",0.5,0.92225,TRUE
"none","GSE282302","C3_D9","HALLMARK_IL6_JAK_STAT3_SIGNALING",0.25,0.569625,FALSE
"pcs","GSE282302","C3_D9","HALLMARK_IL6_JAK_STAT3_SIGNALING",0.75,0.978875,TRUE
"libsize","GSE274557","Pt1","HALLMARK_IL6_JAK_STAT3_SIGNALING",1,0.9995,TRUE
"none","GSE274557","Pt1","HALLMARK_IL6_JAK_STAT3_SIGNALING",0.5,0.61375,TRUE
"pcs","GSE274557","Pt1","HALLMARK_IL6_JAK_STAT3_SIGNALING",0.5,0.97975,TRUE
"libsize","GSE274557","Pt10","HALLMARK_IL6_JAK_STAT3_SIGNALING",1,0.99525,TRUE
"none","GSE274557","Pt10","HALLMARK_IL6_JAK_STAT3_SIGNALING",0,0.64875,FALSE
"pcs","GSE274557","Pt10","HALLMARK_IL6_JAK_STAT3_SIGNALING",0.25,0.90825,FALSE
"libsize","GSE274557","Pt11","HALLMARK_IL6_JAK_STAT3_SIGNALING",0.75,0.80125,TRUE
"none","GSE274557","Pt11","HALLMARK_IL6_JAK_STAT3_SIGNALING",0,0.704125,FALSE
"pcs","GSE274557","Pt11","HALLMARK_IL6_JAK_STAT3_SIGNALING",0.75,0.99475,TRUE
"libsize","GSE274557","Pt12","HALLMARK_IL6_JAK_STAT3_SIGNALING",1,0.9995,TRUE
"none","GSE274557","Pt12","HALLMARK_IL6_JAK_STAT3_SIGNALING",0,0.62075,FALSE
"pcs","GSE274557","Pt12","HALLMARK_IL6_JAK_STAT3_SIGNALING",0.5,0.752375,TRUE
"libsize","GSE274557","Pt13","HALLMARK_IL6_JAK_STAT3_SIGNALING",0.428571428571429,0.900142857142857,FALSE
"none","GSE274557","Pt13","HALLMARK_IL6_JAK_STAT3_SIGNALING",0,0.5135,FALSE
"pcs","GSE274557","Pt13","HALLMARK_IL6_JAK_STAT3_SIGNALING",0.571428571428571,0.877857142857143,TRUE
"libsize","GSE274557","Pt2","HALLMARK_IL6_JAK_STAT3_SIGNALING",0.666666666666667,0.9295,TRUE
"none","GSE274557","Pt2","HALLMARK_IL6_JAK_STAT3_SIGNALING",0.333333333333333,0.395333333333333,FALSE
"pcs","GSE274557","Pt2","HALLMARK_IL6_JAK_STAT3_SIGNALING",0.333333333333333,0.973166666666667,FALSE
"libsize","GSE274557","Pt3","HALLMARK_IL6_JAK_STAT3_SIGNALING",1,0.994875,TRUE
"none","GSE274557","Pt3","HALLMARK_IL6_JAK_STAT3_SIGNALING",0.25,0.84925,FALSE
"pcs","GSE274557","Pt3","HALLMARK_IL6_JAK_STAT3_SIGNALING",0.25,0.864375,FALSE
"libsize","GSE274557","Pt4","HALLMARK_IL6_JAK_STAT3_SIGNALING",1,0.99325,TRUE
"none","GSE274557","Pt4","HALLMARK_IL6_JAK_STAT3_SIGNALING",0,0.42525,FALSE
"pcs","GSE274557","Pt4","HALLMARK_IL6_JAK_STAT3_SIGNALING",0.25,0.875375,FALSE
"libsize","GSE274557","Pt5","HALLMARK_IL6_JAK_STAT3_SIGNALING",0.666666666666667,0.814,TRUE
"none","GSE274557","Pt5","HALLMARK_IL6_JAK_STAT3_SIGNALING",0.666666666666667,0.742333333333333,TRUE
"pcs","GSE274557","Pt5","HALLMARK_IL6_JAK_STAT3_SIGNALING",0.666666666666667,0.989833333333333,TRUE
"libsize","GSE274557","Pt6","HALLMARK_IL6_JAK_STAT3_SIGNALING",0.5,0.931833333333333,TRUE
"none","GSE274557","Pt6","HALLMARK_IL6_JAK_STAT3_SIGNALING",0.166666666666667,0.667916666666667,FALSE
"pcs","GSE274557","Pt6","HALLMARK_IL6_JAK_STAT3_SIGNALING",0.166666666666667,0.857833333333333,FALSE
"libsize","GSE274557","Pt7","HALLMARK_IL6_JAK_STAT3_SIGNALING",0.5,0.93375,TRUE
"none","GSE274557","Pt7","HALLMARK_IL6_JAK_STAT3_SIGNALING",0,0.582875,FALSE
"pcs","GSE274557","Pt7","HALLMARK_IL6_JAK_STAT3_SIGNALING",0.25,0.758,FALSE
"libsize","GSE274557","Pt8","HALLMARK_IL6_JAK_STAT3_SIGNALING",0.8,0.972,TRUE
"none","GSE274557","Pt8","HALLMARK_IL6_JAK_STAT3_SIGNALING",0.2,0.4268,FALSE
"pcs","GSE274557","Pt8","HALLMARK_IL6_JAK_STAT3_SIGNALING",0.4,0.895,FALSE
"libsize","GSE274557","Pt9","HALLMARK_IL6_JAK_STAT3_SIGNALING",0,0.806625,FALSE
"none","GSE274557","Pt9","HALLMARK_IL6_JAK_STAT3_SIGNALING",0,0.24975,FALSE
"pcs","GSE274557","Pt9","HALLMARK_IL6_JAK_STAT3_SIGNALING",0.25,0.90525,FALSE
"libsize","GSE282302","C1_D1","HALLMARK_INFLAMMATORY_RESPONSE",1,0.9995,TRUE
"none","GSE282302","C1_D1","HALLMARK_INFLAMMATORY_RESPONSE",1,0.999,TRUE
"pcs","GSE282302","C1_D1","HALLMARK_INFLAMMATORY_RESPONSE",1,0.999,TRUE
"libsize","GSE282302","C1_D10","HALLMARK_INFLAMMATORY_RESPONSE",1,0.9995,TRUE
"none","GSE282302","C1_D10","HALLMARK_INFLAMMATORY_RESPONSE",1,0.996,TRUE
"pcs","GSE282302","C1_D10","HALLMARK_INFLAMMATORY_RESPONSE",1,0.9995,TRUE
"libsize","GSE282302","C1_D11","HALLMARK_INFLAMMATORY_RESPONSE",1,0.9995,TRUE
"none","GSE282302","C1_D11","HALLMARK_INFLAMMATORY_RESPONSE",0,0.584,FALSE
"pcs","GSE282302","C1_D11","HALLMARK_INFLAMMATORY_RESPONSE",1,0.9995,TRUE
"libsize","GSE282302","C1_D12","HALLMARK_INFLAMMATORY_RESPONSE",1,0.9995,TRUE
"none","GSE282302","C1_D12","HALLMARK_INFLAMMATORY_RESPONSE",0.5,0.54075,TRUE
"pcs","GSE282302","C1_D12","HALLMARK_INFLAMMATORY_RESPONSE",1,0.99925,TRUE
"libsize","GSE282302","C1_D13","HALLMARK_INFLAMMATORY_RESPONSE",1,0.99,TRUE
"none","GSE282302","C1_D13","HALLMARK_INFLAMMATORY_RESPONSE",1,0.9995,TRUE
"pcs","GSE282302","C1_D13","HALLMARK_INFLAMMATORY_RESPONSE",1,0.9995,TRUE
"libsize","GSE282302","C1_D14","HALLMARK_INFLAMMATORY_RESPONSE",1,0.997333333333333,TRUE
"none","GSE282302","C1_D14","HALLMARK_INFLAMMATORY_RESPONSE",0,0.772,FALSE
"pcs","GSE282302","C1_D14","HALLMARK_INFLAMMATORY_RESPONSE",1,0.9995,TRUE
"libsize","GSE282302","C1_D2","HALLMARK_INFLAMMATORY_RESPONSE",1,0.9995,TRUE
"none","GSE282302","C1_D2","HALLMARK_INFLAMMATORY_RESPONSE",0,0.676,FALSE
"pcs","GSE282302","C1_D2","HALLMARK_INFLAMMATORY_RESPONSE",1,0.988,TRUE
"libsize","GSE282302","C1_D3","HALLMARK_INFLAMMATORY_RESPONSE",1,0.9995,TRUE
"none","GSE282302","C1_D3","HALLMARK_INFLAMMATORY_RESPONSE",0,0.815,FALSE
"pcs","GSE282302","C1_D3","HALLMARK_INFLAMMATORY_RESPONSE",1,0.9965,TRUE
"libsize","GSE282302","C1_D4","HALLMARK_INFLAMMATORY_RESPONSE",1,0.9995,TRUE
"none","GSE282302","C1_D4","HALLMARK_INFLAMMATORY_RESPONSE",0,0.0605,FALSE
"pcs","GSE282302","C1_D4","HALLMARK_INFLAMMATORY_RESPONSE",1,0.999,TRUE
"libsize","GSE282302","C1_D5","HALLMARK_INFLAMMATORY_RESPONSE",1,0.9995,TRUE
"none","GSE282302","C1_D5","HALLMARK_INFLAMMATORY_RESPONSE",0,0.0185,FALSE
"pcs","GSE282302","C1_D5","HALLMARK_INFLAMMATORY_RESPONSE",1,0.9995,TRUE
"libsize","GSE282302","C1_D6","HALLMARK_INFLAMMATORY_RESPONSE",1,0.9995,TRUE
"none","GSE282302","C1_D6","HALLMARK_INFLAMMATORY_RESPONSE",0,0.965,FALSE
"pcs","GSE282302","C1_D6","HALLMARK_INFLAMMATORY_RESPONSE",1,0.9965,TRUE
"libsize","GSE282302","C1_D7","HALLMARK_INFLAMMATORY_RESPONSE",1,0.9995,TRUE
"none","GSE282302","C1_D7","HALLMARK_INFLAMMATORY_RESPONSE",0,0.829,FALSE
"pcs","GSE282302","C1_D7","HALLMARK_INFLAMMATORY_RESPONSE",1,0.9995,TRUE
"libsize","GSE282302","C1_D8","HALLMARK_INFLAMMATORY_RESPONSE",1,0.9995,TRUE
"none","GSE282302","C1_D8","HALLMARK_INFLAMMATORY_RESPONSE",0.5,0.839,TRUE
"pcs","GSE282302","C1_D8","HALLMARK_INFLAMMATORY_RESPONSE",0.5,0.988,TRUE
"libsize","GSE282302","C1_D9","HALLMARK_INFLAMMATORY_RESPONSE",1,0.9985,TRUE
"none","GSE282302","C1_D9","HALLMARK_INFLAMMATORY_RESPONSE",0.5,0.9395,TRUE
"pcs","GSE282302","C1_D9","HALLMARK_INFLAMMATORY_RESPONSE",0.5,0.9335,TRUE
"libsize","GSE282302","C2_D1","HALLMARK_INFLAMMATORY_RESPONSE",1,0.993,TRUE
"none","GSE282302","C2_D1","HALLMARK_INFLAMMATORY_RESPONSE",1,0.9995,TRUE
"pcs","GSE282302","C2_D1","HALLMARK_INFLAMMATORY_RESPONSE",1,0.9995,TRUE
"libsize","GSE282302","C2_D10","HALLMARK_INFLAMMATORY_RESPONSE",1,0.9995,TRUE
"none","GSE282302","C2_D10","HALLMARK_INFLAMMATORY_RESPONSE",0.25,0.873875,FALSE
"pcs","GSE282302","C2_D10","HALLMARK_INFLAMMATORY_RESPONSE",1,0.9995,TRUE
"libsize","GSE282302","C2_D11","HALLMARK_INFLAMMATORY_RESPONSE",1,0.9993125,TRUE
"none","GSE282302","C2_D11","HALLMARK_INFLAMMATORY_RESPONSE",0.375,0.4945,FALSE
"pcs","GSE282302","C2_D11","HALLMARK_INFLAMMATORY_RESPONSE",1,0.9994375,TRUE
"libsize","GSE282302","C2_D12","HALLMARK_INFLAMMATORY_RESPONSE",1,0.9965,TRUE
"none","GSE282302","C2_D12","HALLMARK_INFLAMMATORY_RESPONSE",0,0,FALSE
"pcs","GSE282302","C2_D12","HALLMARK_INFLAMMATORY_RESPONSE",0,0.885,FALSE
"libsize","GSE282302","C2_D13","HALLMARK_INFLAMMATORY_RESPONSE",1,0.9995,TRUE
"none","GSE282302","C2_D13","HALLMARK_INFLAMMATORY_RESPONSE",0,0.4495,FALSE
"pcs","GSE282302","C2_D13","HALLMARK_INFLAMMATORY_RESPONSE",1,0.993,TRUE
"libsize","GSE282302","C2_D2","HALLMARK_INFLAMMATORY_RESPONSE",0,0.886,FALSE
"none","GSE282302","C2_D2","HALLMARK_INFLAMMATORY_RESPONSE",1,0.99,TRUE
"pcs","GSE282302","C2_D2","HALLMARK_INFLAMMATORY_RESPONSE",1,0.9995,TRUE
"libsize","GSE282302","C2_D3","HALLMARK_INFLAMMATORY_RESPONSE",1,0.9995,TRUE
"none","GSE282302","C2_D3","HALLMARK_INFLAMMATORY_RESPONSE",0,0.968,FALSE
"pcs","GSE282302","C2_D3","HALLMARK_INFLAMMATORY_RESPONSE",1,0.9995,TRUE
"libsize","GSE282302","C2_D4","HALLMARK_INFLAMMATORY_RESPONSE",1,0.9995,TRUE
"none","GSE282302","C2_D4","HALLMARK_INFLAMMATORY_RESPONSE",1,0.9995,TRUE
"pcs","GSE282302","C2_D4","HALLMARK_INFLAMMATORY_RESPONSE",0,0.9775,FALSE
"libsize","GSE282302","C2_D5","HALLMARK_INFLAMMATORY_RESPONSE",1,0.9995,TRUE
"none","GSE282302","C2_D5","HALLMARK_INFLAMMATORY_RESPONSE",0.5,0.581,TRUE
"pcs","GSE282302","C2_D5","HALLMARK_INFLAMMATORY_RESPONSE",0.5,0.98,TRUE
"libsize","GSE282302","C2_D6","HALLMARK_INFLAMMATORY_RESPONSE",0.5,0.97875,TRUE
"none","GSE282302","C2_D6","HALLMARK_INFLAMMATORY_RESPONSE",0.5,0.91275,TRUE
"pcs","GSE282302","C2_D6","HALLMARK_INFLAMMATORY_RESPONSE",1,0.9995,TRUE
"libsize","GSE282302","C2_D7","HALLMARK_INFLAMMATORY_RESPONSE",1,0.99875,TRUE
"none","GSE282302","C2_D7","HALLMARK_INFLAMMATORY_RESPONSE",0,0,FALSE
"pcs","GSE282302","C2_D7","HALLMARK_INFLAMMATORY_RESPONSE",1,0.9995,TRUE
"libsize","GSE282302","C2_D8","HALLMARK_INFLAMMATORY_RESPONSE",1,0.990875,TRUE
"none","GSE282302","C2_D8","HALLMARK_INFLAMMATORY_RESPONSE",0,0.00312499999999999,FALSE
"pcs","GSE282302","C2_D8","HALLMARK_INFLAMMATORY_RESPONSE",0.75,0.892875,TRUE
"libsize","GSE282302","C2_D9","HALLMARK_INFLAMMATORY_RESPONSE",0,0.888333333333333,FALSE
"none","GSE282302","C2_D9","HALLMARK_INFLAMMATORY_RESPONSE",0,0.508583333333333,FALSE
"pcs","GSE282302","C2_D9","HALLMARK_INFLAMMATORY_RESPONSE",0.5,0.880416666666667,TRUE
"libsize","GSE282302","C3_D1","HALLMARK_INFLAMMATORY_RESPONSE",1,0.9995,TRUE
"none","GSE282302","C3_D1","HALLMARK_INFLAMMATORY_RESPONSE",0.5,0.7965,TRUE
"pcs","GSE282302","C3_D1","HALLMARK_INFLAMMATORY_RESPONSE",1,0.999375,TRUE
"libsize","GSE282302","C3_D10","HALLMARK_INFLAMMATORY_RESPONSE",1,0.996875,TRUE
"none","GSE282302","C3_D10","HALLMARK_INFLAMMATORY_RESPONSE",1,0.99925,TRUE
"pcs","GSE282302","C3_D10","HALLMARK_INFLAMMATORY_RESPONSE",1,0.9995,TRUE
"libsize","GSE282302","C3_D11","HALLMARK_INFLAMMATORY_RESPONSE",1,0.9995,TRUE
"none","GSE282302","C3_D11","HALLMARK_INFLAMMATORY_RESPONSE",0.5,0.745125,TRUE
"pcs","GSE282302","C3_D11","HALLMARK_INFLAMMATORY_RESPONSE",1,0.9995,TRUE
"libsize","GSE282302","C3_D12","HALLMARK_INFLAMMATORY_RESPONSE",0.875,0.9936875,TRUE
"none","GSE282302","C3_D12","HALLMARK_INFLAMMATORY_RESPONSE",0.875,0.989875,TRUE
"pcs","GSE282302","C3_D12","HALLMARK_INFLAMMATORY_RESPONSE",1,0.9994375,TRUE
"libsize","GSE282302","C3_D2","HALLMARK_INFLAMMATORY_RESPONSE",1,0.9985,TRUE
"none","GSE282302","C3_D2","HALLMARK_INFLAMMATORY_RESPONSE",1,0.999375,TRUE
"pcs","GSE282302","C3_D2","HALLMARK_INFLAMMATORY_RESPONSE",1,0.9995,TRUE
"libsize","GSE282302","C3_D3","HALLMARK_INFLAMMATORY_RESPONSE",1,0.99925,TRUE
"none","GSE282302","C3_D3","HALLMARK_INFLAMMATORY_RESPONSE",0.5,0.760875,TRUE
"pcs","GSE282302","C3_D3","HALLMARK_INFLAMMATORY_RESPONSE",0.75,0.943375,TRUE
"libsize","GSE282302","C3_D4","HALLMARK_INFLAMMATORY_RESPONSE",1,0.9995,TRUE
"none","GSE282302","C3_D4","HALLMARK_INFLAMMATORY_RESPONSE",0.75,0.98375,TRUE
"pcs","GSE282302","C3_D4","HALLMARK_INFLAMMATORY_RESPONSE",1,0.998625,TRUE
"libsize","GSE282302","C3_D5","HALLMARK_INFLAMMATORY_RESPONSE",1,0.9995,TRUE
"none","GSE282302","C3_D5","HALLMARK_INFLAMMATORY_RESPONSE",0.75,0.98725,TRUE
"pcs","GSE282302","C3_D5","HALLMARK_INFLAMMATORY_RESPONSE",1,0.9995,TRUE
"libsize","GSE282302","C3_D6","HALLMARK_INFLAMMATORY_RESPONSE",1,0.9995,TRUE
"none","GSE282302","C3_D6","HALLMARK_INFLAMMATORY_RESPONSE",0.5,0.692375,TRUE
"pcs","GSE282302","C3_D6","HALLMARK_INFLAMMATORY_RESPONSE",0.75,0.99,TRUE
"libsize","GSE282302","C3_D7","HALLMARK_INFLAMMATORY_RESPONSE",1,0.999125,TRUE
"none","GSE282302","C3_D7","HALLMARK_INFLAMMATORY_RESPONSE",0.5,0.788375,TRUE
"pcs","GSE282302","C3_D7","HALLMARK_INFLAMMATORY_RESPONSE",1,0.9995,TRUE
"libsize","GSE282302","C3_D8","HALLMARK_INFLAMMATORY_RESPONSE",1,0.99775,TRUE
"none","GSE282302","C3_D8","HALLMARK_INFLAMMATORY_RESPONSE",0.5,0.7175,TRUE
"pcs","GSE282302","C3_D8","HALLMARK_INFLAMMATORY_RESPONSE",1,0.9995,TRUE
"libsize","GSE282302","C3_D9","HALLMARK_INFLAMMATORY_RESPONSE",1,0.992375,TRUE
"none","GSE282302","C3_D9","HALLMARK_INFLAMMATORY_RESPONSE",0.25,0.572875,FALSE
"pcs","GSE282302","C3_D9","HALLMARK_INFLAMMATORY_RESPONSE",1,0.995875,TRUE
"libsize","GSE274557","Pt1","HALLMARK_INFLAMMATORY_RESPONSE",1,0.9995,TRUE
"none","GSE274557","Pt1","HALLMARK_INFLAMMATORY_RESPONSE",0,0.39225,FALSE
"pcs","GSE274557","Pt1","HALLMARK_INFLAMMATORY_RESPONSE",0.5,0.9335,TRUE
"libsize","GSE274557","Pt10","HALLMARK_INFLAMMATORY_RESPONSE",1,0.998625,TRUE
"none","GSE274557","Pt10","HALLMARK_INFLAMMATORY_RESPONSE",0,0.4605,FALSE
"pcs","GSE274557","Pt10","HALLMARK_INFLAMMATORY_RESPONSE",1,0.996875,TRUE
"libsize","GSE274557","Pt11","HALLMARK_INFLAMMATORY_RESPONSE",0.5,0.94525,TRUE
"none","GSE274557","Pt11","HALLMARK_INFLAMMATORY_RESPONSE",0,0.39425,FALSE
"pcs","GSE274557","Pt11","HALLMARK_INFLAMMATORY_RESPONSE",1,0.99775,TRUE
"libsize","GSE274557","Pt12","HALLMARK_INFLAMMATORY_RESPONSE",1,0.9995,TRUE
"none","GSE274557","Pt12","HALLMARK_INFLAMMATORY_RESPONSE",0,0.27325,FALSE
"pcs","GSE274557","Pt12","HALLMARK_INFLAMMATORY_RESPONSE",0.75,0.97725,TRUE
"libsize","GSE274557","Pt13","HALLMARK_INFLAMMATORY_RESPONSE",0.714285714285714,0.952928571428571,TRUE
"none","GSE274557","Pt13","HALLMARK_INFLAMMATORY_RESPONSE",0,0.562214285714286,FALSE
"pcs","GSE274557","Pt13","HALLMARK_INFLAMMATORY_RESPONSE",0.714285714285714,0.908928571428571,TRUE
"libsize","GSE274557","Pt2","HALLMARK_INFLAMMATORY_RESPONSE",1,0.9995,TRUE
"none","GSE274557","Pt2","HALLMARK_INFLAMMATORY_RESPONSE",0.333333333333333,0.529666666666667,FALSE
"pcs","GSE274557","Pt2","HALLMARK_INFLAMMATORY_RESPONSE",1,0.998166666666667,TRUE
"libsize","GSE274557","Pt3","HALLMARK_INFLAMMATORY_RESPONSE",0.75,0.931125,TRUE
"none","GSE274557","Pt3","HALLMARK_INFLAMMATORY_RESPONSE",0,0.480625,FALSE
"pcs","GSE274557","Pt3","HALLMARK_INFLAMMATORY_RESPONSE",1,0.998125,TRUE
"libsize","GSE274557","Pt4","HALLMARK_INFLAMMATORY_RESPONSE",0.5,0.967625,TRUE
"none","GSE274557","Pt4","HALLMARK_INFLAMMATORY_RESPONSE",0,0.257625,FALSE
"pcs","GSE274557","Pt4","HALLMARK_INFLAMMATORY_RESPONSE",0.75,0.979375,TRUE
"libsize","GSE274557","Pt5","HALLMARK_INFLAMMATORY_RESPONSE",0.666666666666667,0.872333333333333,TRUE
"none","GSE274557","Pt5","HALLMARK_INFLAMMATORY_RESPONSE",0.666666666666667,0.780333333333333,TRUE
"pcs","GSE274557","Pt5","HALLMARK_INFLAMMATORY_RESPONSE",1,0.999333333333333,TRUE
"libsize","GSE274557","Pt6","HALLMARK_INFLAMMATORY_RESPONSE",0.333333333333333,0.7505,FALSE
"none","GSE274557","Pt6","HALLMARK_INFLAMMATORY_RESPONSE",0.333333333333333,0.54875,FALSE
"pcs","GSE274557","Pt6","HALLMARK_INFLAMMATORY_RESPONSE",0.333333333333333,0.860666666666667,FALSE
"libsize","GSE274557","Pt7","HALLMARK_INFLAMMATORY_RESPONSE",0.5,0.94825,TRUE
"none","GSE274557","Pt7","HALLMARK_INFLAMMATORY_RESPONSE",0,0.222875,FALSE
"pcs","GSE274557","Pt7","HALLMARK_INFLAMMATORY_RESPONSE",1,0.994375,TRUE
"libsize","GSE274557","Pt8","HALLMARK_INFLAMMATORY_RESPONSE",0.8,0.9314,TRUE
"none","GSE274557","Pt8","HALLMARK_INFLAMMATORY_RESPONSE",0.4,0.5918,FALSE
"pcs","GSE274557","Pt8","HALLMARK_INFLAMMATORY_RESPONSE",0.8,0.9234,TRUE
"libsize","GSE274557","Pt9","HALLMARK_INFLAMMATORY_RESPONSE",0.5,0.95375,TRUE
"none","GSE274557","Pt9","HALLMARK_INFLAMMATORY_RESPONSE",0,0.331375,FALSE
"pcs","GSE274557","Pt9","HALLMARK_INFLAMMATORY_RESPONSE",0.75,0.99075,TRUE
"libsize","GSE282302","C1_D1","HALLMARK_INTERFERON_ALPHA_RESPONSE",1,0.9995,TRUE
"none","GSE282302","C1_D1","HALLMARK_INTERFERON_ALPHA_RESPONSE",1,0.9995,TRUE
"pcs","GSE282302","C1_D1","HALLMARK_INTERFERON_ALPHA_RESPONSE",1,0.9995,TRUE
"libsize","GSE282302","C1_D10","HALLMARK_INTERFERON_ALPHA_RESPONSE",1,0.9995,TRUE
"none","GSE282302","C1_D10","HALLMARK_INTERFERON_ALPHA_RESPONSE",1,0.9995,TRUE
"pcs","GSE282302","C1_D10","HALLMARK_INTERFERON_ALPHA_RESPONSE",1,0.9995,TRUE
"libsize","GSE282302","C1_D11","HALLMARK_INTERFERON_ALPHA_RESPONSE",1,0.9995,TRUE
"none","GSE282302","C1_D11","HALLMARK_INTERFERON_ALPHA_RESPONSE",1,0.9995,TRUE
"pcs","GSE282302","C1_D11","HALLMARK_INTERFERON_ALPHA_RESPONSE",1,0.9995,TRUE
"libsize","GSE282302","C1_D12","HALLMARK_INTERFERON_ALPHA_RESPONSE",1,0.9995,TRUE
"none","GSE282302","C1_D12","HALLMARK_INTERFERON_ALPHA_RESPONSE",0.5,0.90275,TRUE
"pcs","GSE282302","C1_D12","HALLMARK_INTERFERON_ALPHA_RESPONSE",1,0.9995,TRUE
"libsize","GSE282302","C1_D13","HALLMARK_INTERFERON_ALPHA_RESPONSE",1,0.9995,TRUE
"none","GSE282302","C1_D13","HALLMARK_INTERFERON_ALPHA_RESPONSE",1,0.9995,TRUE
"pcs","GSE282302","C1_D13","HALLMARK_INTERFERON_ALPHA_RESPONSE",1,0.9995,TRUE
"libsize","GSE282302","C1_D14","HALLMARK_INTERFERON_ALPHA_RESPONSE",1,0.9995,TRUE
"none","GSE282302","C1_D14","HALLMARK_INTERFERON_ALPHA_RESPONSE",1,0.9995,TRUE
"pcs","GSE282302","C1_D14","HALLMARK_INTERFERON_ALPHA_RESPONSE",1,0.9995,TRUE
"libsize","GSE282302","C1_D2","HALLMARK_INTERFERON_ALPHA_RESPONSE",1,0.9995,TRUE
"none","GSE282302","C1_D2","HALLMARK_INTERFERON_ALPHA_RESPONSE",1,0.999,TRUE
"pcs","GSE282302","C1_D2","HALLMARK_INTERFERON_ALPHA_RESPONSE",1,0.9975,TRUE
"libsize","GSE282302","C1_D3","HALLMARK_INTERFERON_ALPHA_RESPONSE",1,0.9995,TRUE
"none","GSE282302","C1_D3","HALLMARK_INTERFERON_ALPHA_RESPONSE",0,0.209,FALSE
"pcs","GSE282302","C1_D3","HALLMARK_INTERFERON_ALPHA_RESPONSE",1,0.9995,TRUE
"libsize","GSE282302","C1_D4","HALLMARK_INTERFERON_ALPHA_RESPONSE",1,0.9995,TRUE
"none","GSE282302","C1_D4","HALLMARK_INTERFERON_ALPHA_RESPONSE",1,0.9995,TRUE
"pcs","GSE282302","C1_D4","HALLMARK_INTERFERON_ALPHA_RESPONSE",1,0.9995,TRUE
"libsize","GSE282302","C1_D5","HALLMARK_INTERFERON_ALPHA_RESPONSE",1,0.9995,TRUE
"none","GSE282302","C1_D5","HALLMARK_INTERFERON_ALPHA_RESPONSE",1,0.9995,TRUE
"pcs","GSE282302","C1_D5","HALLMARK_INTERFERON_ALPHA_RESPONSE",1,0.9995,TRUE
"libsize","GSE282302","C1_D6","HALLMARK_INTERFERON_ALPHA_RESPONSE",1,0.9995,TRUE
"none","GSE282302","C1_D6","HALLMARK_INTERFERON_ALPHA_RESPONSE",1,0.999,TRUE
"pcs","GSE282302","C1_D6","HALLMARK_INTERFERON_ALPHA_RESPONSE",1,0.9995,TRUE
"libsize","GSE282302","C1_D7","HALLMARK_INTERFERON_ALPHA_RESPONSE",1,0.9995,TRUE
"none","GSE282302","C1_D7","HALLMARK_INTERFERON_ALPHA_RESPONSE",1,0.9995,TRUE
"pcs","GSE282302","C1_D7","HALLMARK_INTERFERON_ALPHA_RESPONSE",1,0.9995,TRUE
"libsize","GSE282302","C1_D8","HALLMARK_INTERFERON_ALPHA_RESPONSE",1,0.9985,TRUE
"none","GSE282302","C1_D8","HALLMARK_INTERFERON_ALPHA_RESPONSE",0,0.507,FALSE
"pcs","GSE282302","C1_D8","HALLMARK_INTERFERON_ALPHA_RESPONSE",1,0.9995,TRUE
"libsize","GSE282302","C1_D9","HALLMARK_INTERFERON_ALPHA_RESPONSE",1,0.9995,TRUE
"none","GSE282302","C1_D9","HALLMARK_INTERFERON_ALPHA_RESPONSE",0.5,0.92675,TRUE
"pcs","GSE282302","C1_D9","HALLMARK_INTERFERON_ALPHA_RESPONSE",1,0.9995,TRUE
"libsize","GSE282302","C2_D1","HALLMARK_INTERFERON_ALPHA_RESPONSE",1,0.9995,TRUE
"none","GSE282302","C2_D1","HALLMARK_INTERFERON_ALPHA_RESPONSE",1,0.9995,TRUE
"pcs","GSE282302","C2_D1","HALLMARK_INTERFERON_ALPHA_RESPONSE",1,0.9995,TRUE
"libsize","GSE282302","C2_D10","HALLMARK_INTERFERON_ALPHA_RESPONSE",1,0.9995,TRUE
"none","GSE282302","C2_D10","HALLMARK_INTERFERON_ALPHA_RESPONSE",1,0.9995,TRUE
"pcs","GSE282302","C2_D10","HALLMARK_INTERFERON_ALPHA_RESPONSE",1,0.9995,TRUE
"libsize","GSE282302","C2_D11","HALLMARK_INTERFERON_ALPHA_RESPONSE",1,0.9995,TRUE
"none","GSE282302","C2_D11","HALLMARK_INTERFERON_ALPHA_RESPONSE",1,0.9993125,TRUE
"pcs","GSE282302","C2_D11","HALLMARK_INTERFERON_ALPHA_RESPONSE",1,0.9995,TRUE
"libsize","GSE282302","C2_D12","HALLMARK_INTERFERON_ALPHA_RESPONSE",1,0.9995,TRUE
"none","GSE282302","C2_D12","HALLMARK_INTERFERON_ALPHA_RESPONSE",1,0.9995,TRUE
"pcs","GSE282302","C2_D12","HALLMARK_INTERFERON_ALPHA_RESPONSE",1,0.9995,TRUE
"libsize","GSE282302","C2_D13","HALLMARK_INTERFERON_ALPHA_RESPONSE",1,0.9995,TRUE
"none","GSE282302","C2_D13","HALLMARK_INTERFERON_ALPHA_RESPONSE",1,0.9975,TRUE
"pcs","GSE282302","C2_D13","HALLMARK_INTERFERON_ALPHA_RESPONSE",1,0.9995,TRUE
"libsize","GSE282302","C2_D2","HALLMARK_INTERFERON_ALPHA_RESPONSE",1,0.9995,TRUE
"none","GSE282302","C2_D2","HALLMARK_INTERFERON_ALPHA_RESPONSE",1,0.9995,TRUE
"pcs","GSE282302","C2_D2","HALLMARK_INTERFERON_ALPHA_RESPONSE",1,0.9995,TRUE
"libsize","GSE282302","C2_D3","HALLMARK_INTERFERON_ALPHA_RESPONSE",1,0.9995,TRUE
"none","GSE282302","C2_D3","HALLMARK_INTERFERON_ALPHA_RESPONSE",1,0.9995,TRUE
"pcs","GSE282302","C2_D3","HALLMARK_INTERFERON_ALPHA_RESPONSE",1,0.9995,TRUE
"libsize","GSE282302","C2_D4","HALLMARK_INTERFERON_ALPHA_RESPONSE",1,0.9995,TRUE
"none","GSE282302","C2_D4","HALLMARK_INTERFERON_ALPHA_RESPONSE",1,0.9995,TRUE
"pcs","GSE282302","C2_D4","HALLMARK_INTERFERON_ALPHA_RESPONSE",1,0.9995,TRUE
"libsize","GSE282302","C2_D5","HALLMARK_INTERFERON_ALPHA_RESPONSE",1,0.99875,TRUE
"none","GSE282302","C2_D5","HALLMARK_INTERFERON_ALPHA_RESPONSE",1,0.9955,TRUE
"pcs","GSE282302","C2_D5","HALLMARK_INTERFERON_ALPHA_RESPONSE",1,0.9995,TRUE
"libsize","GSE282302","C2_D6","HALLMARK_INTERFERON_ALPHA_RESPONSE",1,0.9995,TRUE
"none","GSE282302","C2_D6","HALLMARK_INTERFERON_ALPHA_RESPONSE",1,0.9995,TRUE
"pcs","GSE282302","C2_D6","HALLMARK_INTERFERON_ALPHA_RESPONSE",1,0.9995,TRUE
"libsize","GSE282302","C2_D7","HALLMARK_INTERFERON_ALPHA_RESPONSE",1,0.9995,TRUE
"none","GSE282302","C2_D7","HALLMARK_INTERFERON_ALPHA_RESPONSE",0,0.84225,FALSE
"pcs","GSE282302","C2_D7","HALLMARK_INTERFERON_ALPHA_RESPONSE",1,0.9995,TRUE
"libsize","GSE282302","C2_D8","HALLMARK_INTERFERON_ALPHA_RESPONSE",1,0.999,TRUE
"none","GSE282302","C2_D8","HALLMARK_INTERFERON_ALPHA_RESPONSE",0,0.60275,FALSE
"pcs","GSE282302","C2_D8","HALLMARK_INTERFERON_ALPHA_RESPONSE",1,0.9995,TRUE
"libsize","GSE282302","C2_D9","HALLMARK_INTERFERON_ALPHA_RESPONSE",1,0.9995,TRUE
"none","GSE282302","C2_D9","HALLMARK_INTERFERON_ALPHA_RESPONSE",0.833333333333333,0.892166666666667,TRUE
"pcs","GSE282302","C2_D9","HALLMARK_INTERFERON_ALPHA_RESPONSE",1,0.9995,TRUE
"libsize","GSE282302","C3_D1","HALLMARK_INTERFERON_ALPHA_RESPONSE",1,0.9995,TRUE
"none","GSE282302","C3_D1","HALLMARK_INTERFERON_ALPHA_RESPONSE",0.75,0.87,TRUE
"pcs","GSE282302","C3_D1","HALLMARK_INTERFERON_ALPHA_RESPONSE",1,0.9995,TRUE
"libsize","GSE282302","C3_D10","HALLMARK_INTERFERON_ALPHA_RESPONSE",1,0.998875,TRUE
"none","GSE282302","C3_D10","HALLMARK_INTERFERON_ALPHA_RESPONSE",1,0.9945,TRUE
"pcs","GSE282302","C3_D10","HALLMARK_INTERFERON_ALPHA_RESPONSE",1,0.9995,TRUE
"libsize","GSE282302","C3_D11","HALLMARK_INTERFERON_ALPHA_RESPONSE",1,0.9995,TRUE
"none","GSE282302","C3_D11","HALLMARK_INTERFERON_ALPHA_RESPONSE",1,0.9995,TRUE
"pcs","GSE282302","C3_D11","HALLMARK_INTERFERON_ALPHA_RESPONSE",1,0.9995,TRUE
"libsize","GSE282302","C3_D12","HALLMARK_INTERFERON_ALPHA_RESPONSE",0.875,0.9786875,TRUE
"none","GSE282302","C3_D12","HALLMARK_INTERFERON_ALPHA_RESPONSE",0.875,0.9926875,TRUE
"pcs","GSE282302","C3_D12","HALLMARK_INTERFERON_ALPHA_RESPONSE",1,0.9995,TRUE
"libsize","GSE282302","C3_D2","HALLMARK_INTERFERON_ALPHA_RESPONSE",1,0.9995,TRUE
"none","GSE282302","C3_D2","HALLMARK_INTERFERON_ALPHA_RESPONSE",0.75,0.967875,TRUE
"pcs","GSE282302","C3_D2","HALLMARK_INTERFERON_ALPHA_RESPONSE",1,0.9995,TRUE
"libsize","GSE282302","C3_D3","HALLMARK_INTERFERON_ALPHA_RESPONSE",1,0.9995,TRUE
"none","GSE282302","C3_D3","HALLMARK_INTERFERON_ALPHA_RESPONSE",0.75,0.977125,TRUE
"pcs","GSE282302","C3_D3","HALLMARK_INTERFERON_ALPHA_RESPONSE",1,0.9995,TRUE
"libsize","GSE282302","C3_D4","HALLMARK_INTERFERON_ALPHA_RESPONSE",1,0.9995,TRUE
"none","GSE282302","C3_D4","HALLMARK_INTERFERON_ALPHA_RESPONSE",0.75,0.981875,TRUE
"pcs","GSE282302","C3_D4","HALLMARK_INTERFERON_ALPHA_RESPONSE",1,0.9995,TRUE
"libsize","GSE282302","C3_D5","HALLMARK_INTERFERON_ALPHA_RESPONSE",1,0.9995,TRUE
"none","GSE282302","C3_D5","HALLMARK_INTERFERON_ALPHA_RESPONSE",1,0.9995,TRUE
"pcs","GSE282302","C3_D5","HALLMARK_INTERFERON_ALPHA_RESPONSE",1,0.9995,TRUE
"libsize","GSE282302","C3_D6","HALLMARK_INTERFERON_ALPHA_RESPONSE",0.75,0.981875,TRUE
"none","GSE282302","C3_D6","HALLMARK_INTERFERON_ALPHA_RESPONSE",0.25,0.474875,FALSE
"pcs","GSE282302","C3_D6","HALLMARK_INTERFERON_ALPHA_RESPONSE",0.75,0.896625,TRUE
"libsize","GSE282302","C3_D7","HALLMARK_INTERFERON_ALPHA_RESPONSE",1,0.9995,TRUE
"none","GSE282302","C3_D7","HALLMARK_INTERFERON_ALPHA_RESPONSE",0.75,0.957375,TRUE
"pcs","GSE282302","C3_D7","HALLMARK_INTERFERON_ALPHA_RESPONSE",1,0.9995,TRUE
"libsize","GSE282302","C3_D8","HALLMARK_INTERFERON_ALPHA_RESPONSE",1,0.9995,TRUE
"none","GSE282302","C3_D8","HALLMARK_INTERFERON_ALPHA_RESPONSE",1,0.999125,TRUE
"pcs","GSE282302","C3_D8","HALLMARK_INTERFERON_ALPHA_RESPONSE",1,0.9995,TRUE
"libsize","GSE282302","C3_D9","HALLMARK_INTERFERON_ALPHA_RESPONSE",0.5,0.9765,TRUE
"none","GSE282302","C3_D9","HALLMARK_INTERFERON_ALPHA_RESPONSE",0,0.821125,FALSE
"pcs","GSE282302","C3_D9","HALLMARK_INTERFERON_ALPHA_RESPONSE",1,0.9995,TRUE
"libsize","GSE274557","Pt1","HALLMARK_INTERFERON_ALPHA_RESPONSE",1,0.9995,TRUE
"none","GSE274557","Pt1","HALLMARK_INTERFERON_ALPHA_RESPONSE",0.5,0.55575,TRUE
"pcs","GSE274557","Pt1","HALLMARK_INTERFERON_ALPHA_RESPONSE",1,0.9995,TRUE
"libsize","GSE274557","Pt10","HALLMARK_INTERFERON_ALPHA_RESPONSE",1,0.9995,TRUE
"none","GSE274557","Pt10","HALLMARK_INTERFERON_ALPHA_RESPONSE",0.75,0.99425,TRUE
"pcs","GSE274557","Pt10","HALLMARK_INTERFERON_ALPHA_RESPONSE",1,0.9995,TRUE
"libsize","GSE274557","Pt11","HALLMARK_INTERFERON_ALPHA_RESPONSE",0.5,0.882875,TRUE
"none","GSE274557","Pt11","HALLMARK_INTERFERON_ALPHA_RESPONSE",0.25,0.9445,FALSE
"pcs","GSE274557","Pt11","HALLMARK_INTERFERON_ALPHA_RESPONSE",1,0.9995,TRUE
"libsize","GSE274557","Pt12","HALLMARK_INTERFERON_ALPHA_RESPONSE",1,0.999375,TRUE
"none","GSE274557","Pt12","HALLMARK_INTERFERON_ALPHA_RESPONSE",0.25,0.624,FALSE
"pcs","GSE274557","Pt12","HALLMARK_INTERFERON_ALPHA_RESPONSE",0.75,0.967375,TRUE
"libsize","GSE274557","Pt13","HALLMARK_INTERFERON_ALPHA_RESPONSE",0.571428571428571,0.932071428571429,TRUE
"none","GSE274557","Pt13","HALLMARK_INTERFERON_ALPHA_RESPONSE",0,0.763642857142857,FALSE
"pcs","GSE274557","Pt13","HALLMARK_INTERFERON_ALPHA_RESPONSE",0.857142857142857,0.960857142857143,TRUE
"libsize","GSE274557","Pt2","HALLMARK_INTERFERON_ALPHA_RESPONSE",1,0.9995,TRUE
"none","GSE274557","Pt2","HALLMARK_INTERFERON_ALPHA_RESPONSE",0.333333333333333,0.7105,FALSE
"pcs","GSE274557","Pt2","HALLMARK_INTERFERON_ALPHA_RESPONSE",1,0.9975,TRUE
"libsize","GSE274557","Pt3","HALLMARK_INTERFERON_ALPHA_RESPONSE",1,0.9995,TRUE
"none","GSE274557","Pt3","HALLMARK_INTERFERON_ALPHA_RESPONSE",0.25,0.738875,FALSE
"pcs","GSE274557","Pt3","HALLMARK_INTERFERON_ALPHA_RESPONSE",1,0.99675,TRUE
"libsize","GSE274557","Pt4","HALLMARK_INTERFERON_ALPHA_RESPONSE",1,0.9995,TRUE
"none","GSE274557","Pt4","HALLMARK_INTERFERON_ALPHA_RESPONSE",0.75,0.992,TRUE
"pcs","GSE274557","Pt4","HALLMARK_INTERFERON_ALPHA_RESPONSE",1,0.9995,TRUE
"libsize","GSE274557","Pt5","HALLMARK_INTERFERON_ALPHA_RESPONSE",0.666666666666667,0.8175,TRUE
"none","GSE274557","Pt5","HALLMARK_INTERFERON_ALPHA_RESPONSE",0.666666666666667,0.7315,TRUE
"pcs","GSE274557","Pt5","HALLMARK_INTERFERON_ALPHA_RESPONSE",1,0.9995,TRUE
"libsize","GSE274557","Pt6","HALLMARK_INTERFERON_ALPHA_RESPONSE",0.833333333333333,0.979916666666667,TRUE
"none","GSE274557","Pt6","HALLMARK_INTERFERON_ALPHA_RESPONSE",0.333333333333333,0.731166666666667,FALSE
"pcs","GSE274557","Pt6","HALLMARK_INTERFERON_ALPHA_RESPONSE",0.333333333333333,0.830833333333333,FALSE
"libsize","GSE274557","Pt7","HALLMARK_INTERFERON_ALPHA_RESPONSE",0.75,0.996,TRUE
"none","GSE274557","Pt7","HALLMARK_INTERFERON_ALPHA_RESPONSE",0,0.911125,FALSE
"pcs","GSE274557","Pt7","HALLMARK_INTERFERON_ALPHA_RESPONSE",0,0.91875,FALSE
"libsize","GSE274557","Pt8","HALLMARK_INTERFERON_ALPHA_RESPONSE",1,0.9995,TRUE
"none","GSE274557","Pt8","HALLMARK_INTERFERON_ALPHA_RESPONSE",0.2,0.7423,FALSE
"pcs","GSE274557","Pt8","HALLMARK_INTERFERON_ALPHA_RESPONSE",1,0.9995,TRUE
"libsize","GSE274557","Pt9","HALLMARK_INTERFERON_ALPHA_RESPONSE",0.5,0.868375,TRUE
"none","GSE274557","Pt9","HALLMARK_INTERFERON_ALPHA_RESPONSE",0,0.664625,FALSE
"pcs","GSE274557","Pt9","HALLMARK_INTERFERON_ALPHA_RESPONSE",0.5,0.895625,TRUE
"libsize","GSE282302","C1_D1","HALLMARK_INTERFERON_GAMMA_RESPONSE",1,0.9995,TRUE
"none","GSE282302","C1_D1","HALLMARK_INTERFERON_GAMMA_RESPONSE",1,0.9995,TRUE
"pcs","GSE282302","C1_D1","HALLMARK_INTERFERON_GAMMA_RESPONSE",1,0.9995,TRUE
"libsize","GSE282302","C1_D10","HALLMARK_INTERFERON_GAMMA_RESPONSE",1,0.9995,TRUE
"none","GSE282302","C1_D10","HALLMARK_INTERFERON_GAMMA_RESPONSE",1,0.9995,TRUE
"pcs","GSE282302","C1_D10","HALLMARK_INTERFERON_GAMMA_RESPONSE",1,0.9995,TRUE
"libsize","GSE282302","C1_D11","HALLMARK_INTERFERON_GAMMA_RESPONSE",1,0.9995,TRUE
"none","GSE282302","C1_D11","HALLMARK_INTERFERON_GAMMA_RESPONSE",1,0.99575,TRUE
"pcs","GSE282302","C1_D11","HALLMARK_INTERFERON_GAMMA_RESPONSE",1,0.9995,TRUE
"libsize","GSE282302","C1_D12","HALLMARK_INTERFERON_GAMMA_RESPONSE",1,0.9995,TRUE
"none","GSE282302","C1_D12","HALLMARK_INTERFERON_GAMMA_RESPONSE",0.5,0.76725,TRUE
"pcs","GSE282302","C1_D12","HALLMARK_INTERFERON_GAMMA_RESPONSE",1,0.9995,TRUE
"libsize","GSE282302","C1_D13","HALLMARK_INTERFERON_GAMMA_RESPONSE",1,0.99625,TRUE
"none","GSE282302","C1_D13","HALLMARK_INTERFERON_GAMMA_RESPONSE",1,0.9995,TRUE
"pcs","GSE282302","C1_D13","HALLMARK_INTERFERON_GAMMA_RESPONSE",1,0.9995,TRUE
"libsize","GSE282302","C1_D14","HALLMARK_INTERFERON_GAMMA_RESPONSE",1,0.9995,TRUE
"none","GSE282302","C1_D14","HALLMARK_INTERFERON_GAMMA_RESPONSE",1,0.999166666666667,TRUE
"pcs","GSE282302","C1_D14","HALLMARK_INTERFERON_GAMMA_RESPONSE",1,0.9995,TRUE
"libsize","GSE282302","C1_D2","HALLMARK_INTERFERON_GAMMA_RESPONSE",1,0.9995,TRUE
"none","GSE282302","C1_D2","HALLMARK_INTERFERON_GAMMA_RESPONSE",0,0.967,FALSE
"pcs","GSE282302","C1_D2","HALLMARK_INTERFERON_GAMMA_RESPONSE",1,0.9995,TRUE
"libsize","GSE282302","C1_D3","HALLMARK_INTERFERON_GAMMA_RESPONSE",1,0.9995,TRUE
"none","GSE282302","C1_D3","HALLMARK_INTERFERON_GAMMA_RESPONSE",0,0.00449999999999995,FALSE
"pcs","GSE282302","C1_D3","HALLMARK_INTERFERON_GAMMA_RESPONSE",1,0.9995,TRUE
"libsize","GSE282302","C1_D4","HALLMARK_INTERFERON_GAMMA_RESPONSE",1,0.9995,TRUE
"none","GSE282302","C1_D4","HALLMARK_INTERFERON_GAMMA_RESPONSE",0,0.9,FALSE
"pcs","GSE282302","C1_D4","HALLMARK_INTERFERON_GAMMA_RESPONSE",1,0.9995,TRUE
"libsize","GSE282302","C1_D5","HALLMARK_INTERFERON_GAMMA_RESPONSE",1,0.9995,TRUE
"none","GSE282302","C1_D5","HALLMARK_INTERFERON_GAMMA_RESPONSE",0,0.989,FALSE
"pcs","GSE282302","C1_D5","HALLMARK_INTERFERON_GAMMA_RESPONSE",1,0.9995,TRUE
"libsize","GSE282302","C1_D6","HALLMARK_INTERFERON_GAMMA_RESPONSE",1,0.9995,TRUE
"none","GSE282302","C1_D6","HALLMARK_INTERFERON_GAMMA_RESPONSE",1,0.9995,TRUE
"pcs","GSE282302","C1_D6","HALLMARK_INTERFERON_GAMMA_RESPONSE",1,0.9995,TRUE
"libsize","GSE282302","C1_D7","HALLMARK_INTERFERON_GAMMA_RESPONSE",1,0.9995,TRUE
"none","GSE282302","C1_D7","HALLMARK_INTERFERON_GAMMA_RESPONSE",1,0.999,TRUE
"pcs","GSE282302","C1_D7","HALLMARK_INTERFERON_GAMMA_RESPONSE",1,0.9995,TRUE
"libsize","GSE282302","C1_D8","HALLMARK_INTERFERON_GAMMA_RESPONSE",1,0.9995,TRUE
"none","GSE282302","C1_D8","HALLMARK_INTERFERON_GAMMA_RESPONSE",0,0.3925,FALSE
"pcs","GSE282302","C1_D8","HALLMARK_INTERFERON_GAMMA_RESPONSE",1,0.9995,TRUE
"libsize","GSE282302","C1_D9","HALLMARK_INTERFERON_GAMMA_RESPONSE",1,0.9995,TRUE
"none","GSE282302","C1_D9","HALLMARK_INTERFERON_GAMMA_RESPONSE",0,0.952,FALSE
"pcs","GSE282302","C1_D9","HALLMARK_INTERFERON_GAMMA_RESPONSE",1,0.9995,TRUE
"libsize","GSE282302","C2_D1","HALLMARK_INTERFERON_GAMMA_RESPONSE",1,0.9995,TRUE
"none","GSE282302","C2_D1","HALLMARK_INTERFERON_GAMMA_RESPONSE",1,0.9995,TRUE
"pcs","GSE282302","C2_D1","HALLMARK_INTERFERON_GAMMA_RESPONSE",1,0.9995,TRUE
"libsize","GSE282302","C2_D10","HALLMARK_INTERFERON_GAMMA_RESPONSE",1,0.9995,TRUE
"none","GSE282302","C2_D10","HALLMARK_INTERFERON_GAMMA_RESPONSE",1,0.996375,TRUE
"pcs","GSE282302","C2_D10","HALLMARK_INTERFERON_GAMMA_RESPONSE",1,0.9995,TRUE
"libsize","GSE282302","C2_D11","HALLMARK_INTERFERON_GAMMA_RESPONSE",1,0.9995,TRUE
"none","GSE282302","C2_D11","HALLMARK_INTERFERON_GAMMA_RESPONSE",0.875,0.9388125,TRUE
"pcs","GSE282302","C2_D11","HALLMARK_INTERFERON_GAMMA_RESPONSE",1,0.9995,TRUE
"libsize","GSE282302","C2_D12","HALLMARK_INTERFERON_GAMMA_RESPONSE",1,0.9995,TRUE
"none","GSE282302","C2_D12","HALLMARK_INTERFERON_GAMMA_RESPONSE",0,0.4415,FALSE
"pcs","GSE282302","C2_D12","HALLMARK_INTERFERON_GAMMA_RESPONSE",1,0.9995,TRUE
"libsize","GSE282302","C2_D13","HALLMARK_INTERFERON_GAMMA_RESPONSE",1,0.9995,TRUE
"none","GSE282302","C2_D13","HALLMARK_INTERFERON_GAMMA_RESPONSE",0,0.449,FALSE
"pcs","GSE282302","C2_D13","HALLMARK_INTERFERON_GAMMA_RESPONSE",1,0.9995,TRUE
"libsize","GSE282302","C2_D2","HALLMARK_INTERFERON_GAMMA_RESPONSE",0,0.987,FALSE
"none","GSE282302","C2_D2","HALLMARK_INTERFERON_GAMMA_RESPONSE",1,0.9995,TRUE
"pcs","GSE282302","C2_D2","HALLMARK_INTERFERON_GAMMA_RESPONSE",1,0.9995,TRUE
"libsize","GSE282302","C2_D3","HALLMARK_INTERFERON_GAMMA_RESPONSE",1,0.9995,TRUE
"none","GSE282302","C2_D3","HALLMARK_INTERFERON_GAMMA_RESPONSE",1,0.9995,TRUE
"pcs","GSE282302","C2_D3","HALLMARK_INTERFERON_GAMMA_RESPONSE",1,0.9995,TRUE
"libsize","GSE282302","C2_D4","HALLMARK_INTERFERON_GAMMA_RESPONSE",1,0.9995,TRUE
"none","GSE282302","C2_D4","HALLMARK_INTERFERON_GAMMA_RESPONSE",1,0.9995,TRUE
"pcs","GSE282302","C2_D4","HALLMARK_INTERFERON_GAMMA_RESPONSE",0,0.8615,FALSE
"libsize","GSE282302","C2_D5","HALLMARK_INTERFERON_GAMMA_RESPONSE",1,0.9985,TRUE
"none","GSE282302","C2_D5","HALLMARK_INTERFERON_GAMMA_RESPONSE",0.5,0.51725,TRUE
"pcs","GSE282302","C2_D5","HALLMARK_INTERFERON_GAMMA_RESPONSE",1,0.9995,TRUE
"libsize","GSE282302","C2_D6","HALLMARK_INTERFERON_GAMMA_RESPONSE",1,0.99825,TRUE
"none","GSE282302","C2_D6","HALLMARK_INTERFERON_GAMMA_RESPONSE",0.5,0.98675,TRUE
"pcs","GSE282302","C2_D6","HALLMARK_INTERFERON_GAMMA_RESPONSE",1,0.9995,TRUE
"libsize","GSE282302","C2_D7","HALLMARK_INTERFERON_GAMMA_RESPONSE",1,0.9995,TRUE
"none","GSE282302","C2_D7","HALLMARK_INTERFERON_GAMMA_RESPONSE",0,0.01325,FALSE
"pcs","GSE282302","C2_D7","HALLMARK_INTERFERON_GAMMA_RESPONSE",1,0.9995,TRUE
"libsize","GSE282302","C2_D8","HALLMARK_INTERFERON_GAMMA_RESPONSE",1,0.988125,TRUE
"none","GSE282302","C2_D8","HALLMARK_INTERFERON_GAMMA_RESPONSE",0,0.027375,FALSE
"pcs","GSE282302","C2_D8","HALLMARK_INTERFERON_GAMMA_RESPONSE",1,0.9995,TRUE
"libsize","GSE282302","C2_D9","HALLMARK_INTERFERON_GAMMA_RESPONSE",1,0.9995,TRUE
"none","GSE282302","C2_D9","HALLMARK_INTERFERON_GAMMA_RESPONSE",0.833333333333333,0.958166666666667,TRUE
"pcs","GSE282302","C2_D9","HALLMARK_INTERFERON_GAMMA_RESPONSE",1,0.9995,TRUE
"libsize","GSE282302","C3_D1","HALLMARK_INTERFERON_GAMMA_RESPONSE",1,0.99925,TRUE
"none","GSE282302","C3_D1","HALLMARK_INTERFERON_GAMMA_RESPONSE",0.5,0.594375,TRUE
"pcs","GSE282302","C3_D1","HALLMARK_INTERFERON_GAMMA_RESPONSE",1,0.9995,TRUE
"libsize","GSE282302","C3_D10","HALLMARK_INTERFERON_GAMMA_RESPONSE",0.75,0.896625,TRUE
"none","GSE282302","C3_D10","HALLMARK_INTERFERON_GAMMA_RESPONSE",0.75,0.798625,TRUE
"pcs","GSE282302","C3_D10","HALLMARK_INTERFERON_GAMMA_RESPONSE",1,0.9995,TRUE
"libsize","GSE282302","C3_D11","HALLMARK_INTERFERON_GAMMA_RESPONSE",1,0.9995,TRUE
"none","GSE282302","C3_D11","HALLMARK_INTERFERON_GAMMA_RESPONSE",0.75,0.897125,TRUE
"pcs","GSE282302","C3_D11","HALLMARK_INTERFERON_GAMMA_RESPONSE",1,0.9995,TRUE
"libsize","GSE282302","C3_D12","HALLMARK_INTERFERON_GAMMA_RESPONSE",1,0.9991875,TRUE
"none","GSE282302","C3_D12","HALLMARK_INTERFERON_GAMMA_RESPONSE",1,0.9991875,TRUE
"pcs","GSE282302","C3_D12","HALLMARK_INTERFERON_GAMMA_RESPONSE",1,0.9995,TRUE
"libsize","GSE282302","C3_D2","HALLMARK_INTERFERON_GAMMA_RESPONSE",1,0.9975,TRUE
"none","GSE282302","C3_D2","HALLMARK_INTERFERON_GAMMA_RESPONSE",1,0.996125,TRUE
"pcs","GSE282302","C3_D2","HALLMARK_INTERFERON_GAMMA_RESPONSE",1,0.9995,TRUE
"libsize","GSE282302","C3_D3","HALLMARK_INTERFERON_GAMMA_RESPONSE",1,0.9995,TRUE
"none","GSE282302","C3_D3","HALLMARK_INTERFERON_GAMMA_RESPONSE",0.75,0.988625,TRUE
"pcs","GSE282302","C3_D3","HALLMARK_INTERFERON_GAMMA_RESPONSE",1,0.9995,TRUE
"libsize","GSE282302","C3_D4","HALLMARK_INTERFERON_GAMMA_RESPONSE",1,0.9995,TRUE
"none","GSE282302","C3_D4","HALLMARK_INTERFERON_GAMMA_RESPONSE",0.5,0.870625,TRUE
"pcs","GSE282302","C3_D4","HALLMARK_INTERFERON_GAMMA_RESPONSE",1,0.9995,TRUE
"libsize","GSE282302","C3_D5","HALLMARK_INTERFERON_GAMMA_RESPONSE",1,0.9995,TRUE
"none","GSE282302","C3_D5","HALLMARK_INTERFERON_GAMMA_RESPONSE",1,0.999375,TRUE
"pcs","GSE282302","C3_D5","HALLMARK_INTERFERON_GAMMA_RESPONSE",1,0.9995,TRUE
"libsize","GSE282302","C3_D6","HALLMARK_INTERFERON_GAMMA_RESPONSE",1,0.9995,TRUE
"none","GSE282302","C3_D6","HALLMARK_INTERFERON_GAMMA_RESPONSE",0.25,0.480375,FALSE
"pcs","GSE282302","C3_D6","HALLMARK_INTERFERON_GAMMA_RESPONSE",0.75,0.966375,TRUE
"libsize","GSE282302","C3_D7","HALLMARK_INTERFERON_GAMMA_RESPONSE",1,0.990375,TRUE
"none","GSE282302","C3_D7","HALLMARK_INTERFERON_GAMMA_RESPONSE",0.75,0.888375,TRUE
"pcs","GSE282302","C3_D7","HALLMARK_INTERFERON_GAMMA_RESPONSE",1,0.9995,TRUE
"libsize","GSE282302","C3_D8","HALLMARK_INTERFERON_GAMMA_RESPONSE",1,0.9995,TRUE
"none","GSE282302","C3_D8","HALLMARK_INTERFERON_GAMMA_RESPONSE",0.5,0.850875,TRUE
"pcs","GSE282302","C3_D8","HALLMARK_INTERFERON_GAMMA_RESPONSE",1,0.9995,TRUE
"libsize","GSE282302","C3_D9","HALLMARK_INTERFERON_GAMMA_RESPONSE",0.75,0.9355,TRUE
"none","GSE282302","C3_D9","HALLMARK_INTERFERON_GAMMA_RESPONSE",0.25,0.56175,FALSE
"pcs","GSE282302","C3_D9","HALLMARK_INTERFERON_GAMMA_RESPONSE",1,0.9995,TRUE
"libsize","GSE274557","Pt1","HALLMARK_INTERFERON_GAMMA_RESPONSE",1,0.9995,TRUE
"none","GSE274557","Pt1","HALLMARK_INTERFERON_GAMMA_RESPONSE",0.5,0.549,TRUE
"pcs","GSE274557","Pt1","HALLMARK_INTERFERON_GAMMA_RESPONSE",1,0.9995,TRUE
"libsize","GSE274557","Pt10","HALLMARK_INTERFERON_GAMMA_RESPONSE",1,0.9995,TRUE
"none","GSE274557","Pt10","HALLMARK_INTERFERON_GAMMA_RESPONSE",0.5,0.945625,TRUE
"pcs","GSE274557","Pt10","HALLMARK_INTERFERON_GAMMA_RESPONSE",1,0.9995,TRUE
"libsize","GSE274557","Pt11","HALLMARK_INTERFERON_GAMMA_RESPONSE",0.75,0.925625,TRUE
"none","GSE274557","Pt11","HALLMARK_INTERFERON_GAMMA_RESPONSE",0,0.75075,FALSE
"pcs","GSE274557","Pt11","HALLMARK_INTERFERON_GAMMA_RESPONSE",1,0.9995,TRUE
"libsize","GSE274557","Pt12","HALLMARK_INTERFERON_GAMMA_RESPONSE",1,0.9995,TRUE
"none","GSE274557","Pt12","HALLMARK_INTERFERON_GAMMA_RESPONSE",0.25,0.58,FALSE
"pcs","GSE274557","Pt12","HALLMARK_INTERFERON_GAMMA_RESPONSE",1,0.9995,TRUE
"libsize","GSE274557","Pt13","HALLMARK_INTERFERON_GAMMA_RESPONSE",0.571428571428571,0.885785714285714,TRUE
"none","GSE274557","Pt13","HALLMARK_INTERFERON_GAMMA_RESPONSE",0,0.433857142857143,FALSE
"pcs","GSE274557","Pt13","HALLMARK_INTERFERON_GAMMA_RESPONSE",0.857142857142857,0.997642857142857,TRUE
"libsize","GSE274557","Pt2","HALLMARK_INTERFERON_GAMMA_RESPONSE",1,0.9995,TRUE
"none","GSE274557","Pt2","HALLMARK_INTERFERON_GAMMA_RESPONSE",0.333333333333333,0.6525,FALSE
"pcs","GSE274557","Pt2","HALLMARK_INTERFERON_GAMMA_RESPONSE",1,0.9995,TRUE
"libsize","GSE274557","Pt3","HALLMARK_INTERFERON_GAMMA_RESPONSE",1,0.9995,TRUE
"none","GSE274557","Pt3","HALLMARK_INTERFERON_GAMMA_RESPONSE",0,0.61475,FALSE
"pcs","GSE274557","Pt3","HALLMARK_INTERFERON_GAMMA_RESPONSE",0.75,0.988,TRUE
"libsize","GSE274557","Pt4","HALLMARK_INTERFERON_GAMMA_RESPONSE",1,0.9995,TRUE
"none","GSE274557","Pt4","HALLMARK_INTERFERON_GAMMA_RESPONSE",0.5,0.782375,TRUE
"pcs","GSE274557","Pt4","HALLMARK_INTERFERON_GAMMA_RESPONSE",1,0.9995,TRUE
"libsize","GSE274557","Pt5","HALLMARK_INTERFERON_GAMMA_RESPONSE",0.666666666666667,0.731,TRUE
"none","GSE274557","Pt5","HALLMARK_INTERFERON_GAMMA_RESPONSE",0.666666666666667,0.678333333333333,TRUE
"pcs","GSE274557","Pt5","HALLMARK_INTERFERON_GAMMA_RESPONSE",1,0.9995,TRUE
"libsize","GSE274557","Pt6","HALLMARK_INTERFERON_GAMMA_RESPONSE",0.666666666666667,0.929333333333333,TRUE
"none","GSE274557","Pt6","HALLMARK_INTERFERON_GAMMA_RESPONSE",0.5,0.736583333333333,TRUE
"pcs","GSE274557","Pt6","HALLMARK_INTERFERON_GAMMA_RESPONSE",0.666666666666667,0.975583333333333,TRUE
"libsize","GSE274557","Pt7","HALLMARK_INTERFERON_GAMMA_RESPONSE",0.75,0.983125,TRUE
"none","GSE274557","Pt7","HALLMARK_INTERFERON_GAMMA_RESPONSE",0,0.41025,FALSE
"pcs","GSE274557","Pt7","HALLMARK_INTERFERON_GAMMA_RESPONSE",1,0.9965,TRUE
"libsize","GSE274557","Pt8","HALLMARK_INTERFERON_GAMMA_RESPONSE",1,0.9995,TRUE
"none","GSE274557","Pt8","HALLMARK_INTERFERON_GAMMA_RESPONSE",0.2,0.4941,FALSE
"pcs","GSE274557","Pt8","HALLMARK_INTERFERON_GAMMA_RESPONSE",1,0.9995,TRUE
"libsize","GSE274557","Pt9","HALLMARK_INTERFERON_GAMMA_RESPONSE",0.5,0.861125,TRUE
"none","GSE274557","Pt9","HALLMARK_INTERFERON_GAMMA_RESPONSE",0,0.343,FALSE
"pcs","GSE274557","Pt9","HALLMARK_INTERFERON_GAMMA_RESPONSE",0.75,0.95775,TRUE
"libsize","GSE282302","C1_D1","HALLMARK_KRAS_SIGNALING_DN",1,0.9985,TRUE
"none","GSE282302","C1_D1","HALLMARK_KRAS_SIGNALING_DN",0,0.972,FALSE
"pcs","GSE282302","C1_D1","HALLMARK_KRAS_SIGNALING_DN",0,0.9645,FALSE
"libsize","GSE282302","C1_D10","HALLMARK_KRAS_SIGNALING_DN",0,0.441,FALSE
"none","GSE282302","C1_D10","HALLMARK_KRAS_SIGNALING_DN",0.5,0.49975,TRUE
"pcs","GSE282302","C1_D10","HALLMARK_KRAS_SIGNALING_DN",0.5,0.857,TRUE
"libsize","GSE282302","C1_D11","HALLMARK_KRAS_SIGNALING_DN",0.5,0.9455,TRUE
"none","GSE282302","C1_D11","HALLMARK_KRAS_SIGNALING_DN",0,0.893,FALSE
"pcs","GSE282302","C1_D11","HALLMARK_KRAS_SIGNALING_DN",0.5,0.956,TRUE
"libsize","GSE282302","C1_D12","HALLMARK_KRAS_SIGNALING_DN",0,0.93925,FALSE
"none","GSE282302","C1_D12","HALLMARK_KRAS_SIGNALING_DN",0,0.456,FALSE
"pcs","GSE282302","C1_D12","HALLMARK_KRAS_SIGNALING_DN",0.5,0.8915,TRUE
"libsize","GSE282302","C1_D13","HALLMARK_KRAS_SIGNALING_DN",0.5,0.9695,TRUE
"none","GSE282302","C1_D13","HALLMARK_KRAS_SIGNALING_DN",0.5,0.955,TRUE
"pcs","GSE282302","C1_D13","HALLMARK_KRAS_SIGNALING_DN",1,0.999,TRUE
"libsize","GSE282302","C1_D14","HALLMARK_KRAS_SIGNALING_DN",0.666666666666667,0.963,TRUE
"none","GSE282302","C1_D14","HALLMARK_KRAS_SIGNALING_DN",0,0.667833333333333,FALSE
"pcs","GSE282302","C1_D14","HALLMARK_KRAS_SIGNALING_DN",0,0.51,FALSE
"libsize","GSE282302","C1_D2","HALLMARK_KRAS_SIGNALING_DN",0,0.389,FALSE
"none","GSE282302","C1_D2","HALLMARK_KRAS_SIGNALING_DN",0,0.024,FALSE
"pcs","GSE282302","C1_D2","HALLMARK_KRAS_SIGNALING_DN",0,0.0565,FALSE
"libsize","GSE282302","C1_D3","HALLMARK_KRAS_SIGNALING_DN",0,0.547,FALSE
"none","GSE282302","C1_D3","HALLMARK_KRAS_SIGNALING_DN",0,0.602,FALSE
"pcs","GSE282302","C1_D3","HALLMARK_KRAS_SIGNALING_DN",0,0.4125,FALSE
"libsize","GSE282302","C1_D4","HALLMARK_KRAS_SIGNALING_DN",1,0.998,TRUE
"none","GSE282302","C1_D4","HALLMARK_KRAS_SIGNALING_DN",0,0.916,FALSE
"pcs","GSE282302","C1_D4","HALLMARK_KRAS_SIGNALING_DN",0,0.9335,FALSE
"libsize","GSE282302","C1_D5","HALLMARK_KRAS_SIGNALING_DN",1,0.9985,TRUE
"none","GSE282302","C1_D5","HALLMARK_KRAS_SIGNALING_DN",0,0.651,FALSE
"pcs","GSE282302","C1_D5","HALLMARK_KRAS_SIGNALING_DN",1,0.9835,TRUE
"libsize","GSE282302","C1_D6","HALLMARK_KRAS_SIGNALING_DN",0,0.00249999999999995,FALSE
"none","GSE282302","C1_D6","HALLMARK_KRAS_SIGNALING_DN",0,0.6445,FALSE
"pcs","GSE282302","C1_D6","HALLMARK_KRAS_SIGNALING_DN",0,0.288,FALSE
"libsize","GSE282302","C1_D7","HALLMARK_KRAS_SIGNALING_DN",1,0.9995,TRUE
"none","GSE282302","C1_D7","HALLMARK_KRAS_SIGNALING_DN",1,0.9995,TRUE
"pcs","GSE282302","C1_D7","HALLMARK_KRAS_SIGNALING_DN",1,0.9995,TRUE
"libsize","GSE282302","C1_D8","HALLMARK_KRAS_SIGNALING_DN",0,0.8095,FALSE
"none","GSE282302","C1_D8","HALLMARK_KRAS_SIGNALING_DN",0.5,0.5325,TRUE
"pcs","GSE282302","C1_D8","HALLMARK_KRAS_SIGNALING_DN",0,0.414,FALSE
"libsize","GSE282302","C1_D9","HALLMARK_KRAS_SIGNALING_DN",1,0.998,TRUE
"none","GSE282302","C1_D9","HALLMARK_KRAS_SIGNALING_DN",0,0.7305,FALSE
"pcs","GSE282302","C1_D9","HALLMARK_KRAS_SIGNALING_DN",0.5,0.9415,TRUE
"libsize","GSE282302","C2_D1","HALLMARK_KRAS_SIGNALING_DN",0,0.618,FALSE
"none","GSE282302","C2_D1","HALLMARK_KRAS_SIGNALING_DN",0,0.2575,FALSE
"pcs","GSE282302","C2_D1","HALLMARK_KRAS_SIGNALING_DN",1,0.9945,TRUE
"libsize","GSE282302","C2_D10","HALLMARK_KRAS_SIGNALING_DN",0,0.288625,FALSE
"none","GSE282302","C2_D10","HALLMARK_KRAS_SIGNALING_DN",0,0.447875,FALSE
"pcs","GSE282302","C2_D10","HALLMARK_KRAS_SIGNALING_DN",0.5,0.953375,TRUE
"libsize","GSE282302","C2_D11","HALLMARK_KRAS_SIGNALING_DN",0.5,0.5008125,TRUE
"none","GSE282302","C2_D11","HALLMARK_KRAS_SIGNALING_DN",0.25,0.499875,FALSE
"pcs","GSE282302","C2_D11","HALLMARK_KRAS_SIGNALING_DN",0.5,0.882625,TRUE
"libsize","GSE282302","C2_D12","HALLMARK_KRAS_SIGNALING_DN",0,0.6655,FALSE
"none","GSE282302","C2_D12","HALLMARK_KRAS_SIGNALING_DN",0,0.171,FALSE
"pcs","GSE282302","C2_D12","HALLMARK_KRAS_SIGNALING_DN",0,0.3165,FALSE
"libsize","GSE282302","C2_D13","HALLMARK_KRAS_SIGNALING_DN",1,0.996,TRUE
"none","GSE282302","C2_D13","HALLMARK_KRAS_SIGNALING_DN",0,0.4085,FALSE
"pcs","GSE282302","C2_D13","HALLMARK_KRAS_SIGNALING_DN",1,0.998,TRUE
"libsize","GSE282302","C2_D2","HALLMARK_KRAS_SIGNALING_DN",0,0,FALSE
"none","GSE282302","C2_D2","HALLMARK_KRAS_SIGNALING_DN",0,0,FALSE
"pcs","GSE282302","C2_D2","HALLMARK_KRAS_SIGNALING_DN",1,0.9755,TRUE
"libsize","GSE282302","C2_D3","HALLMARK_KRAS_SIGNALING_DN",1,0.9985,TRUE
"none","GSE282302","C2_D3","HALLMARK_KRAS_SIGNALING_DN",1,0.9995,TRUE
"pcs","GSE282302","C2_D3","HALLMARK_KRAS_SIGNALING_DN",0,0.928,FALSE
"libsize","GSE282302","C2_D4","HALLMARK_KRAS_SIGNALING_DN",0,0.8655,FALSE
"none","GSE282302","C2_D4","HALLMARK_KRAS_SIGNALING_DN",1,0.9995,TRUE
"pcs","GSE282302","C2_D4","HALLMARK_KRAS_SIGNALING_DN",1,0.9995,TRUE
"libsize","GSE282302","C2_D5","HALLMARK_KRAS_SIGNALING_DN",0,0.3885,FALSE
"none","GSE282302","C2_D5","HALLMARK_KRAS_SIGNALING_DN",0,0.271,FALSE
"pcs","GSE282302","C2_D5","HALLMARK_KRAS_SIGNALING_DN",0,0.3325,FALSE
"libsize","GSE282302","C2_D6","HALLMARK_KRAS_SIGNALING_DN",1,0.9995,TRUE
"none","GSE282302","C2_D6","HALLMARK_KRAS_SIGNALING_DN",1,0.9995,TRUE
"pcs","GSE282302","C2_D6","HALLMARK_KRAS_SIGNALING_DN",0.5,0.82825,TRUE
"libsize","GSE282302","C2_D7","HALLMARK_KRAS_SIGNALING_DN",0.5,0.856,TRUE
"none","GSE282302","C2_D7","HALLMARK_KRAS_SIGNALING_DN",0.5,0.98,TRUE
"pcs","GSE282302","C2_D7","HALLMARK_KRAS_SIGNALING_DN",0.5,0.906,TRUE
"libsize","GSE282302","C2_D8","HALLMARK_KRAS_SIGNALING_DN",0,0.55825,FALSE
"none","GSE282302","C2_D8","HALLMARK_KRAS_SIGNALING_DN",0,0.92325,FALSE
"pcs","GSE282302","C2_D8","HALLMARK_KRAS_SIGNALING_DN",0,0.36675,FALSE
"libsize","GSE282302","C2_D9","HALLMARK_KRAS_SIGNALING_DN",0.5,0.964416666666667,TRUE
"none","GSE282302","C2_D9","HALLMARK_KRAS_SIGNALING_DN",0.333333333333333,0.775,FALSE
"pcs","GSE282302","C2_D9","HALLMARK_KRAS_SIGNALING_DN",0,0.607666666666667,FALSE
"libsize","GSE282302","C3_D1","HALLMARK_KRAS_SIGNALING_DN",0.25,0.4745,FALSE
"none","GSE282302","C3_D1","HALLMARK_KRAS_SIGNALING_DN",0.5,0.49975,TRUE
"pcs","GSE282302","C3_D1","HALLMARK_KRAS_SIGNALING_DN",0.5,0.821375,TRUE
"libsize","GSE282302","C3_D10","HALLMARK_KRAS_SIGNALING_DN",0.5,0.567,TRUE
"none","GSE282302","C3_D10","HALLMARK_KRAS_SIGNALING_DN",0.5,0.731375,TRUE
"pcs","GSE282302","C3_D10","HALLMARK_KRAS_SIGNALING_DN",0.5,0.914625,TRUE
"libsize","GSE282302","C3_D11","HALLMARK_KRAS_SIGNALING_DN",1,0.991125,TRUE
"none","GSE282302","C3_D11","HALLMARK_KRAS_SIGNALING_DN",0.5,0.936,TRUE
"pcs","GSE282302","C3_D11","HALLMARK_KRAS_SIGNALING_DN",1,0.998125,TRUE
"libsize","GSE282302","C3_D12","HALLMARK_KRAS_SIGNALING_DN",0,0.329,FALSE
"none","GSE282302","C3_D12","HALLMARK_KRAS_SIGNALING_DN",0.125,0.6663125,FALSE
"pcs","GSE282302","C3_D12","HALLMARK_KRAS_SIGNALING_DN",0.5,0.9119375,TRUE
"libsize","GSE282302","C3_D2","HALLMARK_KRAS_SIGNALING_DN",0.25,0.48575,FALSE
"none","GSE282302","C3_D2","HALLMARK_KRAS_SIGNALING_DN",0.25,0.547875,FALSE
"pcs","GSE282302","C3_D2","HALLMARK_KRAS_SIGNALING_DN",1,0.995125,TRUE
"libsize","GSE282302","C3_D3","HALLMARK_KRAS_SIGNALING_DN",0.25,0.57,FALSE
"none","GSE282302","C3_D3","HALLMARK_KRAS_SIGNALING_DN",0.25,0.628625,FALSE
"pcs","GSE282302","C3_D3","HALLMARK_KRAS_SIGNALING_DN",0.5,0.898375,TRUE
"libsize","GSE282302","C3_D4","HALLMARK_KRAS_SIGNALING_DN",1,0.99125,TRUE
"none","GSE282302","C3_D4","HALLMARK_KRAS_SIGNALING_DN",0.75,0.988375,TRUE
"pcs","GSE282302","C3_D4","HALLMARK_KRAS_SIGNALING_DN",0.75,0.953625,TRUE
"libsize","GSE282302","C3_D5","HALLMARK_KRAS_SIGNALING_DN",0.25,0.473625,FALSE
"none","GSE282302","C3_D5","HALLMARK_KRAS_SIGNALING_DN",0.25,0.699,FALSE
"pcs","GSE282302","C3_D5","HALLMARK_KRAS_SIGNALING_DN",0.5,0.860375,TRUE
"libsize","GSE282302","C3_D6","HALLMARK_KRAS_SIGNALING_DN",0.25,0.672125,FALSE
"none","GSE282302","C3_D6","HALLMARK_KRAS_SIGNALING_DN",0.25,0.60725,FALSE
"pcs","GSE282302","C3_D6","HALLMARK_KRAS_SIGNALING_DN",0,0.56625,FALSE
"libsize","GSE282302","C3_D7","HALLMARK_KRAS_SIGNALING_DN",0.75,0.752875,TRUE
"none","GSE282302","C3_D7","HALLMARK_KRAS_SIGNALING_DN",0.75,0.96675,TRUE
"pcs","GSE282302","C3_D7","HALLMARK_KRAS_SIGNALING_DN",0.25,0.719375,FALSE
"libsize","GSE282302","C3_D8","HALLMARK_KRAS_SIGNALING_DN",0.5,0.4935,TRUE
"none","GSE282302","C3_D8","HALLMARK_KRAS_SIGNALING_DN",0.25,0.33,FALSE
"pcs","GSE282302","C3_D8","HALLMARK_KRAS_SIGNALING_DN",0.75,0.904625,TRUE
"libsize","GSE282302","C3_D9","HALLMARK_KRAS_SIGNALING_DN",0,0.417875,FALSE
"none","GSE282302","C3_D9","HALLMARK_KRAS_SIGNALING_DN",0,0.49125,FALSE
"pcs","GSE282302","C3_D9","HALLMARK_KRAS_SIGNALING_DN",0.5,0.974875,TRUE
"libsize","GSE274557","Pt1","HALLMARK_KRAS_SIGNALING_DN",0.5,0.745,TRUE
"none","GSE274557","Pt1","HALLMARK_KRAS_SIGNALING_DN",0,0.472,FALSE
"pcs","GSE274557","Pt1","HALLMARK_KRAS_SIGNALING_DN",1,0.9945,TRUE
"libsize","GSE274557","Pt10","HALLMARK_KRAS_SIGNALING_DN",0.5,0.973,TRUE
"none","GSE274557","Pt10","HALLMARK_KRAS_SIGNALING_DN",0,0.847,FALSE
"pcs","GSE274557","Pt10","HALLMARK_KRAS_SIGNALING_DN",0,0.77625,FALSE
"libsize","GSE274557","Pt11","HALLMARK_KRAS_SIGNALING_DN",0.5,0.76575,TRUE
"none","GSE274557","Pt11","HALLMARK_KRAS_SIGNALING_DN",0.5,0.897625,TRUE
"pcs","GSE274557","Pt11","HALLMARK_KRAS_SIGNALING_DN",0.25,0.7195,FALSE
"libsize","GSE274557","Pt12","HALLMARK_KRAS_SIGNALING_DN",0.75,0.91975,TRUE
"none","GSE274557","Pt12","HALLMARK_KRAS_SIGNALING_DN",0,0.50775,FALSE
"pcs","GSE274557","Pt12","HALLMARK_KRAS_SIGNALING_DN",0.25,0.733875,FALSE
"libsize","GSE274557","Pt13","HALLMARK_KRAS_SIGNALING_DN",0.285714285714286,0.912571428571429,FALSE
"none","GSE274557","Pt13","HALLMARK_KRAS_SIGNALING_DN",0.142857142857143,0.652785714285714,FALSE
"pcs","GSE274557","Pt13","HALLMARK_KRAS_SIGNALING_DN",0.428571428571429,0.764642857142857,FALSE
"libsize","GSE274557","Pt2","HALLMARK_KRAS_SIGNALING_DN",0.333333333333333,0.925833333333333,FALSE
"none","GSE274557","Pt2","HALLMARK_KRAS_SIGNALING_DN",0,0.7385,FALSE
"pcs","GSE274557","Pt2","HALLMARK_KRAS_SIGNALING_DN",0.333333333333333,0.911833333333333,FALSE
"libsize","GSE274557","Pt3","HALLMARK_KRAS_SIGNALING_DN",0.75,0.98775,TRUE
"none","GSE274557","Pt3","HALLMARK_KRAS_SIGNALING_DN",0,0.4415,FALSE
"pcs","GSE274557","Pt3","HALLMARK_KRAS_SIGNALING_DN",0.25,0.84,FALSE
"libsize","GSE274557","Pt4","HALLMARK_KRAS_SIGNALING_DN",0.5,0.871875,TRUE
"none","GSE274557","Pt4","HALLMARK_KRAS_SIGNALING_DN",0.25,0.656625,FALSE
"pcs","GSE274557","Pt4","HALLMARK_KRAS_SIGNALING_DN",0,0.5425,FALSE
"libsize","GSE274557","Pt5","HALLMARK_KRAS_SIGNALING_DN",0.666666666666667,0.9245,TRUE
"none","GSE274557","Pt5","HALLMARK_KRAS_SIGNALING_DN",0.666666666666667,0.853666666666667,TRUE
"pcs","GSE274557","Pt5","HALLMARK_KRAS_SIGNALING_DN",0.333333333333333,0.675833333333333,FALSE
"libsize","GSE274557","Pt6","HALLMARK_KRAS_SIGNALING_DN",0.166666666666667,0.781333333333333,FALSE
"none","GSE274557","Pt6","HALLMARK_KRAS_SIGNALING_DN",0.166666666666667,0.742916666666667,FALSE
"pcs","GSE274557","Pt6","HALLMARK_KRAS_SIGNALING_DN",0,0.657333333333333,FALSE
"libsize","GSE274557","Pt7","HALLMARK_KRAS_SIGNALING_DN",1,0.998875,TRUE
"none","GSE274557","Pt7","HALLMARK_KRAS_SIGNALING_DN",0.5,0.925875,TRUE
"pcs","GSE274557","Pt7","HALLMARK_KRAS_SIGNALING_DN",0.25,0.692875,FALSE
"libsize","GSE274557","Pt8","HALLMARK_KRAS_SIGNALING_DN",0.6,0.7716,TRUE
"none","GSE274557","Pt8","HALLMARK_KRAS_SIGNALING_DN",0,0.2356,FALSE
"pcs","GSE274557","Pt8","HALLMARK_KRAS_SIGNALING_DN",0.2,0.8273,FALSE
"libsize","GSE274557","Pt9","HALLMARK_KRAS_SIGNALING_DN",0.25,0.778375,FALSE
"none","GSE274557","Pt9","HALLMARK_KRAS_SIGNALING_DN",0.25,0.64525,FALSE
"pcs","GSE274557","Pt9","HALLMARK_KRAS_SIGNALING_DN",0,0.452625,FALSE
"libsize","GSE282302","C1_D1","HALLMARK_KRAS_SIGNALING_UP",1,0.999,TRUE
"none","GSE282302","C1_D1","HALLMARK_KRAS_SIGNALING_UP",0,0.812,FALSE
"pcs","GSE282302","C1_D1","HALLMARK_KRAS_SIGNALING_UP",1,0.996,TRUE
"libsize","GSE282302","C1_D10","HALLMARK_KRAS_SIGNALING_UP",1,0.99825,TRUE
"none","GSE282302","C1_D10","HALLMARK_KRAS_SIGNALING_UP",1,0.9945,TRUE
"pcs","GSE282302","C1_D10","HALLMARK_KRAS_SIGNALING_UP",1,0.998,TRUE
"libsize","GSE282302","C1_D11","HALLMARK_KRAS_SIGNALING_UP",1,0.9945,TRUE
"none","GSE282302","C1_D11","HALLMARK_KRAS_SIGNALING_UP",0,0.40475,FALSE
"pcs","GSE282302","C1_D11","HALLMARK_KRAS_SIGNALING_UP",0.5,0.98625,TRUE
"libsize","GSE282302","C1_D12","HALLMARK_KRAS_SIGNALING_UP",1,0.99725,TRUE
"none","GSE282302","C1_D12","HALLMARK_KRAS_SIGNALING_UP",0.5,0.514,TRUE
"pcs","GSE282302","C1_D12","HALLMARK_KRAS_SIGNALING_UP",1,0.9985,TRUE
"libsize","GSE282302","C1_D13","HALLMARK_KRAS_SIGNALING_UP",1,0.99875,TRUE
"none","GSE282302","C1_D13","HALLMARK_KRAS_SIGNALING_UP",0.5,0.9625,TRUE
"pcs","GSE282302","C1_D13","HALLMARK_KRAS_SIGNALING_UP",1,0.9955,TRUE
"libsize","GSE282302","C1_D14","HALLMARK_KRAS_SIGNALING_UP",1,0.999,TRUE
"none","GSE282302","C1_D14","HALLMARK_KRAS_SIGNALING_UP",0.333333333333333,0.832333333333333,FALSE
"pcs","GSE282302","C1_D14","HALLMARK_KRAS_SIGNALING_UP",0.666666666666667,0.974833333333333,TRUE
"libsize","GSE282302","C1_D2","HALLMARK_KRAS_SIGNALING_UP",1,0.9995,TRUE
"none","GSE282302","C1_D2","HALLMARK_KRAS_SIGNALING_UP",0,0.8165,FALSE
"pcs","GSE282302","C1_D2","HALLMARK_KRAS_SIGNALING_UP",0,0.891,FALSE
"libsize","GSE282302","C1_D3","HALLMARK_KRAS_SIGNALING_UP",1,0.9995,TRUE
"none","GSE282302","C1_D3","HALLMARK_KRAS_SIGNALING_UP",0,0.6115,FALSE
"pcs","GSE282302","C1_D3","HALLMARK_KRAS_SIGNALING_UP",0,0.3765,FALSE
"libsize","GSE282302","C1_D4","HALLMARK_KRAS_SIGNALING_UP",1,0.9995,TRUE
"none","GSE282302","C1_D4","HALLMARK_KRAS_SIGNALING_UP",0,0.000499999999999945,FALSE
"pcs","GSE282302","C1_D4","HALLMARK_KRAS_SIGNALING_UP",0,0.941,FALSE
"libsize","GSE282302","C1_D5","HALLMARK_KRAS_SIGNALING_UP",1,0.9995,TRUE
"none","GSE282302","C1_D5","HALLMARK_KRAS_SIGNALING_UP",0,0.3985,FALSE
"pcs","GSE282302","C1_D5","HALLMARK_KRAS_SIGNALING_UP",1,0.9995,TRUE
"libsize","GSE282302","C1_D6","HALLMARK_KRAS_SIGNALING_UP",1,0.9995,TRUE
"none","GSE282302","C1_D6","HALLMARK_KRAS_SIGNALING_UP",1,0.9995,TRUE
"pcs","GSE282302","C1_D6","HALLMARK_KRAS_SIGNALING_UP",0,0.4545,FALSE
"libsize","GSE282302","C1_D7","HALLMARK_KRAS_SIGNALING_UP",1,0.9905,TRUE
"none","GSE282302","C1_D7","HALLMARK_KRAS_SIGNALING_UP",0,0.8035,FALSE
"pcs","GSE282302","C1_D7","HALLMARK_KRAS_SIGNALING_UP",1,0.9995,TRUE
"libsize","GSE282302","C1_D8","HALLMARK_KRAS_SIGNALING_UP",1,0.9995,TRUE
"none","GSE282302","C1_D8","HALLMARK_KRAS_SIGNALING_UP",1,0.999,TRUE
"pcs","GSE282302","C1_D8","HALLMARK_KRAS_SIGNALING_UP",0.5,0.52775,TRUE
"libsize","GSE282302","C1_D9","HALLMARK_KRAS_SIGNALING_UP",1,0.9975,TRUE
"none","GSE282302","C1_D9","HALLMARK_KRAS_SIGNALING_UP",1,0.979,TRUE
"pcs","GSE282302","C1_D9","HALLMARK_KRAS_SIGNALING_UP",0.5,0.947,TRUE
"libsize","GSE282302","C2_D1","HALLMARK_KRAS_SIGNALING_UP",0,0.853,FALSE
"none","GSE282302","C2_D1","HALLMARK_KRAS_SIGNALING_UP",1,0.988,TRUE
"pcs","GSE282302","C2_D1","HALLMARK_KRAS_SIGNALING_UP",1,0.9985,TRUE
"libsize","GSE282302","C2_D10","HALLMARK_KRAS_SIGNALING_UP",1,0.976125,TRUE
"none","GSE282302","C2_D10","HALLMARK_KRAS_SIGNALING_UP",0,0.397375,FALSE
"pcs","GSE282302","C2_D10","HALLMARK_KRAS_SIGNALING_UP",1,0.9995,TRUE
"libsize","GSE282302","C2_D11","HALLMARK_KRAS_SIGNALING_UP",0.75,0.9638125,TRUE
"none","GSE282302","C2_D11","HALLMARK_KRAS_SIGNALING_UP",0.25,0.566875,FALSE
"pcs","GSE282302","C2_D11","HALLMARK_KRAS_SIGNALING_UP",0.75,0.916125,TRUE
"libsize","GSE282302","C2_D12","HALLMARK_KRAS_SIGNALING_UP",0,0.64,FALSE
"none","GSE282302","C2_D12","HALLMARK_KRAS_SIGNALING_UP",0,0,FALSE
"pcs","GSE282302","C2_D12","HALLMARK_KRAS_SIGNALING_UP",0,0.78,FALSE
"libsize","GSE282302","C2_D13","HALLMARK_KRAS_SIGNALING_UP",1,0.9995,TRUE
"none","GSE282302","C2_D13","HALLMARK_KRAS_SIGNALING_UP",0,0.232,FALSE
"pcs","GSE282302","C2_D13","HALLMARK_KRAS_SIGNALING_UP",0,0.8735,FALSE
"libsize","GSE282302","C2_D2","HALLMARK_KRAS_SIGNALING_UP",0,0.98,FALSE
"none","GSE282302","C2_D2","HALLMARK_KRAS_SIGNALING_UP",1,0.9985,TRUE
"pcs","GSE282302","C2_D2","HALLMARK_KRAS_SIGNALING_UP",1,0.991,TRUE
"libsize","GSE282302","C2_D3","HALLMARK_KRAS_SIGNALING_UP",1,0.991,TRUE
"none","GSE282302","C2_D3","HALLMARK_KRAS_SIGNALING_UP",0,0.907,FALSE
"pcs","GSE282302","C2_D3","HALLMARK_KRAS_SIGNALING_UP",1,0.999,TRUE
"libsize","GSE282302","C2_D4","HALLMARK_KRAS_SIGNALING_UP",1,0.9995,TRUE
"none","GSE282302","C2_D4","HALLMARK_KRAS_SIGNALING_UP",1,0.9995,TRUE
"pcs","GSE282302","C2_D4","HALLMARK_KRAS_SIGNALING_UP",0,0.8535,FALSE
"libsize","GSE282302","C2_D5","HALLMARK_KRAS_SIGNALING_UP",1,0.99225,TRUE
"none","GSE282302","C2_D5","HALLMARK_KRAS_SIGNALING_UP",0.5,0.576,TRUE
"pcs","GSE282302","C2_D5","HALLMARK_KRAS_SIGNALING_UP",0.5,0.95975,TRUE
"libsize","GSE282302","C2_D6","HALLMARK_KRAS_SIGNALING_UP",0,0.94875,FALSE
"none","GSE282302","C2_D6","HALLMARK_KRAS_SIGNALING_UP",0.5,0.8445,TRUE
"pcs","GSE282302","C2_D6","HALLMARK_KRAS_SIGNALING_UP",1,0.9995,TRUE
"libsize","GSE282302","C2_D7","HALLMARK_KRAS_SIGNALING_UP",1,0.996,TRUE
"none","GSE282302","C2_D7","HALLMARK_KRAS_SIGNALING_UP",0,0.15325,FALSE
"pcs","GSE282302","C2_D7","HALLMARK_KRAS_SIGNALING_UP",0.5,0.9705,TRUE
"libsize","GSE282302","C2_D8","HALLMARK_KRAS_SIGNALING_UP",1,0.9925,TRUE
"none","GSE282302","C2_D8","HALLMARK_KRAS_SIGNALING_UP",0,0.212375,FALSE
"pcs","GSE282302","C2_D8","HALLMARK_KRAS_SIGNALING_UP",0.25,0.869375,FALSE
"libsize","GSE282302","C2_D9","HALLMARK_KRAS_SIGNALING_UP",1,0.994916666666667,TRUE
"none","GSE282302","C2_D9","HALLMARK_KRAS_SIGNALING_UP",0.666666666666667,0.970666666666667,TRUE
"pcs","GSE282302","C2_D9","HALLMARK_KRAS_SIGNALING_UP",0,0.646583333333333,FALSE
"libsize","GSE282302","C3_D1","HALLMARK_KRAS_SIGNALING_UP",1,0.99875,TRUE
"none","GSE282302","C3_D1","HALLMARK_KRAS_SIGNALING_UP",0.5,0.9015,TRUE
"pcs","GSE282302","C3_D1","HALLMARK_KRAS_SIGNALING_UP",1,0.9935,TRUE
"libsize","GSE282302","C3_D10","HALLMARK_KRAS_SIGNALING_UP",0.75,0.945375,TRUE
"none","GSE282302","C3_D10","HALLMARK_KRAS_SIGNALING_UP",0.5,0.86175,TRUE
"pcs","GSE282302","C3_D10","HALLMARK_KRAS_SIGNALING_UP",1,0.9995,TRUE
"libsize","GSE282302","C3_D11","HALLMARK_KRAS_SIGNALING_UP",0.75,0.97775,TRUE
"none","GSE282302","C3_D11","HALLMARK_KRAS_SIGNALING_UP",0.25,0.649625,FALSE
"pcs","GSE282302","C3_D11","HALLMARK_KRAS_SIGNALING_UP",0.75,0.990625,TRUE
"libsize","GSE282302","C3_D12","HALLMARK_KRAS_SIGNALING_UP",0.5,0.8415625,TRUE
"none","GSE282302","C3_D12","HALLMARK_KRAS_SIGNALING_UP",0.5,0.8241875,TRUE
"pcs","GSE282302","C3_D12","HALLMARK_KRAS_SIGNALING_UP",1,0.9976875,TRUE
"libsize","GSE282302","C3_D2","HALLMARK_KRAS_SIGNALING_UP",1,0.997625,TRUE
"none","GSE282302","C3_D2","HALLMARK_KRAS_SIGNALING_UP",0.75,0.74875,TRUE
"pcs","GSE282302","C3_D2","HALLMARK_KRAS_SIGNALING_UP",0.75,0.9405,TRUE
"libsize","GSE282302","C3_D3","HALLMARK_KRAS_SIGNALING_UP",0.5,0.9825,TRUE
"none","GSE282302","C3_D3","HALLMARK_KRAS_SIGNALING_UP",0.5,0.705,TRUE
"pcs","GSE282302","C3_D3","HALLMARK_KRAS_SIGNALING_UP",0.5,0.8955,TRUE
"libsize","GSE282302","C3_D4","HALLMARK_KRAS_SIGNALING_UP",1,0.998625,TRUE
"none","GSE282302","C3_D4","HALLMARK_KRAS_SIGNALING_UP",0.75,0.7595,TRUE
"pcs","GSE282302","C3_D4","HALLMARK_KRAS_SIGNALING_UP",1,0.999,TRUE
"libsize","GSE282302","C3_D5","HALLMARK_KRAS_SIGNALING_UP",0.75,0.988875,TRUE
"none","GSE282302","C3_D5","HALLMARK_KRAS_SIGNALING_UP",0.5,0.813625,TRUE
"pcs","GSE282302","C3_D5","HALLMARK_KRAS_SIGNALING_UP",1,0.9995,TRUE
"libsize","GSE282302","C3_D6","HALLMARK_KRAS_SIGNALING_UP",1,0.996,TRUE
"none","GSE282302","C3_D6","HALLMARK_KRAS_SIGNALING_UP",0.5,0.730625,TRUE
"pcs","GSE282302","C3_D6","HALLMARK_KRAS_SIGNALING_UP",0.75,0.9965,TRUE
"libsize","GSE282302","C3_D7","HALLMARK_KRAS_SIGNALING_UP",1,0.997625,TRUE
"none","GSE282302","C3_D7","HALLMARK_KRAS_SIGNALING_UP",0.25,0.80825,FALSE
"pcs","GSE282302","C3_D7","HALLMARK_KRAS_SIGNALING_UP",0.75,0.976875,TRUE
"libsize","GSE282302","C3_D8","HALLMARK_KRAS_SIGNALING_UP",0.5,0.827,TRUE
"none","GSE282302","C3_D8","HALLMARK_KRAS_SIGNALING_UP",0.5,0.507125,TRUE
"pcs","GSE282302","C3_D8","HALLMARK_KRAS_SIGNALING_UP",0.75,0.987125,TRUE
"libsize","GSE282302","C3_D9","HALLMARK_KRAS_SIGNALING_UP",0.5,0.96425,TRUE
"none","GSE282302","C3_D9","HALLMARK_KRAS_SIGNALING_UP",0.25,0.609625,FALSE
"pcs","GSE282302","C3_D9","HALLMARK_KRAS_SIGNALING_UP",1,0.999,TRUE
"libsize","GSE274557","Pt1","HALLMARK_KRAS_SIGNALING_UP",1,0.99925,TRUE
"none","GSE274557","Pt1","HALLMARK_KRAS_SIGNALING_UP",0,0.486,FALSE
"pcs","GSE274557","Pt1","HALLMARK_KRAS_SIGNALING_UP",0,0.96725,FALSE
"libsize","GSE274557","Pt10","HALLMARK_KRAS_SIGNALING_UP",0.75,0.988875,TRUE
"none","GSE274557","Pt10","HALLMARK_KRAS_SIGNALING_UP",0.25,0.354625,FALSE
"pcs","GSE274557","Pt10","HALLMARK_KRAS_SIGNALING_UP",0.5,0.950875,TRUE
"libsize","GSE274557","Pt11","HALLMARK_KRAS_SIGNALING_UP",0.25,0.59925,FALSE
"none","GSE274557","Pt11","HALLMARK_KRAS_SIGNALING_UP",0,0.330625,FALSE
"pcs","GSE274557","Pt11","HALLMARK_KRAS_SIGNALING_UP",0,0.9035,FALSE
"libsize","GSE274557","Pt12","HALLMARK_KRAS_SIGNALING_UP",1,0.9995,TRUE
"none","GSE274557","Pt12","HALLMARK_KRAS_SIGNALING_UP",0,0.42825,FALSE
"pcs","GSE274557","Pt12","HALLMARK_KRAS_SIGNALING_UP",0.75,0.9025,TRUE
"libsize","GSE274557","Pt13","HALLMARK_KRAS_SIGNALING_UP",0.428571428571429,0.7835,FALSE
"none","GSE274557","Pt13","HALLMARK_KRAS_SIGNALING_UP",0,0.474428571428571,FALSE
"pcs","GSE274557","Pt13","HALLMARK_KRAS_SIGNALING_UP",0.142857142857143,0.719785714285714,FALSE
"libsize","GSE274557","Pt2","HALLMARK_KRAS_SIGNALING_UP",0.666666666666667,0.9235,TRUE
"none","GSE274557","Pt2","HALLMARK_KRAS_SIGNALING_UP",0.333333333333333,0.802333333333333,FALSE
"pcs","GSE274557","Pt2","HALLMARK_KRAS_SIGNALING_UP",0.666666666666667,0.922,TRUE
"libsize","GSE274557","Pt3","HALLMARK_KRAS_SIGNALING_UP",0.5,0.810125,TRUE
"none","GSE274557","Pt3","HALLMARK_KRAS_SIGNALING_UP",0,0.419125,FALSE
"pcs","GSE274557","Pt3","HALLMARK_KRAS_SIGNALING_UP",0.5,0.852875,TRUE
"libsize","GSE274557","Pt4","HALLMARK_KRAS_SIGNALING_UP",0.25,0.9395,FALSE
"none","GSE274557","Pt4","HALLMARK_KRAS_SIGNALING_UP",0,0.3555,FALSE
"pcs","GSE274557","Pt4","HALLMARK_KRAS_SIGNALING_UP",0,0.903125,FALSE
"libsize","GSE274557","Pt5","HALLMARK_KRAS_SIGNALING_UP",0.666666666666667,0.838333333333333,TRUE
"none","GSE274557","Pt5","HALLMARK_KRAS_SIGNALING_UP",0.666666666666667,0.754666666666667,TRUE
"pcs","GSE274557","Pt5","HALLMARK_KRAS_SIGNALING_UP",0.666666666666667,0.987333333333333,TRUE
"libsize","GSE274557","Pt6","HALLMARK_KRAS_SIGNALING_UP",0.666666666666667,0.904666666666667,TRUE
"none","GSE274557","Pt6","HALLMARK_KRAS_SIGNALING_UP",0.333333333333333,0.611333333333333,FALSE
"pcs","GSE274557","Pt6","HALLMARK_KRAS_SIGNALING_UP",0,0.684,FALSE
"libsize","GSE274557","Pt7","HALLMARK_KRAS_SIGNALING_UP",0.25,0.72275,FALSE
"none","GSE274557","Pt7","HALLMARK_KRAS_SIGNALING_UP",0,0.0125,FALSE
"pcs","GSE274557","Pt7","HALLMARK_KRAS_SIGNALING_UP",0.5,0.9655,TRUE
"libsize","GSE274557","Pt8","HALLMARK_KRAS_SIGNALING_UP",0.8,0.8816,TRUE
"none","GSE274557","Pt8","HALLMARK_KRAS_SIGNALING_UP",0.2,0.469,FALSE
"pcs","GSE274557","Pt8","HALLMARK_KRAS_SIGNALING_UP",0.6,0.9819,TRUE
"libsize","GSE274557","Pt9","HALLMARK_KRAS_SIGNALING_UP",0.25,0.94125,FALSE
"none","GSE274557","Pt9","HALLMARK_KRAS_SIGNALING_UP",0,0.40925,FALSE
"pcs","GSE274557","Pt9","HALLMARK_KRAS_SIGNALING_UP",0.75,0.967,TRUE
"libsize","GSE282302","C1_D1","HALLMARK_MITOTIC_SPINDLE",1,0.991,TRUE
"none","GSE282302","C1_D1","HALLMARK_MITOTIC_SPINDLE",0,0.628,FALSE
"pcs","GSE282302","C1_D1","HALLMARK_MITOTIC_SPINDLE",0,0.9775,FALSE
"libsize","GSE282302","C1_D10","HALLMARK_MITOTIC_SPINDLE",1,0.97875,TRUE
"none","GSE282302","C1_D10","HALLMARK_MITOTIC_SPINDLE",0.5,0.767,TRUE
"pcs","GSE282302","C1_D10","HALLMARK_MITOTIC_SPINDLE",0.5,0.80675,TRUE
"libsize","GSE282302","C1_D11","HALLMARK_MITOTIC_SPINDLE",1,0.99675,TRUE
"none","GSE282302","C1_D11","HALLMARK_MITOTIC_SPINDLE",0,0.3245,FALSE
"pcs","GSE282302","C1_D11","HALLMARK_MITOTIC_SPINDLE",0,0.75225,FALSE
"libsize","GSE282302","C1_D12","HALLMARK_MITOTIC_SPINDLE",1,0.99775,TRUE
"none","GSE282302","C1_D12","HALLMARK_MITOTIC_SPINDLE",1,0.99525,TRUE
"pcs","GSE282302","C1_D12","HALLMARK_MITOTIC_SPINDLE",1,0.9955,TRUE
"libsize","GSE282302","C1_D13","HALLMARK_MITOTIC_SPINDLE",0.5,0.73475,TRUE
"none","GSE282302","C1_D13","HALLMARK_MITOTIC_SPINDLE",0.5,0.74775,TRUE
"pcs","GSE282302","C1_D13","HALLMARK_MITOTIC_SPINDLE",0.5,0.93325,TRUE
"libsize","GSE282302","C1_D14","HALLMARK_MITOTIC_SPINDLE",0.666666666666667,0.8745,TRUE
"none","GSE282302","C1_D14","HALLMARK_MITOTIC_SPINDLE",0.333333333333333,0.941,FALSE
"pcs","GSE282302","C1_D14","HALLMARK_MITOTIC_SPINDLE",0,0.718666666666667,FALSE
"libsize","GSE282302","C1_D2","HALLMARK_MITOTIC_SPINDLE",1,0.9995,TRUE
"none","GSE282302","C1_D2","HALLMARK_MITOTIC_SPINDLE",1,0.993,TRUE
"pcs","GSE282302","C1_D2","HALLMARK_MITOTIC_SPINDLE",1,0.988,TRUE
"libsize","GSE282302","C1_D3","HALLMARK_MITOTIC_SPINDLE",0,0.7895,FALSE
"none","GSE282302","C1_D3","HALLMARK_MITOTIC_SPINDLE",0,0.984,FALSE
"pcs","GSE282302","C1_D3","HALLMARK_MITOTIC_SPINDLE",0,0.8985,FALSE
"libsize","GSE282302","C1_D4","HALLMARK_MITOTIC_SPINDLE",0,0.763,FALSE
"none","GSE282302","C1_D4","HALLMARK_MITOTIC_SPINDLE",0,0.167,FALSE
"pcs","GSE282302","C1_D4","HALLMARK_MITOTIC_SPINDLE",1,0.987,TRUE
"libsize","GSE282302","C1_D5","HALLMARK_MITOTIC_SPINDLE",1,0.985,TRUE
"none","GSE282302","C1_D5","HALLMARK_MITOTIC_SPINDLE",0,0.808,FALSE
"pcs","GSE282302","C1_D5","HALLMARK_MITOTIC_SPINDLE",0,0.7875,FALSE
"libsize","GSE282302","C1_D6","HALLMARK_MITOTIC_SPINDLE",1,0.999,TRUE
"none","GSE282302","C1_D6","HALLMARK_MITOTIC_SPINDLE",1,0.983,TRUE
"pcs","GSE282302","C1_D6","HALLMARK_MITOTIC_SPINDLE",0,0.471,FALSE
"libsize","GSE282302","C1_D7","HALLMARK_MITOTIC_SPINDLE",1,0.9845,TRUE
"none","GSE282302","C1_D7","HALLMARK_MITOTIC_SPINDLE",0,0.3825,FALSE
"pcs","GSE282302","C1_D7","HALLMARK_MITOTIC_SPINDLE",1,0.993,TRUE
"libsize","GSE282302","C1_D8","HALLMARK_MITOTIC_SPINDLE",1,0.984,TRUE
"none","GSE282302","C1_D8","HALLMARK_MITOTIC_SPINDLE",0,0.9545,FALSE
"pcs","GSE282302","C1_D8","HALLMARK_MITOTIC_SPINDLE",0.5,0.891,TRUE
"libsize","GSE282302","C1_D9","HALLMARK_MITOTIC_SPINDLE",0.5,0.93925,TRUE
"none","GSE282302","C1_D9","HALLMARK_MITOTIC_SPINDLE",0.5,0.83575,TRUE
"pcs","GSE282302","C1_D9","HALLMARK_MITOTIC_SPINDLE",0,0.76975,FALSE
"libsize","GSE282302","C2_D1","HALLMARK_MITOTIC_SPINDLE",0,0.966,FALSE
"none","GSE282302","C2_D1","HALLMARK_MITOTIC_SPINDLE",0,0.6405,FALSE
"pcs","GSE282302","C2_D1","HALLMARK_MITOTIC_SPINDLE",0,0.868,FALSE
"libsize","GSE282302","C2_D10","HALLMARK_MITOTIC_SPINDLE",0,0.7635,FALSE
"none","GSE282302","C2_D10","HALLMARK_MITOTIC_SPINDLE",0,0.4485,FALSE
"pcs","GSE282302","C2_D10","HALLMARK_MITOTIC_SPINDLE",1,0.999125,TRUE
"libsize","GSE282302","C2_D11","HALLMARK_MITOTIC_SPINDLE",0.75,0.981,TRUE
"none","GSE282302","C2_D11","HALLMARK_MITOTIC_SPINDLE",0.375,0.594375,FALSE
"pcs","GSE282302","C2_D11","HALLMARK_MITOTIC_SPINDLE",0.5,0.835,TRUE
"libsize","GSE282302","C2_D12","HALLMARK_MITOTIC_SPINDLE",1,0.9855,TRUE
"none","GSE282302","C2_D12","HALLMARK_MITOTIC_SPINDLE",0,0.9655,FALSE
"pcs","GSE282302","C2_D12","HALLMARK_MITOTIC_SPINDLE",0,0.6915,FALSE
"libsize","GSE282302","C2_D13","HALLMARK_MITOTIC_SPINDLE",1,0.9995,TRUE
"none","GSE282302","C2_D13","HALLMARK_MITOTIC_SPINDLE",0,0.98,FALSE
"pcs","GSE282302","C2_D13","HALLMARK_MITOTIC_SPINDLE",1,0.989,TRUE
"libsize","GSE282302","C2_D2","HALLMARK_MITOTIC_SPINDLE",0,0.9925,FALSE
"none","GSE282302","C2_D2","HALLMARK_MITOTIC_SPINDLE",1,0.9965,TRUE
"pcs","GSE282302","C2_D2","HALLMARK_MITOTIC_SPINDLE",1,0.9955,TRUE
"libsize","GSE282302","C2_D3","HALLMARK_MITOTIC_SPINDLE",1,0.9995,TRUE
"none","GSE282302","C2_D3","HALLMARK_MITOTIC_SPINDLE",0,0.946,FALSE
"pcs","GSE282302","C2_D3","HALLMARK_MITOTIC_SPINDLE",0,0.9705,FALSE
"libsize","GSE282302","C2_D4","HALLMARK_MITOTIC_SPINDLE",0,0.972,FALSE
"none","GSE282302","C2_D4","HALLMARK_MITOTIC_SPINDLE",0,0.3625,FALSE
"pcs","GSE282302","C2_D4","HALLMARK_MITOTIC_SPINDLE",0,0.988,FALSE
"libsize","GSE282302","C2_D5","HALLMARK_MITOTIC_SPINDLE",0.5,0.66175,TRUE
"none","GSE282302","C2_D5","HALLMARK_MITOTIC_SPINDLE",0.5,0.51425,TRUE
"pcs","GSE282302","C2_D5","HALLMARK_MITOTIC_SPINDLE",0.5,0.858,TRUE
"libsize","GSE282302","C2_D6","HALLMARK_MITOTIC_SPINDLE",0.5,0.96575,TRUE
"none","GSE282302","C2_D6","HALLMARK_MITOTIC_SPINDLE",0.5,0.8825,TRUE
"pcs","GSE282302","C2_D6","HALLMARK_MITOTIC_SPINDLE",1,0.9995,TRUE
"libsize","GSE282302","C2_D7","HALLMARK_MITOTIC_SPINDLE",0,0.53375,FALSE
"none","GSE282302","C2_D7","HALLMARK_MITOTIC_SPINDLE",0,0.83175,FALSE
"pcs","GSE282302","C2_D7","HALLMARK_MITOTIC_SPINDLE",1,0.9995,TRUE
"libsize","GSE282302","C2_D8","HALLMARK_MITOTIC_SPINDLE",1,0.985375,TRUE
"none","GSE282302","C2_D8","HALLMARK_MITOTIC_SPINDLE",0.25,0.86975,FALSE
"pcs","GSE282302","C2_D8","HALLMARK_MITOTIC_SPINDLE",0.25,0.96575,FALSE
"libsize","GSE282302","C2_D9","HALLMARK_MITOTIC_SPINDLE",0.166666666666667,0.793583333333333,FALSE
"none","GSE282302","C2_D9","HALLMARK_MITOTIC_SPINDLE",0,0.58075,FALSE
"pcs","GSE282302","C2_D9","HALLMARK_MITOTIC_SPINDLE",0.333333333333333,0.676583333333333,FALSE
"libsize","GSE282302","C3_D1","HALLMARK_MITOTIC_SPINDLE",0.5,0.81675,TRUE
"none","GSE282302","C3_D1","HALLMARK_MITOTIC_SPINDLE",0,0.652875,FALSE
"pcs","GSE282302","C3_D1","HALLMARK_MITOTIC_SPINDLE",0,0.48875,FALSE
"libsize","GSE282302","C3_D10","HALLMARK_MITOTIC_SPINDLE",0.75,0.978,TRUE
"none","GSE282302","C3_D10","HALLMARK_MITOTIC_SPINDLE",0.5,0.949,TRUE
"pcs","GSE282302","C3_D10","HALLMARK_MITOTIC_SPINDLE",0.25,0.609375,FALSE
"libsize","GSE282302","C3_D11","HALLMARK_MITOTIC_SPINDLE",0.25,0.822875,FALSE
"none","GSE282302","C3_D11","HALLMARK_MITOTIC_SPINDLE",0,0.47625,FALSE
"pcs","GSE282302","C3_D11","HALLMARK_MITOTIC_SPINDLE",1,0.99525,TRUE
"libsize","GSE282302","C3_D12","HALLMARK_MITOTIC_SPINDLE",0.5,0.9149375,TRUE
"none","GSE282302","C3_D12","HALLMARK_MITOTIC_SPINDLE",0.375,0.8300625,FALSE
"pcs","GSE282302","C3_D12","HALLMARK_MITOTIC_SPINDLE",0.625,0.8074375,TRUE
"libsize","GSE282302","C3_D2","HALLMARK_MITOTIC_SPINDLE",0,0.852625,FALSE
"none","GSE282302","C3_D2","HALLMARK_MITOTIC_SPINDLE",0.25,0.6725,FALSE
"pcs","GSE282302","C3_D2","HALLMARK_MITOTIC_SPINDLE",0.75,0.94975,TRUE
"libsize","GSE282302","C3_D3","HALLMARK_MITOTIC_SPINDLE",0.25,0.75375,FALSE
"none","GSE282302","C3_D3","HALLMARK_MITOTIC_SPINDLE",0.25,0.586625,FALSE
"pcs","GSE282302","C3_D3","HALLMARK_MITOTIC_SPINDLE",0.75,0.98925,TRUE
"libsize","GSE282302","C3_D4","HALLMARK_MITOTIC_SPINDLE",0.25,0.9015,FALSE
"none","GSE282302","C3_D4","HALLMARK_MITOTIC_SPINDLE",0.25,0.71875,FALSE
"pcs","GSE282302","C3_D4","HALLMARK_MITOTIC_SPINDLE",0.75,0.851875,TRUE
"libsize","GSE282302","C3_D5","HALLMARK_MITOTIC_SPINDLE",0.5,0.976,TRUE
"none","GSE282302","C3_D5","HALLMARK_MITOTIC_SPINDLE",0.25,0.8345,FALSE
"pcs","GSE282302","C3_D5","HALLMARK_MITOTIC_SPINDLE",1,0.99075,TRUE
"libsize","GSE282302","C3_D6","HALLMARK_MITOTIC_SPINDLE",0.5,0.963,TRUE
"none","GSE282302","C3_D6","HALLMARK_MITOTIC_SPINDLE",0.25,0.712375,FALSE
"pcs","GSE282302","C3_D6","HALLMARK_MITOTIC_SPINDLE",0.25,0.62725,FALSE
"libsize","GSE282302","C3_D7","HALLMARK_MITOTIC_SPINDLE",1,0.992125,TRUE
"none","GSE282302","C3_D7","HALLMARK_MITOTIC_SPINDLE",0.25,0.510125,FALSE
"pcs","GSE282302","C3_D7","HALLMARK_MITOTIC_SPINDLE",0,0.846,FALSE
"libsize","GSE282302","C3_D8","HALLMARK_MITOTIC_SPINDLE",0.5,0.904125,TRUE
"none","GSE282302","C3_D8","HALLMARK_MITOTIC_SPINDLE",0.5,0.738625,TRUE
"pcs","GSE282302","C3_D8","HALLMARK_MITOTIC_SPINDLE",0.75,0.953125,TRUE
"libsize","GSE282302","C3_D9","HALLMARK_MITOTIC_SPINDLE",0.5,0.917875,TRUE
"none","GSE282302","C3_D9","HALLMARK_MITOTIC_SPINDLE",0.25,0.66,FALSE
"pcs","GSE282302","C3_D9","HALLMARK_MITOTIC_SPINDLE",0.5,0.956125,TRUE
"libsize","GSE274557","Pt1","HALLMARK_MITOTIC_SPINDLE",0,0.956,FALSE
"none","GSE274557","Pt1","HALLMARK_MITOTIC_SPINDLE",0,0.28175,FALSE
"pcs","GSE274557","Pt1","HALLMARK_MITOTIC_SPINDLE",0,0.8485,FALSE
"libsize","GSE274557","Pt10","HALLMARK_MITOTIC_SPINDLE",0.75,0.9585,TRUE
"none","GSE274557","Pt10","HALLMARK_MITOTIC_SPINDLE",0,0.435875,FALSE
"pcs","GSE274557","Pt10","HALLMARK_MITOTIC_SPINDLE",0,0.739625,FALSE
"libsize","GSE274557","Pt11","HALLMARK_MITOTIC_SPINDLE",0.75,0.980875,TRUE
"none","GSE274557","Pt11","HALLMARK_MITOTIC_SPINDLE",0,0.1,FALSE
"pcs","GSE274557","Pt11","HALLMARK_MITOTIC_SPINDLE",0.25,0.871,FALSE
"libsize","GSE274557","Pt12","HALLMARK_MITOTIC_SPINDLE",1,0.99825,TRUE
"none","GSE274557","Pt12","HALLMARK_MITOTIC_SPINDLE",0.25,0.6665,FALSE
"pcs","GSE274557","Pt12","HALLMARK_MITOTIC_SPINDLE",0.5,0.868375,TRUE
"libsize","GSE274557","Pt13","HALLMARK_MITOTIC_SPINDLE",0.571428571428571,0.863857142857143,TRUE
"none","GSE274557","Pt13","HALLMARK_MITOTIC_SPINDLE",0,0.553571428571429,FALSE
"pcs","GSE274557","Pt13","HALLMARK_MITOTIC_SPINDLE",0.428571428571429,0.7995,FALSE
"libsize","GSE274557","Pt2","HALLMARK_MITOTIC_SPINDLE",0.666666666666667,0.979333333333333,TRUE
"none","GSE274557","Pt2","HALLMARK_MITOTIC_SPINDLE",0,0.3235,FALSE
"pcs","GSE274557","Pt2","HALLMARK_MITOTIC_SPINDLE",0.333333333333333,0.869666666666667,FALSE
"libsize","GSE274557","Pt3","HALLMARK_MITOTIC_SPINDLE",0.5,0.931875,TRUE
"none","GSE274557","Pt3","HALLMARK_MITOTIC_SPINDLE",0.5,0.66875,TRUE
"pcs","GSE274557","Pt3","HALLMARK_MITOTIC_SPINDLE",0.25,0.842,FALSE
"libsize","GSE274557","Pt4","HALLMARK_MITOTIC_SPINDLE",1,0.999375,TRUE
"none","GSE274557","Pt4","HALLMARK_MITOTIC_SPINDLE",0,0.24725,FALSE
"pcs","GSE274557","Pt4","HALLMARK_MITOTIC_SPINDLE",0.25,0.9195,FALSE
"libsize","GSE274557","Pt5","HALLMARK_MITOTIC_SPINDLE",0.666666666666667,0.9825,TRUE
"none","GSE274557","Pt5","HALLMARK_MITOTIC_SPINDLE",0.333333333333333,0.698166666666667,FALSE
"pcs","GSE274557","Pt5","HALLMARK_MITOTIC_SPINDLE",0.333333333333333,0.9625,FALSE
"libsize","GSE274557","Pt6","HALLMARK_MITOTIC_SPINDLE",0.833333333333333,0.97625,TRUE
"none","GSE274557","Pt6","HALLMARK_MITOTIC_SPINDLE",0,0.235666666666667,FALSE
"pcs","GSE274557","Pt6","HALLMARK_MITOTIC_SPINDLE",0.166666666666667,0.6825,FALSE
"libsize","GSE274557","Pt7","HALLMARK_MITOTIC_SPINDLE",0.75,0.994375,TRUE
"none","GSE274557","Pt7","HALLMARK_MITOTIC_SPINDLE",0,0.611125,FALSE
"pcs","GSE274557","Pt7","HALLMARK_MITOTIC_SPINDLE",0.75,0.98225,TRUE
"libsize","GSE274557","Pt8","HALLMARK_MITOTIC_SPINDLE",0.8,0.9887,TRUE
"none","GSE274557","Pt8","HALLMARK_MITOTIC_SPINDLE",0,0.7384,FALSE
"pcs","GSE274557","Pt8","HALLMARK_MITOTIC_SPINDLE",0.2,0.595,FALSE
"libsize","GSE274557","Pt9","HALLMARK_MITOTIC_SPINDLE",1,0.998625,TRUE
"none","GSE274557","Pt9","HALLMARK_MITOTIC_SPINDLE",0,0.571375,FALSE
"pcs","GSE274557","Pt9","HALLMARK_MITOTIC_SPINDLE",0.25,0.71525,FALSE
"libsize","GSE282302","C1_D1","HALLMARK_MTORC1_SIGNALING",0,0.953,FALSE
"none","GSE282302","C1_D1","HALLMARK_MTORC1_SIGNALING",0,0.8175,FALSE
"pcs","GSE282302","C1_D1","HALLMARK_MTORC1_SIGNALING",0,0.9395,FALSE
"libsize","GSE282302","C1_D10","HALLMARK_MTORC1_SIGNALING",0.5,0.84875,TRUE
"none","GSE282302","C1_D10","HALLMARK_MTORC1_SIGNALING",0,0.7815,FALSE
"pcs","GSE282302","C1_D10","HALLMARK_MTORC1_SIGNALING",1,0.994,TRUE
"libsize","GSE282302","C1_D11","HALLMARK_MTORC1_SIGNALING",1,0.9995,TRUE
"none","GSE282302","C1_D11","HALLMARK_MTORC1_SIGNALING",1,0.9995,TRUE
"pcs","GSE282302","C1_D11","HALLMARK_MTORC1_SIGNALING",0.5,0.986,TRUE
"libsize","GSE282302","C1_D12","HALLMARK_MTORC1_SIGNALING",1,0.9995,TRUE
"none","GSE282302","C1_D12","HALLMARK_MTORC1_SIGNALING",1,0.9995,TRUE
"pcs","GSE282302","C1_D12","HALLMARK_MTORC1_SIGNALING",1,0.9995,TRUE
"libsize","GSE282302","C1_D13","HALLMARK_MTORC1_SIGNALING",1,0.999,TRUE
"none","GSE282302","C1_D13","HALLMARK_MTORC1_SIGNALING",0.5,0.5,TRUE
"pcs","GSE282302","C1_D13","HALLMARK_MTORC1_SIGNALING",1,0.99875,TRUE
"libsize","GSE282302","C1_D14","HALLMARK_MTORC1_SIGNALING",1,0.999333333333333,TRUE
"none","GSE282302","C1_D14","HALLMARK_MTORC1_SIGNALING",0.666666666666667,0.972666666666667,TRUE
"pcs","GSE282302","C1_D14","HALLMARK_MTORC1_SIGNALING",1,0.996,TRUE
"libsize","GSE282302","C1_D2","HALLMARK_MTORC1_SIGNALING",1,0.9995,TRUE
"none","GSE282302","C1_D2","HALLMARK_MTORC1_SIGNALING",1,0.9995,TRUE
"pcs","GSE282302","C1_D2","HALLMARK_MTORC1_SIGNALING",0,0.6695,FALSE
"libsize","GSE282302","C1_D3","HALLMARK_MTORC1_SIGNALING",0,0.863,FALSE
"none","GSE282302","C1_D3","HALLMARK_MTORC1_SIGNALING",0,0.7735,FALSE
"pcs","GSE282302","C1_D3","HALLMARK_MTORC1_SIGNALING",1,0.994,TRUE
"libsize","GSE282302","C1_D4","HALLMARK_MTORC1_SIGNALING",0,0.9585,FALSE
"none","GSE282302","C1_D4","HALLMARK_MTORC1_SIGNALING",0,0.832,FALSE
"pcs","GSE282302","C1_D4","HALLMARK_MTORC1_SIGNALING",1,0.997,TRUE
"libsize","GSE282302","C1_D5","HALLMARK_MTORC1_SIGNALING",1,0.9925,TRUE
"none","GSE282302","C1_D5","HALLMARK_MTORC1_SIGNALING",0,0.322,FALSE
"pcs","GSE282302","C1_D5","HALLMARK_MTORC1_SIGNALING",0,0.9535,FALSE
"libsize","GSE282302","C1_D6","HALLMARK_MTORC1_SIGNALING",1,0.9995,TRUE
"none","GSE282302","C1_D6","HALLMARK_MTORC1_SIGNALING",0,0.9445,FALSE
"pcs","GSE282302","C1_D6","HALLMARK_MTORC1_SIGNALING",1,0.9995,TRUE
"libsize","GSE282302","C1_D7","HALLMARK_MTORC1_SIGNALING",1,0.9995,TRUE
"none","GSE282302","C1_D7","HALLMARK_MTORC1_SIGNALING",1,0.999,TRUE
"pcs","GSE282302","C1_D7","HALLMARK_MTORC1_SIGNALING",1,0.9995,TRUE
"libsize","GSE282302","C1_D8","HALLMARK_MTORC1_SIGNALING",1,0.99925,TRUE
"none","GSE282302","C1_D8","HALLMARK_MTORC1_SIGNALING",0.5,0.9485,TRUE
"pcs","GSE282302","C1_D8","HALLMARK_MTORC1_SIGNALING",0.5,0.9635,TRUE
"libsize","GSE282302","C1_D9","HALLMARK_MTORC1_SIGNALING",1,0.9995,TRUE
"none","GSE282302","C1_D9","HALLMARK_MTORC1_SIGNALING",1,0.99825,TRUE
"pcs","GSE282302","C1_D9","HALLMARK_MTORC1_SIGNALING",0.5,0.7695,TRUE
"libsize","GSE282302","C2_D1","HALLMARK_MTORC1_SIGNALING",1,0.9935,TRUE
"none","GSE282302","C2_D1","HALLMARK_MTORC1_SIGNALING",0,0.2335,FALSE
"pcs","GSE282302","C2_D1","HALLMARK_MTORC1_SIGNALING",1,0.9955,TRUE
"libsize","GSE282302","C2_D10","HALLMARK_MTORC1_SIGNALING",1,0.9995,TRUE
"none","GSE282302","C2_D10","HALLMARK_MTORC1_SIGNALING",1,0.997,TRUE
"pcs","GSE282302","C2_D10","HALLMARK_MTORC1_SIGNALING",1,0.999,TRUE
"libsize","GSE282302","C2_D11","HALLMARK_MTORC1_SIGNALING",0.75,0.952625,TRUE
"none","GSE282302","C2_D11","HALLMARK_MTORC1_SIGNALING",0.375,0.7620625,FALSE
"pcs","GSE282302","C2_D11","HALLMARK_MTORC1_SIGNALING",0.875,0.9590625,TRUE
"libsize","GSE282302","C2_D12","HALLMARK_MTORC1_SIGNALING",1,0.9995,TRUE
"none","GSE282302","C2_D12","HALLMARK_MTORC1_SIGNALING",1,0.9965,TRUE
"pcs","GSE282302","C2_D12","HALLMARK_MTORC1_SIGNALING",0,0.871,FALSE
"libsize","GSE282302","C2_D13","HALLMARK_MTORC1_SIGNALING",1,0.9995,TRUE
"none","GSE282302","C2_D13","HALLMARK_MTORC1_SIGNALING",1,0.999,TRUE
"pcs","GSE282302","C2_D13","HALLMARK_MTORC1_SIGNALING",0,0.932,FALSE
"libsize","GSE282302","C2_D2","HALLMARK_MTORC1_SIGNALING",0,0.282,FALSE
"none","GSE282302","C2_D2","HALLMARK_MTORC1_SIGNALING",0,0.1525,FALSE
"pcs","GSE282302","C2_D2","HALLMARK_MTORC1_SIGNALING",1,0.999,TRUE
"libsize","GSE282302","C2_D3","HALLMARK_MTORC1_SIGNALING",1,0.9995,TRUE
"none","GSE282302","C2_D3","HALLMARK_MTORC1_SIGNALING",0,0.9635,FALSE
"pcs","GSE282302","C2_D3","HALLMARK_MTORC1_SIGNALING",0,0.9305,FALSE
"libsize","GSE282302","C2_D4","HALLMARK_MTORC1_SIGNALING",1,0.9995,TRUE
"none","GSE282302","C2_D4","HALLMARK_MTORC1_SIGNALING",1,0.9995,TRUE
"pcs","GSE282302","C2_D4","HALLMARK_MTORC1_SIGNALING",0,0.3515,FALSE
"libsize","GSE282302","C2_D5","HALLMARK_MTORC1_SIGNALING",1,0.991,TRUE
"none","GSE282302","C2_D5","HALLMARK_MTORC1_SIGNALING",0.5,0.6845,TRUE
"pcs","GSE282302","C2_D5","HALLMARK_MTORC1_SIGNALING",1,0.992,TRUE
"libsize","GSE282302","C2_D6","HALLMARK_MTORC1_SIGNALING",0,0.346,FALSE
"none","GSE282302","C2_D6","HALLMARK_MTORC1_SIGNALING",0,0.645,FALSE
"pcs","GSE282302","C2_D6","HALLMARK_MTORC1_SIGNALING",1,0.9995,TRUE
"libsize","GSE282302","C2_D7","HALLMARK_MTORC1_SIGNALING",1,0.9995,TRUE
"none","GSE282302","C2_D7","HALLMARK_MTORC1_SIGNALING",0,0,FALSE
"pcs","GSE282302","C2_D7","HALLMARK_MTORC1_SIGNALING",1,0.99925,TRUE
"libsize","GSE282302","C2_D8","HALLMARK_MTORC1_SIGNALING",0.5,0.910125,TRUE
"none","GSE282302","C2_D8","HALLMARK_MTORC1_SIGNALING",0.5,0.98,TRUE
"pcs","GSE282302","C2_D8","HALLMARK_MTORC1_SIGNALING",1,0.998,TRUE
"libsize","GSE282302","C2_D9","HALLMARK_MTORC1_SIGNALING",0.666666666666667,0.914083333333333,TRUE
"none","GSE282302","C2_D9","HALLMARK_MTORC1_SIGNALING",0,0.485333333333333,FALSE
"pcs","GSE282302","C2_D9","HALLMARK_MTORC1_SIGNALING",0.333333333333333,0.73025,FALSE
"libsize","GSE282302","C3_D1","HALLMARK_MTORC1_SIGNALING",0.75,0.9915,TRUE
"none","GSE282302","C3_D1","HALLMARK_MTORC1_SIGNALING",0.75,0.9135,TRUE
"pcs","GSE282302","C3_D1","HALLMARK_MTORC1_SIGNALING",0.5,0.962875,TRUE
"libsize","GSE282302","C3_D10","HALLMARK_MTORC1_SIGNALING",0.75,0.99225,TRUE
"none","GSE282302","C3_D10","HALLMARK_MTORC1_SIGNALING",1,0.99075,TRUE
"pcs","GSE282302","C3_D10","HALLMARK_MTORC1_SIGNALING",0.5,0.950125,TRUE
"libsize","GSE282302","C3_D11","HALLMARK_MTORC1_SIGNALING",1,0.996,TRUE
"none","GSE282302","C3_D11","HALLMARK_MTORC1_SIGNALING",0.75,0.929125,TRUE
"pcs","GSE282302","C3_D11","HALLMARK_MTORC1_SIGNALING",1,0.99925,TRUE
"libsize","GSE282302","C3_D12","HALLMARK_MTORC1_SIGNALING",0.375,0.646625,FALSE
"none","GSE282302","C3_D12","HALLMARK_MTORC1_SIGNALING",0.375,0.74025,FALSE
"pcs","GSE282302","C3_D12","HALLMARK_MTORC1_SIGNALING",0.875,0.9833125,TRUE
"libsize","GSE282302","C3_D2","HALLMARK_MTORC1_SIGNALING",1,0.99875,TRUE
"none","GSE282302","C3_D2","HALLMARK_MTORC1_SIGNALING",0.5,0.92925,TRUE
"pcs","GSE282302","C3_D2","HALLMARK_MTORC1_SIGNALING",1,0.99675,TRUE
"libsize","GSE282302","C3_D3","HALLMARK_MTORC1_SIGNALING",0.25,0.688125,FALSE
"none","GSE282302","C3_D3","HALLMARK_MTORC1_SIGNALING",0.25,0.662625,FALSE
"pcs","GSE282302","C3_D3","HALLMARK_MTORC1_SIGNALING",0.75,0.765375,TRUE
"libsize","GSE282302","C3_D4","HALLMARK_MTORC1_SIGNALING",1,0.99775,TRUE
"none","GSE282302","C3_D4","HALLMARK_MTORC1_SIGNALING",1,0.997375,TRUE
"pcs","GSE282302","C3_D4","HALLMARK_MTORC1_SIGNALING",0.5,0.764375,TRUE
"libsize","GSE282302","C3_D5","HALLMARK_MTORC1_SIGNALING",1,0.99925,TRUE
"none","GSE282302","C3_D5","HALLMARK_MTORC1_SIGNALING",1,0.99875,TRUE
"pcs","GSE282302","C3_D5","HALLMARK_MTORC1_SIGNALING",1,0.999375,TRUE
"libsize","GSE282302","C3_D6","HALLMARK_MTORC1_SIGNALING",0.75,0.86575,TRUE
"none","GSE282302","C3_D6","HALLMARK_MTORC1_SIGNALING",0.25,0.6315,FALSE
"pcs","GSE282302","C3_D6","HALLMARK_MTORC1_SIGNALING",0.25,0.6645,FALSE
"libsize","GSE282302","C3_D7","HALLMARK_MTORC1_SIGNALING",0.5,0.725375,TRUE
"none","GSE282302","C3_D7","HALLMARK_MTORC1_SIGNALING",0.5,0.604875,TRUE
"pcs","GSE282302","C3_D7","HALLMARK_MTORC1_SIGNALING",0.25,0.9095,FALSE
"libsize","GSE282302","C3_D8","HALLMARK_MTORC1_SIGNALING",0.5,0.93,TRUE
"none","GSE282302","C3_D8","HALLMARK_MTORC1_SIGNALING",0.25,0.51825,FALSE
"pcs","GSE282302","C3_D8","HALLMARK_MTORC1_SIGNALING",0.75,0.922125,TRUE
"libsize","GSE282302","C3_D9","HALLMARK_MTORC1_SIGNALING",0.75,0.836,TRUE
"none","GSE282302","C3_D9","HALLMARK_MTORC1_SIGNALING",0.75,0.754125,TRUE
"pcs","GSE282302","C3_D9","HALLMARK_MTORC1_SIGNALING",0.75,0.92925,TRUE
"libsize","GSE274557","Pt1","HALLMARK_MTORC1_SIGNALING",0.5,0.7875,TRUE
"none","GSE274557","Pt1","HALLMARK_MTORC1_SIGNALING",0.5,0.859,TRUE
"pcs","GSE274557","Pt1","HALLMARK_MTORC1_SIGNALING",1,0.9995,TRUE
"libsize","GSE274557","Pt10","HALLMARK_MTORC1_SIGNALING",0.25,0.361625,FALSE
"none","GSE274557","Pt10","HALLMARK_MTORC1_SIGNALING",0,0.338625,FALSE
"pcs","GSE274557","Pt10","HALLMARK_MTORC1_SIGNALING",0.5,0.9735,TRUE
"libsize","GSE274557","Pt11","HALLMARK_MTORC1_SIGNALING",0.5,0.732125,TRUE
"none","GSE274557","Pt11","HALLMARK_MTORC1_SIGNALING",0.25,0.462625,FALSE
"pcs","GSE274557","Pt11","HALLMARK_MTORC1_SIGNALING",0.75,0.986875,TRUE
"libsize","GSE274557","Pt12","HALLMARK_MTORC1_SIGNALING",0.5,0.955125,TRUE
"none","GSE274557","Pt12","HALLMARK_MTORC1_SIGNALING",0.25,0.718,FALSE
"pcs","GSE274557","Pt12","HALLMARK_MTORC1_SIGNALING",0.5,0.932125,TRUE
"libsize","GSE274557","Pt13","HALLMARK_MTORC1_SIGNALING",0.285714285714286,0.709857142857143,FALSE
"none","GSE274557","Pt13","HALLMARK_MTORC1_SIGNALING",0.285714285714286,0.6735,FALSE
"pcs","GSE274557","Pt13","HALLMARK_MTORC1_SIGNALING",0.571428571428571,0.903071428571429,TRUE
"libsize","GSE274557","Pt2","HALLMARK_MTORC1_SIGNALING",0.333333333333333,0.660666666666667,FALSE
"none","GSE274557","Pt2","HALLMARK_MTORC1_SIGNALING",0.666666666666667,0.752833333333333,TRUE
"pcs","GSE274557","Pt2","HALLMARK_MTORC1_SIGNALING",1,0.9995,TRUE
"libsize","GSE274557","Pt3","HALLMARK_MTORC1_SIGNALING",0.25,0.627625,FALSE
"none","GSE274557","Pt3","HALLMARK_MTORC1_SIGNALING",0.5,0.897,TRUE
"pcs","GSE274557","Pt3","HALLMARK_MTORC1_SIGNALING",0.5,0.811,TRUE
"libsize","GSE274557","Pt4","HALLMARK_MTORC1_SIGNALING",0.5,0.957375,TRUE
"none","GSE274557","Pt4","HALLMARK_MTORC1_SIGNALING",0.75,0.959875,TRUE
"pcs","GSE274557","Pt4","HALLMARK_MTORC1_SIGNALING",1,0.9975,TRUE
"libsize","GSE274557","Pt5","HALLMARK_MTORC1_SIGNALING",0.666666666666667,0.811166666666667,TRUE
"none","GSE274557","Pt5","HALLMARK_MTORC1_SIGNALING",0.333333333333333,0.718666666666667,FALSE
"pcs","GSE274557","Pt5","HALLMARK_MTORC1_SIGNALING",1,0.997666666666667,TRUE
"libsize","GSE274557","Pt6","HALLMARK_MTORC1_SIGNALING",0.5,0.96325,TRUE
"none","GSE274557","Pt6","HALLMARK_MTORC1_SIGNALING",0.166666666666667,0.731583333333333,FALSE
"pcs","GSE274557","Pt6","HALLMARK_MTORC1_SIGNALING",0.666666666666667,0.8565,TRUE
"libsize","GSE274557","Pt7","HALLMARK_MTORC1_SIGNALING",0.5,0.72675,TRUE
"none","GSE274557","Pt7","HALLMARK_MTORC1_SIGNALING",0,0.400375,FALSE
"pcs","GSE274557","Pt7","HALLMARK_MTORC1_SIGNALING",1,0.999125,TRUE
"libsize","GSE274557","Pt8","HALLMARK_MTORC1_SIGNALING",0.6,0.6434,TRUE
"none","GSE274557","Pt8","HALLMARK_MTORC1_SIGNALING",0.2,0.5751,FALSE
"pcs","GSE274557","Pt8","HALLMARK_MTORC1_SIGNALING",0.8,0.9915,TRUE
"libsize","GSE274557","Pt9","HALLMARK_MTORC1_SIGNALING",1,0.99625,TRUE
"none","GSE274557","Pt9","HALLMARK_MTORC1_SIGNALING",0.25,0.607125,FALSE
"pcs","GSE274557","Pt9","HALLMARK_MTORC1_SIGNALING",0.75,0.985375,TRUE
"libsize","GSE282302","C1_D1","HALLMARK_MYC_TARGETS_V1",0,0.4355,FALSE
"none","GSE282302","C1_D1","HALLMARK_MYC_TARGETS_V1",0,0.898,FALSE
"pcs","GSE282302","C1_D1","HALLMARK_MYC_TARGETS_V1",0,0.932,FALSE
"libsize","GSE282302","C1_D10","HALLMARK_MYC_TARGETS_V1",0,0.21675,FALSE
"none","GSE282302","C1_D10","HALLMARK_MYC_TARGETS_V1",0,0.22875,FALSE
"pcs","GSE282302","C1_D10","HALLMARK_MYC_TARGETS_V1",1,0.99925,TRUE
"libsize","GSE282302","C1_D11","HALLMARK_MYC_TARGETS_V1",0.5,0.9755,TRUE
"none","GSE282302","C1_D11","HALLMARK_MYC_TARGETS_V1",0.5,0.97375,TRUE
"pcs","GSE282302","C1_D11","HALLMARK_MYC_TARGETS_V1",0.5,0.961,TRUE
"libsize","GSE282302","C1_D12","HALLMARK_MYC_TARGETS_V1",1,0.9985,TRUE
"none","GSE282302","C1_D12","HALLMARK_MYC_TARGETS_V1",0.5,0.942,TRUE
"pcs","GSE282302","C1_D12","HALLMARK_MYC_TARGETS_V1",1,0.9995,TRUE
"libsize","GSE282302","C1_D13","HALLMARK_MYC_TARGETS_V1",0,0.906,FALSE
"none","GSE282302","C1_D13","HALLMARK_MYC_TARGETS_V1",0,0.47025,FALSE
"pcs","GSE282302","C1_D13","HALLMARK_MYC_TARGETS_V1",1,0.99925,TRUE
"libsize","GSE282302","C1_D14","HALLMARK_MYC_TARGETS_V1",1,0.9995,TRUE
"none","GSE282302","C1_D14","HALLMARK_MYC_TARGETS_V1",0.666666666666667,0.994833333333333,TRUE
"pcs","GSE282302","C1_D14","HALLMARK_MYC_TARGETS_V1",1,0.996166666666667,TRUE
"libsize","GSE282302","C1_D2","HALLMARK_MYC_TARGETS_V1",1,0.9995,TRUE
"none","GSE282302","C1_D2","HALLMARK_MYC_TARGETS_V1",1,0.9995,TRUE
"pcs","GSE282302","C1_D2","HALLMARK_MYC_TARGETS_V1",1,0.996,TRUE
"libsize","GSE282302","C1_D3","HALLMARK_MYC_TARGETS_V1",0,0.884,FALSE
"none","GSE282302","C1_D3","HALLMARK_MYC_TARGETS_V1",0,0.0649999999999999,FALSE
"pcs","GSE282302","C1_D3","HALLMARK_MYC_TARGETS_V1",1,0.9995,TRUE
"libsize","GSE282302","C1_D4","HALLMARK_MYC_TARGETS_V1",0,0.826,FALSE
"none","GSE282302","C1_D4","HALLMARK_MYC_TARGETS_V1",0,0.083,FALSE
"pcs","GSE282302","C1_D4","HALLMARK_MYC_TARGETS_V1",1,0.9995,TRUE
"libsize","GSE282302","C1_D5","HALLMARK_MYC_TARGETS_V1",1,0.9995,TRUE
"none","GSE282302","C1_D5","HALLMARK_MYC_TARGETS_V1",0,0.315,FALSE
"pcs","GSE282302","C1_D5","HALLMARK_MYC_TARGETS_V1",0,0.79,FALSE
"libsize","GSE282302","C1_D6","HALLMARK_MYC_TARGETS_V1",1,0.998,TRUE
"none","GSE282302","C1_D6","HALLMARK_MYC_TARGETS_V1",1,0.989,TRUE
"pcs","GSE282302","C1_D6","HALLMARK_MYC_TARGETS_V1",1,0.9995,TRUE
"libsize","GSE282302","C1_D7","HALLMARK_MYC_TARGETS_V1",0,0.9565,FALSE
"none","GSE282302","C1_D7","HALLMARK_MYC_TARGETS_V1",0,0.5375,FALSE
"pcs","GSE282302","C1_D7","HALLMARK_MYC_TARGETS_V1",1,0.9995,TRUE
"libsize","GSE282302","C1_D8","HALLMARK_MYC_TARGETS_V1",1,0.9975,TRUE
"none","GSE282302","C1_D8","HALLMARK_MYC_TARGETS_V1",0,0.456,FALSE
"pcs","GSE282302","C1_D8","HALLMARK_MYC_TARGETS_V1",0.5,0.91125,TRUE
"libsize","GSE282302","C1_D9","HALLMARK_MYC_TARGETS_V1",1,0.99075,TRUE
"none","GSE282302","C1_D9","HALLMARK_MYC_TARGETS_V1",0.5,0.907,TRUE
"pcs","GSE282302","C1_D9","HALLMARK_MYC_TARGETS_V1",0.5,0.9635,TRUE
"libsize","GSE282302","C2_D1","HALLMARK_MYC_TARGETS_V1",0,0.8555,FALSE
"none","GSE282302","C2_D1","HALLMARK_MYC_TARGETS_V1",0,0.072,FALSE
"pcs","GSE282302","C2_D1","HALLMARK_MYC_TARGETS_V1",1,0.9995,TRUE
"libsize","GSE282302","C2_D10","HALLMARK_MYC_TARGETS_V1",1,0.9995,TRUE
"none","GSE282302","C2_D10","HALLMARK_MYC_TARGETS_V1",1,0.99925,TRUE
"pcs","GSE282302","C2_D10","HALLMARK_MYC_TARGETS_V1",1,0.9995,TRUE
"libsize","GSE282302","C2_D11","HALLMARK_MYC_TARGETS_V1",0.5,0.6415625,TRUE
"none","GSE282302","C2_D11","HALLMARK_MYC_TARGETS_V1",0.375,0.6710625,FALSE
"pcs","GSE282302","C2_D11","HALLMARK_MYC_TARGETS_V1",1,0.9994375,TRUE
"libsize","GSE282302","C2_D12","HALLMARK_MYC_TARGETS_V1",1,0.9995,TRUE
"none","GSE282302","C2_D12","HALLMARK_MYC_TARGETS_V1",1,0.9965,TRUE
"pcs","GSE282302","C2_D12","HALLMARK_MYC_TARGETS_V1",0,0.8125,FALSE
"libsize","GSE282302","C2_D13","HALLMARK_MYC_TARGETS_V1",1,0.9995,TRUE
"none","GSE282302","C2_D13","HALLMARK_MYC_TARGETS_V1",1,0.9995,TRUE
"pcs","GSE282302","C2_D13","HALLMARK_MYC_TARGETS_V1",1,0.9995,TRUE
"libsize","GSE282302","C2_D2","HALLMARK_MYC_TARGETS_V1",0,0.00749999999999995,FALSE
"none","GSE282302","C2_D2","HALLMARK_MYC_TARGETS_V1",0,0.000499999999999945,FALSE
"pcs","GSE282302","C2_D2","HALLMARK_MYC_TARGETS_V1",1,0.9995,TRUE
"libsize","GSE282302","C2_D3","HALLMARK_MYC_TARGETS_V1",1,0.9995,TRUE
"none","GSE282302","C2_D3","HALLMARK_MYC_TARGETS_V1",0,0.5295,FALSE
"pcs","GSE282302","C2_D3","HALLMARK_MYC_TARGETS_V1",1,0.9995,TRUE
"libsize","GSE282302","C2_D4","HALLMARK_MYC_TARGETS_V1",0,0.1945,FALSE
"none","GSE282302","C2_D4","HALLMARK_MYC_TARGETS_V1",0,0.6205,FALSE
"pcs","GSE282302","C2_D4","HALLMARK_MYC_TARGETS_V1",0,0.9435,FALSE
"libsize","GSE282302","C2_D5","HALLMARK_MYC_TARGETS_V1",0.5,0.65175,TRUE
"none","GSE282302","C2_D5","HALLMARK_MYC_TARGETS_V1",0,0.12275,FALSE
"pcs","GSE282302","C2_D5","HALLMARK_MYC_TARGETS_V1",1,0.99925,TRUE
"libsize","GSE282302","C2_D6","HALLMARK_MYC_TARGETS_V1",0,0.3625,FALSE
"none","GSE282302","C2_D6","HALLMARK_MYC_TARGETS_V1",0,0.42425,FALSE
"pcs","GSE282302","C2_D6","HALLMARK_MYC_TARGETS_V1",1,0.9995,TRUE
"libsize","GSE282302","C2_D7","HALLMARK_MYC_TARGETS_V1",1,0.9995,TRUE
"none","GSE282302","C2_D7","HALLMARK_MYC_TARGETS_V1",0,0,FALSE
"pcs","GSE282302","C2_D7","HALLMARK_MYC_TARGETS_V1",1,0.9995,TRUE
"libsize","GSE282302","C2_D8","HALLMARK_MYC_TARGETS_V1",0,0.779,FALSE
"none","GSE282302","C2_D8","HALLMARK_MYC_TARGETS_V1",0,0.9405,FALSE
"pcs","GSE282302","C2_D8","HALLMARK_MYC_TARGETS_V1",1,0.99775,TRUE
"libsize","GSE282302","C2_D9","HALLMARK_MYC_TARGETS_V1",0.833333333333333,0.973166666666667,TRUE
"none","GSE282302","C2_D9","HALLMARK_MYC_TARGETS_V1",0,0.700333333333333,FALSE
"pcs","GSE282302","C2_D9","HALLMARK_MYC_TARGETS_V1",0.666666666666667,0.88475,TRUE
"libsize","GSE282302","C3_D1","HALLMARK_MYC_TARGETS_V1",0,0.477125,FALSE
"none","GSE282302","C3_D1","HALLMARK_MYC_TARGETS_V1",0.25,0.528125,FALSE
"pcs","GSE282302","C3_D1","HALLMARK_MYC_TARGETS_V1",1,0.998125,TRUE
"libsize","GSE282302","C3_D10","HALLMARK_MYC_TARGETS_V1",0,0.227875,FALSE
"none","GSE282302","C3_D10","HALLMARK_MYC_TARGETS_V1",0,0.123375,FALSE
"pcs","GSE282302","C3_D10","HALLMARK_MYC_TARGETS_V1",1,0.99925,TRUE
"libsize","GSE282302","C3_D11","HALLMARK_MYC_TARGETS_V1",0.25,0.7635,FALSE
"none","GSE282302","C3_D11","HALLMARK_MYC_TARGETS_V1",0.25,0.597875,FALSE
"pcs","GSE282302","C3_D11","HALLMARK_MYC_TARGETS_V1",1,0.9995,TRUE
"libsize","GSE282302","C3_D12","HALLMARK_MYC_TARGETS_V1",0.375,0.5151875,FALSE
"none","GSE282302","C3_D12","HALLMARK_MYC_TARGETS_V1",0.125,0.4794375,FALSE
"pcs","GSE282302","C3_D12","HALLMARK_MYC_TARGETS_V1",1,0.9989375,TRUE
"libsize","GSE282302","C3_D2","HALLMARK_MYC_TARGETS_V1",0.75,0.9305,TRUE
"none","GSE282302","C3_D2","HALLMARK_MYC_TARGETS_V1",0.5,0.74375,TRUE
"pcs","GSE282302","C3_D2","HALLMARK_MYC_TARGETS_V1",1,0.9995,TRUE
"libsize","GSE282302","C3_D3","HALLMARK_MYC_TARGETS_V1",0.25,0.65525,FALSE
"none","GSE282302","C3_D3","HALLMARK_MYC_TARGETS_V1",0,0.15525,FALSE
"pcs","GSE282302","C3_D3","HALLMARK_MYC_TARGETS_V1",1,0.997375,TRUE
"libsize","GSE282302","C3_D4","HALLMARK_MYC_TARGETS_V1",1,0.99875,TRUE
"none","GSE282302","C3_D4","HALLMARK_MYC_TARGETS_V1",0.75,0.94775,TRUE
"pcs","GSE282302","C3_D4","HALLMARK_MYC_TARGETS_V1",0.75,0.851,TRUE
"libsize","GSE282302","C3_D5","HALLMARK_MYC_TARGETS_V1",0.75,0.84975,TRUE
"none","GSE282302","C3_D5","HALLMARK_MYC_TARGETS_V1",0.5,0.793,TRUE
"pcs","GSE282302","C3_D5","HALLMARK_MYC_TARGETS_V1",1,0.9995,TRUE
"libsize","GSE282302","C3_D6","HALLMARK_MYC_TARGETS_V1",0.75,0.969625,TRUE
"none","GSE282302","C3_D6","HALLMARK_MYC_TARGETS_V1",0.25,0.607875,FALSE
"pcs","GSE282302","C3_D6","HALLMARK_MYC_TARGETS_V1",0.75,0.99525,TRUE
"libsize","GSE282302","C3_D7","HALLMARK_MYC_TARGETS_V1",0.25,0.425875,FALSE
"none","GSE282302","C3_D7","HALLMARK_MYC_TARGETS_V1",0.25,0.265125,FALSE
"pcs","GSE282302","C3_D7","HALLMARK_MYC_TARGETS_V1",0.75,0.95025,TRUE
"libsize","GSE282302","C3_D8","HALLMARK_MYC_TARGETS_V1",0,0.712125,FALSE
"none","GSE282302","C3_D8","HALLMARK_MYC_TARGETS_V1",0,0.40025,FALSE
"pcs","GSE282302","C3_D8","HALLMARK_MYC_TARGETS_V1",0.75,0.987,TRUE
"libsize","GSE282302","C3_D9","HALLMARK_MYC_TARGETS_V1",0.75,0.752,TRUE
"none","GSE282302","C3_D9","HALLMARK_MYC_TARGETS_V1",0.5,0.737875,TRUE
"pcs","GSE282302","C3_D9","HALLMARK_MYC_TARGETS_V1",0.5,0.973125,TRUE
"libsize","GSE274557","Pt1","HALLMARK_MYC_TARGETS_V1",0,0.739,FALSE
"none","GSE274557","Pt1","HALLMARK_MYC_TARGETS_V1",0,0.558833333333333,FALSE
"pcs","GSE274557","Pt1","HALLMARK_MYC_TARGETS_V1",0.666666666666667,0.808166666666667,TRUE
"libsize","GSE274557","Pt10","HALLMARK_MYC_TARGETS_V1",0,0.50375,FALSE
"none","GSE274557","Pt10","HALLMARK_MYC_TARGETS_V1",0.25,0.251,FALSE
"pcs","GSE274557","Pt10","HALLMARK_MYC_TARGETS_V1",0.75,0.984625,TRUE
"libsize","GSE274557","Pt11","HALLMARK_MYC_TARGETS_V1",0.25,0.94075,FALSE
"none","GSE274557","Pt11","HALLMARK_MYC_TARGETS_V1",0,0.054875,FALSE
"pcs","GSE274557","Pt11","HALLMARK_MYC_TARGETS_V1",0.75,0.797125,TRUE
"libsize","GSE274557","Pt12","HALLMARK_MYC_TARGETS_V1",0.5,0.652,TRUE
"none","GSE274557","Pt12","HALLMARK_MYC_TARGETS_V1",0.5,0.740375,TRUE
"pcs","GSE274557","Pt12","HALLMARK_MYC_TARGETS_V1",0.5,0.9325,TRUE
"libsize","GSE274557","Pt13","HALLMARK_MYC_TARGETS_V1",0.428571428571429,0.864428571428571,FALSE
"none","GSE274557","Pt13","HALLMARK_MYC_TARGETS_V1",0.714285714285714,0.721,TRUE
"pcs","GSE274557","Pt13","HALLMARK_MYC_TARGETS_V1",0.571428571428571,0.940642857142857,TRUE
"libsize","GSE274557","Pt2","HALLMARK_MYC_TARGETS_V1",0.333333333333333,0.922666666666667,FALSE
"none","GSE274557","Pt2","HALLMARK_MYC_TARGETS_V1",0.333333333333333,0.458166666666667,FALSE
"pcs","GSE274557","Pt2","HALLMARK_MYC_TARGETS_V1",1,0.9995,TRUE
"libsize","GSE274557","Pt3","HALLMARK_MYC_TARGETS_V1",0.5,0.790375,TRUE
"none","GSE274557","Pt3","HALLMARK_MYC_TARGETS_V1",0.75,0.880625,TRUE
"pcs","GSE274557","Pt3","HALLMARK_MYC_TARGETS_V1",0.75,0.993125,TRUE
"libsize","GSE274557","Pt4","HALLMARK_MYC_TARGETS_V1",0.75,0.962125,TRUE
"none","GSE274557","Pt4","HALLMARK_MYC_TARGETS_V1",0.75,0.9315,TRUE
"pcs","GSE274557","Pt4","HALLMARK_MYC_TARGETS_V1",0.75,0.988375,TRUE
"libsize","GSE274557","Pt5","HALLMARK_MYC_TARGETS_V1",1,0.997166666666667,TRUE
"none","GSE274557","Pt5","HALLMARK_MYC_TARGETS_V1",0.666666666666667,0.985,TRUE
"pcs","GSE274557","Pt5","HALLMARK_MYC_TARGETS_V1",1,0.9995,TRUE
"libsize","GSE274557","Pt6","HALLMARK_MYC_TARGETS_V1",0.666666666666667,0.9125,TRUE
"none","GSE274557","Pt6","HALLMARK_MYC_TARGETS_V1",0.166666666666667,0.499916666666667,FALSE
"pcs","GSE274557","Pt6","HALLMARK_MYC_TARGETS_V1",0.333333333333333,0.87325,FALSE
"libsize","GSE274557","Pt7","HALLMARK_MYC_TARGETS_V1",0.5,0.761125,TRUE
"none","GSE274557","Pt7","HALLMARK_MYC_TARGETS_V1",0.5,0.734375,TRUE
"pcs","GSE274557","Pt7","HALLMARK_MYC_TARGETS_V1",1,0.999125,TRUE
"libsize","GSE274557","Pt8","HALLMARK_MYC_TARGETS_V1",0.6,0.8456,TRUE
"none","GSE274557","Pt8","HALLMARK_MYC_TARGETS_V1",0.6,0.9485,TRUE
"pcs","GSE274557","Pt8","HALLMARK_MYC_TARGETS_V1",0.6,0.9539,TRUE
"libsize","GSE274557","Pt9","HALLMARK_MYC_TARGETS_V1",0.5,0.86925,TRUE
"none","GSE274557","Pt9","HALLMARK_MYC_TARGETS_V1",0,0.27025,FALSE
"pcs","GSE274557","Pt9","HALLMARK_MYC_TARGETS_V1",0.25,0.960625,FALSE
"libsize","GSE282302","C1_D1","HALLMARK_MYC_TARGETS_V2",0,0.5515,FALSE
"none","GSE282302","C1_D1","HALLMARK_MYC_TARGETS_V2",0,0.663,FALSE
"pcs","GSE282302","C1_D1","HALLMARK_MYC_TARGETS_V2",0,0.834,FALSE
"libsize","GSE282302","C1_D10","HALLMARK_MYC_TARGETS_V2",0,0.10325,FALSE
"none","GSE282302","C1_D10","HALLMARK_MYC_TARGETS_V2",0,0.0785,FALSE
"pcs","GSE282302","C1_D10","HALLMARK_MYC_TARGETS_V2",0,0.44,FALSE
"libsize","GSE282302","C1_D11","HALLMARK_MYC_TARGETS_V2",0,0.7705,FALSE
"none","GSE282302","C1_D11","HALLMARK_MYC_TARGETS_V2",0,0.9135,FALSE
"pcs","GSE282302","C1_D11","HALLMARK_MYC_TARGETS_V2",0,0.6615,FALSE
"libsize","GSE282302","C1_D12","HALLMARK_MYC_TARGETS_V2",0.5,0.9335,TRUE
"none","GSE282302","C1_D12","HALLMARK_MYC_TARGETS_V2",0.5,0.98475,TRUE
"pcs","GSE282302","C1_D12","HALLMARK_MYC_TARGETS_V2",0.5,0.966,TRUE
"libsize","GSE282302","C1_D13","HALLMARK_MYC_TARGETS_V2",1,0.99375,TRUE
"none","GSE282302","C1_D13","HALLMARK_MYC_TARGETS_V2",1,0.9865,TRUE
"pcs","GSE282302","C1_D13","HALLMARK_MYC_TARGETS_V2",0,0.673,FALSE
"libsize","GSE282302","C1_D14","HALLMARK_MYC_TARGETS_V2",1,0.998333333333333,TRUE
"none","GSE282302","C1_D14","HALLMARK_MYC_TARGETS_V2",0.666666666666667,0.988666666666667,TRUE
"pcs","GSE282302","C1_D14","HALLMARK_MYC_TARGETS_V2",0,0.8605,FALSE
"libsize","GSE282302","C1_D2","HALLMARK_MYC_TARGETS_V2",1,0.9995,TRUE
"none","GSE282302","C1_D2","HALLMARK_MYC_TARGETS_V2",1,0.9995,TRUE
"pcs","GSE282302","C1_D2","HALLMARK_MYC_TARGETS_V2",0,0.7425,FALSE
"libsize","GSE282302","C1_D3","HALLMARK_MYC_TARGETS_V2",0,0.4035,FALSE
"none","GSE282302","C1_D3","HALLMARK_MYC_TARGETS_V2",0,0.2725,FALSE
"pcs","GSE282302","C1_D3","HALLMARK_MYC_TARGETS_V2",0,0.733,FALSE
"libsize","GSE282302","C1_D4","HALLMARK_MYC_TARGETS_V2",1,0.9735,TRUE
"none","GSE282302","C1_D4","HALLMARK_MYC_TARGETS_V2",0,0.8125,FALSE
"pcs","GSE282302","C1_D4","HALLMARK_MYC_TARGETS_V2",0,0.933,FALSE
"libsize","GSE282302","C1_D5","HALLMARK_MYC_TARGETS_V2",1,0.9985,TRUE
"none","GSE282302","C1_D5","HALLMARK_MYC_TARGETS_V2",0,0.302,FALSE
"pcs","GSE282302","C1_D5","HALLMARK_MYC_TARGETS_V2",0,0.9465,FALSE
"libsize","GSE282302","C1_D6","HALLMARK_MYC_TARGETS_V2",1,0.997,TRUE
"none","GSE282302","C1_D6","HALLMARK_MYC_TARGETS_V2",0,0.9705,FALSE
"pcs","GSE282302","C1_D6","HALLMARK_MYC_TARGETS_V2",0,0.964,FALSE
"libsize","GSE282302","C1_D7","HALLMARK_MYC_TARGETS_V2",0,0.7755,FALSE
"none","GSE282302","C1_D7","HALLMARK_MYC_TARGETS_V2",0,0.4325,FALSE
"pcs","GSE282302","C1_D7","HALLMARK_MYC_TARGETS_V2",1,0.969,TRUE
"libsize","GSE282302","C1_D8","HALLMARK_MYC_TARGETS_V2",1,0.99725,TRUE
"none","GSE282302","C1_D8","HALLMARK_MYC_TARGETS_V2",0,0.37775,FALSE
"pcs","GSE282302","C1_D8","HALLMARK_MYC_TARGETS_V2",0.5,0.965,TRUE
"libsize","GSE282302","C1_D9","HALLMARK_MYC_TARGETS_V2",0.5,0.95925,TRUE
"none","GSE282302","C1_D9","HALLMARK_MYC_TARGETS_V2",0.5,0.983,TRUE
"pcs","GSE282302","C1_D9","HALLMARK_MYC_TARGETS_V2",0,0.46325,FALSE
"libsize","GSE282302","C2_D1","HALLMARK_MYC_TARGETS_V2",0,0.7145,FALSE
"none","GSE282302","C2_D1","HALLMARK_MYC_TARGETS_V2",0,0.9165,FALSE
"pcs","GSE282302","C2_D1","HALLMARK_MYC_TARGETS_V2",0,0.9555,FALSE
"libsize","GSE282302","C2_D10","HALLMARK_MYC_TARGETS_V2",1,0.999375,TRUE
"none","GSE282302","C2_D10","HALLMARK_MYC_TARGETS_V2",1,0.9985,TRUE
"pcs","GSE282302","C2_D10","HALLMARK_MYC_TARGETS_V2",1,0.999,TRUE
"libsize","GSE282302","C2_D11","HALLMARK_MYC_TARGETS_V2",0.5,0.761,TRUE
"none","GSE282302","C2_D11","HALLMARK_MYC_TARGETS_V2",0.5,0.792375,TRUE
"pcs","GSE282302","C2_D11","HALLMARK_MYC_TARGETS_V2",1,0.9924375,TRUE
"libsize","GSE282302","C2_D12","HALLMARK_MYC_TARGETS_V2",1,0.9825,TRUE
"none","GSE282302","C2_D12","HALLMARK_MYC_TARGETS_V2",0,0.746,FALSE
"pcs","GSE282302","C2_D12","HALLMARK_MYC_TARGETS_V2",0,0.2605,FALSE
"libsize","GSE282302","C2_D13","HALLMARK_MYC_TARGETS_V2",1,0.9985,TRUE
"none","GSE282302","C2_D13","HALLMARK_MYC_TARGETS_V2",0,0.982,FALSE
"pcs","GSE282302","C2_D13","HALLMARK_MYC_TARGETS_V2",0,0.9565,FALSE
"libsize","GSE282302","C2_D2","HALLMARK_MYC_TARGETS_V2",0,0.212,FALSE
"none","GSE282302","C2_D2","HALLMARK_MYC_TARGETS_V2",0,0.2175,FALSE
"pcs","GSE282302","C2_D2","HALLMARK_MYC_TARGETS_V2",1,0.9995,TRUE
"libsize","GSE282302","C2_D3","HALLMARK_MYC_TARGETS_V2",1,0.9995,TRUE
"none","GSE282302","C2_D3","HALLMARK_MYC_TARGETS_V2",1,0.9975,TRUE
"pcs","GSE282302","C2_D3","HALLMARK_MYC_TARGETS_V2",0,0.927,FALSE
"libsize","GSE282302","C2_D4","HALLMARK_MYC_TARGETS_V2",0,0.325,FALSE
"none","GSE282302","C2_D4","HALLMARK_MYC_TARGETS_V2",0,0.8685,FALSE
"pcs","GSE282302","C2_D4","HALLMARK_MYC_TARGETS_V2",0,0.981,FALSE
"libsize","GSE282302","C2_D5","HALLMARK_MYC_TARGETS_V2",0.5,0.93075,TRUE
"none","GSE282302","C2_D5","HALLMARK_MYC_TARGETS_V2",0,0.7245,FALSE
"pcs","GSE282302","C2_D5","HALLMARK_MYC_TARGETS_V2",0.5,0.87825,TRUE
"libsize","GSE282302","C2_D6","HALLMARK_MYC_TARGETS_V2",0.5,0.9295,TRUE
"none","GSE282302","C2_D6","HALLMARK_MYC_TARGETS_V2",0.5,0.82925,TRUE
"pcs","GSE282302","C2_D6","HALLMARK_MYC_TARGETS_V2",1,0.999,TRUE
"libsize","GSE282302","C2_D7","HALLMARK_MYC_TARGETS_V2",1,0.9995,TRUE
"none","GSE282302","C2_D7","HALLMARK_MYC_TARGETS_V2",0,0.46625,FALSE
"pcs","GSE282302","C2_D7","HALLMARK_MYC_TARGETS_V2",1,0.9995,TRUE
"libsize","GSE282302","C2_D8","HALLMARK_MYC_TARGETS_V2",0.75,0.988625,TRUE
"none","GSE282302","C2_D8","HALLMARK_MYC_TARGETS_V2",0,0.963125,FALSE
"pcs","GSE282302","C2_D8","HALLMARK_MYC_TARGETS_V2",0.25,0.87475,FALSE
"libsize","GSE282302","C2_D9","HALLMARK_MYC_TARGETS_V2",0.666666666666667,0.97,TRUE
"none","GSE282302","C2_D9","HALLMARK_MYC_TARGETS_V2",0.333333333333333,0.886083333333333,FALSE
"pcs","GSE282302","C2_D9","HALLMARK_MYC_TARGETS_V2",0,0.811583333333333,FALSE
"libsize","GSE282302","C3_D1","HALLMARK_MYC_TARGETS_V2",0.25,0.864375,FALSE
"none","GSE282302","C3_D1","HALLMARK_MYC_TARGETS_V2",0.25,0.58325,FALSE
"pcs","GSE282302","C3_D1","HALLMARK_MYC_TARGETS_V2",0.25,0.8525,FALSE
"libsize","GSE282302","C3_D10","HALLMARK_MYC_TARGETS_V2",0,0.45,FALSE
"none","GSE282302","C3_D10","HALLMARK_MYC_TARGETS_V2",0,0.40225,FALSE
"pcs","GSE282302","C3_D10","HALLMARK_MYC_TARGETS_V2",0.5,0.93625,TRUE
"libsize","GSE282302","C3_D11","HALLMARK_MYC_TARGETS_V2",0.5,0.677625,TRUE
"none","GSE282302","C3_D11","HALLMARK_MYC_TARGETS_V2",0,0.473875,FALSE
"pcs","GSE282302","C3_D11","HALLMARK_MYC_TARGETS_V2",1,0.985625,TRUE
"libsize","GSE282302","C3_D12","HALLMARK_MYC_TARGETS_V2",0.5,0.8341875,TRUE
"none","GSE282302","C3_D12","HALLMARK_MYC_TARGETS_V2",0.375,0.69175,FALSE
"pcs","GSE282302","C3_D12","HALLMARK_MYC_TARGETS_V2",0.625,0.950125,TRUE
"libsize","GSE282302","C3_D2","HALLMARK_MYC_TARGETS_V2",0.75,0.850125,TRUE
"none","GSE282302","C3_D2","HALLMARK_MYC_TARGETS_V2",0.25,0.817125,FALSE
"pcs","GSE282302","C3_D2","HALLMARK_MYC_TARGETS_V2",1,0.998875,TRUE
"libsize","GSE282302","C3_D3","HALLMARK_MYC_TARGETS_V2",0.25,0.703,FALSE
"none","GSE282302","C3_D3","HALLMARK_MYC_TARGETS_V2",0,0.431125,FALSE
"pcs","GSE282302","C3_D3","HALLMARK_MYC_TARGETS_V2",0.75,0.907125,TRUE
"libsize","GSE282302","C3_D4","HALLMARK_MYC_TARGETS_V2",1,0.995,TRUE
"none","GSE282302","C3_D4","HALLMARK_MYC_TARGETS_V2",0.5,0.905625,TRUE
"pcs","GSE282302","C3_D4","HALLMARK_MYC_TARGETS_V2",1,0.99925,TRUE
"libsize","GSE282302","C3_D5","HALLMARK_MYC_TARGETS_V2",0.5,0.86225,TRUE
"none","GSE282302","C3_D5","HALLMARK_MYC_TARGETS_V2",0.5,0.97325,TRUE
"pcs","GSE282302","C3_D5","HALLMARK_MYC_TARGETS_V2",1,0.9985,TRUE
"libsize","GSE282302","C3_D6","HALLMARK_MYC_TARGETS_V2",0.75,0.9805,TRUE
"none","GSE282302","C3_D6","HALLMARK_MYC_TARGETS_V2",0.25,0.64275,FALSE
"pcs","GSE282302","C3_D6","HALLMARK_MYC_TARGETS_V2",0.5,0.911,TRUE
"libsize","GSE282302","C3_D7","HALLMARK_MYC_TARGETS_V2",0.5,0.70575,TRUE
"none","GSE282302","C3_D7","HALLMARK_MYC_TARGETS_V2",0,0.35575,FALSE
"pcs","GSE282302","C3_D7","HALLMARK_MYC_TARGETS_V2",0.75,0.931375,TRUE
"libsize","GSE282302","C3_D8","HALLMARK_MYC_TARGETS_V2",0.25,0.547,FALSE
"none","GSE282302","C3_D8","HALLMARK_MYC_TARGETS_V2",0.25,0.35375,FALSE
"pcs","GSE282302","C3_D8","HALLMARK_MYC_TARGETS_V2",0.75,0.890875,TRUE
"libsize","GSE282302","C3_D9","HALLMARK_MYC_TARGETS_V2",0.75,0.826375,TRUE
"none","GSE282302","C3_D9","HALLMARK_MYC_TARGETS_V2",0.75,0.809125,TRUE
"pcs","GSE282302","C3_D9","HALLMARK_MYC_TARGETS_V2",1,0.9995,TRUE
"libsize","GSE274557","Pt1","HALLMARK_MYC_TARGETS_V2",1,0.982,TRUE
"none","GSE274557","Pt1","HALLMARK_MYC_TARGETS_V2",0.5,0.9815,TRUE
"pcs","GSE274557","Pt1","HALLMARK_MYC_TARGETS_V2",1,0.99275,TRUE
"libsize","GSE274557","Pt10","HALLMARK_MYC_TARGETS_V2",0.25,0.862625,FALSE
"none","GSE274557","Pt10","HALLMARK_MYC_TARGETS_V2",0.25,0.919125,FALSE
"pcs","GSE274557","Pt10","HALLMARK_MYC_TARGETS_V2",1,0.995875,TRUE
"libsize","GSE274557","Pt11","HALLMARK_MYC_TARGETS_V2",0,0.66075,FALSE
"none","GSE274557","Pt11","HALLMARK_MYC_TARGETS_V2",0,0.77725,FALSE
"pcs","GSE274557","Pt11","HALLMARK_MYC_TARGETS_V2",0.25,0.801625,FALSE
"libsize","GSE274557","Pt12","HALLMARK_MYC_TARGETS_V2",0,0.6395,FALSE
"none","GSE274557","Pt12","HALLMARK_MYC_TARGETS_V2",0.25,0.637375,FALSE
"pcs","GSE274557","Pt12","HALLMARK_MYC_TARGETS_V2",0.25,0.579375,FALSE
"libsize","GSE274557","Pt13","HALLMARK_MYC_TARGETS_V2",0.428571428571429,0.777214285714286,FALSE
"none","GSE274557","Pt13","HALLMARK_MYC_TARGETS_V2",0.571428571428571,0.719142857142857,TRUE
"pcs","GSE274557","Pt13","HALLMARK_MYC_TARGETS_V2",0.428571428571429,0.772857142857143,FALSE
"libsize","GSE274557","Pt2","HALLMARK_MYC_TARGETS_V2",0.666666666666667,0.869,TRUE
"none","GSE274557","Pt2","HALLMARK_MYC_TARGETS_V2",0.333333333333333,0.408166666666667,FALSE
"pcs","GSE274557","Pt2","HALLMARK_MYC_TARGETS_V2",0.666666666666667,0.829,TRUE
"libsize","GSE274557","Pt3","HALLMARK_MYC_TARGETS_V2",0.5,0.870625,TRUE
"none","GSE274557","Pt3","HALLMARK_MYC_TARGETS_V2",0.5,0.875875,TRUE
"pcs","GSE274557","Pt3","HALLMARK_MYC_TARGETS_V2",0.5,0.78325,TRUE
"libsize","GSE274557","Pt4","HALLMARK_MYC_TARGETS_V2",0.75,0.84175,TRUE
"none","GSE274557","Pt4","HALLMARK_MYC_TARGETS_V2",0.75,0.75525,TRUE
"pcs","GSE274557","Pt4","HALLMARK_MYC_TARGETS_V2",0,0.847375,FALSE
"libsize","GSE274557","Pt5","HALLMARK_MYC_TARGETS_V2",0.666666666666667,0.977833333333333,TRUE
"none","GSE274557","Pt5","HALLMARK_MYC_TARGETS_V2",0.666666666666667,0.989333333333333,TRUE
"pcs","GSE274557","Pt5","HALLMARK_MYC_TARGETS_V2",1,0.998166666666667,TRUE
"libsize","GSE274557","Pt6","HALLMARK_MYC_TARGETS_V2",0.166666666666667,0.81,FALSE
"none","GSE274557","Pt6","HALLMARK_MYC_TARGETS_V2",0,0.493666666666667,FALSE
"pcs","GSE274557","Pt6","HALLMARK_MYC_TARGETS_V2",0.166666666666667,0.62425,FALSE
"libsize","GSE274557","Pt7","HALLMARK_MYC_TARGETS_V2",0.25,0.593,FALSE
"none","GSE274557","Pt7","HALLMARK_MYC_TARGETS_V2",0.25,0.755125,FALSE
"pcs","GSE274557","Pt7","HALLMARK_MYC_TARGETS_V2",0.5,0.85075,TRUE
"libsize","GSE274557","Pt8","HALLMARK_MYC_TARGETS_V2",0.8,0.9836,TRUE
"none","GSE274557","Pt8","HALLMARK_MYC_TARGETS_V2",0.8,0.9614,TRUE
"pcs","GSE274557","Pt8","HALLMARK_MYC_TARGETS_V2",0.2,0.8698,FALSE
"libsize","GSE274557","Pt9","HALLMARK_MYC_TARGETS_V2",0.5,0.908,TRUE
"none","GSE274557","Pt9","HALLMARK_MYC_TARGETS_V2",0,0.70575,FALSE
"pcs","GSE274557","Pt9","HALLMARK_MYC_TARGETS_V2",0.25,0.7835,FALSE
"libsize","GSE282302","C1_D1","HALLMARK_MYOGENESIS",1,0.9995,TRUE
"none","GSE282302","C1_D1","HALLMARK_MYOGENESIS",0,0.969,FALSE
"pcs","GSE282302","C1_D1","HALLMARK_MYOGENESIS",0,0.934,FALSE
"libsize","GSE282302","C1_D10","HALLMARK_MYOGENESIS",1,0.9995,TRUE
"none","GSE282302","C1_D10","HALLMARK_MYOGENESIS",1,0.99875,TRUE
"pcs","GSE282302","C1_D10","HALLMARK_MYOGENESIS",1,0.9995,TRUE
"libsize","GSE282302","C1_D11","HALLMARK_MYOGENESIS",1,0.9995,TRUE
"none","GSE282302","C1_D11","HALLMARK_MYOGENESIS",0,0.002,FALSE
"pcs","GSE282302","C1_D11","HALLMARK_MYOGENESIS",1,0.9995,TRUE
"libsize","GSE282302","C1_D12","HALLMARK_MYOGENESIS",1,0.9995,TRUE
"none","GSE282302","C1_D12","HALLMARK_MYOGENESIS",0.5,0.961,TRUE
"pcs","GSE282302","C1_D12","HALLMARK_MYOGENESIS",1,0.997,TRUE
"libsize","GSE282302","C1_D13","HALLMARK_MYOGENESIS",0.5,0.9355,TRUE
"none","GSE282302","C1_D13","HALLMARK_MYOGENESIS",0.5,0.98225,TRUE
"pcs","GSE282302","C1_D13","HALLMARK_MYOGENESIS",1,0.98775,TRUE
"libsize","GSE282302","C1_D14","HALLMARK_MYOGENESIS",1,0.998,TRUE
"none","GSE282302","C1_D14","HALLMARK_MYOGENESIS",0,0.00266666666666663,FALSE
"pcs","GSE282302","C1_D14","HALLMARK_MYOGENESIS",1,0.9985,TRUE
"libsize","GSE282302","C1_D2","HALLMARK_MYOGENESIS",1,0.9995,TRUE
"none","GSE282302","C1_D2","HALLMARK_MYOGENESIS",0,0.979,FALSE
"pcs","GSE282302","C1_D2","HALLMARK_MYOGENESIS",1,0.9995,TRUE
"libsize","GSE282302","C1_D3","HALLMARK_MYOGENESIS",1,0.9995,TRUE
"none","GSE282302","C1_D3","HALLMARK_MYOGENESIS",0,0.0555,FALSE
"pcs","GSE282302","C1_D3","HALLMARK_MYOGENESIS",0,0.6685,FALSE
"libsize","GSE282302","C1_D4","HALLMARK_MYOGENESIS",1,0.9995,TRUE
"none","GSE282302","C1_D4","HALLMARK_MYOGENESIS",0,0,FALSE
"pcs","GSE282302","C1_D4","HALLMARK_MYOGENESIS",1,0.9995,TRUE
"libsize","GSE282302","C1_D5","HALLMARK_MYOGENESIS",1,0.9995,TRUE
"none","GSE282302","C1_D5","HALLMARK_MYOGENESIS",0,0.00949999999999995,FALSE
"pcs","GSE282302","C1_D5","HALLMARK_MYOGENESIS",1,0.9995,TRUE
"libsize","GSE282302","C1_D6","HALLMARK_MYOGENESIS",1,0.994,TRUE
"none","GSE282302","C1_D6","HALLMARK_MYOGENESIS",1,0.99,TRUE
"pcs","GSE282302","C1_D6","HALLMARK_MYOGENESIS",0,0.935,FALSE
"libsize","GSE282302","C1_D7","HALLMARK_MYOGENESIS",1,0.9995,TRUE
"none","GSE282302","C1_D7","HALLMARK_MYOGENESIS",0,0.859,FALSE
"pcs","GSE282302","C1_D7","HALLMARK_MYOGENESIS",1,0.9975,TRUE
"libsize","GSE282302","C1_D8","HALLMARK_MYOGENESIS",1,0.9995,TRUE
"none","GSE282302","C1_D8","HALLMARK_MYOGENESIS",0.5,0.49975,TRUE
"pcs","GSE282302","C1_D8","HALLMARK_MYOGENESIS",0.5,0.96475,TRUE
"libsize","GSE282302","C1_D9","HALLMARK_MYOGENESIS",1,0.9995,TRUE
"none","GSE282302","C1_D9","HALLMARK_MYOGENESIS",1,0.9995,TRUE
"pcs","GSE282302","C1_D9","HALLMARK_MYOGENESIS",0,0.87275,FALSE
"libsize","GSE282302","C2_D1","HALLMARK_MYOGENESIS",1,0.9995,TRUE
"none","GSE282302","C2_D1","HALLMARK_MYOGENESIS",1,0.9995,TRUE
"pcs","GSE282302","C2_D1","HALLMARK_MYOGENESIS",1,0.9745,TRUE
"libsize","GSE282302","C2_D10","HALLMARK_MYOGENESIS",1,0.99725,TRUE
"none","GSE282302","C2_D10","HALLMARK_MYOGENESIS",0,0.570125,FALSE
"pcs","GSE282302","C2_D10","HALLMARK_MYOGENESIS",1,0.999125,TRUE
"libsize","GSE282302","C2_D11","HALLMARK_MYOGENESIS",1,0.9995,TRUE
"none","GSE282302","C2_D11","HALLMARK_MYOGENESIS",0.5,0.8245,TRUE
"pcs","GSE282302","C2_D11","HALLMARK_MYOGENESIS",0.75,0.981875,TRUE
"libsize","GSE282302","C2_D12","HALLMARK_MYOGENESIS",1,0.9995,TRUE
"none","GSE282302","C2_D12","HALLMARK_MYOGENESIS",0,0.6185,FALSE
"pcs","GSE282302","C2_D12","HALLMARK_MYOGENESIS",1,0.9995,TRUE
"libsize","GSE282302","C2_D13","HALLMARK_MYOGENESIS",1,0.9995,TRUE
"none","GSE282302","C2_D13","HALLMARK_MYOGENESIS",0,0.002,FALSE
"pcs","GSE282302","C2_D13","HALLMARK_MYOGENESIS",0,0.077,FALSE
"libsize","GSE282302","C2_D2","HALLMARK_MYOGENESIS",0,0.987,FALSE
"none","GSE282302","C2_D2","HALLMARK_MYOGENESIS",1,0.9995,TRUE
"pcs","GSE282302","C2_D2","HALLMARK_MYOGENESIS",1,0.9745,TRUE
"libsize","GSE282302","C2_D3","HALLMARK_MYOGENESIS",1,0.9995,TRUE
"none","GSE282302","C2_D3","HALLMARK_MYOGENESIS",1,0.986,TRUE
"pcs","GSE282302","C2_D3","HALLMARK_MYOGENESIS",1,0.9975,TRUE
"libsize","GSE282302","C2_D4","HALLMARK_MYOGENESIS",1,0.9995,TRUE
"none","GSE282302","C2_D4","HALLMARK_MYOGENESIS",1,0.999,TRUE
"pcs","GSE282302","C2_D4","HALLMARK_MYOGENESIS",1,0.992,TRUE
"libsize","GSE282302","C2_D5","HALLMARK_MYOGENESIS",0.5,0.63175,TRUE
"none","GSE282302","C2_D5","HALLMARK_MYOGENESIS",0,0.7415,FALSE
"pcs","GSE282302","C2_D5","HALLMARK_MYOGENESIS",1,0.99925,TRUE
"libsize","GSE282302","C2_D6","HALLMARK_MYOGENESIS",0,0.2445,FALSE
"none","GSE282302","C2_D6","HALLMARK_MYOGENESIS",0,0.4495,FALSE
"pcs","GSE282302","C2_D6","HALLMARK_MYOGENESIS",1,0.9995,TRUE
"libsize","GSE282302","C2_D7","HALLMARK_MYOGENESIS",1,0.9995,TRUE
"none","GSE282302","C2_D7","HALLMARK_MYOGENESIS",1,0.9995,TRUE
"pcs","GSE282302","C2_D7","HALLMARK_MYOGENESIS",1,0.9995,TRUE
"libsize","GSE282302","C2_D8","HALLMARK_MYOGENESIS",1,0.9995,TRUE
"none","GSE282302","C2_D8","HALLMARK_MYOGENESIS",0,0.1585,FALSE
"pcs","GSE282302","C2_D8","HALLMARK_MYOGENESIS",0.25,0.769125,FALSE
"libsize","GSE282302","C2_D9","HALLMARK_MYOGENESIS",0.333333333333333,0.953916666666667,FALSE
"none","GSE282302","C2_D9","HALLMARK_MYOGENESIS",0.166666666666667,0.405583333333333,FALSE
"pcs","GSE282302","C2_D9","HALLMARK_MYOGENESIS",0.166666666666667,0.703833333333333,FALSE
"libsize","GSE282302","C3_D1","HALLMARK_MYOGENESIS",0.75,0.866875,TRUE
"none","GSE282302","C3_D1","HALLMARK_MYOGENESIS",0.5,0.743,TRUE
"pcs","GSE282302","C3_D1","HALLMARK_MYOGENESIS",0.75,0.987625,TRUE
"libsize","GSE282302","C3_D10","HALLMARK_MYOGENESIS",0.75,0.986625,TRUE
"none","GSE282302","C3_D10","HALLMARK_MYOGENESIS",1,0.996625,TRUE
"pcs","GSE282302","C3_D10","HALLMARK_MYOGENESIS",1,0.999125,TRUE
"libsize","GSE282302","C3_D11","HALLMARK_MYOGENESIS",1,0.998125,TRUE
"none","GSE282302","C3_D11","HALLMARK_MYOGENESIS",0.25,0.442125,FALSE
"pcs","GSE282302","C3_D11","HALLMARK_MYOGENESIS",0.75,0.989625,TRUE
"libsize","GSE282302","C3_D12","HALLMARK_MYOGENESIS",0.875,0.9956875,TRUE
"none","GSE282302","C3_D12","HALLMARK_MYOGENESIS",0.875,0.9240625,TRUE
"pcs","GSE282302","C3_D12","HALLMARK_MYOGENESIS",1,0.996625,TRUE
"libsize","GSE282302","C3_D2","HALLMARK_MYOGENESIS",0.5,0.887625,TRUE
"none","GSE282302","C3_D2","HALLMARK_MYOGENESIS",0.75,0.7675,TRUE
"pcs","GSE282302","C3_D2","HALLMARK_MYOGENESIS",1,0.9985,TRUE
"libsize","GSE282302","C3_D3","HALLMARK_MYOGENESIS",0.5,0.861375,TRUE
"none","GSE282302","C3_D3","HALLMARK_MYOGENESIS",0.5,0.732375,TRUE
"pcs","GSE282302","C3_D3","HALLMARK_MYOGENESIS",0.75,0.98775,TRUE
"libsize","GSE282302","C3_D4","HALLMARK_MYOGENESIS",1,0.9995,TRUE
"none","GSE282302","C3_D4","HALLMARK_MYOGENESIS",0.5,0.724125,TRUE
"pcs","GSE282302","C3_D4","HALLMARK_MYOGENESIS",0.75,0.988125,TRUE
"libsize","GSE282302","C3_D5","HALLMARK_MYOGENESIS",0.75,0.830375,TRUE
"none","GSE282302","C3_D5","HALLMARK_MYOGENESIS",0.25,0.42325,FALSE
"pcs","GSE282302","C3_D5","HALLMARK_MYOGENESIS",1,0.9995,TRUE
"libsize","GSE282302","C3_D6","HALLMARK_MYOGENESIS",1,0.9995,TRUE
"none","GSE282302","C3_D6","HALLMARK_MYOGENESIS",1,0.9995,TRUE
"pcs","GSE282302","C3_D6","HALLMARK_MYOGENESIS",0.75,0.97675,TRUE
"libsize","GSE282302","C3_D7","HALLMARK_MYOGENESIS",1,0.9995,TRUE
"none","GSE282302","C3_D7","HALLMARK_MYOGENESIS",1,0.9995,TRUE
"pcs","GSE282302","C3_D7","HALLMARK_MYOGENESIS",1,0.999375,TRUE
"libsize","GSE282302","C3_D8","HALLMARK_MYOGENESIS",0.75,0.784375,TRUE
"none","GSE282302","C3_D8","HALLMARK_MYOGENESIS",0.5,0.629375,TRUE
"pcs","GSE282302","C3_D8","HALLMARK_MYOGENESIS",0.75,0.97575,TRUE
"libsize","GSE282302","C3_D9","HALLMARK_MYOGENESIS",0.75,0.755,TRUE
"none","GSE282302","C3_D9","HALLMARK_MYOGENESIS",0.75,0.986125,TRUE
"pcs","GSE282302","C3_D9","HALLMARK_MYOGENESIS",1,0.9995,TRUE
"libsize","GSE274557","Pt1","HALLMARK_MYOGENESIS",1,0.9995,TRUE
"none","GSE274557","Pt1","HALLMARK_MYOGENESIS",0,0.94125,FALSE
"pcs","GSE274557","Pt1","HALLMARK_MYOGENESIS",0.5,0.988,TRUE
"libsize","GSE274557","Pt10","HALLMARK_MYOGENESIS",1,0.9995,TRUE
"none","GSE274557","Pt10","HALLMARK_MYOGENESIS",0.5,0.72975,TRUE
"pcs","GSE274557","Pt10","HALLMARK_MYOGENESIS",0.25,0.783875,FALSE
"libsize","GSE274557","Pt11","HALLMARK_MYOGENESIS",1,0.999375,TRUE
"none","GSE274557","Pt11","HALLMARK_MYOGENESIS",0.5,0.992,TRUE
"pcs","GSE274557","Pt11","HALLMARK_MYOGENESIS",0.25,0.934375,FALSE
"libsize","GSE274557","Pt12","HALLMARK_MYOGENESIS",1,0.999375,TRUE
"none","GSE274557","Pt12","HALLMARK_MYOGENESIS",0,0.1065,FALSE
"pcs","GSE274557","Pt12","HALLMARK_MYOGENESIS",0.5,0.842,TRUE
"libsize","GSE274557","Pt13","HALLMARK_MYOGENESIS",0.714285714285714,0.874214285714286,TRUE
"none","GSE274557","Pt13","HALLMARK_MYOGENESIS",0.285714285714286,0.345857142857143,FALSE
"pcs","GSE274557","Pt13","HALLMARK_MYOGENESIS",0.428571428571429,0.859571428571429,FALSE
"libsize","GSE274557","Pt2","HALLMARK_MYOGENESIS",1,0.9995,TRUE
"none","GSE274557","Pt2","HALLMARK_MYOGENESIS",0.333333333333333,0.337166666666667,FALSE
"pcs","GSE274557","Pt2","HALLMARK_MYOGENESIS",1,0.992833333333333,TRUE
"libsize","GSE274557","Pt3","HALLMARK_MYOGENESIS",1,0.9975,TRUE
"none","GSE274557","Pt3","HALLMARK_MYOGENESIS",0.25,0.586,FALSE
"pcs","GSE274557","Pt3","HALLMARK_MYOGENESIS",0,0.73375,FALSE
"libsize","GSE274557","Pt4","HALLMARK_MYOGENESIS",1,0.9995,TRUE
"none","GSE274557","Pt4","HALLMARK_MYOGENESIS",0.25,0.35425,FALSE
"pcs","GSE274557","Pt4","HALLMARK_MYOGENESIS",0.25,0.807125,FALSE
"libsize","GSE274557","Pt5","HALLMARK_MYOGENESIS",0.666666666666667,0.763833333333333,TRUE
"none","GSE274557","Pt5","HALLMARK_MYOGENESIS",0.666666666666667,0.708166666666667,TRUE
"pcs","GSE274557","Pt5","HALLMARK_MYOGENESIS",0.333333333333333,0.811833333333333,FALSE
"libsize","GSE274557","Pt6","HALLMARK_MYOGENESIS",1,0.999166666666667,TRUE
"none","GSE274557","Pt6","HALLMARK_MYOGENESIS",0.833333333333333,0.833,TRUE
"pcs","GSE274557","Pt6","HALLMARK_MYOGENESIS",0.333333333333333,0.78975,FALSE
"libsize","GSE274557","Pt7","HALLMARK_MYOGENESIS",0.75,0.832375,TRUE
"none","GSE274557","Pt7","HALLMARK_MYOGENESIS",0.5,0.625,TRUE
"pcs","GSE274557","Pt7","HALLMARK_MYOGENESIS",0.75,0.901375,TRUE
"libsize","GSE274557","Pt8","HALLMARK_MYOGENESIS",0.6,0.925,TRUE
"none","GSE274557","Pt8","HALLMARK_MYOGENESIS",0,0.0358,FALSE
"pcs","GSE274557","Pt8","HALLMARK_MYOGENESIS",0.6,0.8738,TRUE
"libsize","GSE274557","Pt9","HALLMARK_MYOGENESIS",0.75,0.988875,TRUE
"none","GSE274557","Pt9","HALLMARK_MYOGENESIS",0.25,0.481875,FALSE
"pcs","GSE274557","Pt9","HALLMARK_MYOGENESIS",0.5,0.977,TRUE
"libsize","GSE282302","C1_D1","HALLMARK_NOTCH_SIGNALING",0,0.29,FALSE
"none","GSE282302","C1_D1","HALLMARK_NOTCH_SIGNALING",0,0.152,FALSE
"pcs","GSE282302","C1_D1","HALLMARK_NOTCH_SIGNALING",0,0.497,FALSE
"libsize","GSE282302","C1_D10","HALLMARK_NOTCH_SIGNALING",0,0.79475,FALSE
"none","GSE282302","C1_D10","HALLMARK_NOTCH_SIGNALING",0,0.78375,FALSE
"pcs","GSE282302","C1_D10","HALLMARK_NOTCH_SIGNALING",0,0.821,FALSE
"libsize","GSE282302","C1_D11","HALLMARK_NOTCH_SIGNALING",0.5,0.864,TRUE
"none","GSE282302","C1_D11","HALLMARK_NOTCH_SIGNALING",0,0.3845,FALSE
"pcs","GSE282302","C1_D11","HALLMARK_NOTCH_SIGNALING",0,0.7175,FALSE
"libsize","GSE282302","C1_D12","HALLMARK_NOTCH_SIGNALING",0.5,0.94275,TRUE
"none","GSE282302","C1_D12","HALLMARK_NOTCH_SIGNALING",0,0.929,FALSE
"pcs","GSE282302","C1_D12","HALLMARK_NOTCH_SIGNALING",0,0.68525,FALSE
"libsize","GSE282302","C1_D13","HALLMARK_NOTCH_SIGNALING",0.5,0.89225,TRUE
"none","GSE282302","C1_D13","HALLMARK_NOTCH_SIGNALING",0,0.90425,FALSE
"pcs","GSE282302","C1_D13","HALLMARK_NOTCH_SIGNALING",0,0.5485,FALSE
"libsize","GSE282302","C1_D14","HALLMARK_NOTCH_SIGNALING",0,0.644,FALSE
"none","GSE282302","C1_D14","HALLMARK_NOTCH_SIGNALING",0,0.3575,FALSE
"pcs","GSE282302","C1_D14","HALLMARK_NOTCH_SIGNALING",0,0.491166666666667,FALSE
"libsize","GSE282302","C1_D2","HALLMARK_NOTCH_SIGNALING",0,0.1465,FALSE
"none","GSE282302","C1_D2","HALLMARK_NOTCH_SIGNALING",0,0.1755,FALSE
"pcs","GSE282302","C1_D2","HALLMARK_NOTCH_SIGNALING",0,0.3895,FALSE
"libsize","GSE282302","C1_D3","HALLMARK_NOTCH_SIGNALING",0,0.56,FALSE
"none","GSE282302","C1_D3","HALLMARK_NOTCH_SIGNALING",0,0.848,FALSE
"pcs","GSE282302","C1_D3","HALLMARK_NOTCH_SIGNALING",0,0.473,FALSE
"libsize","GSE282302","C1_D4","HALLMARK_NOTCH_SIGNALING",0,0.1595,FALSE
"none","GSE282302","C1_D4","HALLMARK_NOTCH_SIGNALING",0,0.6155,FALSE
"pcs","GSE282302","C1_D4","HALLMARK_NOTCH_SIGNALING",0,0.264,FALSE
"libsize","GSE282302","C1_D5","HALLMARK_NOTCH_SIGNALING",0,0.492,FALSE
"none","GSE282302","C1_D5","HALLMARK_NOTCH_SIGNALING",0,0.7345,FALSE
"pcs","GSE282302","C1_D5","HALLMARK_NOTCH_SIGNALING",0,0.4205,FALSE
"libsize","GSE282302","C1_D6","HALLMARK_NOTCH_SIGNALING",0,0.6625,FALSE
"none","GSE282302","C1_D6","HALLMARK_NOTCH_SIGNALING",0,0.362,FALSE
"pcs","GSE282302","C1_D6","HALLMARK_NOTCH_SIGNALING",0,0.518,FALSE
"libsize","GSE282302","C1_D7","HALLMARK_NOTCH_SIGNALING",0,0.775,FALSE
"none","GSE282302","C1_D7","HALLMARK_NOTCH_SIGNALING",0,0.6055,FALSE
"pcs","GSE282302","C1_D7","HALLMARK_NOTCH_SIGNALING",0,0.4965,FALSE
"libsize","GSE282302","C1_D8","HALLMARK_NOTCH_SIGNALING",0.5,0.60775,TRUE
"none","GSE282302","C1_D8","HALLMARK_NOTCH_SIGNALING",0.5,0.61,TRUE
"pcs","GSE282302","C1_D8","HALLMARK_NOTCH_SIGNALING",0,0.60025,FALSE
"libsize","GSE282302","C1_D9","HALLMARK_NOTCH_SIGNALING",0,0.407,FALSE
"none","GSE282302","C1_D9","HALLMARK_NOTCH_SIGNALING",0,0.54525,FALSE
"pcs","GSE282302","C1_D9","HALLMARK_NOTCH_SIGNALING",0,0.383,FALSE
"libsize","GSE282302","C2_D1","HALLMARK_NOTCH_SIGNALING",0,0.4,FALSE
"none","GSE282302","C2_D1","HALLMARK_NOTCH_SIGNALING",0,0.697,FALSE
"pcs","GSE282302","C2_D1","HALLMARK_NOTCH_SIGNALING",0,0.421,FALSE
"libsize","GSE282302","C2_D10","HALLMARK_NOTCH_SIGNALING",0,0.807625,FALSE
"none","GSE282302","C2_D10","HALLMARK_NOTCH_SIGNALING",0,0.681,FALSE
"pcs","GSE282302","C2_D10","HALLMARK_NOTCH_SIGNALING",0,0.56525,FALSE
"libsize","GSE282302","C2_D11","HALLMARK_NOTCH_SIGNALING",0.5,0.8919375,TRUE
"none","GSE282302","C2_D11","HALLMARK_NOTCH_SIGNALING",0.25,0.8361875,FALSE
"pcs","GSE282302","C2_D11","HALLMARK_NOTCH_SIGNALING",0.125,0.5526875,FALSE
"libsize","GSE282302","C2_D12","HALLMARK_NOTCH_SIGNALING",0,0.6505,FALSE
"none","GSE282302","C2_D12","HALLMARK_NOTCH_SIGNALING",0,0.731,FALSE
"pcs","GSE282302","C2_D12","HALLMARK_NOTCH_SIGNALING",0,0.176,FALSE
"libsize","GSE282302","C2_D13","HALLMARK_NOTCH_SIGNALING",0,0.9485,FALSE
"none","GSE282302","C2_D13","HALLMARK_NOTCH_SIGNALING",0,0.924,FALSE
"pcs","GSE282302","C2_D13","HALLMARK_NOTCH_SIGNALING",1,0.983,TRUE
"libsize","GSE282302","C2_D2","HALLMARK_NOTCH_SIGNALING",0,0.937,FALSE
"none","GSE282302","C2_D2","HALLMARK_NOTCH_SIGNALING",0,0.9405,FALSE
"pcs","GSE282302","C2_D2","HALLMARK_NOTCH_SIGNALING",0,0.6085,FALSE
"libsize","GSE282302","C2_D3","HALLMARK_NOTCH_SIGNALING",0,0.8525,FALSE
"none","GSE282302","C2_D3","HALLMARK_NOTCH_SIGNALING",0,0.7915,FALSE
"pcs","GSE282302","C2_D3","HALLMARK_NOTCH_SIGNALING",0,0.7245,FALSE
"libsize","GSE282302","C2_D4","HALLMARK_NOTCH_SIGNALING",0,0.792,FALSE
"none","GSE282302","C2_D4","HALLMARK_NOTCH_SIGNALING",0,0.743,FALSE
"pcs","GSE282302","C2_D4","HALLMARK_NOTCH_SIGNALING",0,0.9855,FALSE
"libsize","GSE282302","C2_D5","HALLMARK_NOTCH_SIGNALING",0,0.64,FALSE
"none","GSE282302","C2_D5","HALLMARK_NOTCH_SIGNALING",0,0.8235,FALSE
"pcs","GSE282302","C2_D5","HALLMARK_NOTCH_SIGNALING",0,0.35725,FALSE
"libsize","GSE282302","C2_D6","HALLMARK_NOTCH_SIGNALING",0,0.7615,FALSE
"none","GSE282302","C2_D6","HALLMARK_NOTCH_SIGNALING",0,0.63425,FALSE
"pcs","GSE282302","C2_D6","HALLMARK_NOTCH_SIGNALING",0,0.76075,FALSE
"libsize","GSE282302","C2_D7","HALLMARK_NOTCH_SIGNALING",0,0.732,FALSE
"none","GSE282302","C2_D7","HALLMARK_NOTCH_SIGNALING",0,0.83825,FALSE
"pcs","GSE282302","C2_D7","HALLMARK_NOTCH_SIGNALING",0,0.435,FALSE
"libsize","GSE282302","C2_D8","HALLMARK_NOTCH_SIGNALING",0,0.701,FALSE
"none","GSE282302","C2_D8","HALLMARK_NOTCH_SIGNALING",0,0.52925,FALSE
"pcs","GSE282302","C2_D8","HALLMARK_NOTCH_SIGNALING",0,0.524375,FALSE
"libsize","GSE282302","C2_D9","HALLMARK_NOTCH_SIGNALING",0,0.820666666666667,FALSE
"none","GSE282302","C2_D9","HALLMARK_NOTCH_SIGNALING",0,0.849916666666667,FALSE
"pcs","GSE282302","C2_D9","HALLMARK_NOTCH_SIGNALING",0,0.273083333333333,FALSE
"libsize","GSE282302","C3_D1","HALLMARK_NOTCH_SIGNALING",0,0.7665,FALSE
"none","GSE282302","C3_D1","HALLMARK_NOTCH_SIGNALING",0.25,0.650625,FALSE
"pcs","GSE282302","C3_D1","HALLMARK_NOTCH_SIGNALING",0,0.487,FALSE
"libsize","GSE282302","C3_D10","HALLMARK_NOTCH_SIGNALING",0.5,0.9475,TRUE
"none","GSE282302","C3_D10","HALLMARK_NOTCH_SIGNALING",0.5,0.94975,TRUE
"pcs","GSE282302","C3_D10","HALLMARK_NOTCH_SIGNALING",0,0.714875,FALSE
"libsize","GSE282302","C3_D11","HALLMARK_NOTCH_SIGNALING",1,0.99275,TRUE
"none","GSE282302","C3_D11","HALLMARK_NOTCH_SIGNALING",0.75,0.9875,TRUE
"pcs","GSE282302","C3_D11","HALLMARK_NOTCH_SIGNALING",0,0.526625,FALSE
"libsize","GSE282302","C3_D12","HALLMARK_NOTCH_SIGNALING",0.125,0.8528125,FALSE
"none","GSE282302","C3_D12","HALLMARK_NOTCH_SIGNALING",0.625,0.8973125,TRUE
"pcs","GSE282302","C3_D12","HALLMARK_NOTCH_SIGNALING",0,0.7428125,FALSE
"libsize","GSE282302","C3_D2","HALLMARK_NOTCH_SIGNALING",0,0.889,FALSE
"none","GSE282302","C3_D2","HALLMARK_NOTCH_SIGNALING",0.25,0.877125,FALSE
"pcs","GSE282302","C3_D2","HALLMARK_NOTCH_SIGNALING",0,0.6035,FALSE
"libsize","GSE282302","C3_D3","HALLMARK_NOTCH_SIGNALING",0.25,0.89825,FALSE
"none","GSE282302","C3_D3","HALLMARK_NOTCH_SIGNALING",0,0.929375,FALSE
"pcs","GSE282302","C3_D3","HALLMARK_NOTCH_SIGNALING",0,0.450625,FALSE
"libsize","GSE282302","C3_D4","HALLMARK_NOTCH_SIGNALING",0.25,0.767625,FALSE
"none","GSE282302","C3_D4","HALLMARK_NOTCH_SIGNALING",0.25,0.794625,FALSE
"pcs","GSE282302","C3_D4","HALLMARK_NOTCH_SIGNALING",0,0.499125,FALSE
"libsize","GSE282302","C3_D5","HALLMARK_NOTCH_SIGNALING",0.5,0.901125,TRUE
"none","GSE282302","C3_D5","HALLMARK_NOTCH_SIGNALING",0.25,0.807375,FALSE
"pcs","GSE282302","C3_D5","HALLMARK_NOTCH_SIGNALING",0,0.842,FALSE
"libsize","GSE282302","C3_D6","HALLMARK_NOTCH_SIGNALING",0.25,0.91125,FALSE
"none","GSE282302","C3_D6","HALLMARK_NOTCH_SIGNALING",0.25,0.872875,FALSE
"pcs","GSE282302","C3_D6","HALLMARK_NOTCH_SIGNALING",0,0.761625,FALSE
"libsize","GSE282302","C3_D7","HALLMARK_NOTCH_SIGNALING",0.25,0.89325,FALSE
"none","GSE282302","C3_D7","HALLMARK_NOTCH_SIGNALING",0.25,0.92725,FALSE
"pcs","GSE282302","C3_D7","HALLMARK_NOTCH_SIGNALING",0,0.67625,FALSE
"libsize","GSE282302","C3_D8","HALLMARK_NOTCH_SIGNALING",0,0.764125,FALSE
"none","GSE282302","C3_D8","HALLMARK_NOTCH_SIGNALING",0,0.712625,FALSE
"pcs","GSE282302","C3_D8","HALLMARK_NOTCH_SIGNALING",0.25,0.755375,FALSE
"libsize","GSE282302","C3_D9","HALLMARK_NOTCH_SIGNALING",0,0.928375,FALSE
"none","GSE282302","C3_D9","HALLMARK_NOTCH_SIGNALING",0,0.74375,FALSE
"pcs","GSE282302","C3_D9","HALLMARK_NOTCH_SIGNALING",0,0.425,FALSE
"libsize","GSE274557","Pt1","HALLMARK_NOTCH_SIGNALING",0.5,0.896,TRUE
"none","GSE274557","Pt1","HALLMARK_NOTCH_SIGNALING",0.5,0.7595,TRUE
"pcs","GSE274557","Pt1","HALLMARK_NOTCH_SIGNALING",0,0.3145,FALSE
"libsize","GSE274557","Pt10","HALLMARK_NOTCH_SIGNALING",0.75,0.835375,TRUE
"none","GSE274557","Pt10","HALLMARK_NOTCH_SIGNALING",0.25,0.704125,FALSE
"pcs","GSE274557","Pt10","HALLMARK_NOTCH_SIGNALING",0,0.73825,FALSE
"libsize","GSE274557","Pt11","HALLMARK_NOTCH_SIGNALING",0.25,0.8355,FALSE
"none","GSE274557","Pt11","HALLMARK_NOTCH_SIGNALING",0,0.68675,FALSE
"pcs","GSE274557","Pt11","HALLMARK_NOTCH_SIGNALING",0,0.578,FALSE
"libsize","GSE274557","Pt12","HALLMARK_NOTCH_SIGNALING",0.25,0.873125,FALSE
"none","GSE274557","Pt12","HALLMARK_NOTCH_SIGNALING",0,0.484375,FALSE
"pcs","GSE274557","Pt12","HALLMARK_NOTCH_SIGNALING",0,0.4565,FALSE
"libsize","GSE274557","Pt13","HALLMARK_NOTCH_SIGNALING",0.142857142857143,0.804571428571429,FALSE
"none","GSE274557","Pt13","HALLMARK_NOTCH_SIGNALING",0,0.817571428571429,FALSE
"pcs","GSE274557","Pt13","HALLMARK_NOTCH_SIGNALING",0,0.423714285714286,FALSE
"libsize","GSE274557","Pt2","HALLMARK_NOTCH_SIGNALING",0,0.862833333333333,FALSE
"none","GSE274557","Pt2","HALLMARK_NOTCH_SIGNALING",0,0.743833333333333,FALSE
"pcs","GSE274557","Pt2","HALLMARK_NOTCH_SIGNALING",0,0.511666666666667,FALSE
"libsize","GSE274557","Pt3","HALLMARK_NOTCH_SIGNALING",0.5,0.887375,TRUE
"none","GSE274557","Pt3","HALLMARK_NOTCH_SIGNALING",0.25,0.68675,FALSE
"pcs","GSE274557","Pt3","HALLMARK_NOTCH_SIGNALING",0,0.70825,FALSE
"libsize","GSE274557","Pt4","HALLMARK_NOTCH_SIGNALING",0,0.776875,FALSE
"none","GSE274557","Pt4","HALLMARK_NOTCH_SIGNALING",0,0.627375,FALSE
"pcs","GSE274557","Pt4","HALLMARK_NOTCH_SIGNALING",0,0.44725,FALSE
"libsize","GSE274557","Pt5","HALLMARK_NOTCH_SIGNALING",0,0.843166666666667,FALSE
"none","GSE274557","Pt5","HALLMARK_NOTCH_SIGNALING",0,0.7705,FALSE
"pcs","GSE274557","Pt5","HALLMARK_NOTCH_SIGNALING",0,0.489333333333333,FALSE
"libsize","GSE274557","Pt6","HALLMARK_NOTCH_SIGNALING",0.333333333333333,0.812583333333333,FALSE
"none","GSE274557","Pt6","HALLMARK_NOTCH_SIGNALING",0.333333333333333,0.8555,FALSE
"pcs","GSE274557","Pt6","HALLMARK_NOTCH_SIGNALING",0,0.595333333333333,FALSE
"libsize","GSE274557","Pt7","HALLMARK_NOTCH_SIGNALING",0.5,0.89125,TRUE
"none","GSE274557","Pt7","HALLMARK_NOTCH_SIGNALING",0.25,0.847375,FALSE
"pcs","GSE274557","Pt7","HALLMARK_NOTCH_SIGNALING",0,0.579,FALSE
"libsize","GSE274557","Pt8","HALLMARK_NOTCH_SIGNALING",0.2,0.6697,FALSE
"none","GSE274557","Pt8","HALLMARK_NOTCH_SIGNALING",0,0.6708,FALSE
"pcs","GSE274557","Pt8","HALLMARK_NOTCH_SIGNALING",0,0.5711,FALSE
"libsize","GSE274557","Pt9","HALLMARK_NOTCH_SIGNALING",0,0.787875,FALSE
"none","GSE274557","Pt9","HALLMARK_NOTCH_SIGNALING",0,0.728375,FALSE
"pcs","GSE274557","Pt9","HALLMARK_NOTCH_SIGNALING",0,0.552,FALSE
"libsize","GSE282302","C1_D1","HALLMARK_OXIDATIVE_PHOSPHORYLATION",0,0.2365,FALSE
"none","GSE282302","C1_D1","HALLMARK_OXIDATIVE_PHOSPHORYLATION",0,0.2325,FALSE
"pcs","GSE282302","C1_D1","HALLMARK_OXIDATIVE_PHOSPHORYLATION",0,0.8535,FALSE
"libsize","GSE282302","C1_D10","HALLMARK_OXIDATIVE_PHOSPHORYLATION",0,0.05225,FALSE
"none","GSE282302","C1_D10","HALLMARK_OXIDATIVE_PHOSPHORYLATION",0.5,0.49975,TRUE
"pcs","GSE282302","C1_D10","HALLMARK_OXIDATIVE_PHOSPHORYLATION",0.5,0.88025,TRUE
"libsize","GSE282302","C1_D11","HALLMARK_OXIDATIVE_PHOSPHORYLATION",0,0.58775,FALSE
"none","GSE282302","C1_D11","HALLMARK_OXIDATIVE_PHOSPHORYLATION",0.5,0.9775,TRUE
"pcs","GSE282302","C1_D11","HALLMARK_OXIDATIVE_PHOSPHORYLATION",0,0.7215,FALSE
"libsize","GSE282302","C1_D12","HALLMARK_OXIDATIVE_PHOSPHORYLATION",1,0.99925,TRUE
"none","GSE282302","C1_D12","HALLMARK_OXIDATIVE_PHOSPHORYLATION",1,0.9935,TRUE
"pcs","GSE282302","C1_D12","HALLMARK_OXIDATIVE_PHOSPHORYLATION",1,0.9995,TRUE
"libsize","GSE282302","C1_D13","HALLMARK_OXIDATIVE_PHOSPHORYLATION",1,0.97425,TRUE
"none","GSE282302","C1_D13","HALLMARK_OXIDATIVE_PHOSPHORYLATION",0.5,0.501,TRUE
"pcs","GSE282302","C1_D13","HALLMARK_OXIDATIVE_PHOSPHORYLATION",0,0.783,FALSE
"libsize","GSE282302","C1_D14","HALLMARK_OXIDATIVE_PHOSPHORYLATION",0.666666666666667,0.9825,TRUE
"none","GSE282302","C1_D14","HALLMARK_OXIDATIVE_PHOSPHORYLATION",0.333333333333333,0.9375,FALSE
"pcs","GSE282302","C1_D14","HALLMARK_OXIDATIVE_PHOSPHORYLATION",0.333333333333333,0.784833333333333,FALSE
"libsize","GSE282302","C1_D2","HALLMARK_OXIDATIVE_PHOSPHORYLATION",1,0.9995,TRUE
"none","GSE282302","C1_D2","HALLMARK_OXIDATIVE_PHOSPHORYLATION",1,0.9995,TRUE
"pcs","GSE282302","C1_D2","HALLMARK_OXIDATIVE_PHOSPHORYLATION",0,0.972,FALSE
"libsize","GSE282302","C1_D3","HALLMARK_OXIDATIVE_PHOSPHORYLATION",1,0.999,TRUE
"none","GSE282302","C1_D3","HALLMARK_OXIDATIVE_PHOSPHORYLATION",0,0.004,FALSE
"pcs","GSE282302","C1_D3","HALLMARK_OXIDATIVE_PHOSPHORYLATION",1,0.997,TRUE
"libsize","GSE282302","C1_D4","HALLMARK_OXIDATIVE_PHOSPHORYLATION",0,0.8275,FALSE
"none","GSE282302","C1_D4","HALLMARK_OXIDATIVE_PHOSPHORYLATION",0,0.7135,FALSE
"pcs","GSE282302","C1_D4","HALLMARK_OXIDATIVE_PHOSPHORYLATION",1,0.982,TRUE
"libsize","GSE282302","C1_D5","HALLMARK_OXIDATIVE_PHOSPHORYLATION",1,0.977,TRUE
"none","GSE282302","C1_D5","HALLMARK_OXIDATIVE_PHOSPHORYLATION",0,0.1445,FALSE
"pcs","GSE282302","C1_D5","HALLMARK_OXIDATIVE_PHOSPHORYLATION",1,0.9995,TRUE
"libsize","GSE282302","C1_D6","HALLMARK_OXIDATIVE_PHOSPHORYLATION",0,0.0275,FALSE
"none","GSE282302","C1_D6","HALLMARK_OXIDATIVE_PHOSPHORYLATION",0,0.082,FALSE
"pcs","GSE282302","C1_D6","HALLMARK_OXIDATIVE_PHOSPHORYLATION",1,0.9995,TRUE
"libsize","GSE282302","C1_D7","HALLMARK_OXIDATIVE_PHOSPHORYLATION",1,0.972,TRUE
"none","GSE282302","C1_D7","HALLMARK_OXIDATIVE_PHOSPHORYLATION",1,0.9995,TRUE
"pcs","GSE282302","C1_D7","HALLMARK_OXIDATIVE_PHOSPHORYLATION",1,0.9995,TRUE
"libsize","GSE282302","C1_D8","HALLMARK_OXIDATIVE_PHOSPHORYLATION",0.5,0.9075,TRUE
"none","GSE282302","C1_D8","HALLMARK_OXIDATIVE_PHOSPHORYLATION",0,0.54525,FALSE
"pcs","GSE282302","C1_D8","HALLMARK_OXIDATIVE_PHOSPHORYLATION",1,0.99775,TRUE
"libsize","GSE282302","C1_D9","HALLMARK_OXIDATIVE_PHOSPHORYLATION",0.5,0.9575,TRUE
"none","GSE282302","C1_D9","HALLMARK_OXIDATIVE_PHOSPHORYLATION",0,0.53825,FALSE
"pcs","GSE282302","C1_D9","HALLMARK_OXIDATIVE_PHOSPHORYLATION",0,0.976,FALSE
"libsize","GSE282302","C2_D1","HALLMARK_OXIDATIVE_PHOSPHORYLATION",1,0.9995,TRUE
"none","GSE282302","C2_D1","HALLMARK_OXIDATIVE_PHOSPHORYLATION",0,0.0555,FALSE
"pcs","GSE282302","C2_D1","HALLMARK_OXIDATIVE_PHOSPHORYLATION",1,0.9995,TRUE
"libsize","GSE282302","C2_D10","HALLMARK_OXIDATIVE_PHOSPHORYLATION",1,0.994625,TRUE
"none","GSE282302","C2_D10","HALLMARK_OXIDATIVE_PHOSPHORYLATION",1,0.99325,TRUE
"pcs","GSE282302","C2_D10","HALLMARK_OXIDATIVE_PHOSPHORYLATION",1,0.99525,TRUE
"libsize","GSE282302","C2_D11","HALLMARK_OXIDATIVE_PHOSPHORYLATION",0.375,0.5545,FALSE
"none","GSE282302","C2_D11","HALLMARK_OXIDATIVE_PHOSPHORYLATION",0.25,0.587,FALSE
"pcs","GSE282302","C2_D11","HALLMARK_OXIDATIVE_PHOSPHORYLATION",1,0.9983125,TRUE
"libsize","GSE282302","C2_D12","HALLMARK_OXIDATIVE_PHOSPHORYLATION",1,0.9995,TRUE
"none","GSE282302","C2_D12","HALLMARK_OXIDATIVE_PHOSPHORYLATION",1,0.9995,TRUE
"pcs","GSE282302","C2_D12","HALLMARK_OXIDATIVE_PHOSPHORYLATION",0,0.99,FALSE
"libsize","GSE282302","C2_D13","HALLMARK_OXIDATIVE_PHOSPHORYLATION",1,0.98,TRUE
"none","GSE282302","C2_D13","HALLMARK_OXIDATIVE_PHOSPHORYLATION",0,0.583,FALSE
"pcs","GSE282302","C2_D13","HALLMARK_OXIDATIVE_PHOSPHORYLATION",1,0.9995,TRUE
"libsize","GSE282302","C2_D2","HALLMARK_OXIDATIVE_PHOSPHORYLATION",0,0.003,FALSE
"none","GSE282302","C2_D2","HALLMARK_OXIDATIVE_PHOSPHORYLATION",0,0,FALSE
"pcs","GSE282302","C2_D2","HALLMARK_OXIDATIVE_PHOSPHORYLATION",1,0.9995,TRUE
"libsize","GSE282302","C2_D3","HALLMARK_OXIDATIVE_PHOSPHORYLATION",1,0.9995,TRUE
"none","GSE282302","C2_D3","HALLMARK_OXIDATIVE_PHOSPHORYLATION",0,0.887,FALSE
"pcs","GSE282302","C2_D3","HALLMARK_OXIDATIVE_PHOSPHORYLATION",1,0.9915,TRUE
"libsize","GSE282302","C2_D4","HALLMARK_OXIDATIVE_PHOSPHORYLATION",0,0.076,FALSE
"none","GSE282302","C2_D4","HALLMARK_OXIDATIVE_PHOSPHORYLATION",1,0.985,TRUE
"pcs","GSE282302","C2_D4","HALLMARK_OXIDATIVE_PHOSPHORYLATION",0,0.8075,FALSE
"libsize","GSE282302","C2_D5","HALLMARK_OXIDATIVE_PHOSPHORYLATION",0.5,0.504,TRUE
"none","GSE282302","C2_D5","HALLMARK_OXIDATIVE_PHOSPHORYLATION",0,0.45575,FALSE
"pcs","GSE282302","C2_D5","HALLMARK_OXIDATIVE_PHOSPHORYLATION",0.5,0.61325,TRUE
"libsize","GSE282302","C2_D6","HALLMARK_OXIDATIVE_PHOSPHORYLATION",0,0.185,FALSE
"none","GSE282302","C2_D6","HALLMARK_OXIDATIVE_PHOSPHORYLATION",0,0.28075,FALSE
"pcs","GSE282302","C2_D6","HALLMARK_OXIDATIVE_PHOSPHORYLATION",1,0.9995,TRUE
"libsize","GSE282302","C2_D7","HALLMARK_OXIDATIVE_PHOSPHORYLATION",1,0.9995,TRUE
"none","GSE282302","C2_D7","HALLMARK_OXIDATIVE_PHOSPHORYLATION",0,0.00900000000000001,FALSE
"pcs","GSE282302","C2_D7","HALLMARK_OXIDATIVE_PHOSPHORYLATION",0.5,0.90775,TRUE
"libsize","GSE282302","C2_D8","HALLMARK_OXIDATIVE_PHOSPHORYLATION",0.5,0.809875,TRUE
"none","GSE282302","C2_D8","HALLMARK_OXIDATIVE_PHOSPHORYLATION",0,0.844125,FALSE
"pcs","GSE282302","C2_D8","HALLMARK_OXIDATIVE_PHOSPHORYLATION",1,0.9985,TRUE
"libsize","GSE282302","C2_D9","HALLMARK_OXIDATIVE_PHOSPHORYLATION",1,0.998583333333333,TRUE
"none","GSE282302","C2_D9","HALLMARK_OXIDATIVE_PHOSPHORYLATION",0.5,0.937,TRUE
"pcs","GSE282302","C2_D9","HALLMARK_OXIDATIVE_PHOSPHORYLATION",0.166666666666667,0.741916666666667,FALSE
"libsize","GSE282302","C3_D1","HALLMARK_OXIDATIVE_PHOSPHORYLATION",0.25,0.264625,FALSE
"none","GSE282302","C3_D1","HALLMARK_OXIDATIVE_PHOSPHORYLATION",0.5,0.506,TRUE
"pcs","GSE282302","C3_D1","HALLMARK_OXIDATIVE_PHOSPHORYLATION",0.5,0.963125,TRUE
"libsize","GSE282302","C3_D10","HALLMARK_OXIDATIVE_PHOSPHORYLATION",0,0.203625,FALSE
"none","GSE282302","C3_D10","HALLMARK_OXIDATIVE_PHOSPHORYLATION",0,0.22975,FALSE
"pcs","GSE282302","C3_D10","HALLMARK_OXIDATIVE_PHOSPHORYLATION",0.75,0.9895,TRUE
"libsize","GSE282302","C3_D11","HALLMARK_OXIDATIVE_PHOSPHORYLATION",0.75,0.9805,TRUE
"none","GSE282302","C3_D11","HALLMARK_OXIDATIVE_PHOSPHORYLATION",0.75,0.985,TRUE
"pcs","GSE282302","C3_D11","HALLMARK_OXIDATIVE_PHOSPHORYLATION",1,0.999125,TRUE
"libsize","GSE282302","C3_D12","HALLMARK_OXIDATIVE_PHOSPHORYLATION",0.125,0.2550625,FALSE
"none","GSE282302","C3_D12","HALLMARK_OXIDATIVE_PHOSPHORYLATION",0.5,0.5013125,TRUE
"pcs","GSE282302","C3_D12","HALLMARK_OXIDATIVE_PHOSPHORYLATION",0.75,0.9590625,TRUE
"libsize","GSE282302","C3_D2","HALLMARK_OXIDATIVE_PHOSPHORYLATION",0.5,0.520625,TRUE
"none","GSE282302","C3_D2","HALLMARK_OXIDATIVE_PHOSPHORYLATION",0.5,0.657875,TRUE
"pcs","GSE282302","C3_D2","HALLMARK_OXIDATIVE_PHOSPHORYLATION",1,0.998375,TRUE
"libsize","GSE282302","C3_D3","HALLMARK_OXIDATIVE_PHOSPHORYLATION",0.5,0.72675,TRUE
"none","GSE282302","C3_D3","HALLMARK_OXIDATIVE_PHOSPHORYLATION",0.75,0.7475,TRUE
"pcs","GSE282302","C3_D3","HALLMARK_OXIDATIVE_PHOSPHORYLATION",0.75,0.979,TRUE
"libsize","GSE282302","C3_D4","HALLMARK_OXIDATIVE_PHOSPHORYLATION",1,0.998875,TRUE
"none","GSE282302","C3_D4","HALLMARK_OXIDATIVE_PHOSPHORYLATION",1,0.9995,TRUE
"pcs","GSE282302","C3_D4","HALLMARK_OXIDATIVE_PHOSPHORYLATION",0.75,0.993,TRUE
"libsize","GSE282302","C3_D5","HALLMARK_OXIDATIVE_PHOSPHORYLATION",0.25,0.379125,FALSE
"none","GSE282302","C3_D5","HALLMARK_OXIDATIVE_PHOSPHORYLATION",0,0.529125,FALSE
"pcs","GSE282302","C3_D5","HALLMARK_OXIDATIVE_PHOSPHORYLATION",0.75,0.9065,TRUE
"libsize","GSE282302","C3_D6","HALLMARK_OXIDATIVE_PHOSPHORYLATION",1,0.996875,TRUE
"none","GSE282302","C3_D6","HALLMARK_OXIDATIVE_PHOSPHORYLATION",0.75,0.878375,TRUE
"pcs","GSE282302","C3_D6","HALLMARK_OXIDATIVE_PHOSPHORYLATION",0.5,0.856,TRUE
"libsize","GSE282302","C3_D7","HALLMARK_OXIDATIVE_PHOSPHORYLATION",0.25,0.46375,FALSE
"none","GSE282302","C3_D7","HALLMARK_OXIDATIVE_PHOSPHORYLATION",0.25,0.6005,FALSE
"pcs","GSE282302","C3_D7","HALLMARK_OXIDATIVE_PHOSPHORYLATION",1,0.998375,TRUE
"libsize","GSE282302","C3_D8","HALLMARK_OXIDATIVE_PHOSPHORYLATION",0.5,0.601875,TRUE
"none","GSE282302","C3_D8","HALLMARK_OXIDATIVE_PHOSPHORYLATION",0,0.312625,FALSE
"pcs","GSE282302","C3_D8","HALLMARK_OXIDATIVE_PHOSPHORYLATION",1,0.99475,TRUE
"libsize","GSE282302","C3_D9","HALLMARK_OXIDATIVE_PHOSPHORYLATION",0.75,0.749625,TRUE
"none","GSE282302","C3_D9","HALLMARK_OXIDATIVE_PHOSPHORYLATION",0.5,0.73475,TRUE
"pcs","GSE282302","C3_D9","HALLMARK_OXIDATIVE_PHOSPHORYLATION",1,0.997625,TRUE
"libsize","GSE274557","Pt1","HALLMARK_OXIDATIVE_PHOSPHORYLATION",0,0.91425,FALSE
"none","GSE274557","Pt1","HALLMARK_OXIDATIVE_PHOSPHORYLATION",0.5,0.9945,TRUE
"pcs","GSE274557","Pt1","HALLMARK_OXIDATIVE_PHOSPHORYLATION",0.5,0.95025,TRUE
"libsize","GSE274557","Pt10","HALLMARK_OXIDATIVE_PHOSPHORYLATION",0.25,0.680625,FALSE
"none","GSE274557","Pt10","HALLMARK_OXIDATIVE_PHOSPHORYLATION",0.25,0.5585,FALSE
"pcs","GSE274557","Pt10","HALLMARK_OXIDATIVE_PHOSPHORYLATION",0.75,0.976375,TRUE
"libsize","GSE274557","Pt11","HALLMARK_OXIDATIVE_PHOSPHORYLATION",0.25,0.438625,FALSE
"none","GSE274557","Pt11","HALLMARK_OXIDATIVE_PHOSPHORYLATION",0.25,0.94925,FALSE
"pcs","GSE274557","Pt11","HALLMARK_OXIDATIVE_PHOSPHORYLATION",0.5,0.804625,TRUE
"libsize","GSE274557","Pt12","HALLMARK_OXIDATIVE_PHOSPHORYLATION",0.25,0.795875,FALSE
"none","GSE274557","Pt12","HALLMARK_OXIDATIVE_PHOSPHORYLATION",0.5,0.922125,TRUE
"pcs","GSE274557","Pt12","HALLMARK_OXIDATIVE_PHOSPHORYLATION",0.75,0.975875,TRUE
"libsize","GSE274557","Pt13","HALLMARK_OXIDATIVE_PHOSPHORYLATION",0.142857142857143,0.512857142857143,FALSE
"none","GSE274557","Pt13","HALLMARK_OXIDATIVE_PHOSPHORYLATION",0.428571428571429,0.836285714285714,FALSE
"pcs","GSE274557","Pt13","HALLMARK_OXIDATIVE_PHOSPHORYLATION",0.714285714285714,0.976285714285714,TRUE
"libsize","GSE274557","Pt2","HALLMARK_OXIDATIVE_PHOSPHORYLATION",0,0.711333333333333,FALSE
"none","GSE274557","Pt2","HALLMARK_OXIDATIVE_PHOSPHORYLATION",0.333333333333333,0.505,FALSE
"pcs","GSE274557","Pt2","HALLMARK_OXIDATIVE_PHOSPHORYLATION",0.666666666666667,0.865166666666667,TRUE
"libsize","GSE274557","Pt3","HALLMARK_OXIDATIVE_PHOSPHORYLATION",0.5,0.55675,TRUE
"none","GSE274557","Pt3","HALLMARK_OXIDATIVE_PHOSPHORYLATION",0.75,0.83575,TRUE
"pcs","GSE274557","Pt3","HALLMARK_OXIDATIVE_PHOSPHORYLATION",0.5,0.856,TRUE
"libsize","GSE274557","Pt4","HALLMARK_OXIDATIVE_PHOSPHORYLATION",0.5,0.957,TRUE
"none","GSE274557","Pt4","HALLMARK_OXIDATIVE_PHOSPHORYLATION",1,0.99925,TRUE
"pcs","GSE274557","Pt4","HALLMARK_OXIDATIVE_PHOSPHORYLATION",0.75,0.986125,TRUE
"libsize","GSE274557","Pt5","HALLMARK_OXIDATIVE_PHOSPHORYLATION",0.333333333333333,0.637166666666667,FALSE
"none","GSE274557","Pt5","HALLMARK_OXIDATIVE_PHOSPHORYLATION",0.333333333333333,0.436333333333333,FALSE
"pcs","GSE274557","Pt5","HALLMARK_OXIDATIVE_PHOSPHORYLATION",1,0.998166666666667,TRUE
"libsize","GSE274557","Pt6","HALLMARK_OXIDATIVE_PHOSPHORYLATION",0.833333333333333,0.880416666666667,TRUE
"none","GSE274557","Pt6","HALLMARK_OXIDATIVE_PHOSPHORYLATION",0.5,0.7485,TRUE
"pcs","GSE274557","Pt6","HALLMARK_OXIDATIVE_PHOSPHORYLATION",0.333333333333333,0.920666666666667,FALSE
"libsize","GSE274557","Pt7","HALLMARK_OXIDATIVE_PHOSPHORYLATION",0.25,0.34425,FALSE
"none","GSE274557","Pt7","HALLMARK_OXIDATIVE_PHOSPHORYLATION",0.25,0.390125,FALSE
"pcs","GSE274557","Pt7","HALLMARK_OXIDATIVE_PHOSPHORYLATION",1,0.9995,TRUE
"libsize","GSE274557","Pt8","HALLMARK_OXIDATIVE_PHOSPHORYLATION",0.6,0.747,TRUE
"none","GSE274557","Pt8","HALLMARK_OXIDATIVE_PHOSPHORYLATION",0.4,0.6047,FALSE
"pcs","GSE274557","Pt8","HALLMARK_OXIDATIVE_PHOSPHORYLATION",0.6,0.9024,TRUE
"libsize","GSE274557","Pt9","HALLMARK_OXIDATIVE_PHOSPHORYLATION",0,0.595625,FALSE
"none","GSE274557","Pt9","HALLMARK_OXIDATIVE_PHOSPHORYLATION",0.25,0.6875,FALSE
"pcs","GSE274557","Pt9","HALLMARK_OXIDATIVE_PHOSPHORYLATION",0.25,0.875125,FALSE
"libsize","GSE282302","C1_D1","HALLMARK_P53_PATHWAY",1,0.999,TRUE
"none","GSE282302","C1_D1","HALLMARK_P53_PATHWAY",1,0.9965,TRUE
"pcs","GSE282302","C1_D1","HALLMARK_P53_PATHWAY",0,0.7455,FALSE
"libsize","GSE282302","C1_D10","HALLMARK_P53_PATHWAY",0.5,0.9805,TRUE
"none","GSE282302","C1_D10","HALLMARK_P53_PATHWAY",0.5,0.743,TRUE
"pcs","GSE282302","C1_D10","HALLMARK_P53_PATHWAY",0,0.858,FALSE
"libsize","GSE282302","C1_D11","HALLMARK_P53_PATHWAY",1,0.9945,TRUE
"none","GSE282302","C1_D11","HALLMARK_P53_PATHWAY",0.5,0.99,TRUE
"pcs","GSE282302","C1_D11","HALLMARK_P53_PATHWAY",0.5,0.907,TRUE
"libsize","GSE282302","C1_D12","HALLMARK_P53_PATHWAY",0,0.814,FALSE
"none","GSE282302","C1_D12","HALLMARK_P53_PATHWAY",0,0.6495,FALSE
"pcs","GSE282302","C1_D12","HALLMARK_P53_PATHWAY",0,0.907,FALSE
"libsize","GSE282302","C1_D13","HALLMARK_P53_PATHWAY",0.5,0.8175,TRUE
"none","GSE282302","C1_D13","HALLMARK_P53_PATHWAY",0.5,0.55925,TRUE
"pcs","GSE282302","C1_D13","HALLMARK_P53_PATHWAY",1,0.9965,TRUE
"libsize","GSE282302","C1_D14","HALLMARK_P53_PATHWAY",0.666666666666667,0.9675,TRUE
"none","GSE282302","C1_D14","HALLMARK_P53_PATHWAY",0,0.279666666666667,FALSE
"pcs","GSE282302","C1_D14","HALLMARK_P53_PATHWAY",0,0.7985,FALSE
"libsize","GSE282302","C1_D2","HALLMARK_P53_PATHWAY",0,0.879,FALSE
"none","GSE282302","C1_D2","HALLMARK_P53_PATHWAY",0,0.2205,FALSE
"pcs","GSE282302","C1_D2","HALLMARK_P53_PATHWAY",0,0.2985,FALSE
"libsize","GSE282302","C1_D3","HALLMARK_P53_PATHWAY",0,0.89,FALSE
"none","GSE282302","C1_D3","HALLMARK_P53_PATHWAY",0,0.592,FALSE
"pcs","GSE282302","C1_D3","HALLMARK_P53_PATHWAY",0,0.333,FALSE
"libsize","GSE282302","C1_D4","HALLMARK_P53_PATHWAY",0,0.9385,FALSE
"none","GSE282302","C1_D4","HALLMARK_P53_PATHWAY",0,0.02,FALSE
"pcs","GSE282302","C1_D4","HALLMARK_P53_PATHWAY",0,0.9275,FALSE
"libsize","GSE282302","C1_D5","HALLMARK_P53_PATHWAY",0,0.959,FALSE
"none","GSE282302","C1_D5","HALLMARK_P53_PATHWAY",0,0.0125,FALSE
"pcs","GSE282302","C1_D5","HALLMARK_P53_PATHWAY",0,0.8675,FALSE
"libsize","GSE282302","C1_D6","HALLMARK_P53_PATHWAY",0,0.462,FALSE
"none","GSE282302","C1_D6","HALLMARK_P53_PATHWAY",0,0.246,FALSE
"pcs","GSE282302","C1_D6","HALLMARK_P53_PATHWAY",0,0.14,FALSE
"libsize","GSE282302","C1_D7","HALLMARK_P53_PATHWAY",1,0.9965,TRUE
"none","GSE282302","C1_D7","HALLMARK_P53_PATHWAY",0,0.414,FALSE
"pcs","GSE282302","C1_D7","HALLMARK_P53_PATHWAY",1,0.998,TRUE
"libsize","GSE282302","C1_D8","HALLMARK_P53_PATHWAY",1,0.99825,TRUE
"none","GSE282302","C1_D8","HALLMARK_P53_PATHWAY",1,0.995,TRUE
"pcs","GSE282302","C1_D8","HALLMARK_P53_PATHWAY",0.5,0.86175,TRUE
"libsize","GSE282302","C1_D9","HALLMARK_P53_PATHWAY",0.5,0.98,TRUE
"none","GSE282302","C1_D9","HALLMARK_P53_PATHWAY",0.5,0.598,TRUE
"pcs","GSE282302","C1_D9","HALLMARK_P53_PATHWAY",0,0.5975,FALSE
"libsize","GSE282302","C2_D1","HALLMARK_P53_PATHWAY",0,0.8265,FALSE
"none","GSE282302","C2_D1","HALLMARK_P53_PATHWAY",1,0.9945,TRUE
"pcs","GSE282302","C2_D1","HALLMARK_P53_PATHWAY",1,0.997,TRUE
"libsize","GSE282302","C2_D10","HALLMARK_P53_PATHWAY",0.25,0.9475,FALSE
"none","GSE282302","C2_D10","HALLMARK_P53_PATHWAY",0,0.444125,FALSE
"pcs","GSE282302","C2_D10","HALLMARK_P53_PATHWAY",0.75,0.87625,TRUE
"libsize","GSE282302","C2_D11","HALLMARK_P53_PATHWAY",0.875,0.9865625,TRUE
"none","GSE282302","C2_D11","HALLMARK_P53_PATHWAY",0.25,0.6513125,FALSE
"pcs","GSE282302","C2_D11","HALLMARK_P53_PATHWAY",0.125,0.7620625,FALSE
"libsize","GSE282302","C2_D12","HALLMARK_P53_PATHWAY",0,0.735,FALSE
"none","GSE282302","C2_D12","HALLMARK_P53_PATHWAY",0,0.0295,FALSE
"pcs","GSE282302","C2_D12","HALLMARK_P53_PATHWAY",0,0.791,FALSE
"libsize","GSE282302","C2_D13","HALLMARK_P53_PATHWAY",1,0.9765,TRUE
"none","GSE282302","C2_D13","HALLMARK_P53_PATHWAY",0,0.831,FALSE
"pcs","GSE282302","C2_D13","HALLMARK_P53_PATHWAY",0,0.5645,FALSE
"libsize","GSE282302","C2_D2","HALLMARK_P53_PATHWAY",0,0.9255,FALSE
"none","GSE282302","C2_D2","HALLMARK_P53_PATHWAY",0,0.7675,FALSE
"pcs","GSE282302","C2_D2","HALLMARK_P53_PATHWAY",0,0.477,FALSE
"libsize","GSE282302","C2_D3","HALLMARK_P53_PATHWAY",1,0.994,TRUE
"none","GSE282302","C2_D3","HALLMARK_P53_PATHWAY",0,0.942,FALSE
"pcs","GSE282302","C2_D3","HALLMARK_P53_PATHWAY",1,0.9965,TRUE
"libsize","GSE282302","C2_D4","HALLMARK_P53_PATHWAY",1,0.997,TRUE
"none","GSE282302","C2_D4","HALLMARK_P53_PATHWAY",1,0.979,TRUE
"pcs","GSE282302","C2_D4","HALLMARK_P53_PATHWAY",0,0.021,FALSE
"libsize","GSE282302","C2_D5","HALLMARK_P53_PATHWAY",1,0.99275,TRUE
"none","GSE282302","C2_D5","HALLMARK_P53_PATHWAY",0.5,0.776,TRUE
"pcs","GSE282302","C2_D5","HALLMARK_P53_PATHWAY",0,0.5455,FALSE
"libsize","GSE282302","C2_D6","HALLMARK_P53_PATHWAY",0,0.14775,FALSE
"none","GSE282302","C2_D6","HALLMARK_P53_PATHWAY",0,0.13925,FALSE
"pcs","GSE282302","C2_D6","HALLMARK_P53_PATHWAY",1,0.9875,TRUE
"libsize","GSE282302","C2_D7","HALLMARK_P53_PATHWAY",1,0.9995,TRUE
"none","GSE282302","C2_D7","HALLMARK_P53_PATHWAY",0,0.00124999999999997,FALSE
"pcs","GSE282302","C2_D7","HALLMARK_P53_PATHWAY",0,0.54925,FALSE
"libsize","GSE282302","C2_D8","HALLMARK_P53_PATHWAY",0,0.624375,FALSE
"none","GSE282302","C2_D8","HALLMARK_P53_PATHWAY",0,0.5415,FALSE
"pcs","GSE282302","C2_D8","HALLMARK_P53_PATHWAY",0,0.69675,FALSE
"libsize","GSE282302","C2_D9","HALLMARK_P53_PATHWAY",0,0.535916666666667,FALSE
"none","GSE282302","C2_D9","HALLMARK_P53_PATHWAY",0,0.423666666666667,FALSE
"pcs","GSE282302","C2_D9","HALLMARK_P53_PATHWAY",0,0.474583333333333,FALSE
"libsize","GSE282302","C3_D1","HALLMARK_P53_PATHWAY",0.75,0.96975,TRUE
"none","GSE282302","C3_D1","HALLMARK_P53_PATHWAY",0.5,0.785875,TRUE
"pcs","GSE282302","C3_D1","HALLMARK_P53_PATHWAY",0.25,0.774,FALSE
"libsize","GSE282302","C3_D10","HALLMARK_P53_PATHWAY",0.75,0.981875,TRUE
"none","GSE282302","C3_D10","HALLMARK_P53_PATHWAY",0.5,0.957,TRUE
"pcs","GSE282302","C3_D10","HALLMARK_P53_PATHWAY",0.5,0.942375,TRUE
"libsize","GSE282302","C3_D11","HALLMARK_P53_PATHWAY",1,0.99425,TRUE
"none","GSE282302","C3_D11","HALLMARK_P53_PATHWAY",0.5,0.900875,TRUE
"pcs","GSE282302","C3_D11","HALLMARK_P53_PATHWAY",0.25,0.717375,FALSE
"libsize","GSE282302","C3_D12","HALLMARK_P53_PATHWAY",0.375,0.73425,FALSE
"none","GSE282302","C3_D12","HALLMARK_P53_PATHWAY",0.5,0.8231875,TRUE
"pcs","GSE282302","C3_D12","HALLMARK_P53_PATHWAY",0.5,0.8880625,TRUE
"libsize","GSE282302","C3_D2","HALLMARK_P53_PATHWAY",0.5,0.965375,TRUE
"none","GSE282302","C3_D2","HALLMARK_P53_PATHWAY",0.25,0.710125,FALSE
"pcs","GSE282302","C3_D2","HALLMARK_P53_PATHWAY",0.25,0.880125,FALSE
"libsize","GSE282302","C3_D3","HALLMARK_P53_PATHWAY",0.25,0.71775,FALSE
"none","GSE282302","C3_D3","HALLMARK_P53_PATHWAY",0,0.467,FALSE
"pcs","GSE282302","C3_D3","HALLMARK_P53_PATHWAY",0.25,0.761,FALSE
"libsize","GSE282302","C3_D4","HALLMARK_P53_PATHWAY",0.5,0.86275,TRUE
"none","GSE282302","C3_D4","HALLMARK_P53_PATHWAY",0.5,0.8245,TRUE
"pcs","GSE282302","C3_D4","HALLMARK_P53_PATHWAY",0,0.705875,FALSE
"libsize","GSE282302","C3_D5","HALLMARK_P53_PATHWAY",0.25,0.8345,FALSE
"none","GSE282302","C3_D5","HALLMARK_P53_PATHWAY",0,0.756625,FALSE
"pcs","GSE282302","C3_D5","HALLMARK_P53_PATHWAY",0.5,0.956125,TRUE
"libsize","GSE282302","C3_D6","HALLMARK_P53_PATHWAY",1,0.9965,TRUE
"none","GSE282302","C3_D6","HALLMARK_P53_PATHWAY",0.5,0.737,TRUE
"pcs","GSE282302","C3_D6","HALLMARK_P53_PATHWAY",0,0.5685,FALSE
"libsize","GSE282302","C3_D7","HALLMARK_P53_PATHWAY",1,0.9995,TRUE
"none","GSE282302","C3_D7","HALLMARK_P53_PATHWAY",0.5,0.708625,TRUE
"pcs","GSE282302","C3_D7","HALLMARK_P53_PATHWAY",0.25,0.709625,FALSE
"libsize","GSE282302","C3_D8","HALLMARK_P53_PATHWAY",0,0.709375,FALSE
"none","GSE282302","C3_D8","HALLMARK_P53_PATHWAY",0,0.399,FALSE
"pcs","GSE282302","C3_D8","HALLMARK_P53_PATHWAY",0.75,0.964,TRUE
"libsize","GSE282302","C3_D9","HALLMARK_P53_PATHWAY",0.5,0.9,TRUE
"none","GSE282302","C3_D9","HALLMARK_P53_PATHWAY",0.25,0.59525,FALSE
"pcs","GSE282302","C3_D9","HALLMARK_P53_PATHWAY",0.5,0.928625,TRUE
"libsize","GSE274557","Pt1","HALLMARK_P53_PATHWAY",0.333333333333333,0.926666666666667,FALSE
"none","GSE274557","Pt1","HALLMARK_P53_PATHWAY",0.333333333333333,0.840333333333333,FALSE
"pcs","GSE274557","Pt1","HALLMARK_P53_PATHWAY",0,0.697333333333333,FALSE
"libsize","GSE274557","Pt10","HALLMARK_P53_PATHWAY",0.5,0.886875,TRUE
"none","GSE274557","Pt10","HALLMARK_P53_PATHWAY",0,0.85125,FALSE
"pcs","GSE274557","Pt10","HALLMARK_P53_PATHWAY",0,0.86225,FALSE
"libsize","GSE274557","Pt11","HALLMARK_P53_PATHWAY",1,0.999,TRUE
"none","GSE274557","Pt11","HALLMARK_P53_PATHWAY",0.5,0.98425,TRUE
"pcs","GSE274557","Pt11","HALLMARK_P53_PATHWAY",0,0.461625,FALSE
"libsize","GSE274557","Pt12","HALLMARK_P53_PATHWAY",0.25,0.910875,FALSE
"none","GSE274557","Pt12","HALLMARK_P53_PATHWAY",0,0.4085,FALSE
"pcs","GSE274557","Pt12","HALLMARK_P53_PATHWAY",0,0.49375,FALSE
"libsize","GSE274557","Pt13","HALLMARK_P53_PATHWAY",0.285714285714286,0.803,FALSE
"none","GSE274557","Pt13","HALLMARK_P53_PATHWAY",0.142857142857143,0.363928571428571,FALSE
"pcs","GSE274557","Pt13","HALLMARK_P53_PATHWAY",0,0.610071428571429,FALSE
"libsize","GSE274557","Pt2","HALLMARK_P53_PATHWAY",0.333333333333333,0.938833333333333,FALSE
"none","GSE274557","Pt2","HALLMARK_P53_PATHWAY",0.666666666666667,0.911166666666667,TRUE
"pcs","GSE274557","Pt2","HALLMARK_P53_PATHWAY",0.333333333333333,0.896166666666667,FALSE
"libsize","GSE274557","Pt3","HALLMARK_P53_PATHWAY",0,0.735625,FALSE
"none","GSE274557","Pt3","HALLMARK_P53_PATHWAY",0,0.053,FALSE
"pcs","GSE274557","Pt3","HALLMARK_P53_PATHWAY",0,0.729625,FALSE
"libsize","GSE274557","Pt4","HALLMARK_P53_PATHWAY",0.25,0.68,FALSE
"none","GSE274557","Pt4","HALLMARK_P53_PATHWAY",0,0.4235,FALSE
"pcs","GSE274557","Pt4","HALLMARK_P53_PATHWAY",0,0.705875,FALSE
"libsize","GSE274557","Pt5","HALLMARK_P53_PATHWAY",0.666666666666667,0.848833333333333,TRUE
"none","GSE274557","Pt5","HALLMARK_P53_PATHWAY",0,0.463833333333333,FALSE
"pcs","GSE274557","Pt5","HALLMARK_P53_PATHWAY",0,0.690833333333333,FALSE
"libsize","GSE274557","Pt6","HALLMARK_P53_PATHWAY",0.166666666666667,0.80275,FALSE
"none","GSE274557","Pt6","HALLMARK_P53_PATHWAY",0.166666666666667,0.79675,FALSE
"pcs","GSE274557","Pt6","HALLMARK_P53_PATHWAY",0.166666666666667,0.7815,FALSE
"libsize","GSE274557","Pt7","HALLMARK_P53_PATHWAY",0.25,0.918,FALSE
"none","GSE274557","Pt7","HALLMARK_P53_PATHWAY",0.25,0.701375,FALSE
"pcs","GSE274557","Pt7","HALLMARK_P53_PATHWAY",0.5,0.805,TRUE
"libsize","GSE274557","Pt8","HALLMARK_P53_PATHWAY",0,0.6592,FALSE
"none","GSE274557","Pt8","HALLMARK_P53_PATHWAY",0.4,0.7917,FALSE
"pcs","GSE274557","Pt8","HALLMARK_P53_PATHWAY",0.4,0.8652,FALSE
"libsize","GSE274557","Pt9","HALLMARK_P53_PATHWAY",0.75,0.97825,TRUE
"none","GSE274557","Pt9","HALLMARK_P53_PATHWAY",0.25,0.839875,FALSE
"pcs","GSE274557","Pt9","HALLMARK_P53_PATHWAY",0,0.5455,FALSE
"libsize","GSE282302","C1_D1","HALLMARK_PANCREAS_BETA_CELLS",0,0.2965,FALSE
"none","GSE282302","C1_D1","HALLMARK_PANCREAS_BETA_CELLS",0,0.4375,FALSE
"pcs","GSE282302","C1_D1","HALLMARK_PANCREAS_BETA_CELLS",0,0.8235,FALSE
"libsize","GSE282302","C1_D10","HALLMARK_PANCREAS_BETA_CELLS",1,0.99925,TRUE
"none","GSE282302","C1_D10","HALLMARK_PANCREAS_BETA_CELLS",1,0.99875,TRUE
"pcs","GSE282302","C1_D10","HALLMARK_PANCREAS_BETA_CELLS",1,0.9995,TRUE
"libsize","GSE282302","C1_D11","HALLMARK_PANCREAS_BETA_CELLS",1,0.9995,TRUE
"none","GSE282302","C1_D11","HALLMARK_PANCREAS_BETA_CELLS",1,0.9995,TRUE
"pcs","GSE282302","C1_D11","HALLMARK_PANCREAS_BETA_CELLS",1,0.9995,TRUE
"libsize","GSE282302","C1_D12","HALLMARK_PANCREAS_BETA_CELLS",1,0.989,TRUE
"none","GSE282302","C1_D12","HALLMARK_PANCREAS_BETA_CELLS",0.5,0.88475,TRUE
"pcs","GSE282302","C1_D12","HALLMARK_PANCREAS_BETA_CELLS",1,0.999,TRUE
"libsize","GSE282302","C1_D13","HALLMARK_PANCREAS_BETA_CELLS",1,0.999,TRUE
"none","GSE282302","C1_D13","HALLMARK_PANCREAS_BETA_CELLS",1,0.99475,TRUE
"pcs","GSE282302","C1_D13","HALLMARK_PANCREAS_BETA_CELLS",1,0.9995,TRUE
"libsize","GSE282302","C1_D14","HALLMARK_PANCREAS_BETA_CELLS",1,0.9995,TRUE
"none","GSE282302","C1_D14","HALLMARK_PANCREAS_BETA_CELLS",1,0.9995,TRUE
"pcs","GSE282302","C1_D14","HALLMARK_PANCREAS_BETA_CELLS",1,0.9995,TRUE
"libsize","GSE282302","C1_D2","HALLMARK_PANCREAS_BETA_CELLS",0,0.7065,FALSE
"none","GSE282302","C1_D2","HALLMARK_PANCREAS_BETA_CELLS",0,0.576,FALSE
"pcs","GSE282302","C1_D2","HALLMARK_PANCREAS_BETA_CELLS",0,0.5845,FALSE
"libsize","GSE282302","C1_D3","HALLMARK_PANCREAS_BETA_CELLS",1,0.9875,TRUE
"none","GSE282302","C1_D3","HALLMARK_PANCREAS_BETA_CELLS",0,0.12,FALSE
"pcs","GSE282302","C1_D3","HALLMARK_PANCREAS_BETA_CELLS",0,0.706,FALSE
"libsize","GSE282302","C1_D4","HALLMARK_PANCREAS_BETA_CELLS",0,0.777,FALSE
"none","GSE282302","C1_D4","HALLMARK_PANCREAS_BETA_CELLS",0,0.4515,FALSE
"pcs","GSE282302","C1_D4","HALLMARK_PANCREAS_BETA_CELLS",0,0.9535,FALSE
"libsize","GSE282302","C1_D5","HALLMARK_PANCREAS_BETA_CELLS",1,0.9975,TRUE
"none","GSE282302","C1_D5","HALLMARK_PANCREAS_BETA_CELLS",0,0.983,FALSE
"pcs","GSE282302","C1_D5","HALLMARK_PANCREAS_BETA_CELLS",1,0.989,TRUE
"libsize","GSE282302","C1_D6","HALLMARK_PANCREAS_BETA_CELLS",1,0.9995,TRUE
"none","GSE282302","C1_D6","HALLMARK_PANCREAS_BETA_CELLS",1,0.9995,TRUE
"pcs","GSE282302","C1_D6","HALLMARK_PANCREAS_BETA_CELLS",1,0.9995,TRUE
"libsize","GSE282302","C1_D7","HALLMARK_PANCREAS_BETA_CELLS",1,0.9995,TRUE
"none","GSE282302","C1_D7","HALLMARK_PANCREAS_BETA_CELLS",1,0.9995,TRUE
"pcs","GSE282302","C1_D7","HALLMARK_PANCREAS_BETA_CELLS",1,0.9995,TRUE
"libsize","GSE282302","C1_D8","HALLMARK_PANCREAS_BETA_CELLS",0.5,0.70475,TRUE
"none","GSE282302","C1_D8","HALLMARK_PANCREAS_BETA_CELLS",0,0.816,FALSE
"pcs","GSE282302","C1_D8","HALLMARK_PANCREAS_BETA_CELLS",0.5,0.60275,TRUE
"libsize","GSE282302","C1_D9","HALLMARK_PANCREAS_BETA_CELLS",0.5,0.80625,TRUE
"none","GSE282302","C1_D9","HALLMARK_PANCREAS_BETA_CELLS",0.5,0.92475,TRUE
"pcs","GSE282302","C1_D9","HALLMARK_PANCREAS_BETA_CELLS",0.5,0.713,TRUE
"libsize","GSE282302","C2_D1","HALLMARK_PANCREAS_BETA_CELLS",0,0.966,FALSE
"none","GSE282302","C2_D1","HALLMARK_PANCREAS_BETA_CELLS",0,0.966,FALSE
"pcs","GSE282302","C2_D1","HALLMARK_PANCREAS_BETA_CELLS",1,0.9935,TRUE
"libsize","GSE282302","C2_D10","HALLMARK_PANCREAS_BETA_CELLS",1,0.9995,TRUE
"none","GSE282302","C2_D10","HALLMARK_PANCREAS_BETA_CELLS",1,0.9995,TRUE
"pcs","GSE282302","C2_D10","HALLMARK_PANCREAS_BETA_CELLS",1,0.9995,TRUE
"libsize","GSE282302","C2_D11","HALLMARK_PANCREAS_BETA_CELLS",0.75,0.7615625,TRUE
"none","GSE282302","C2_D11","HALLMARK_PANCREAS_BETA_CELLS",0.75,0.7678125,TRUE
"pcs","GSE282302","C2_D11","HALLMARK_PANCREAS_BETA_CELLS",1,0.9995,TRUE
"libsize","GSE282302","C2_D12","HALLMARK_PANCREAS_BETA_CELLS",0,0.938,FALSE
"none","GSE282302","C2_D12","HALLMARK_PANCREAS_BETA_CELLS",0,0.8655,FALSE
"pcs","GSE282302","C2_D12","HALLMARK_PANCREAS_BETA_CELLS",0,0.9835,FALSE
"libsize","GSE282302","C2_D13","HALLMARK_PANCREAS_BETA_CELLS",1,0.9995,TRUE
"none","GSE282302","C2_D13","HALLMARK_PANCREAS_BETA_CELLS",0,0.95,FALSE
"pcs","GSE282302","C2_D13","HALLMARK_PANCREAS_BETA_CELLS",1,0.9995,TRUE
"libsize","GSE282302","C2_D2","HALLMARK_PANCREAS_BETA_CELLS",1,0.9995,TRUE
"none","GSE282302","C2_D2","HALLMARK_PANCREAS_BETA_CELLS",1,0.9995,TRUE
"pcs","GSE282302","C2_D2","HALLMARK_PANCREAS_BETA_CELLS",1,0.9995,TRUE
"libsize","GSE282302","C2_D3","HALLMARK_PANCREAS_BETA_CELLS",1,0.9995,TRUE
"none","GSE282302","C2_D3","HALLMARK_PANCREAS_BETA_CELLS",1,0.9995,TRUE
"pcs","GSE282302","C2_D3","HALLMARK_PANCREAS_BETA_CELLS",1,0.9995,TRUE
"libsize","GSE282302","C2_D4","HALLMARK_PANCREAS_BETA_CELLS",1,0.9995,TRUE
"none","GSE282302","C2_D4","HALLMARK_PANCREAS_BETA_CELLS",1,0.9995,TRUE
"pcs","GSE282302","C2_D4","HALLMARK_PANCREAS_BETA_CELLS",1,0.9995,TRUE
"libsize","GSE282302","C2_D5","HALLMARK_PANCREAS_BETA_CELLS",0.5,0.98125,TRUE
"none","GSE282302","C2_D5","HALLMARK_PANCREAS_BETA_CELLS",0.5,0.976,TRUE
"pcs","GSE282302","C2_D5","HALLMARK_PANCREAS_BETA_CELLS",0.5,0.92675,TRUE
"libsize","GSE282302","C2_D6","HALLMARK_PANCREAS_BETA_CELLS",0,0.97025,FALSE
"none","GSE282302","C2_D6","HALLMARK_PANCREAS_BETA_CELLS",0,0.9575,FALSE
"pcs","GSE282302","C2_D6","HALLMARK_PANCREAS_BETA_CELLS",0.5,0.9625,TRUE
"libsize","GSE282302","C2_D7","HALLMARK_PANCREAS_BETA_CELLS",1,0.9995,TRUE
"none","GSE282302","C2_D7","HALLMARK_PANCREAS_BETA_CELLS",1,0.9995,TRUE
"pcs","GSE282302","C2_D7","HALLMARK_PANCREAS_BETA_CELLS",1,0.9995,TRUE
"libsize","GSE282302","C2_D8","HALLMARK_PANCREAS_BETA_CELLS",1,0.9995,TRUE
"none","GSE282302","C2_D8","HALLMARK_PANCREAS_BETA_CELLS",0.75,0.996875,TRUE
"pcs","GSE282302","C2_D8","HALLMARK_PANCREAS_BETA_CELLS",1,0.9995,TRUE
"libsize","GSE282302","C2_D9","HALLMARK_PANCREAS_BETA_CELLS",1,0.9995,TRUE
"none","GSE282302","C2_D9","HALLMARK_PANCREAS_BETA_CELLS",1,0.9995,TRUE
"pcs","GSE282302","C2_D9","HALLMARK_PANCREAS_BETA_CELLS",1,0.9995,TRUE
"libsize","GSE282302","C3_D1","HALLMARK_PANCREAS_BETA_CELLS",0.75,0.92575,TRUE
"none","GSE282302","C3_D1","HALLMARK_PANCREAS_BETA_CELLS",0.25,0.670375,FALSE
"pcs","GSE282302","C3_D1","HALLMARK_PANCREAS_BETA_CELLS",0.75,0.95975,TRUE
"libsize","GSE282302","C3_D10","HALLMARK_PANCREAS_BETA_CELLS",0.75,0.79875,TRUE
"none","GSE282302","C3_D10","HALLMARK_PANCREAS_BETA_CELLS",0.75,0.824125,TRUE
"pcs","GSE282302","C3_D10","HALLMARK_PANCREAS_BETA_CELLS",1,0.9995,TRUE
"libsize","GSE282302","C3_D11","HALLMARK_PANCREAS_BETA_CELLS",1,0.9995,TRUE
"none","GSE282302","C3_D11","HALLMARK_PANCREAS_BETA_CELLS",1,0.9995,TRUE
"pcs","GSE282302","C3_D11","HALLMARK_PANCREAS_BETA_CELLS",1,0.9995,TRUE
"libsize","GSE282302","C3_D12","HALLMARK_PANCREAS_BETA_CELLS",1,0.9995,TRUE
"none","GSE282302","C3_D12","HALLMARK_PANCREAS_BETA_CELLS",1,0.9984375,TRUE
"pcs","GSE282302","C3_D12","HALLMARK_PANCREAS_BETA_CELLS",1,0.9994375,TRUE
"libsize","GSE282302","C3_D2","HALLMARK_PANCREAS_BETA_CELLS",1,0.9995,TRUE
"none","GSE282302","C3_D2","HALLMARK_PANCREAS_BETA_CELLS",1,0.9995,TRUE
"pcs","GSE282302","C3_D2","HALLMARK_PANCREAS_BETA_CELLS",1,0.9995,TRUE
"libsize","GSE282302","C3_D3","HALLMARK_PANCREAS_BETA_CELLS",0.75,0.99575,TRUE
"none","GSE282302","C3_D3","HALLMARK_PANCREAS_BETA_CELLS",0.75,0.951625,TRUE
"pcs","GSE282302","C3_D3","HALLMARK_PANCREAS_BETA_CELLS",1,0.999125,TRUE
"libsize","GSE282302","C3_D4","HALLMARK_PANCREAS_BETA_CELLS",0.75,0.9215,TRUE
"none","GSE282302","C3_D4","HALLMARK_PANCREAS_BETA_CELLS",0.75,0.9385,TRUE
"pcs","GSE282302","C3_D4","HALLMARK_PANCREAS_BETA_CELLS",0.75,0.831,TRUE
"libsize","GSE282302","C3_D5","HALLMARK_PANCREAS_BETA_CELLS",1,0.9995,TRUE
"none","GSE282302","C3_D5","HALLMARK_PANCREAS_BETA_CELLS",1,0.9995,TRUE
"pcs","GSE282302","C3_D5","HALLMARK_PANCREAS_BETA_CELLS",1,0.9995,TRUE
"libsize","GSE282302","C3_D6","HALLMARK_PANCREAS_BETA_CELLS",0.5,0.79175,TRUE
"none","GSE282302","C3_D6","HALLMARK_PANCREAS_BETA_CELLS",0.25,0.8355,FALSE
"pcs","GSE282302","C3_D6","HALLMARK_PANCREAS_BETA_CELLS",0.5,0.875625,TRUE
"libsize","GSE282302","C3_D7","HALLMARK_PANCREAS_BETA_CELLS",0.5,0.731125,TRUE
"none","GSE282302","C3_D7","HALLMARK_PANCREAS_BETA_CELLS",0.5,0.7885,TRUE
"pcs","GSE282302","C3_D7","HALLMARK_PANCREAS_BETA_CELLS",0.5,0.7715,TRUE
"libsize","GSE282302","C3_D8","HALLMARK_PANCREAS_BETA_CELLS",0.25,0.635,FALSE
"none","GSE282302","C3_D8","HALLMARK_PANCREAS_BETA_CELLS",0.25,0.462,FALSE
"pcs","GSE282302","C3_D8","HALLMARK_PANCREAS_BETA_CELLS",0.75,0.836625,TRUE
"libsize","GSE282302","C3_D9","HALLMARK_PANCREAS_BETA_CELLS",0.5,0.93025,TRUE
"none","GSE282302","C3_D9","HALLMARK_PANCREAS_BETA_CELLS",0.5,0.753875,TRUE
"pcs","GSE282302","C3_D9","HALLMARK_PANCREAS_BETA_CELLS",1,0.998,TRUE
"libsize","GSE274557","Pt1","HALLMARK_PANCREAS_BETA_CELLS",0,0.626,FALSE
"none","GSE274557","Pt1","HALLMARK_PANCREAS_BETA_CELLS",0,0.747,FALSE
"pcs","GSE274557","Pt1","HALLMARK_PANCREAS_BETA_CELLS",0,0.90325,FALSE
"libsize","GSE274557","Pt10","HALLMARK_PANCREAS_BETA_CELLS",0,0.495625,FALSE
"none","GSE274557","Pt10","HALLMARK_PANCREAS_BETA_CELLS",0,0.574375,FALSE
"pcs","GSE274557","Pt10","HALLMARK_PANCREAS_BETA_CELLS",0,0.7485,FALSE
"libsize","GSE274557","Pt11","HALLMARK_PANCREAS_BETA_CELLS",0.25,0.489875,FALSE
"none","GSE274557","Pt11","HALLMARK_PANCREAS_BETA_CELLS",0.25,0.483375,FALSE
"pcs","GSE274557","Pt11","HALLMARK_PANCREAS_BETA_CELLS",0.25,0.49775,FALSE
"libsize","GSE274557","Pt12","HALLMARK_PANCREAS_BETA_CELLS",0.25,0.599625,FALSE
"none","GSE274557","Pt12","HALLMARK_PANCREAS_BETA_CELLS",0.25,0.60775,FALSE
"pcs","GSE274557","Pt12","HALLMARK_PANCREAS_BETA_CELLS",0.25,0.56625,FALSE
"libsize","GSE274557","Pt13","HALLMARK_PANCREAS_BETA_CELLS",0.428571428571429,0.542428571428571,FALSE
"none","GSE274557","Pt13","HALLMARK_PANCREAS_BETA_CELLS",0.428571428571429,0.598785714285714,FALSE
"pcs","GSE274557","Pt13","HALLMARK_PANCREAS_BETA_CELLS",0.428571428571429,0.596285714285714,FALSE
"libsize","GSE274557","Pt2","HALLMARK_PANCREAS_BETA_CELLS",0,0.461833333333333,FALSE
"none","GSE274557","Pt2","HALLMARK_PANCREAS_BETA_CELLS",0,0.605666666666667,FALSE
"pcs","GSE274557","Pt2","HALLMARK_PANCREAS_BETA_CELLS",0.333333333333333,0.504166666666667,FALSE
"libsize","GSE274557","Pt3","HALLMARK_PANCREAS_BETA_CELLS",0.25,0.52375,FALSE
"none","GSE274557","Pt3","HALLMARK_PANCREAS_BETA_CELLS",0.25,0.617125,FALSE
"pcs","GSE274557","Pt3","HALLMARK_PANCREAS_BETA_CELLS",0.25,0.54425,FALSE
"libsize","GSE274557","Pt4","HALLMARK_PANCREAS_BETA_CELLS",0,0.705875,FALSE
"none","GSE274557","Pt4","HALLMARK_PANCREAS_BETA_CELLS",0,0.737375,FALSE
"pcs","GSE274557","Pt4","HALLMARK_PANCREAS_BETA_CELLS",0,0.49475,FALSE
"libsize","GSE274557","Pt5","HALLMARK_PANCREAS_BETA_CELLS",0.333333333333333,0.532166666666667,FALSE
"none","GSE274557","Pt5","HALLMARK_PANCREAS_BETA_CELLS",0.333333333333333,0.524833333333333,FALSE
"pcs","GSE274557","Pt5","HALLMARK_PANCREAS_BETA_CELLS",0.333333333333333,0.909666666666667,FALSE
"libsize","GSE274557","Pt6","HALLMARK_PANCREAS_BETA_CELLS",0.166666666666667,0.475,FALSE
"none","GSE274557","Pt6","HALLMARK_PANCREAS_BETA_CELLS",0.166666666666667,0.584416666666667,FALSE
"pcs","GSE274557","Pt6","HALLMARK_PANCREAS_BETA_CELLS",0.166666666666667,0.4525,FALSE
"libsize","GSE274557","Pt7","HALLMARK_PANCREAS_BETA_CELLS",0.25,0.64375,FALSE
"none","GSE274557","Pt7","HALLMARK_PANCREAS_BETA_CELLS",0.25,0.615625,FALSE
"pcs","GSE274557","Pt7","HALLMARK_PANCREAS_BETA_CELLS",0.25,0.5245,FALSE
"libsize","GSE274557","Pt8","HALLMARK_PANCREAS_BETA_CELLS",0.6,0.8053,TRUE
"none","GSE274557","Pt8","HALLMARK_PANCREAS_BETA_CELLS",0.2,0.7833,FALSE
"pcs","GSE274557","Pt8","HALLMARK_PANCREAS_BETA_CELLS",0.6,0.7098,TRUE
"libsize","GSE274557","Pt9","HALLMARK_PANCREAS_BETA_CELLS",0,0.387625,FALSE
"none","GSE274557","Pt9","HALLMARK_PANCREAS_BETA_CELLS",0,0.705625,FALSE
"pcs","GSE274557","Pt9","HALLMARK_PANCREAS_BETA_CELLS",0,0.493625,FALSE
"libsize","GSE282302","C1_D1","HALLMARK_PEROXISOME",0,0.8995,FALSE
"none","GSE282302","C1_D1","HALLMARK_PEROXISOME",0,0.9565,FALSE
"pcs","GSE282302","C1_D1","HALLMARK_PEROXISOME",0,0.8355,FALSE
"libsize","GSE282302","C1_D10","HALLMARK_PEROXISOME",0,0.11275,FALSE
"none","GSE282302","C1_D10","HALLMARK_PEROXISOME",0.5,0.511,TRUE
"pcs","GSE282302","C1_D10","HALLMARK_PEROXISOME",0,0.90675,FALSE
"libsize","GSE282302","C1_D11","HALLMARK_PEROXISOME",1,0.999,TRUE
"none","GSE282302","C1_D11","HALLMARK_PEROXISOME",1,0.997,TRUE
"pcs","GSE282302","C1_D11","HALLMARK_PEROXISOME",0,0.71575,FALSE
"libsize","GSE282302","C1_D12","HALLMARK_PEROXISOME",1,0.98775,TRUE
"none","GSE282302","C1_D12","HALLMARK_PEROXISOME",1,0.98875,TRUE
"pcs","GSE282302","C1_D12","HALLMARK_PEROXISOME",0,0.6935,FALSE
"libsize","GSE282302","C1_D13","HALLMARK_PEROXISOME",0.5,0.87425,TRUE
"none","GSE282302","C1_D13","HALLMARK_PEROXISOME",0.5,0.68075,TRUE
"pcs","GSE282302","C1_D13","HALLMARK_PEROXISOME",0,0.36325,FALSE
"libsize","GSE282302","C1_D14","HALLMARK_PEROXISOME",1,0.9985,TRUE
"none","GSE282302","C1_D14","HALLMARK_PEROXISOME",1,0.999333333333333,TRUE
"pcs","GSE282302","C1_D14","HALLMARK_PEROXISOME",0,0.76,FALSE
"libsize","GSE282302","C1_D2","HALLMARK_PEROXISOME",1,0.9865,TRUE
"none","GSE282302","C1_D2","HALLMARK_PEROXISOME",0,0.9595,FALSE
"pcs","GSE282302","C1_D2","HALLMARK_PEROXISOME",0,0.4395,FALSE
"libsize","GSE282302","C1_D3","HALLMARK_PEROXISOME",0,0.1665,FALSE
"none","GSE282302","C1_D3","HALLMARK_PEROXISOME",0,0.144,FALSE
"pcs","GSE282302","C1_D3","HALLMARK_PEROXISOME",0,0.1415,FALSE
"libsize","GSE282302","C1_D4","HALLMARK_PEROXISOME",0,0.853,FALSE
"none","GSE282302","C1_D4","HALLMARK_PEROXISOME",0,0.981,FALSE
"pcs","GSE282302","C1_D4","HALLMARK_PEROXISOME",0,0.859,FALSE
"libsize","GSE282302","C1_D5","HALLMARK_PEROXISOME",0,0.9275,FALSE
"none","GSE282302","C1_D5","HALLMARK_PEROXISOME",0,0.614,FALSE
"pcs","GSE282302","C1_D5","HALLMARK_PEROXISOME",0,0.591,FALSE
"libsize","GSE282302","C1_D6","HALLMARK_PEROXISOME",0,0.0145,FALSE
"none","GSE282302","C1_D6","HALLMARK_PEROXISOME",0,0.3745,FALSE
"pcs","GSE282302","C1_D6","HALLMARK_PEROXISOME",0,0.8395,FALSE
"libsize","GSE282302","C1_D7","HALLMARK_PEROXISOME",1,0.9985,TRUE
"none","GSE282302","C1_D7","HALLMARK_PEROXISOME",1,0.999,TRUE
"pcs","GSE282302","C1_D7","HALLMARK_PEROXISOME",0,0.9345,FALSE
"libsize","GSE282302","C1_D8","HALLMARK_PEROXISOME",0.5,0.784,TRUE
"none","GSE282302","C1_D8","HALLMARK_PEROXISOME",0,0.59475,FALSE
"pcs","GSE282302","C1_D8","HALLMARK_PEROXISOME",0.5,0.75825,TRUE
"libsize","GSE282302","C1_D9","HALLMARK_PEROXISOME",1,0.98975,TRUE
"none","GSE282302","C1_D9","HALLMARK_PEROXISOME",0,0.4845,FALSE
"pcs","GSE282302","C1_D9","HALLMARK_PEROXISOME",0,0.86325,FALSE
"libsize","GSE282302","C2_D1","HALLMARK_PEROXISOME",0,0.9115,FALSE
"none","GSE282302","C2_D1","HALLMARK_PEROXISOME",0,0.2575,FALSE
"pcs","GSE282302","C2_D1","HALLMARK_PEROXISOME",0,0.8255,FALSE
"libsize","GSE282302","C2_D10","HALLMARK_PEROXISOME",1,0.98975,TRUE
"none","GSE282302","C2_D10","HALLMARK_PEROXISOME",1,0.99625,TRUE
"pcs","GSE282302","C2_D10","HALLMARK_PEROXISOME",0.75,0.9295,TRUE
"libsize","GSE282302","C2_D11","HALLMARK_PEROXISOME",0.5,0.5670625,TRUE
"none","GSE282302","C2_D11","HALLMARK_PEROXISOME",0.25,0.6140625,FALSE
"pcs","GSE282302","C2_D11","HALLMARK_PEROXISOME",0.125,0.7965,FALSE
"libsize","GSE282302","C2_D12","HALLMARK_PEROXISOME",0,0.831,FALSE
"none","GSE282302","C2_D12","HALLMARK_PEROXISOME",0,0.746,FALSE
"pcs","GSE282302","C2_D12","HALLMARK_PEROXISOME",0,0.666,FALSE
"libsize","GSE282302","C2_D13","HALLMARK_PEROXISOME",1,0.9925,TRUE
"none","GSE282302","C2_D13","HALLMARK_PEROXISOME",0,0.8615,FALSE
"pcs","GSE282302","C2_D13","HALLMARK_PEROXISOME",1,0.9845,TRUE
"libsize","GSE282302","C2_D2","HALLMARK_PEROXISOME",0,0.0365,FALSE
"none","GSE282302","C2_D2","HALLMARK_PEROXISOME",0,0.0265,FALSE
"pcs","GSE282302","C2_D2","HALLMARK_PEROXISOME",0,0.8585,FALSE
"libsize","GSE282302","C2_D3","HALLMARK_PEROXISOME",1,0.9995,TRUE
"none","GSE282302","C2_D3","HALLMARK_PEROXISOME",1,0.998,TRUE
"pcs","GSE282302","C2_D3","HALLMARK_PEROXISOME",0,0.4075,FALSE
"libsize","GSE282302","C2_D4","HALLMARK_PEROXISOME",0,0.037,FALSE
"none","GSE282302","C2_D4","HALLMARK_PEROXISOME",0,0.906,FALSE
"pcs","GSE282302","C2_D4","HALLMARK_PEROXISOME",0,0.5885,FALSE
"libsize","GSE282302","C2_D5","HALLMARK_PEROXISOME",0.5,0.521,TRUE
"none","GSE282302","C2_D5","HALLMARK_PEROXISOME",0,0.452,FALSE
"pcs","GSE282302","C2_D5","HALLMARK_PEROXISOME",0,0.478,FALSE
"libsize","GSE282302","C2_D6","HALLMARK_PEROXISOME",0,0.45325,FALSE
"none","GSE282302","C2_D6","HALLMARK_PEROXISOME",0,0.4425,FALSE
"pcs","GSE282302","C2_D6","HALLMARK_PEROXISOME",0.5,0.944,TRUE
"libsize","GSE282302","C2_D7","HALLMARK_PEROXISOME",1,0.9995,TRUE
"none","GSE282302","C2_D7","HALLMARK_PEROXISOME",0,0.79775,FALSE
"pcs","GSE282302","C2_D7","HALLMARK_PEROXISOME",0.5,0.93625,TRUE
"libsize","GSE282302","C2_D8","HALLMARK_PEROXISOME",0.5,0.896125,TRUE
"none","GSE282302","C2_D8","HALLMARK_PEROXISOME",0.5,0.9365,TRUE
"pcs","GSE282302","C2_D8","HALLMARK_PEROXISOME",0,0.38125,FALSE
"libsize","GSE282302","C2_D9","HALLMARK_PEROXISOME",0.333333333333333,0.935,FALSE
"none","GSE282302","C2_D9","HALLMARK_PEROXISOME",0.333333333333333,0.731083333333333,FALSE
"pcs","GSE282302","C2_D9","HALLMARK_PEROXISOME",0.166666666666667,0.594,FALSE
"libsize","GSE282302","C3_D1","HALLMARK_PEROXISOME",0.25,0.501375,FALSE
"none","GSE282302","C3_D1","HALLMARK_PEROXISOME",0.25,0.649375,FALSE
"pcs","GSE282302","C3_D1","HALLMARK_PEROXISOME",0,0.788,FALSE
"libsize","GSE282302","C3_D10","HALLMARK_PEROXISOME",0.25,0.429,FALSE
"none","GSE282302","C3_D10","HALLMARK_PEROXISOME",0.25,0.397875,FALSE
"pcs","GSE282302","C3_D10","HALLMARK_PEROXISOME",0,0.727125,FALSE
"libsize","GSE282302","C3_D11","HALLMARK_PEROXISOME",1,0.993625,TRUE
"none","GSE282302","C3_D11","HALLMARK_PEROXISOME",1,0.996875,TRUE
"pcs","GSE282302","C3_D11","HALLMARK_PEROXISOME",0.25,0.88475,FALSE
"libsize","GSE282302","C3_D12","HALLMARK_PEROXISOME",0,0.0925,FALSE
"none","GSE282302","C3_D12","HALLMARK_PEROXISOME",0,0.3674375,FALSE
"pcs","GSE282302","C3_D12","HALLMARK_PEROXISOME",0,0.6914375,FALSE
"libsize","GSE282302","C3_D2","HALLMARK_PEROXISOME",0.5,0.589875,TRUE
"none","GSE282302","C3_D2","HALLMARK_PEROXISOME",0.5,0.736625,TRUE
"pcs","GSE282302","C3_D2","HALLMARK_PEROXISOME",0,0.7525,FALSE
"libsize","GSE282302","C3_D3","HALLMARK_PEROXISOME",0.5,0.698,TRUE
"none","GSE282302","C3_D3","HALLMARK_PEROXISOME",0.5,0.66,TRUE
"pcs","GSE282302","C3_D3","HALLMARK_PEROXISOME",0,0.481,FALSE
"libsize","GSE282302","C3_D4","HALLMARK_PEROXISOME",1,0.987,TRUE
"none","GSE282302","C3_D4","HALLMARK_PEROXISOME",0.75,0.9665,TRUE
"pcs","GSE282302","C3_D4","HALLMARK_PEROXISOME",0.25,0.782875,FALSE
"libsize","GSE282302","C3_D5","HALLMARK_PEROXISOME",0.25,0.58225,FALSE
"none","GSE282302","C3_D5","HALLMARK_PEROXISOME",0.25,0.765375,FALSE
"pcs","GSE282302","C3_D5","HALLMARK_PEROXISOME",0,0.639125,FALSE
"libsize","GSE282302","C3_D6","HALLMARK_PEROXISOME",0,0.5915,FALSE
"none","GSE282302","C3_D6","HALLMARK_PEROXISOME",0,0.673125,FALSE
"pcs","GSE282302","C3_D6","HALLMARK_PEROXISOME",0,0.631375,FALSE
"libsize","GSE282302","C3_D7","HALLMARK_PEROXISOME",0,0.71725,FALSE
"none","GSE282302","C3_D7","HALLMARK_PEROXISOME",0.25,0.723,FALSE
"pcs","GSE282302","C3_D7","HALLMARK_PEROXISOME",0.25,0.562875,FALSE
"libsize","GSE282302","C3_D8","HALLMARK_PEROXISOME",0.25,0.533375,FALSE
"none","GSE282302","C3_D8","HALLMARK_PEROXISOME",0.25,0.362125,FALSE
"pcs","GSE282302","C3_D8","HALLMARK_PEROXISOME",0.25,0.69125,FALSE
"libsize","GSE282302","C3_D9","HALLMARK_PEROXISOME",0.5,0.774375,TRUE
"none","GSE282302","C3_D9","HALLMARK_PEROXISOME",0.5,0.746375,TRUE
"pcs","GSE282302","C3_D9","HALLMARK_PEROXISOME",0.25,0.851125,FALSE
"libsize","GSE274557","Pt1","HALLMARK_PEROXISOME",0,0.36025,FALSE
"none","GSE274557","Pt1","HALLMARK_PEROXISOME",0,0.86975,FALSE
"pcs","GSE274557","Pt1","HALLMARK_PEROXISOME",0,0.46625,FALSE
"libsize","GSE274557","Pt10","HALLMARK_PEROXISOME",0.25,0.698625,FALSE
"none","GSE274557","Pt10","HALLMARK_PEROXISOME",0,0.712875,FALSE
"pcs","GSE274557","Pt10","HALLMARK_PEROXISOME",0,0.73025,FALSE
"libsize","GSE274557","Pt11","HALLMARK_PEROXISOME",0.25,0.544,FALSE
"none","GSE274557","Pt11","HALLMARK_PEROXISOME",0.5,0.88425,TRUE
"pcs","GSE274557","Pt11","HALLMARK_PEROXISOME",0,0.60875,FALSE
"libsize","GSE274557","Pt12","HALLMARK_PEROXISOME",0.25,0.703875,FALSE
"none","GSE274557","Pt12","HALLMARK_PEROXISOME",0,0.910875,FALSE
"pcs","GSE274557","Pt12","HALLMARK_PEROXISOME",0,0.5145,FALSE
"libsize","GSE274557","Pt13","HALLMARK_PEROXISOME",0.285714285714286,0.526214285714286,FALSE
"none","GSE274557","Pt13","HALLMARK_PEROXISOME",0.142857142857143,0.576,FALSE
"pcs","GSE274557","Pt13","HALLMARK_PEROXISOME",0,0.550142857142857,FALSE
"libsize","GSE274557","Pt2","HALLMARK_PEROXISOME",0,0.579333333333333,FALSE
"none","GSE274557","Pt2","HALLMARK_PEROXISOME",0.333333333333333,0.887666666666667,FALSE
"pcs","GSE274557","Pt2","HALLMARK_PEROXISOME",0.333333333333333,0.521166666666667,FALSE
"libsize","GSE274557","Pt3","HALLMARK_PEROXISOME",0,0.611625,FALSE
"none","GSE274557","Pt3","HALLMARK_PEROXISOME",0,0.547375,FALSE
"pcs","GSE274557","Pt3","HALLMARK_PEROXISOME",0,0.7035,FALSE
"libsize","GSE274557","Pt4","HALLMARK_PEROXISOME",0.5,0.656,TRUE
"none","GSE274557","Pt4","HALLMARK_PEROXISOME",0.25,0.899,FALSE
"pcs","GSE274557","Pt4","HALLMARK_PEROXISOME",0,0.758125,FALSE
"libsize","GSE274557","Pt5","HALLMARK_PEROXISOME",0.333333333333333,0.784833333333333,FALSE
"none","GSE274557","Pt5","HALLMARK_PEROXISOME",0.666666666666667,0.772666666666667,TRUE
"pcs","GSE274557","Pt5","HALLMARK_PEROXISOME",0.333333333333333,0.84,FALSE
"libsize","GSE274557","Pt6","HALLMARK_PEROXISOME",0.5,0.862416666666667,TRUE
"none","GSE274557","Pt6","HALLMARK_PEROXISOME",0.333333333333333,0.82425,FALSE
"pcs","GSE274557","Pt6","HALLMARK_PEROXISOME",0.333333333333333,0.731166666666667,FALSE
"libsize","GSE274557","Pt7","HALLMARK_PEROXISOME",0.25,0.741375,FALSE
"none","GSE274557","Pt7","HALLMARK_PEROXISOME",0,0.691375,FALSE
"pcs","GSE274557","Pt7","HALLMARK_PEROXISOME",0,0.815875,FALSE
"libsize","GSE274557","Pt8","HALLMARK_PEROXISOME",0.4,0.8973,FALSE
"none","GSE274557","Pt8","HALLMARK_PEROXISOME",0,0.4796,FALSE
"pcs","GSE274557","Pt8","HALLMARK_PEROXISOME",0.2,0.7429,FALSE
"libsize","GSE274557","Pt9","HALLMARK_PEROXISOME",0,0.53475,FALSE
"none","GSE274557","Pt9","HALLMARK_PEROXISOME",0,0.64475,FALSE
"pcs","GSE274557","Pt9","HALLMARK_PEROXISOME",0,0.57875,FALSE
"libsize","GSE282302","C1_D1","HALLMARK_PI3K_AKT_MTOR_SIGNALING",0,0.9045,FALSE
"none","GSE282302","C1_D1","HALLMARK_PI3K_AKT_MTOR_SIGNALING",1,0.993,TRUE
"pcs","GSE282302","C1_D1","HALLMARK_PI3K_AKT_MTOR_SIGNALING",0,0.8115,FALSE
"libsize","GSE282302","C1_D10","HALLMARK_PI3K_AKT_MTOR_SIGNALING",0.5,0.98575,TRUE
"none","GSE282302","C1_D10","HALLMARK_PI3K_AKT_MTOR_SIGNALING",0.5,0.9425,TRUE
"pcs","GSE282302","C1_D10","HALLMARK_PI3K_AKT_MTOR_SIGNALING",0,0.53775,FALSE
"libsize","GSE282302","C1_D11","HALLMARK_PI3K_AKT_MTOR_SIGNALING",0,0.878,FALSE
"none","GSE282302","C1_D11","HALLMARK_PI3K_AKT_MTOR_SIGNALING",0,0.69025,FALSE
"pcs","GSE282302","C1_D11","HALLMARK_PI3K_AKT_MTOR_SIGNALING",0,0.564,FALSE
"libsize","GSE282302","C1_D12","HALLMARK_PI3K_AKT_MTOR_SIGNALING",0,0.911,FALSE
"none","GSE282302","C1_D12","HALLMARK_PI3K_AKT_MTOR_SIGNALING",0,0.7405,FALSE
"pcs","GSE282302","C1_D12","HALLMARK_PI3K_AKT_MTOR_SIGNALING",0.5,0.7605,TRUE
"libsize","GSE282302","C1_D13","HALLMARK_PI3K_AKT_MTOR_SIGNALING",0,0.9275,FALSE
"none","GSE282302","C1_D13","HALLMARK_PI3K_AKT_MTOR_SIGNALING",0,0.77175,FALSE
"pcs","GSE282302","C1_D13","HALLMARK_PI3K_AKT_MTOR_SIGNALING",0,0.7415,FALSE
"libsize","GSE282302","C1_D14","HALLMARK_PI3K_AKT_MTOR_SIGNALING",0,0.716333333333333,FALSE
"none","GSE282302","C1_D14","HALLMARK_PI3K_AKT_MTOR_SIGNALING",0,0.816166666666667,FALSE
"pcs","GSE282302","C1_D14","HALLMARK_PI3K_AKT_MTOR_SIGNALING",0.333333333333333,0.625166666666667,FALSE
"libsize","GSE282302","C1_D2","HALLMARK_PI3K_AKT_MTOR_SIGNALING",0,0.9625,FALSE
"none","GSE282302","C1_D2","HALLMARK_PI3K_AKT_MTOR_SIGNALING",0,0.887,FALSE
"pcs","GSE282302","C1_D2","HALLMARK_PI3K_AKT_MTOR_SIGNALING",0,0.1535,FALSE
"libsize","GSE282302","C1_D3","HALLMARK_PI3K_AKT_MTOR_SIGNALING",0,0.826,FALSE
"none","GSE282302","C1_D3","HALLMARK_PI3K_AKT_MTOR_SIGNALING",0,0.728,FALSE
"pcs","GSE282302","C1_D3","HALLMARK_PI3K_AKT_MTOR_SIGNALING",0,0.543,FALSE
"libsize","GSE282302","C1_D4","HALLMARK_PI3K_AKT_MTOR_SIGNALING",0,0.322,FALSE
"none","GSE282302","C1_D4","HALLMARK_PI3K_AKT_MTOR_SIGNALING",0,0.8345,FALSE
"pcs","GSE282302","C1_D4","HALLMARK_PI3K_AKT_MTOR_SIGNALING",0,0.1135,FALSE
"libsize","GSE282302","C1_D5","HALLMARK_PI3K_AKT_MTOR_SIGNALING",0,0.1415,FALSE
"none","GSE282302","C1_D5","HALLMARK_PI3K_AKT_MTOR_SIGNALING",0,0.92,FALSE
"pcs","GSE282302","C1_D5","HALLMARK_PI3K_AKT_MTOR_SIGNALING",0,0.247,FALSE
"libsize","GSE282302","C1_D6","HALLMARK_PI3K_AKT_MTOR_SIGNALING",1,0.999,TRUE
"none","GSE282302","C1_D6","HALLMARK_PI3K_AKT_MTOR_SIGNALING",1,0.9975,TRUE
"pcs","GSE282302","C1_D6","HALLMARK_PI3K_AKT_MTOR_SIGNALING",0,0.2125,FALSE
"libsize","GSE282302","C1_D7","HALLMARK_PI3K_AKT_MTOR_SIGNALING",0,0.7765,FALSE
"none","GSE282302","C1_D7","HALLMARK_PI3K_AKT_MTOR_SIGNALING",0,0.473,FALSE
"pcs","GSE282302","C1_D7","HALLMARK_PI3K_AKT_MTOR_SIGNALING",1,0.9825,TRUE
"libsize","GSE282302","C1_D8","HALLMARK_PI3K_AKT_MTOR_SIGNALING",0,0.64,FALSE
"none","GSE282302","C1_D8","HALLMARK_PI3K_AKT_MTOR_SIGNALING",0.5,0.74175,TRUE
"pcs","GSE282302","C1_D8","HALLMARK_PI3K_AKT_MTOR_SIGNALING",0,0.431,FALSE
"libsize","GSE282302","C1_D9","HALLMARK_PI3K_AKT_MTOR_SIGNALING",0,0.83175,FALSE
"none","GSE282302","C1_D9","HALLMARK_PI3K_AKT_MTOR_SIGNALING",0,0.83075,FALSE
"pcs","GSE282302","C1_D9","HALLMARK_PI3K_AKT_MTOR_SIGNALING",0,0.72025,FALSE
"libsize","GSE282302","C2_D1","HALLMARK_PI3K_AKT_MTOR_SIGNALING",0,0.7845,FALSE
"none","GSE282302","C2_D1","HALLMARK_PI3K_AKT_MTOR_SIGNALING",0,0.0825,FALSE
"pcs","GSE282302","C2_D1","HALLMARK_PI3K_AKT_MTOR_SIGNALING",0,0.6925,FALSE
"libsize","GSE282302","C2_D10","HALLMARK_PI3K_AKT_MTOR_SIGNALING",0,0.587625,FALSE
"none","GSE282302","C2_D10","HALLMARK_PI3K_AKT_MTOR_SIGNALING",0,0.705625,FALSE
"pcs","GSE282302","C2_D10","HALLMARK_PI3K_AKT_MTOR_SIGNALING",0.25,0.81925,FALSE
"libsize","GSE282302","C2_D11","HALLMARK_PI3K_AKT_MTOR_SIGNALING",0.5,0.84325,TRUE
"none","GSE282302","C2_D11","HALLMARK_PI3K_AKT_MTOR_SIGNALING",0.375,0.9114375,FALSE
"pcs","GSE282302","C2_D11","HALLMARK_PI3K_AKT_MTOR_SIGNALING",0,0.47325,FALSE
"libsize","GSE282302","C2_D12","HALLMARK_PI3K_AKT_MTOR_SIGNALING",0,0.64,FALSE
"none","GSE282302","C2_D12","HALLMARK_PI3K_AKT_MTOR_SIGNALING",0,0.909,FALSE
"pcs","GSE282302","C2_D12","HALLMARK_PI3K_AKT_MTOR_SIGNALING",0,0.162,FALSE
"libsize","GSE282302","C2_D13","HALLMARK_PI3K_AKT_MTOR_SIGNALING",0,0.903,FALSE
"none","GSE282302","C2_D13","HALLMARK_PI3K_AKT_MTOR_SIGNALING",0,0.895,FALSE
"pcs","GSE282302","C2_D13","HALLMARK_PI3K_AKT_MTOR_SIGNALING",0,0.2655,FALSE
"libsize","GSE282302","C2_D2","HALLMARK_PI3K_AKT_MTOR_SIGNALING",0,0.9015,FALSE
"none","GSE282302","C2_D2","HALLMARK_PI3K_AKT_MTOR_SIGNALING",0,0.904,FALSE
"pcs","GSE282302","C2_D2","HALLMARK_PI3K_AKT_MTOR_SIGNALING",0,0.689,FALSE
"libsize","GSE282302","C2_D3","HALLMARK_PI3K_AKT_MTOR_SIGNALING",0,0.782,FALSE
"none","GSE282302","C2_D3","HALLMARK_PI3K_AKT_MTOR_SIGNALING",0,0.236,FALSE
"pcs","GSE282302","C2_D3","HALLMARK_PI3K_AKT_MTOR_SIGNALING",0,0.8635,FALSE
"libsize","GSE282302","C2_D4","HALLMARK_PI3K_AKT_MTOR_SIGNALING",0,0.976,FALSE
"none","GSE282302","C2_D4","HALLMARK_PI3K_AKT_MTOR_SIGNALING",0,0.84,FALSE
"pcs","GSE282302","C2_D4","HALLMARK_PI3K_AKT_MTOR_SIGNALING",0,0.452,FALSE
"libsize","GSE282302","C2_D5","HALLMARK_PI3K_AKT_MTOR_SIGNALING",0.5,0.713,TRUE
"none","GSE282302","C2_D5","HALLMARK_PI3K_AKT_MTOR_SIGNALING",0.5,0.66125,TRUE
"pcs","GSE282302","C2_D5","HALLMARK_PI3K_AKT_MTOR_SIGNALING",0,0.44075,FALSE
"libsize","GSE282302","C2_D6","HALLMARK_PI3K_AKT_MTOR_SIGNALING",0,0.91625,FALSE
"none","GSE282302","C2_D6","HALLMARK_PI3K_AKT_MTOR_SIGNALING",0,0.8425,FALSE
"pcs","GSE282302","C2_D6","HALLMARK_PI3K_AKT_MTOR_SIGNALING",0,0.588,FALSE
"libsize","GSE282302","C2_D7","HALLMARK_PI3K_AKT_MTOR_SIGNALING",1,0.98025,TRUE
"none","GSE282302","C2_D7","HALLMARK_PI3K_AKT_MTOR_SIGNALING",0,0.11425,FALSE
"pcs","GSE282302","C2_D7","HALLMARK_PI3K_AKT_MTOR_SIGNALING",0,0.76825,FALSE
"libsize","GSE282302","C2_D8","HALLMARK_PI3K_AKT_MTOR_SIGNALING",0,0.685625,FALSE
"none","GSE282302","C2_D8","HALLMARK_PI3K_AKT_MTOR_SIGNALING",0,0.901625,FALSE
"pcs","GSE282302","C2_D8","HALLMARK_PI3K_AKT_MTOR_SIGNALING",0,0.640125,FALSE
"libsize","GSE282302","C2_D9","HALLMARK_PI3K_AKT_MTOR_SIGNALING",0,0.357,FALSE
"none","GSE282302","C2_D9","HALLMARK_PI3K_AKT_MTOR_SIGNALING",0.166666666666667,0.525166666666667,FALSE
"pcs","GSE282302","C2_D9","HALLMARK_PI3K_AKT_MTOR_SIGNALING",0,0.538583333333333,FALSE
"libsize","GSE282302","C3_D1","HALLMARK_PI3K_AKT_MTOR_SIGNALING",0.75,0.9005,TRUE
"none","GSE282302","C3_D1","HALLMARK_PI3K_AKT_MTOR_SIGNALING",0.5,0.977375,TRUE
"pcs","GSE282302","C3_D1","HALLMARK_PI3K_AKT_MTOR_SIGNALING",0,0.46875,FALSE
"libsize","GSE282302","C3_D10","HALLMARK_PI3K_AKT_MTOR_SIGNALING",0.75,0.895125,TRUE
"none","GSE282302","C3_D10","HALLMARK_PI3K_AKT_MTOR_SIGNALING",0.5,0.952625,TRUE
"pcs","GSE282302","C3_D10","HALLMARK_PI3K_AKT_MTOR_SIGNALING",0,0.364625,FALSE
"libsize","GSE282302","C3_D11","HALLMARK_PI3K_AKT_MTOR_SIGNALING",0.25,0.79225,FALSE
"none","GSE282302","C3_D11","HALLMARK_PI3K_AKT_MTOR_SIGNALING",0.25,0.584125,FALSE
"pcs","GSE282302","C3_D11","HALLMARK_PI3K_AKT_MTOR_SIGNALING",0,0.667875,FALSE
"libsize","GSE282302","C3_D12","HALLMARK_PI3K_AKT_MTOR_SIGNALING",0.625,0.978,TRUE
"none","GSE282302","C3_D12","HALLMARK_PI3K_AKT_MTOR_SIGNALING",0.5,0.9139375,TRUE
"pcs","GSE282302","C3_D12","HALLMARK_PI3K_AKT_MTOR_SIGNALING",0,0.4510625,FALSE
"libsize","GSE282302","C3_D2","HALLMARK_PI3K_AKT_MTOR_SIGNALING",0.75,0.952375,TRUE
"none","GSE282302","C3_D2","HALLMARK_PI3K_AKT_MTOR_SIGNALING",0.5,0.699,TRUE
"pcs","GSE282302","C3_D2","HALLMARK_PI3K_AKT_MTOR_SIGNALING",0,0.75175,FALSE
"libsize","GSE282302","C3_D3","HALLMARK_PI3K_AKT_MTOR_SIGNALING",0.25,0.760625,FALSE
"none","GSE282302","C3_D3","HALLMARK_PI3K_AKT_MTOR_SIGNALING",0.25,0.81875,FALSE
"pcs","GSE282302","C3_D3","HALLMARK_PI3K_AKT_MTOR_SIGNALING",0.25,0.5695,FALSE
"libsize","GSE282302","C3_D4","HALLMARK_PI3K_AKT_MTOR_SIGNALING",0,0.801,FALSE
"none","GSE282302","C3_D4","HALLMARK_PI3K_AKT_MTOR_SIGNALING",0,0.599625,FALSE
"pcs","GSE282302","C3_D4","HALLMARK_PI3K_AKT_MTOR_SIGNALING",0,0.5105,FALSE
"libsize","GSE282302","C3_D5","HALLMARK_PI3K_AKT_MTOR_SIGNALING",0.75,0.956875,TRUE
"none","GSE282302","C3_D5","HALLMARK_PI3K_AKT_MTOR_SIGNALING",0.75,0.953125,TRUE
"pcs","GSE282302","C3_D5","HALLMARK_PI3K_AKT_MTOR_SIGNALING",0,0.44325,FALSE
"libsize","GSE282302","C3_D6","HALLMARK_PI3K_AKT_MTOR_SIGNALING",0,0.767125,FALSE
"none","GSE282302","C3_D6","HALLMARK_PI3K_AKT_MTOR_SIGNALING",0,0.61075,FALSE
"pcs","GSE282302","C3_D6","HALLMARK_PI3K_AKT_MTOR_SIGNALING",0,0.50875,FALSE
"libsize","GSE282302","C3_D7","HALLMARK_PI3K_AKT_MTOR_SIGNALING",0.5,0.8805,TRUE
"none","GSE282302","C3_D7","HALLMARK_PI3K_AKT_MTOR_SIGNALING",0.25,0.753875,FALSE
"pcs","GSE282302","C3_D7","HALLMARK_PI3K_AKT_MTOR_SIGNALING",0,0.390375,FALSE
"libsize","GSE282302","C3_D8","HALLMARK_PI3K_AKT_MTOR_SIGNALING",0.5,0.74375,TRUE
"none","GSE282302","C3_D8","HALLMARK_PI3K_AKT_MTOR_SIGNALING",0.5,0.928625,TRUE
"pcs","GSE282302","C3_D8","HALLMARK_PI3K_AKT_MTOR_SIGNALING",0,0.211125,FALSE
"libsize","GSE282302","C3_D9","HALLMARK_PI3K_AKT_MTOR_SIGNALING",0,0.7175,FALSE
"none","GSE282302","C3_D9","HALLMARK_PI3K_AKT_MTOR_SIGNALING",0.25,0.6325,FALSE
"pcs","GSE282302","C3_D9","HALLMARK_PI3K_AKT_MTOR_SIGNALING",0.25,0.68275,FALSE
"libsize","GSE274557","Pt1","HALLMARK_PI3K_AKT_MTOR_SIGNALING",0,0.70375,FALSE
"none","GSE274557","Pt1","HALLMARK_PI3K_AKT_MTOR_SIGNALING",0,0.42275,FALSE
"pcs","GSE274557","Pt1","HALLMARK_PI3K_AKT_MTOR_SIGNALING",0,0.5425,FALSE
"libsize","GSE274557","Pt10","HALLMARK_PI3K_AKT_MTOR_SIGNALING",0,0.69625,FALSE
"none","GSE274557","Pt10","HALLMARK_PI3K_AKT_MTOR_SIGNALING",0,0.421875,FALSE
"pcs","GSE274557","Pt10","HALLMARK_PI3K_AKT_MTOR_SIGNALING",0,0.7165,FALSE
"libsize","GSE274557","Pt11","HALLMARK_PI3K_AKT_MTOR_SIGNALING",0.25,0.8935,FALSE
"none","GSE274557","Pt11","HALLMARK_PI3K_AKT_MTOR_SIGNALING",0,0.4415,FALSE
"pcs","GSE274557","Pt11","HALLMARK_PI3K_AKT_MTOR_SIGNALING",0,0.6575,FALSE
"libsize","GSE274557","Pt12","HALLMARK_PI3K_AKT_MTOR_SIGNALING",0.25,0.817875,FALSE
"none","GSE274557","Pt12","HALLMARK_PI3K_AKT_MTOR_SIGNALING",0,0.792875,FALSE
"pcs","GSE274557","Pt12","HALLMARK_PI3K_AKT_MTOR_SIGNALING",0,0.80325,FALSE
"libsize","GSE274557","Pt13","HALLMARK_PI3K_AKT_MTOR_SIGNALING",0,0.806,FALSE
"none","GSE274557","Pt13","HALLMARK_PI3K_AKT_MTOR_SIGNALING",0,0.5055,FALSE
"pcs","GSE274557","Pt13","HALLMARK_PI3K_AKT_MTOR_SIGNALING",0,0.804071428571429,FALSE
"libsize","GSE274557","Pt2","HALLMARK_PI3K_AKT_MTOR_SIGNALING",0,0.815833333333333,FALSE
"none","GSE274557","Pt2","HALLMARK_PI3K_AKT_MTOR_SIGNALING",0.333333333333333,0.545166666666667,FALSE
"pcs","GSE274557","Pt2","HALLMARK_PI3K_AKT_MTOR_SIGNALING",0.666666666666667,0.983666666666667,TRUE
"libsize","GSE274557","Pt3","HALLMARK_PI3K_AKT_MTOR_SIGNALING",0,0.748,FALSE
"none","GSE274557","Pt3","HALLMARK_PI3K_AKT_MTOR_SIGNALING",0,0.775875,FALSE
"pcs","GSE274557","Pt3","HALLMARK_PI3K_AKT_MTOR_SIGNALING",0,0.495125,FALSE
"libsize","GSE274557","Pt4","HALLMARK_PI3K_AKT_MTOR_SIGNALING",0,0.8595,FALSE
"none","GSE274557","Pt4","HALLMARK_PI3K_AKT_MTOR_SIGNALING",0,0.47875,FALSE
"pcs","GSE274557","Pt4","HALLMARK_PI3K_AKT_MTOR_SIGNALING",0.25,0.6685,FALSE
"libsize","GSE274557","Pt5","HALLMARK_PI3K_AKT_MTOR_SIGNALING",0,0.836666666666667,FALSE
"none","GSE274557","Pt5","HALLMARK_PI3K_AKT_MTOR_SIGNALING",0,0.7215,FALSE
"pcs","GSE274557","Pt5","HALLMARK_PI3K_AKT_MTOR_SIGNALING",0.333333333333333,0.875,FALSE
"libsize","GSE274557","Pt6","HALLMARK_PI3K_AKT_MTOR_SIGNALING",0.166666666666667,0.697583333333333,FALSE
"none","GSE274557","Pt6","HALLMARK_PI3K_AKT_MTOR_SIGNALING",0,0.587,FALSE
"pcs","GSE274557","Pt6","HALLMARK_PI3K_AKT_MTOR_SIGNALING",0,0.607916666666667,FALSE
"libsize","GSE274557","Pt7","HALLMARK_PI3K_AKT_MTOR_SIGNALING",0,0.708875,FALSE
"none","GSE274557","Pt7","HALLMARK_PI3K_AKT_MTOR_SIGNALING",0,0.494375,FALSE
"pcs","GSE274557","Pt7","HALLMARK_PI3K_AKT_MTOR_SIGNALING",0,0.817,FALSE
"libsize","GSE274557","Pt8","HALLMARK_PI3K_AKT_MTOR_SIGNALING",0.4,0.8122,FALSE
"none","GSE274557","Pt8","HALLMARK_PI3K_AKT_MTOR_SIGNALING",0.2,0.7262,FALSE
"pcs","GSE274557","Pt8","HALLMARK_PI3K_AKT_MTOR_SIGNALING",0,0.4171,FALSE
"libsize","GSE274557","Pt9","HALLMARK_PI3K_AKT_MTOR_SIGNALING",0,0.75275,FALSE
"none","GSE274557","Pt9","HALLMARK_PI3K_AKT_MTOR_SIGNALING",0,0.721125,FALSE
"pcs","GSE274557","Pt9","HALLMARK_PI3K_AKT_MTOR_SIGNALING",0,0.485125,FALSE
"libsize","GSE282302","C1_D1","HALLMARK_PROTEIN_SECRETION",0,0.5565,FALSE
"none","GSE282302","C1_D1","HALLMARK_PROTEIN_SECRETION",0,0.9525,FALSE
"pcs","GSE282302","C1_D1","HALLMARK_PROTEIN_SECRETION",0,0.2955,FALSE
"libsize","GSE282302","C1_D10","HALLMARK_PROTEIN_SECRETION",0,0.20125,FALSE
"none","GSE282302","C1_D10","HALLMARK_PROTEIN_SECRETION",0,0.49275,FALSE
"pcs","GSE282302","C1_D10","HALLMARK_PROTEIN_SECRETION",0,0.25925,FALSE
"libsize","GSE282302","C1_D11","HALLMARK_PROTEIN_SECRETION",0.5,0.8935,TRUE
"none","GSE282302","C1_D11","HALLMARK_PROTEIN_SECRETION",0,0.91275,FALSE
"pcs","GSE282302","C1_D11","HALLMARK_PROTEIN_SECRETION",0,0.68975,FALSE
"libsize","GSE282302","C1_D12","HALLMARK_PROTEIN_SECRETION",0.5,0.977,TRUE
"none","GSE282302","C1_D12","HALLMARK_PROTEIN_SECRETION",0,0.9525,FALSE
"pcs","GSE282302","C1_D12","HALLMARK_PROTEIN_SECRETION",0,0.46725,FALSE
"libsize","GSE282302","C1_D13","HALLMARK_PROTEIN_SECRETION",1,0.9765,TRUE
"none","GSE282302","C1_D13","HALLMARK_PROTEIN_SECRETION",0.5,0.66025,TRUE
"pcs","GSE282302","C1_D13","HALLMARK_PROTEIN_SECRETION",0,0.2025,FALSE
"libsize","GSE282302","C1_D14","HALLMARK_PROTEIN_SECRETION",0,0.7045,FALSE
"none","GSE282302","C1_D14","HALLMARK_PROTEIN_SECRETION",0,0.95,FALSE
"pcs","GSE282302","C1_D14","HALLMARK_PROTEIN_SECRETION",0,0.468833333333333,FALSE
"libsize","GSE282302","C1_D2","HALLMARK_PROTEIN_SECRETION",1,0.9995,TRUE
"none","GSE282302","C1_D2","HALLMARK_PROTEIN_SECRETION",1,0.9995,TRUE
"pcs","GSE282302","C1_D2","HALLMARK_PROTEIN_SECRETION",0,0.6885,FALSE
"libsize","GSE282302","C1_D3","HALLMARK_PROTEIN_SECRETION",0,0.936,FALSE
"none","GSE282302","C1_D3","HALLMARK_PROTEIN_SECRETION",1,0.999,TRUE
"pcs","GSE282302","C1_D3","HALLMARK_PROTEIN_SECRETION",0,0.5015,FALSE
"libsize","GSE282302","C1_D4","HALLMARK_PROTEIN_SECRETION",0,0.9695,FALSE
"none","GSE282302","C1_D4","HALLMARK_PROTEIN_SECRETION",0,0.994,FALSE
"pcs","GSE282302","C1_D4","HALLMARK_PROTEIN_SECRETION",0,0.6405,FALSE
"libsize","GSE282302","C1_D5","HALLMARK_PROTEIN_SECRETION",0,0.3065,FALSE
"none","GSE282302","C1_D5","HALLMARK_PROTEIN_SECRETION",1,0.9995,TRUE
"pcs","GSE282302","C1_D5","HALLMARK_PROTEIN_SECRETION",0,0.581,FALSE
"libsize","GSE282302","C1_D6","HALLMARK_PROTEIN_SECRETION",0,0.547,FALSE
"none","GSE282302","C1_D6","HALLMARK_PROTEIN_SECRETION",1,0.9975,TRUE
"pcs","GSE282302","C1_D6","HALLMARK_PROTEIN_SECRETION",0,0.4625,FALSE
"libsize","GSE282302","C1_D7","HALLMARK_PROTEIN_SECRETION",0,0.376,FALSE
"none","GSE282302","C1_D7","HALLMARK_PROTEIN_SECRETION",0,0.7385,FALSE
"pcs","GSE282302","C1_D7","HALLMARK_PROTEIN_SECRETION",0,0.833,FALSE
"libsize","GSE282302","C1_D8","HALLMARK_PROTEIN_SECRETION",1,0.99675,TRUE
"none","GSE282302","C1_D8","HALLMARK_PROTEIN_SECRETION",1,0.99925,TRUE
"pcs","GSE282302","C1_D8","HALLMARK_PROTEIN_SECRETION",0,0.70025,FALSE
"libsize","GSE282302","C1_D9","HALLMARK_PROTEIN_SECRETION",0.5,0.899,TRUE
"none","GSE282302","C1_D9","HALLMARK_PROTEIN_SECRETION",0.5,0.60125,TRUE
"pcs","GSE282302","C1_D9","HALLMARK_PROTEIN_SECRETION",0,0.62425,FALSE
"libsize","GSE282302","C2_D1","HALLMARK_PROTEIN_SECRETION",0,0.943,FALSE
"none","GSE282302","C2_D1","HALLMARK_PROTEIN_SECRETION",1,0.9835,TRUE
"pcs","GSE282302","C2_D1","HALLMARK_PROTEIN_SECRETION",0,0.00849999999999995,FALSE
"libsize","GSE282302","C2_D10","HALLMARK_PROTEIN_SECRETION",0,0.38075,FALSE
"none","GSE282302","C2_D10","HALLMARK_PROTEIN_SECRETION",0.25,0.967875,FALSE
"pcs","GSE282302","C2_D10","HALLMARK_PROTEIN_SECRETION",0,0.62675,FALSE
"libsize","GSE282302","C2_D11","HALLMARK_PROTEIN_SECRETION",0.25,0.5015,FALSE
"none","GSE282302","C2_D11","HALLMARK_PROTEIN_SECRETION",0.25,0.6678125,FALSE
"pcs","GSE282302","C2_D11","HALLMARK_PROTEIN_SECRETION",0,0.4293125,FALSE
"libsize","GSE282302","C2_D12","HALLMARK_PROTEIN_SECRETION",1,0.986,TRUE
"none","GSE282302","C2_D12","HALLMARK_PROTEIN_SECRETION",0,0.9865,FALSE
"pcs","GSE282302","C2_D12","HALLMARK_PROTEIN_SECRETION",0,0.821,FALSE
"libsize","GSE282302","C2_D13","HALLMARK_PROTEIN_SECRETION",1,0.9985,TRUE
"none","GSE282302","C2_D13","HALLMARK_PROTEIN_SECRETION",1,0.9995,TRUE
"pcs","GSE282302","C2_D13","HALLMARK_PROTEIN_SECRETION",0,0.522,FALSE
"libsize","GSE282302","C2_D2","HALLMARK_PROTEIN_SECRETION",0,0.3115,FALSE
"none","GSE282302","C2_D2","HALLMARK_PROTEIN_SECRETION",0,0.302,FALSE
"pcs","GSE282302","C2_D2","HALLMARK_PROTEIN_SECRETION",0,0.7045,FALSE
"libsize","GSE282302","C2_D3","HALLMARK_PROTEIN_SECRETION",0,0.6935,FALSE
"none","GSE282302","C2_D3","HALLMARK_PROTEIN_SECRETION",0,0.8365,FALSE
"pcs","GSE282302","C2_D3","HALLMARK_PROTEIN_SECRETION",0,0.8395,FALSE
"libsize","GSE282302","C2_D4","HALLMARK_PROTEIN_SECRETION",0,0.4115,FALSE
"none","GSE282302","C2_D4","HALLMARK_PROTEIN_SECRETION",1,0.983,TRUE
"pcs","GSE282302","C2_D4","HALLMARK_PROTEIN_SECRETION",0,0.36,FALSE
"libsize","GSE282302","C2_D5","HALLMARK_PROTEIN_SECRETION",0,0.64,FALSE
"none","GSE282302","C2_D5","HALLMARK_PROTEIN_SECRETION",0.5,0.5725,TRUE
"pcs","GSE282302","C2_D5","HALLMARK_PROTEIN_SECRETION",0,0.58925,FALSE
"libsize","GSE282302","C2_D6","HALLMARK_PROTEIN_SECRETION",0,0.7475,FALSE
"none","GSE282302","C2_D6","HALLMARK_PROTEIN_SECRETION",0,0.957,FALSE
"pcs","GSE282302","C2_D6","HALLMARK_PROTEIN_SECRETION",1,0.975,TRUE
"libsize","GSE282302","C2_D7","HALLMARK_PROTEIN_SECRETION",0,0.45925,FALSE
"none","GSE282302","C2_D7","HALLMARK_PROTEIN_SECRETION",0,0.387,FALSE
"pcs","GSE282302","C2_D7","HALLMARK_PROTEIN_SECRETION",0,0.55125,FALSE
"libsize","GSE282302","C2_D8","HALLMARK_PROTEIN_SECRETION",0.5,0.921125,TRUE
"none","GSE282302","C2_D8","HALLMARK_PROTEIN_SECRETION",1,0.999375,TRUE
"pcs","GSE282302","C2_D8","HALLMARK_PROTEIN_SECRETION",0,0.793375,FALSE
"libsize","GSE282302","C2_D9","HALLMARK_PROTEIN_SECRETION",0,0.50175,FALSE
"none","GSE282302","C2_D9","HALLMARK_PROTEIN_SECRETION",0,0.828083333333333,FALSE
"pcs","GSE282302","C2_D9","HALLMARK_PROTEIN_SECRETION",0,0.63425,FALSE
"libsize","GSE282302","C3_D1","HALLMARK_PROTEIN_SECRETION",0,0.47875,FALSE
"none","GSE282302","C3_D1","HALLMARK_PROTEIN_SECRETION",0.5,0.74225,TRUE
"pcs","GSE282302","C3_D1","HALLMARK_PROTEIN_SECRETION",0,0.48875,FALSE
"libsize","GSE282302","C3_D10","HALLMARK_PROTEIN_SECRETION",0,0.57475,FALSE
"none","GSE282302","C3_D10","HALLMARK_PROTEIN_SECRETION",0.25,0.6935,FALSE
"pcs","GSE282302","C3_D10","HALLMARK_PROTEIN_SECRETION",0,0.75975,FALSE
"libsize","GSE282302","C3_D11","HALLMARK_PROTEIN_SECRETION",0,0.925125,FALSE
"none","GSE282302","C3_D11","HALLMARK_PROTEIN_SECRETION",0.5,0.964125,TRUE
"pcs","GSE282302","C3_D11","HALLMARK_PROTEIN_SECRETION",0,0.517375,FALSE
"libsize","GSE282302","C3_D12","HALLMARK_PROTEIN_SECRETION",0,0.2870625,FALSE
"none","GSE282302","C3_D12","HALLMARK_PROTEIN_SECRETION",0,0.5258125,FALSE
"pcs","GSE282302","C3_D12","HALLMARK_PROTEIN_SECRETION",0.125,0.7018125,FALSE
"libsize","GSE282302","C3_D2","HALLMARK_PROTEIN_SECRETION",0.5,0.71525,TRUE
"none","GSE282302","C3_D2","HALLMARK_PROTEIN_SECRETION",0.5,0.683875,TRUE
"pcs","GSE282302","C3_D2","HALLMARK_PROTEIN_SECRETION",0,0.446875,FALSE
"libsize","GSE282302","C3_D3","HALLMARK_PROTEIN_SECRETION",0,0.66775,FALSE
"none","GSE282302","C3_D3","HALLMARK_PROTEIN_SECRETION",0.25,0.671625,FALSE
"pcs","GSE282302","C3_D3","HALLMARK_PROTEIN_SECRETION",0,0.313625,FALSE
"libsize","GSE282302","C3_D4","HALLMARK_PROTEIN_SECRETION",0.75,0.9755,TRUE
"none","GSE282302","C3_D4","HALLMARK_PROTEIN_SECRETION",0.5,0.981,TRUE
"pcs","GSE282302","C3_D4","HALLMARK_PROTEIN_SECRETION",0,0.30375,FALSE
"libsize","GSE282302","C3_D5","HALLMARK_PROTEIN_SECRETION",0,0.794875,FALSE
"none","GSE282302","C3_D5","HALLMARK_PROTEIN_SECRETION",0.75,0.94225,TRUE
"pcs","GSE282302","C3_D5","HALLMARK_PROTEIN_SECRETION",0,0.7105,FALSE
"libsize","GSE282302","C3_D6","HALLMARK_PROTEIN_SECRETION",0.25,0.755625,FALSE
"none","GSE282302","C3_D6","HALLMARK_PROTEIN_SECRETION",0.5,0.869125,TRUE
"pcs","GSE282302","C3_D6","HALLMARK_PROTEIN_SECRETION",0,0.4885,FALSE
"libsize","GSE282302","C3_D7","HALLMARK_PROTEIN_SECRETION",0.25,0.541875,FALSE
"none","GSE282302","C3_D7","HALLMARK_PROTEIN_SECRETION",0.25,0.85425,FALSE
"pcs","GSE282302","C3_D7","HALLMARK_PROTEIN_SECRETION",0.25,0.778875,FALSE
"libsize","GSE282302","C3_D8","HALLMARK_PROTEIN_SECRETION",0,0.56925,FALSE
"none","GSE282302","C3_D8","HALLMARK_PROTEIN_SECRETION",0.25,0.550625,FALSE
"pcs","GSE282302","C3_D8","HALLMARK_PROTEIN_SECRETION",0,0.680625,FALSE
"libsize","GSE282302","C3_D9","HALLMARK_PROTEIN_SECRETION",0.25,0.7735,FALSE
"none","GSE282302","C3_D9","HALLMARK_PROTEIN_SECRETION",0.75,0.771625,TRUE
"pcs","GSE282302","C3_D9","HALLMARK_PROTEIN_SECRETION",0,0.572,FALSE
"libsize","GSE274557","Pt1","HALLMARK_PROTEIN_SECRETION",0,0.2935,FALSE
"none","GSE274557","Pt1","HALLMARK_PROTEIN_SECRETION",0,0.50275,FALSE
"pcs","GSE274557","Pt1","HALLMARK_PROTEIN_SECRETION",0,0.2645,FALSE
"libsize","GSE274557","Pt10","HALLMARK_PROTEIN_SECRETION",0.25,0.4505,FALSE
"none","GSE274557","Pt10","HALLMARK_PROTEIN_SECRETION",0,0.229875,FALSE
"pcs","GSE274557","Pt10","HALLMARK_PROTEIN_SECRETION",0,0.52775,FALSE
"libsize","GSE274557","Pt11","HALLMARK_PROTEIN_SECRETION",0.5,0.973875,TRUE
"none","GSE274557","Pt11","HALLMARK_PROTEIN_SECRETION",0,0.43825,FALSE
"pcs","GSE274557","Pt11","HALLMARK_PROTEIN_SECRETION",0,0.59575,FALSE
"libsize","GSE274557","Pt12","HALLMARK_PROTEIN_SECRETION",0,0.574625,FALSE
"none","GSE274557","Pt12","HALLMARK_PROTEIN_SECRETION",0.25,0.798,FALSE
"pcs","GSE274557","Pt12","HALLMARK_PROTEIN_SECRETION",0,0.673,FALSE
"libsize","GSE274557","Pt13","HALLMARK_PROTEIN_SECRETION",0.142857142857143,0.476357142857143,FALSE
"none","GSE274557","Pt13","HALLMARK_PROTEIN_SECRETION",0,0.611571428571429,FALSE
"pcs","GSE274557","Pt13","HALLMARK_PROTEIN_SECRETION",0,0.489642857142857,FALSE
"libsize","GSE274557","Pt2","HALLMARK_PROTEIN_SECRETION",0,0.345333333333333,FALSE
"none","GSE274557","Pt2","HALLMARK_PROTEIN_SECRETION",0.333333333333333,0.852,FALSE
"pcs","GSE274557","Pt2","HALLMARK_PROTEIN_SECRETION",0,0.711,FALSE
"libsize","GSE274557","Pt3","HALLMARK_PROTEIN_SECRETION",0,0.63975,FALSE
"none","GSE274557","Pt3","HALLMARK_PROTEIN_SECRETION",0.25,0.849375,FALSE
"pcs","GSE274557","Pt3","HALLMARK_PROTEIN_SECRETION",0,0.42025,FALSE
"libsize","GSE274557","Pt4","HALLMARK_PROTEIN_SECRETION",0.75,0.885875,TRUE
"none","GSE274557","Pt4","HALLMARK_PROTEIN_SECRETION",0.5,0.850875,TRUE
"pcs","GSE274557","Pt4","HALLMARK_PROTEIN_SECRETION",0,0.466875,FALSE
"libsize","GSE274557","Pt5","HALLMARK_PROTEIN_SECRETION",0,0.780833333333333,FALSE
"none","GSE274557","Pt5","HALLMARK_PROTEIN_SECRETION",0.333333333333333,0.937,FALSE
"pcs","GSE274557","Pt5","HALLMARK_PROTEIN_SECRETION",0,0.724,FALSE
"libsize","GSE274557","Pt6","HALLMARK_PROTEIN_SECRETION",0.166666666666667,0.779416666666667,FALSE
"none","GSE274557","Pt6","HALLMARK_PROTEIN_SECRETION",0.333333333333333,0.729583333333333,FALSE
"pcs","GSE274557","Pt6","HALLMARK_PROTEIN_SECRETION",0.166666666666667,0.7235,FALSE
"libsize","GSE274557","Pt7","HALLMARK_PROTEIN_SECRETION",0,0.389,FALSE
"none","GSE274557","Pt7","HALLMARK_PROTEIN_SECRETION",0,0.434375,FALSE
"pcs","GSE274557","Pt7","HALLMARK_PROTEIN_SECRETION",0.5,0.900375,TRUE
"libsize","GSE274557","Pt8","HALLMARK_PROTEIN_SECRETION",0.2,0.7884,FALSE
"none","GSE274557","Pt8","HALLMARK_PROTEIN_SECRETION",0,0.5756,FALSE
"pcs","GSE274557","Pt8","HALLMARK_PROTEIN_SECRETION",0,0.5766,FALSE
"libsize","GSE274557","Pt9","HALLMARK_PROTEIN_SECRETION",0,0.693125,FALSE
"none","GSE274557","Pt9","HALLMARK_PROTEIN_SECRETION",0.25,0.627125,FALSE
"pcs","GSE274557","Pt9","HALLMARK_PROTEIN_SECRETION",0,0.3295,FALSE
"libsize","GSE282302","C1_D1","HALLMARK_REACTIVE_OXYGEN_SPECIES_PATHWAY",0,0.4805,FALSE
"none","GSE282302","C1_D1","HALLMARK_REACTIVE_OXYGEN_SPECIES_PATHWAY",0,0.8435,FALSE
"pcs","GSE282302","C1_D1","HALLMARK_REACTIVE_OXYGEN_SPECIES_PATHWAY",0,0.4595,FALSE
"libsize","GSE282302","C1_D10","HALLMARK_REACTIVE_OXYGEN_SPECIES_PATHWAY",0,0.80175,FALSE
"none","GSE282302","C1_D10","HALLMARK_REACTIVE_OXYGEN_SPECIES_PATHWAY",0,0.70425,FALSE
"pcs","GSE282302","C1_D10","HALLMARK_REACTIVE_OXYGEN_SPECIES_PATHWAY",0,0.2475,FALSE
"libsize","GSE282302","C1_D11","HALLMARK_REACTIVE_OXYGEN_SPECIES_PATHWAY",0.5,0.848,TRUE
"none","GSE282302","C1_D11","HALLMARK_REACTIVE_OXYGEN_SPECIES_PATHWAY",0.5,0.977,TRUE
"pcs","GSE282302","C1_D11","HALLMARK_REACTIVE_OXYGEN_SPECIES_PATHWAY",0,0.629,FALSE
"libsize","GSE282302","C1_D12","HALLMARK_REACTIVE_OXYGEN_SPECIES_PATHWAY",0,0.78275,FALSE
"none","GSE282302","C1_D12","HALLMARK_REACTIVE_OXYGEN_SPECIES_PATHWAY",0,0.585,FALSE
"pcs","GSE282302","C1_D12","HALLMARK_REACTIVE_OXYGEN_SPECIES_PATHWAY",0.5,0.88575,TRUE
"libsize","GSE282302","C1_D13","HALLMARK_REACTIVE_OXYGEN_SPECIES_PATHWAY",0,0.55425,FALSE
"none","GSE282302","C1_D13","HALLMARK_REACTIVE_OXYGEN_SPECIES_PATHWAY",0,0.3835,FALSE
"pcs","GSE282302","C1_D13","HALLMARK_REACTIVE_OXYGEN_SPECIES_PATHWAY",0,0.87275,FALSE
"libsize","GSE282302","C1_D14","HALLMARK_REACTIVE_OXYGEN_SPECIES_PATHWAY",0,0.801833333333333,FALSE
"none","GSE282302","C1_D14","HALLMARK_REACTIVE_OXYGEN_SPECIES_PATHWAY",0,0.713166666666667,FALSE
"pcs","GSE282302","C1_D14","HALLMARK_REACTIVE_OXYGEN_SPECIES_PATHWAY",0,0.623666666666667,FALSE
"libsize","GSE282302","C1_D2","HALLMARK_REACTIVE_OXYGEN_SPECIES_PATHWAY",1,0.9965,TRUE
"none","GSE282302","C1_D2","HALLMARK_REACTIVE_OXYGEN_SPECIES_PATHWAY",0,0.9795,FALSE
"pcs","GSE282302","C1_D2","HALLMARK_REACTIVE_OXYGEN_SPECIES_PATHWAY",0,0.447,FALSE
"libsize","GSE282302","C1_D3","HALLMARK_REACTIVE_OXYGEN_SPECIES_PATHWAY",0,0.7315,FALSE
"none","GSE282302","C1_D3","HALLMARK_REACTIVE_OXYGEN_SPECIES_PATHWAY",0,0.9115,FALSE
"pcs","GSE282302","C1_D3","HALLMARK_REACTIVE_OXYGEN_SPECIES_PATHWAY",0,0.656,FALSE
"libsize","GSE282302","C1_D4","HALLMARK_REACTIVE_OXYGEN_SPECIES_PATHWAY",0,0.934,FALSE
"none","GSE282302","C1_D4","HALLMARK_REACTIVE_OXYGEN_SPECIES_PATHWAY",0,0.3235,FALSE
"pcs","GSE282302","C1_D4","HALLMARK_REACTIVE_OXYGEN_SPECIES_PATHWAY",1,0.9805,TRUE
"libsize","GSE282302","C1_D5","HALLMARK_REACTIVE_OXYGEN_SPECIES_PATHWAY",1,0.9965,TRUE
"none","GSE282302","C1_D5","HALLMARK_REACTIVE_OXYGEN_SPECIES_PATHWAY",0,0.9865,FALSE
"pcs","GSE282302","C1_D5","HALLMARK_REACTIVE_OXYGEN_SPECIES_PATHWAY",0,0.8635,FALSE
"libsize","GSE282302","C1_D6","HALLMARK_REACTIVE_OXYGEN_SPECIES_PATHWAY",0,0.784,FALSE
"none","GSE282302","C1_D6","HALLMARK_REACTIVE_OXYGEN_SPECIES_PATHWAY",0,0.929,FALSE
"pcs","GSE282302","C1_D6","HALLMARK_REACTIVE_OXYGEN_SPECIES_PATHWAY",0,0.919,FALSE
"libsize","GSE282302","C1_D7","HALLMARK_REACTIVE_OXYGEN_SPECIES_PATHWAY",0,0.9165,FALSE
"none","GSE282302","C1_D7","HALLMARK_REACTIVE_OXYGEN_SPECIES_PATHWAY",0,0.7085,FALSE
"pcs","GSE282302","C1_D7","HALLMARK_REACTIVE_OXYGEN_SPECIES_PATHWAY",0,0.9215,FALSE
"libsize","GSE282302","C1_D8","HALLMARK_REACTIVE_OXYGEN_SPECIES_PATHWAY",1,0.9745,TRUE
"none","GSE282302","C1_D8","HALLMARK_REACTIVE_OXYGEN_SPECIES_PATHWAY",0.5,0.85675,TRUE
"pcs","GSE282302","C1_D8","HALLMARK_REACTIVE_OXYGEN_SPECIES_PATHWAY",0,0.88175,FALSE
"libsize","GSE282302","C1_D9","HALLMARK_REACTIVE_OXYGEN_SPECIES_PATHWAY",0,0.8755,FALSE
"none","GSE282302","C1_D9","HALLMARK_REACTIVE_OXYGEN_SPECIES_PATHWAY",0.5,0.8665,TRUE
"pcs","GSE282302","C1_D9","HALLMARK_REACTIVE_OXYGEN_SPECIES_PATHWAY",0,0.69275,FALSE
"libsize","GSE282302","C2_D1","HALLMARK_REACTIVE_OXYGEN_SPECIES_PATHWAY",0,0.963,FALSE
"none","GSE282302","C2_D1","HALLMARK_REACTIVE_OXYGEN_SPECIES_PATHWAY",0,0.882,FALSE
"pcs","GSE282302","C2_D1","HALLMARK_REACTIVE_OXYGEN_SPECIES_PATHWAY",0,0.9665,FALSE
"libsize","GSE282302","C2_D10","HALLMARK_REACTIVE_OXYGEN_SPECIES_PATHWAY",1,0.99075,TRUE
"none","GSE282302","C2_D10","HALLMARK_REACTIVE_OXYGEN_SPECIES_PATHWAY",0.75,0.98225,TRUE
"pcs","GSE282302","C2_D10","HALLMARK_REACTIVE_OXYGEN_SPECIES_PATHWAY",0.5,0.88375,TRUE
"libsize","GSE282302","C2_D11","HALLMARK_REACTIVE_OXYGEN_SPECIES_PATHWAY",0.25,0.8183125,FALSE
"none","GSE282302","C2_D11","HALLMARK_REACTIVE_OXYGEN_SPECIES_PATHWAY",0,0.5111875,FALSE
"pcs","GSE282302","C2_D11","HALLMARK_REACTIVE_OXYGEN_SPECIES_PATHWAY",0.125,0.582125,FALSE
"libsize","GSE282302","C2_D12","HALLMARK_REACTIVE_OXYGEN_SPECIES_PATHWAY",0,0.839,FALSE
"none","GSE282302","C2_D12","HALLMARK_REACTIVE_OXYGEN_SPECIES_PATHWAY",0,0.3575,FALSE
"pcs","GSE282302","C2_D12","HALLMARK_REACTIVE_OXYGEN_SPECIES_PATHWAY",0,0.34,FALSE
"libsize","GSE282302","C2_D13","HALLMARK_REACTIVE_OXYGEN_SPECIES_PATHWAY",0,0.647,FALSE
"none","GSE282302","C2_D13","HALLMARK_REACTIVE_OXYGEN_SPECIES_PATHWAY",0,0.6315,FALSE
"pcs","GSE282302","C2_D13","HALLMARK_REACTIVE_OXYGEN_SPECIES_PATHWAY",0,0.174,FALSE
"libsize","GSE282302","C2_D2","HALLMARK_REACTIVE_OXYGEN_SPECIES_PATHWAY",0,0.321,FALSE
"none","GSE282302","C2_D2","HALLMARK_REACTIVE_OXYGEN_SPECIES_PATHWAY",0,0.2885,FALSE
"pcs","GSE282302","C2_D2","HALLMARK_REACTIVE_OXYGEN_SPECIES_PATHWAY",0,0.725,FALSE
"libsize","GSE282302","C2_D3","HALLMARK_REACTIVE_OXYGEN_SPECIES_PATHWAY",0,0.8035,FALSE
"none","GSE282302","C2_D3","HALLMARK_REACTIVE_OXYGEN_SPECIES_PATHWAY",0,0.6495,FALSE
"pcs","GSE282302","C2_D3","HALLMARK_REACTIVE_OXYGEN_SPECIES_PATHWAY",0,0.015,FALSE
"libsize","GSE282302","C2_D4","HALLMARK_REACTIVE_OXYGEN_SPECIES_PATHWAY",0,0.9275,FALSE
"none","GSE282302","C2_D4","HALLMARK_REACTIVE_OXYGEN_SPECIES_PATHWAY",0,0.8315,FALSE
"pcs","GSE282302","C2_D4","HALLMARK_REACTIVE_OXYGEN_SPECIES_PATHWAY",0,0.5325,FALSE
"libsize","GSE282302","C2_D5","HALLMARK_REACTIVE_OXYGEN_SPECIES_PATHWAY",0,0.86125,FALSE
"none","GSE282302","C2_D5","HALLMARK_REACTIVE_OXYGEN_SPECIES_PATHWAY",0,0.70775,FALSE
"pcs","GSE282302","C2_D5","HALLMARK_REACTIVE_OXYGEN_SPECIES_PATHWAY",0,0.315,FALSE
"libsize","GSE282302","C2_D6","HALLMARK_REACTIVE_OXYGEN_SPECIES_PATHWAY",0,0.586,FALSE
"none","GSE282302","C2_D6","HALLMARK_REACTIVE_OXYGEN_SPECIES_PATHWAY",0,0.55475,FALSE
"pcs","GSE282302","C2_D6","HALLMARK_REACTIVE_OXYGEN_SPECIES_PATHWAY",0,0.913,FALSE
"libsize","GSE282302","C2_D7","HALLMARK_REACTIVE_OXYGEN_SPECIES_PATHWAY",1,0.9995,TRUE
"none","GSE282302","C2_D7","HALLMARK_REACTIVE_OXYGEN_SPECIES_PATHWAY",0,0.1105,FALSE
"pcs","GSE282302","C2_D7","HALLMARK_REACTIVE_OXYGEN_SPECIES_PATHWAY",0.5,0.901,TRUE
"libsize","GSE282302","C2_D8","HALLMARK_REACTIVE_OXYGEN_SPECIES_PATHWAY",0,0.624375,FALSE
"none","GSE282302","C2_D8","HALLMARK_REACTIVE_OXYGEN_SPECIES_PATHWAY",0,0.87975,FALSE
"pcs","GSE282302","C2_D8","HALLMARK_REACTIVE_OXYGEN_SPECIES_PATHWAY",0,0.693625,FALSE
"libsize","GSE282302","C2_D9","HALLMARK_REACTIVE_OXYGEN_SPECIES_PATHWAY",0.166666666666667,0.892833333333333,FALSE
"none","GSE282302","C2_D9","HALLMARK_REACTIVE_OXYGEN_SPECIES_PATHWAY",0.166666666666667,0.736916666666667,FALSE
"pcs","GSE282302","C2_D9","HALLMARK_REACTIVE_OXYGEN_SPECIES_PATHWAY",0,0.518916666666667,FALSE
"libsize","GSE282302","C3_D1","HALLMARK_REACTIVE_OXYGEN_SPECIES_PATHWAY",0.25,0.943,FALSE
"none","GSE282302","C3_D1","HALLMARK_REACTIVE_OXYGEN_SPECIES_PATHWAY",0.5,0.911375,TRUE
"pcs","GSE282302","C3_D1","HALLMARK_REACTIVE_OXYGEN_SPECIES_PATHWAY",0,0.7735,FALSE
"libsize","GSE282302","C3_D10","HALLMARK_REACTIVE_OXYGEN_SPECIES_PATHWAY",0,0.59375,FALSE
"none","GSE282302","C3_D10","HALLMARK_REACTIVE_OXYGEN_SPECIES_PATHWAY",0,0.666625,FALSE
"pcs","GSE282302","C3_D10","HALLMARK_REACTIVE_OXYGEN_SPECIES_PATHWAY",0.25,0.61325,FALSE
"libsize","GSE282302","C3_D11","HALLMARK_REACTIVE_OXYGEN_SPECIES_PATHWAY",0.25,0.869625,FALSE
"none","GSE282302","C3_D11","HALLMARK_REACTIVE_OXYGEN_SPECIES_PATHWAY",0.25,0.7855,FALSE
"pcs","GSE282302","C3_D11","HALLMARK_REACTIVE_OXYGEN_SPECIES_PATHWAY",0,0.34725,FALSE
"libsize","GSE282302","C3_D12","HALLMARK_REACTIVE_OXYGEN_SPECIES_PATHWAY",0,0.7823125,FALSE
"none","GSE282302","C3_D12","HALLMARK_REACTIVE_OXYGEN_SPECIES_PATHWAY",0,0.7879375,FALSE
"pcs","GSE282302","C3_D12","HALLMARK_REACTIVE_OXYGEN_SPECIES_PATHWAY",0.25,0.842875,FALSE
"libsize","GSE282302","C3_D2","HALLMARK_REACTIVE_OXYGEN_SPECIES_PATHWAY",0.25,0.755875,FALSE
"none","GSE282302","C3_D2","HALLMARK_REACTIVE_OXYGEN_SPECIES_PATHWAY",0,0.602375,FALSE
"pcs","GSE282302","C3_D2","HALLMARK_REACTIVE_OXYGEN_SPECIES_PATHWAY",0.25,0.690875,FALSE
"libsize","GSE282302","C3_D3","HALLMARK_REACTIVE_OXYGEN_SPECIES_PATHWAY",0,0.8575,FALSE
"none","GSE282302","C3_D3","HALLMARK_REACTIVE_OXYGEN_SPECIES_PATHWAY",0,0.772125,FALSE
"pcs","GSE282302","C3_D3","HALLMARK_REACTIVE_OXYGEN_SPECIES_PATHWAY",0.25,0.691625,FALSE
"libsize","GSE282302","C3_D4","HALLMARK_REACTIVE_OXYGEN_SPECIES_PATHWAY",0,0.632875,FALSE
"none","GSE282302","C3_D4","HALLMARK_REACTIVE_OXYGEN_SPECIES_PATHWAY",0,0.626875,FALSE
"pcs","GSE282302","C3_D4","HALLMARK_REACTIVE_OXYGEN_SPECIES_PATHWAY",0,0.513,FALSE
"libsize","GSE282302","C3_D5","HALLMARK_REACTIVE_OXYGEN_SPECIES_PATHWAY",0,0.8585,FALSE
"none","GSE282302","C3_D5","HALLMARK_REACTIVE_OXYGEN_SPECIES_PATHWAY",0.25,0.926625,FALSE
"pcs","GSE282302","C3_D5","HALLMARK_REACTIVE_OXYGEN_SPECIES_PATHWAY",0.25,0.79,FALSE
"libsize","GSE282302","C3_D6","HALLMARK_REACTIVE_OXYGEN_SPECIES_PATHWAY",0,0.7345,FALSE
"none","GSE282302","C3_D6","HALLMARK_REACTIVE_OXYGEN_SPECIES_PATHWAY",0,0.663,FALSE
"pcs","GSE282302","C3_D6","HALLMARK_REACTIVE_OXYGEN_SPECIES_PATHWAY",0,0.618,FALSE
"libsize","GSE282302","C3_D7","HALLMARK_REACTIVE_OXYGEN_SPECIES_PATHWAY",0.25,0.841375,FALSE
"none","GSE282302","C3_D7","HALLMARK_REACTIVE_OXYGEN_SPECIES_PATHWAY",0,0.73275,FALSE
"pcs","GSE282302","C3_D7","HALLMARK_REACTIVE_OXYGEN_SPECIES_PATHWAY",0,0.706625,FALSE
"libsize","GSE282302","C3_D8","HALLMARK_REACTIVE_OXYGEN_SPECIES_PATHWAY",0.5,0.773375,TRUE
"none","GSE282302","C3_D8","HALLMARK_REACTIVE_OXYGEN_SPECIES_PATHWAY",0,0.826375,FALSE
"pcs","GSE282302","C3_D8","HALLMARK_REACTIVE_OXYGEN_SPECIES_PATHWAY",0.25,0.91525,FALSE
"libsize","GSE282302","C3_D9","HALLMARK_REACTIVE_OXYGEN_SPECIES_PATHWAY",0,0.83025,FALSE
"none","GSE282302","C3_D9","HALLMARK_REACTIVE_OXYGEN_SPECIES_PATHWAY",0.25,0.8075,FALSE
"pcs","GSE282302","C3_D9","HALLMARK_REACTIVE_OXYGEN_SPECIES_PATHWAY",0.25,0.8095,FALSE
"libsize","GSE274557","Pt1","HALLMARK_REACTIVE_OXYGEN_SPECIES_PATHWAY",0,0.76675,FALSE
"none","GSE274557","Pt1","HALLMARK_REACTIVE_OXYGEN_SPECIES_PATHWAY",0,0.5455,FALSE
"pcs","GSE274557","Pt1","HALLMARK_REACTIVE_OXYGEN_SPECIES_PATHWAY",0,0.74825,FALSE
"libsize","GSE274557","Pt10","HALLMARK_REACTIVE_OXYGEN_SPECIES_PATHWAY",0,0.52275,FALSE
"none","GSE274557","Pt10","HALLMARK_REACTIVE_OXYGEN_SPECIES_PATHWAY",0,0.441125,FALSE
"pcs","GSE274557","Pt10","HALLMARK_REACTIVE_OXYGEN_SPECIES_PATHWAY",0,0.606875,FALSE
"libsize","GSE274557","Pt11","HALLMARK_REACTIVE_OXYGEN_SPECIES_PATHWAY",0,0.527875,FALSE
"none","GSE274557","Pt11","HALLMARK_REACTIVE_OXYGEN_SPECIES_PATHWAY",0,0.737625,FALSE
"pcs","GSE274557","Pt11","HALLMARK_REACTIVE_OXYGEN_SPECIES_PATHWAY",0,0.716125,FALSE
"libsize","GSE274557","Pt12","HALLMARK_REACTIVE_OXYGEN_SPECIES_PATHWAY",0.75,0.968875,TRUE
"none","GSE274557","Pt12","HALLMARK_REACTIVE_OXYGEN_SPECIES_PATHWAY",0,0.29525,FALSE
"pcs","GSE274557","Pt12","HALLMARK_REACTIVE_OXYGEN_SPECIES_PATHWAY",0.25,0.459125,FALSE
"libsize","GSE274557","Pt13","HALLMARK_REACTIVE_OXYGEN_SPECIES_PATHWAY",0.142857142857143,0.533571428571429,FALSE
"none","GSE274557","Pt13","HALLMARK_REACTIVE_OXYGEN_SPECIES_PATHWAY",0,0.619642857142857,FALSE
"pcs","GSE274557","Pt13","HALLMARK_REACTIVE_OXYGEN_SPECIES_PATHWAY",0,0.538285714285714,FALSE
"libsize","GSE274557","Pt2","HALLMARK_REACTIVE_OXYGEN_SPECIES_PATHWAY",0,0.578833333333333,FALSE
"none","GSE274557","Pt2","HALLMARK_REACTIVE_OXYGEN_SPECIES_PATHWAY",0,0.3005,FALSE
"pcs","GSE274557","Pt2","HALLMARK_REACTIVE_OXYGEN_SPECIES_PATHWAY",0,0.3545,FALSE
"libsize","GSE274557","Pt3","HALLMARK_REACTIVE_OXYGEN_SPECIES_PATHWAY",0.25,0.734,FALSE
"none","GSE274557","Pt3","HALLMARK_REACTIVE_OXYGEN_SPECIES_PATHWAY",0,0.58325,FALSE
"pcs","GSE274557","Pt3","HALLMARK_REACTIVE_OXYGEN_SPECIES_PATHWAY",0,0.62725,FALSE
"libsize","GSE274557","Pt4","HALLMARK_REACTIVE_OXYGEN_SPECIES_PATHWAY",0,0.4535,FALSE
"none","GSE274557","Pt4","HALLMARK_REACTIVE_OXYGEN_SPECIES_PATHWAY",0,0.684625,FALSE
"pcs","GSE274557","Pt4","HALLMARK_REACTIVE_OXYGEN_SPECIES_PATHWAY",0,0.236,FALSE
"libsize","GSE274557","Pt5","HALLMARK_REACTIVE_OXYGEN_SPECIES_PATHWAY",0,0.587166666666667,FALSE
"none","GSE274557","Pt5","HALLMARK_REACTIVE_OXYGEN_SPECIES_PATHWAY",0,0.499833333333333,FALSE
"pcs","GSE274557","Pt5","HALLMARK_REACTIVE_OXYGEN_SPECIES_PATHWAY",0,0.6705,FALSE
"libsize","GSE274557","Pt6","HALLMARK_REACTIVE_OXYGEN_SPECIES_PATHWAY",0.333333333333333,0.7485,FALSE
"none","GSE274557","Pt6","HALLMARK_REACTIVE_OXYGEN_SPECIES_PATHWAY",0.166666666666667,0.560916666666667,FALSE
"pcs","GSE274557","Pt6","HALLMARK_REACTIVE_OXYGEN_SPECIES_PATHWAY",0,0.70275,FALSE
"libsize","GSE274557","Pt7","HALLMARK_REACTIVE_OXYGEN_SPECIES_PATHWAY",0.25,0.64625,FALSE
"none","GSE274557","Pt7","HALLMARK_REACTIVE_OXYGEN_SPECIES_PATHWAY",0,0.53675,FALSE
"pcs","GSE274557","Pt7","HALLMARK_REACTIVE_OXYGEN_SPECIES_PATHWAY",0,0.616125,FALSE
"libsize","GSE274557","Pt8","HALLMARK_REACTIVE_OXYGEN_SPECIES_PATHWAY",0,0.664,FALSE
"none","GSE274557","Pt8","HALLMARK_REACTIVE_OXYGEN_SPECIES_PATHWAY",0.2,0.5506,FALSE
"pcs","GSE274557","Pt8","HALLMARK_REACTIVE_OXYGEN_SPECIES_PATHWAY",0.4,0.8583,FALSE
"libsize","GSE274557","Pt9","HALLMARK_REACTIVE_OXYGEN_SPECIES_PATHWAY",0,0.382125,FALSE
"none","GSE274557","Pt9","HALLMARK_REACTIVE_OXYGEN_SPECIES_PATHWAY",0,0.25925,FALSE
"pcs","GSE274557","Pt9","HALLMARK_REACTIVE_OXYGEN_SPECIES_PATHWAY",0,0.803625,FALSE
"libsize","GSE282302","C1_D1","HALLMARK_SPERMATOGENESIS",0,0.934,FALSE
"none","GSE282302","C1_D1","HALLMARK_SPERMATOGENESIS",0,0.6905,FALSE
"pcs","GSE282302","C1_D1","HALLMARK_SPERMATOGENESIS",0,0.984,FALSE
"libsize","GSE282302","C1_D10","HALLMARK_SPERMATOGENESIS",0,0.45675,FALSE
"none","GSE282302","C1_D10","HALLMARK_SPERMATOGENESIS",0.5,0.5675,TRUE
"pcs","GSE282302","C1_D10","HALLMARK_SPERMATOGENESIS",0.5,0.97425,TRUE
"libsize","GSE282302","C1_D11","HALLMARK_SPERMATOGENESIS",1,0.999,TRUE
"none","GSE282302","C1_D11","HALLMARK_SPERMATOGENESIS",1,0.99875,TRUE
"pcs","GSE282302","C1_D11","HALLMARK_SPERMATOGENESIS",0,0.493,FALSE
"libsize","GSE282302","C1_D12","HALLMARK_SPERMATOGENESIS",0.5,0.98425,TRUE
"none","GSE282302","C1_D12","HALLMARK_SPERMATOGENESIS",1,0.99875,TRUE
"pcs","GSE282302","C1_D12","HALLMARK_SPERMATOGENESIS",0.5,0.91125,TRUE
"libsize","GSE282302","C1_D13","HALLMARK_SPERMATOGENESIS",0.5,0.71,TRUE
"none","GSE282302","C1_D13","HALLMARK_SPERMATOGENESIS",0.5,0.77675,TRUE
"pcs","GSE282302","C1_D13","HALLMARK_SPERMATOGENESIS",0,0.359,FALSE
"libsize","GSE282302","C1_D14","HALLMARK_SPERMATOGENESIS",0.666666666666667,0.932833333333333,TRUE
"none","GSE282302","C1_D14","HALLMARK_SPERMATOGENESIS",0.666666666666667,0.959833333333333,TRUE
"pcs","GSE282302","C1_D14","HALLMARK_SPERMATOGENESIS",0,0.577833333333333,FALSE
"libsize","GSE282302","C1_D2","HALLMARK_SPERMATOGENESIS",0,0.76,FALSE
"none","GSE282302","C1_D2","HALLMARK_SPERMATOGENESIS",0,0.978,FALSE
"pcs","GSE282302","C1_D2","HALLMARK_SPERMATOGENESIS",0,0.236,FALSE
"libsize","GSE282302","C1_D3","HALLMARK_SPERMATOGENESIS",0,0.6055,FALSE
"none","GSE282302","C1_D3","HALLMARK_SPERMATOGENESIS",0,0.6085,FALSE
"pcs","GSE282302","C1_D3","HALLMARK_SPERMATOGENESIS",0,0.8145,FALSE
"libsize","GSE282302","C1_D4","HALLMARK_SPERMATOGENESIS",0,0.4565,FALSE
"none","GSE282302","C1_D4","HALLMARK_SPERMATOGENESIS",0,0.576,FALSE
"pcs","GSE282302","C1_D4","HALLMARK_SPERMATOGENESIS",0,0.742,FALSE
"libsize","GSE282302","C1_D5","HALLMARK_SPERMATOGENESIS",0,0.707,FALSE
"none","GSE282302","C1_D5","HALLMARK_SPERMATOGENESIS",0,0.8845,FALSE
"pcs","GSE282302","C1_D5","HALLMARK_SPERMATOGENESIS",0,0.6405,FALSE
"libsize","GSE282302","C1_D6","HALLMARK_SPERMATOGENESIS",0,0.5085,FALSE
"none","GSE282302","C1_D6","HALLMARK_SPERMATOGENESIS",0,0.6805,FALSE
"pcs","GSE282302","C1_D6","HALLMARK_SPERMATOGENESIS",0,0.4645,FALSE
"libsize","GSE282302","C1_D7","HALLMARK_SPERMATOGENESIS",1,0.9965,TRUE
"none","GSE282302","C1_D7","HALLMARK_SPERMATOGENESIS",1,0.998,TRUE
"pcs","GSE282302","C1_D7","HALLMARK_SPERMATOGENESIS",0,0.901,FALSE
"libsize","GSE282302","C1_D8","HALLMARK_SPERMATOGENESIS",0,0.41725,FALSE
"none","GSE282302","C1_D8","HALLMARK_SPERMATOGENESIS",0,0.38,FALSE
"pcs","GSE282302","C1_D8","HALLMARK_SPERMATOGENESIS",0,0.70125,FALSE
"libsize","GSE282302","C1_D9","HALLMARK_SPERMATOGENESIS",0.5,0.73075,TRUE
"none","GSE282302","C1_D9","HALLMARK_SPERMATOGENESIS",0,0.307,FALSE
"pcs","GSE282302","C1_D9","HALLMARK_SPERMATOGENESIS",0,0.207,FALSE
"libsize","GSE282302","C2_D1","HALLMARK_SPERMATOGENESIS",0,0.871,FALSE
"none","GSE282302","C2_D1","HALLMARK_SPERMATOGENESIS",0,0.556,FALSE
"pcs","GSE282302","C2_D1","HALLMARK_SPERMATOGENESIS",1,0.995,TRUE
"libsize","GSE282302","C2_D10","HALLMARK_SPERMATOGENESIS",1,0.99925,TRUE
"none","GSE282302","C2_D10","HALLMARK_SPERMATOGENESIS",1,0.9995,TRUE
"pcs","GSE282302","C2_D10","HALLMARK_SPERMATOGENESIS",0.5,0.94225,TRUE
"libsize","GSE282302","C2_D11","HALLMARK_SPERMATOGENESIS",0.375,0.7136875,FALSE
"none","GSE282302","C2_D11","HALLMARK_SPERMATOGENESIS",0.25,0.7243125,FALSE
"pcs","GSE282302","C2_D11","HALLMARK_SPERMATOGENESIS",0.375,0.8688125,FALSE
"libsize","GSE282302","C2_D12","HALLMARK_SPERMATOGENESIS",1,0.994,TRUE
"none","GSE282302","C2_D12","HALLMARK_SPERMATOGENESIS",1,0.998,TRUE
"pcs","GSE282302","C2_D12","HALLMARK_SPERMATOGENESIS",0,0.1415,FALSE
"libsize","GSE282302","C2_D13","HALLMARK_SPERMATOGENESIS",1,0.984,TRUE
"none","GSE282302","C2_D13","HALLMARK_SPERMATOGENESIS",0,0.9685,FALSE
"pcs","GSE282302","C2_D13","HALLMARK_SPERMATOGENESIS",1,0.988,TRUE
"libsize","GSE282302","C2_D2","HALLMARK_SPERMATOGENESIS",0,0.624,FALSE
"none","GSE282302","C2_D2","HALLMARK_SPERMATOGENESIS",0,0.7315,FALSE
"pcs","GSE282302","C2_D2","HALLMARK_SPERMATOGENESIS",1,0.988,TRUE
"libsize","GSE282302","C2_D3","HALLMARK_SPERMATOGENESIS",1,0.972,TRUE
"none","GSE282302","C2_D3","HALLMARK_SPERMATOGENESIS",0,0.9665,FALSE
"pcs","GSE282302","C2_D3","HALLMARK_SPERMATOGENESIS",0,0.9315,FALSE
"libsize","GSE282302","C2_D4","HALLMARK_SPERMATOGENESIS",0,0.1385,FALSE
"none","GSE282302","C2_D4","HALLMARK_SPERMATOGENESIS",1,0.999,TRUE
"pcs","GSE282302","C2_D4","HALLMARK_SPERMATOGENESIS",0,0.278,FALSE
"libsize","GSE282302","C2_D5","HALLMARK_SPERMATOGENESIS",0.5,0.547,TRUE
"none","GSE282302","C2_D5","HALLMARK_SPERMATOGENESIS",0.5,0.53225,TRUE
"pcs","GSE282302","C2_D5","HALLMARK_SPERMATOGENESIS",0.5,0.928,TRUE
"libsize","GSE282302","C2_D6","HALLMARK_SPERMATOGENESIS",0,0.92675,FALSE
"none","GSE282302","C2_D6","HALLMARK_SPERMATOGENESIS",0,0.90325,FALSE
"pcs","GSE282302","C2_D6","HALLMARK_SPERMATOGENESIS",0.5,0.9175,TRUE
"libsize","GSE282302","C2_D7","HALLMARK_SPERMATOGENESIS",0,0.9165,FALSE
"none","GSE282302","C2_D7","HALLMARK_SPERMATOGENESIS",0,0.69225,FALSE
"pcs","GSE282302","C2_D7","HALLMARK_SPERMATOGENESIS",0.5,0.9345,TRUE
"libsize","GSE282302","C2_D8","HALLMARK_SPERMATOGENESIS",0.25,0.872125,FALSE
"none","GSE282302","C2_D8","HALLMARK_SPERMATOGENESIS",0.5,0.949,TRUE
"pcs","GSE282302","C2_D8","HALLMARK_SPERMATOGENESIS",0,0.596625,FALSE
"libsize","GSE282302","C2_D9","HALLMARK_SPERMATOGENESIS",0.666666666666667,0.944583333333333,TRUE
"none","GSE282302","C2_D9","HALLMARK_SPERMATOGENESIS",0.166666666666667,0.864833333333333,FALSE
"pcs","GSE282302","C2_D9","HALLMARK_SPERMATOGENESIS",0,0.669666666666667,FALSE
"libsize","GSE282302","C3_D1","HALLMARK_SPERMATOGENESIS",0,0.2815,FALSE
"none","GSE282302","C3_D1","HALLMARK_SPERMATOGENESIS",0,0.415875,FALSE
"pcs","GSE282302","C3_D1","HALLMARK_SPERMATOGENESIS",0.25,0.748,FALSE
"libsize","GSE282302","C3_D10","HALLMARK_SPERMATOGENESIS",0.25,0.624,FALSE
"none","GSE282302","C3_D10","HALLMARK_SPERMATOGENESIS",0.25,0.661625,FALSE
"pcs","GSE282302","C3_D10","HALLMARK_SPERMATOGENESIS",0,0.850625,FALSE
"libsize","GSE282302","C3_D11","HALLMARK_SPERMATOGENESIS",0.5,0.966875,TRUE
"none","GSE282302","C3_D11","HALLMARK_SPERMATOGENESIS",0.25,0.896625,FALSE
"pcs","GSE282302","C3_D11","HALLMARK_SPERMATOGENESIS",0.5,0.707,TRUE
"libsize","GSE282302","C3_D12","HALLMARK_SPERMATOGENESIS",0,0.72375,FALSE
"none","GSE282302","C3_D12","HALLMARK_SPERMATOGENESIS",0.125,0.7279375,FALSE
"pcs","GSE282302","C3_D12","HALLMARK_SPERMATOGENESIS",0.25,0.7853125,FALSE
"libsize","GSE282302","C3_D2","HALLMARK_SPERMATOGENESIS",0.5,0.74275,TRUE
"none","GSE282302","C3_D2","HALLMARK_SPERMATOGENESIS",0.5,0.843375,TRUE
"pcs","GSE282302","C3_D2","HALLMARK_SPERMATOGENESIS",0.5,0.968625,TRUE
"libsize","GSE282302","C3_D3","HALLMARK_SPERMATOGENESIS",0.5,0.700875,TRUE
"none","GSE282302","C3_D3","HALLMARK_SPERMATOGENESIS",0.5,0.712625,TRUE
"pcs","GSE282302","C3_D3","HALLMARK_SPERMATOGENESIS",0.5,0.70325,TRUE
"libsize","GSE282302","C3_D4","HALLMARK_SPERMATOGENESIS",0.25,0.686,FALSE
"none","GSE282302","C3_D4","HALLMARK_SPERMATOGENESIS",0,0.695625,FALSE
"pcs","GSE282302","C3_D4","HALLMARK_SPERMATOGENESIS",0,0.781,FALSE
"libsize","GSE282302","C3_D5","HALLMARK_SPERMATOGENESIS",0,0.63,FALSE
"none","GSE282302","C3_D5","HALLMARK_SPERMATOGENESIS",0,0.750125,FALSE
"pcs","GSE282302","C3_D5","HALLMARK_SPERMATOGENESIS",1,0.9885,TRUE
"libsize","GSE282302","C3_D6","HALLMARK_SPERMATOGENESIS",0.25,0.795,FALSE
"none","GSE282302","C3_D6","HALLMARK_SPERMATOGENESIS",0,0.50575,FALSE
"pcs","GSE282302","C3_D6","HALLMARK_SPERMATOGENESIS",0,0.692,FALSE
"libsize","GSE282302","C3_D7","HALLMARK_SPERMATOGENESIS",0,0.636,FALSE
"none","GSE282302","C3_D7","HALLMARK_SPERMATOGENESIS",0,0.595,FALSE
"pcs","GSE282302","C3_D7","HALLMARK_SPERMATOGENESIS",0.25,0.718,FALSE
"libsize","GSE282302","C3_D8","HALLMARK_SPERMATOGENESIS",0,0.372625,FALSE
"none","GSE282302","C3_D8","HALLMARK_SPERMATOGENESIS",0.25,0.484125,FALSE
"pcs","GSE282302","C3_D8","HALLMARK_SPERMATOGENESIS",0.25,0.879625,FALSE
"libsize","GSE282302","C3_D9","HALLMARK_SPERMATOGENESIS",0.25,0.508,FALSE
"none","GSE282302","C3_D9","HALLMARK_SPERMATOGENESIS",0.25,0.486125,FALSE
"pcs","GSE282302","C3_D9","HALLMARK_SPERMATOGENESIS",0.5,0.886375,TRUE
"libsize","GSE274557","Pt1","HALLMARK_SPERMATOGENESIS",0,0.8945,FALSE
"none","GSE274557","Pt1","HALLMARK_SPERMATOGENESIS",0,0.90725,FALSE
"pcs","GSE274557","Pt1","HALLMARK_SPERMATOGENESIS",0,0.945,FALSE
"libsize","GSE274557","Pt10","HALLMARK_SPERMATOGENESIS",0.25,0.45125,FALSE
"none","GSE274557","Pt10","HALLMARK_SPERMATOGENESIS",0,0.51,FALSE
"pcs","GSE274557","Pt10","HALLMARK_SPERMATOGENESIS",0,0.65725,FALSE
"libsize","GSE274557","Pt11","HALLMARK_SPERMATOGENESIS",0.25,0.634375,FALSE
"none","GSE274557","Pt11","HALLMARK_SPERMATOGENESIS",0,0.641125,FALSE
"pcs","GSE274557","Pt11","HALLMARK_SPERMATOGENESIS",0.25,0.837625,FALSE
"libsize","GSE274557","Pt12","HALLMARK_SPERMATOGENESIS",0.25,0.531125,FALSE
"none","GSE274557","Pt12","HALLMARK_SPERMATOGENESIS",0.25,0.744875,FALSE
"pcs","GSE274557","Pt12","HALLMARK_SPERMATOGENESIS",0.25,0.619,FALSE
"libsize","GSE274557","Pt13","HALLMARK_SPERMATOGENESIS",0.428571428571429,0.803,FALSE
"none","GSE274557","Pt13","HALLMARK_SPERMATOGENESIS",0.285714285714286,0.7765,FALSE
"pcs","GSE274557","Pt13","HALLMARK_SPERMATOGENESIS",0.285714285714286,0.686357142857143,FALSE
"libsize","GSE274557","Pt2","HALLMARK_SPERMATOGENESIS",0,0.523333333333333,FALSE
"none","GSE274557","Pt2","HALLMARK_SPERMATOGENESIS",0,0.463166666666667,FALSE
"pcs","GSE274557","Pt2","HALLMARK_SPERMATOGENESIS",0,0.677333333333333,FALSE
"libsize","GSE274557","Pt3","HALLMARK_SPERMATOGENESIS",0,0.826125,FALSE
"none","GSE274557","Pt3","HALLMARK_SPERMATOGENESIS",0.5,0.987125,TRUE
"pcs","GSE274557","Pt3","HALLMARK_SPERMATOGENESIS",0,0.689875,FALSE
"libsize","GSE274557","Pt4","HALLMARK_SPERMATOGENESIS",0,0.67425,FALSE
"none","GSE274557","Pt4","HALLMARK_SPERMATOGENESIS",0.5,0.71875,TRUE
"pcs","GSE274557","Pt4","HALLMARK_SPERMATOGENESIS",0,0.53025,FALSE
"libsize","GSE274557","Pt5","HALLMARK_SPERMATOGENESIS",0.666666666666667,0.780166666666667,TRUE
"none","GSE274557","Pt5","HALLMARK_SPERMATOGENESIS",0.666666666666667,0.905666666666667,TRUE
"pcs","GSE274557","Pt5","HALLMARK_SPERMATOGENESIS",0,0.617333333333333,FALSE
"libsize","GSE274557","Pt6","HALLMARK_SPERMATOGENESIS",0,0.37925,FALSE
"none","GSE274557","Pt6","HALLMARK_SPERMATOGENESIS",0,0.371,FALSE
"pcs","GSE274557","Pt6","HALLMARK_SPERMATOGENESIS",0,0.390583333333333,FALSE
"libsize","GSE274557","Pt7","HALLMARK_SPERMATOGENESIS",0,0.85975,FALSE
"none","GSE274557","Pt7","HALLMARK_SPERMATOGENESIS",0.25,0.7315,FALSE
"pcs","GSE274557","Pt7","HALLMARK_SPERMATOGENESIS",0.5,0.940125,TRUE
"libsize","GSE274557","Pt8","HALLMARK_SPERMATOGENESIS",0.4,0.8237,FALSE
"none","GSE274557","Pt8","HALLMARK_SPERMATOGENESIS",0,0.8867,FALSE
"pcs","GSE274557","Pt8","HALLMARK_SPERMATOGENESIS",0.4,0.5391,FALSE
"libsize","GSE274557","Pt9","HALLMARK_SPERMATOGENESIS",0.25,0.559625,FALSE
"none","GSE274557","Pt9","HALLMARK_SPERMATOGENESIS",0,0.42275,FALSE
"pcs","GSE274557","Pt9","HALLMARK_SPERMATOGENESIS",0,0.45375,FALSE
"libsize","GSE282302","C1_D1","HALLMARK_TGF_BETA_SIGNALING",1,0.9935,TRUE
"none","GSE282302","C1_D1","HALLMARK_TGF_BETA_SIGNALING",1,0.9985,TRUE
"pcs","GSE282302","C1_D1","HALLMARK_TGF_BETA_SIGNALING",1,0.99,TRUE
"libsize","GSE282302","C1_D10","HALLMARK_TGF_BETA_SIGNALING",1,0.9945,TRUE
"none","GSE282302","C1_D10","HALLMARK_TGF_BETA_SIGNALING",1,0.9985,TRUE
"pcs","GSE282302","C1_D10","HALLMARK_TGF_BETA_SIGNALING",0,0.613,FALSE
"libsize","GSE282302","C1_D11","HALLMARK_TGF_BETA_SIGNALING",1,0.991,TRUE
"none","GSE282302","C1_D11","HALLMARK_TGF_BETA_SIGNALING",0,0.5075,FALSE
"pcs","GSE282302","C1_D11","HALLMARK_TGF_BETA_SIGNALING",1,0.98975,TRUE
"libsize","GSE282302","C1_D12","HALLMARK_TGF_BETA_SIGNALING",0.5,0.67325,TRUE
"none","GSE282302","C1_D12","HALLMARK_TGF_BETA_SIGNALING",0,0.49125,FALSE
"pcs","GSE282302","C1_D12","HALLMARK_TGF_BETA_SIGNALING",0.5,0.788,TRUE
"libsize","GSE282302","C1_D13","HALLMARK_TGF_BETA_SIGNALING",0.5,0.7295,TRUE
"none","GSE282302","C1_D13","HALLMARK_TGF_BETA_SIGNALING",1,0.98925,TRUE
"pcs","GSE282302","C1_D13","HALLMARK_TGF_BETA_SIGNALING",0.5,0.9615,TRUE
"libsize","GSE282302","C1_D14","HALLMARK_TGF_BETA_SIGNALING",0.333333333333333,0.910833333333333,FALSE
"none","GSE282302","C1_D14","HALLMARK_TGF_BETA_SIGNALING",0,0.617166666666667,FALSE
"pcs","GSE282302","C1_D14","HALLMARK_TGF_BETA_SIGNALING",0.333333333333333,0.819166666666667,FALSE
"libsize","GSE282302","C1_D2","HALLMARK_TGF_BETA_SIGNALING",0,0.9545,FALSE
"none","GSE282302","C1_D2","HALLMARK_TGF_BETA_SIGNALING",0,0.794,FALSE
"pcs","GSE282302","C1_D2","HALLMARK_TGF_BETA_SIGNALING",0,0.886,FALSE
"libsize","GSE282302","C1_D3","HALLMARK_TGF_BETA_SIGNALING",1,0.9865,TRUE
"none","GSE282302","C1_D3","HALLMARK_TGF_BETA_SIGNALING",1,0.9995,TRUE
"pcs","GSE282302","C1_D3","HALLMARK_TGF_BETA_SIGNALING",1,0.9985,TRUE
"libsize","GSE282302","C1_D4","HALLMARK_TGF_BETA_SIGNALING",0,0.941,FALSE
"none","GSE282302","C1_D4","HALLMARK_TGF_BETA_SIGNALING",0,0.0805,FALSE
"pcs","GSE282302","C1_D4","HALLMARK_TGF_BETA_SIGNALING",1,0.979,TRUE
"libsize","GSE282302","C1_D5","HALLMARK_TGF_BETA_SIGNALING",1,0.9995,TRUE
"none","GSE282302","C1_D5","HALLMARK_TGF_BETA_SIGNALING",1,0.999,TRUE
"pcs","GSE282302","C1_D5","HALLMARK_TGF_BETA_SIGNALING",0,0.9165,FALSE
"libsize","GSE282302","C1_D6","HALLMARK_TGF_BETA_SIGNALING",1,0.994,TRUE
"none","GSE282302","C1_D6","HALLMARK_TGF_BETA_SIGNALING",1,0.998,TRUE
"pcs","GSE282302","C1_D6","HALLMARK_TGF_BETA_SIGNALING",0,0.2095,FALSE
"libsize","GSE282302","C1_D7","HALLMARK_TGF_BETA_SIGNALING",1,0.998,TRUE
"none","GSE282302","C1_D7","HALLMARK_TGF_BETA_SIGNALING",0,0.959,FALSE
"pcs","GSE282302","C1_D7","HALLMARK_TGF_BETA_SIGNALING",1,0.9935,TRUE
"libsize","GSE282302","C1_D8","HALLMARK_TGF_BETA_SIGNALING",1,0.99325,TRUE
"none","GSE282302","C1_D8","HALLMARK_TGF_BETA_SIGNALING",1,0.99925,TRUE
"pcs","GSE282302","C1_D8","HALLMARK_TGF_BETA_SIGNALING",0,0.878,FALSE
"libsize","GSE282302","C1_D9","HALLMARK_TGF_BETA_SIGNALING",1,0.9945,TRUE
"none","GSE282302","C1_D9","HALLMARK_TGF_BETA_SIGNALING",1,0.999,TRUE
"pcs","GSE282302","C1_D9","HALLMARK_TGF_BETA_SIGNALING",0,0.30325,FALSE
"libsize","GSE282302","C2_D1","HALLMARK_TGF_BETA_SIGNALING",0,0.9135,FALSE
"none","GSE282302","C2_D1","HALLMARK_TGF_BETA_SIGNALING",0,0.962,FALSE
"pcs","GSE282302","C2_D1","HALLMARK_TGF_BETA_SIGNALING",1,0.9995,TRUE
"libsize","GSE282302","C2_D10","HALLMARK_TGF_BETA_SIGNALING",1,0.98575,TRUE
"none","GSE282302","C2_D10","HALLMARK_TGF_BETA_SIGNALING",0,0.87925,FALSE
"pcs","GSE282302","C2_D10","HALLMARK_TGF_BETA_SIGNALING",1,0.99775,TRUE
"libsize","GSE282302","C2_D11","HALLMARK_TGF_BETA_SIGNALING",0.75,0.97825,TRUE
"none","GSE282302","C2_D11","HALLMARK_TGF_BETA_SIGNALING",0.25,0.5939375,FALSE
"pcs","GSE282302","C2_D11","HALLMARK_TGF_BETA_SIGNALING",0.25,0.75775,FALSE
"libsize","GSE282302","C2_D12","HALLMARK_TGF_BETA_SIGNALING",0,0.481,FALSE
"none","GSE282302","C2_D12","HALLMARK_TGF_BETA_SIGNALING",0,0.00649999999999995,FALSE
"pcs","GSE282302","C2_D12","HALLMARK_TGF_BETA_SIGNALING",0,0.5955,FALSE
"libsize","GSE282302","C2_D13","HALLMARK_TGF_BETA_SIGNALING",1,0.9995,TRUE
"none","GSE282302","C2_D13","HALLMARK_TGF_BETA_SIGNALING",0,0.918,FALSE
"pcs","GSE282302","C2_D13","HALLMARK_TGF_BETA_SIGNALING",0,0.5595,FALSE
"libsize","GSE282302","C2_D2","HALLMARK_TGF_BETA_SIGNALING",0,0.9505,FALSE
"none","GSE282302","C2_D2","HALLMARK_TGF_BETA_SIGNALING",0,0.9685,FALSE
"pcs","GSE282302","C2_D2","HALLMARK_TGF_BETA_SIGNALING",1,0.991,TRUE
"libsize","GSE282302","C2_D3","HALLMARK_TGF_BETA_SIGNALING",0,0.9235,FALSE
"none","GSE282302","C2_D3","HALLMARK_TGF_BETA_SIGNALING",0,0.9145,FALSE
"pcs","GSE282302","C2_D3","HALLMARK_TGF_BETA_SIGNALING",0,0.937,FALSE
"libsize","GSE282302","C2_D4","HALLMARK_TGF_BETA_SIGNALING",1,0.9845,TRUE
"none","GSE282302","C2_D4","HALLMARK_TGF_BETA_SIGNALING",0,0.4015,FALSE
"pcs","GSE282302","C2_D4","HALLMARK_TGF_BETA_SIGNALING",0,0.7295,FALSE
"libsize","GSE282302","C2_D5","HALLMARK_TGF_BETA_SIGNALING",0.5,0.94125,TRUE
"none","GSE282302","C2_D5","HALLMARK_TGF_BETA_SIGNALING",0,0.86475,FALSE
"pcs","GSE282302","C2_D5","HALLMARK_TGF_BETA_SIGNALING",1,0.9885,TRUE
"libsize","GSE282302","C2_D6","HALLMARK_TGF_BETA_SIGNALING",0,0.96725,FALSE
"none","GSE282302","C2_D6","HALLMARK_TGF_BETA_SIGNALING",0,0.9475,FALSE
"pcs","GSE282302","C2_D6","HALLMARK_TGF_BETA_SIGNALING",1,0.9995,TRUE
"libsize","GSE282302","C2_D7","HALLMARK_TGF_BETA_SIGNALING",0,0.40425,FALSE
"none","GSE282302","C2_D7","HALLMARK_TGF_BETA_SIGNALING",0,0.883,FALSE
"pcs","GSE282302","C2_D7","HALLMARK_TGF_BETA_SIGNALING",1,0.99925,TRUE
"libsize","GSE282302","C2_D8","HALLMARK_TGF_BETA_SIGNALING",0.75,0.980125,TRUE
"none","GSE282302","C2_D8","HALLMARK_TGF_BETA_SIGNALING",0,0.918875,FALSE
"pcs","GSE282302","C2_D8","HALLMARK_TGF_BETA_SIGNALING",0.25,0.875875,FALSE
"libsize","GSE282302","C2_D9","HALLMARK_TGF_BETA_SIGNALING",0,0.787833333333333,FALSE
"none","GSE282302","C2_D9","HALLMARK_TGF_BETA_SIGNALING",0,0.711,FALSE
"pcs","GSE282302","C2_D9","HALLMARK_TGF_BETA_SIGNALING",0.166666666666667,0.63525,FALSE
"libsize","GSE282302","C3_D1","HALLMARK_TGF_BETA_SIGNALING",0.5,0.98,TRUE
"none","GSE282302","C3_D1","HALLMARK_TGF_BETA_SIGNALING",0.5,0.797,TRUE
"pcs","GSE282302","C3_D1","HALLMARK_TGF_BETA_SIGNALING",1,0.9945,TRUE
"libsize","GSE282302","C3_D10","HALLMARK_TGF_BETA_SIGNALING",1,0.99625,TRUE
"none","GSE282302","C3_D10","HALLMARK_TGF_BETA_SIGNALING",1,0.99575,TRUE
"pcs","GSE282302","C3_D10","HALLMARK_TGF_BETA_SIGNALING",0.5,0.95025,TRUE
"libsize","GSE282302","C3_D11","HALLMARK_TGF_BETA_SIGNALING",0.75,0.98375,TRUE
"none","GSE282302","C3_D11","HALLMARK_TGF_BETA_SIGNALING",0.25,0.900375,FALSE
"pcs","GSE282302","C3_D11","HALLMARK_TGF_BETA_SIGNALING",1,0.997,TRUE
"libsize","GSE282302","C3_D12","HALLMARK_TGF_BETA_SIGNALING",0.625,0.93325,TRUE
"none","GSE282302","C3_D12","HALLMARK_TGF_BETA_SIGNALING",0.75,0.908375,TRUE
"pcs","GSE282302","C3_D12","HALLMARK_TGF_BETA_SIGNALING",0.75,0.887,TRUE
"libsize","GSE282302","C3_D2","HALLMARK_TGF_BETA_SIGNALING",0.75,0.97325,TRUE
"none","GSE282302","C3_D2","HALLMARK_TGF_BETA_SIGNALING",0.5,0.777875,TRUE
"pcs","GSE282302","C3_D2","HALLMARK_TGF_BETA_SIGNALING",0.25,0.8725,FALSE
"libsize","GSE282302","C3_D3","HALLMARK_TGF_BETA_SIGNALING",0.25,0.92875,FALSE
"none","GSE282302","C3_D3","HALLMARK_TGF_BETA_SIGNALING",0.25,0.706125,FALSE
"pcs","GSE282302","C3_D3","HALLMARK_TGF_BETA_SIGNALING",0.25,0.704,FALSE
"libsize","GSE282302","C3_D4","HALLMARK_TGF_BETA_SIGNALING",1,0.995,TRUE
"none","GSE282302","C3_D4","HALLMARK_TGF_BETA_SIGNALING",0.5,0.876875,TRUE
"pcs","GSE282302","C3_D4","HALLMARK_TGF_BETA_SIGNALING",0.5,0.75125,TRUE
"libsize","GSE282302","C3_D5","HALLMARK_TGF_BETA_SIGNALING",1,0.994,TRUE
"none","GSE282302","C3_D5","HALLMARK_TGF_BETA_SIGNALING",0.5,0.9085,TRUE
"pcs","GSE282302","C3_D5","HALLMARK_TGF_BETA_SIGNALING",0.5,0.958375,TRUE
"libsize","GSE282302","C3_D6","HALLMARK_TGF_BETA_SIGNALING",0.25,0.936875,FALSE
"none","GSE282302","C3_D6","HALLMARK_TGF_BETA_SIGNALING",0.5,0.82375,TRUE
"pcs","GSE282302","C3_D6","HALLMARK_TGF_BETA_SIGNALING",0,0.417125,FALSE
"libsize","GSE282302","C3_D7","HALLMARK_TGF_BETA_SIGNALING",0.75,0.9735,TRUE
"none","GSE282302","C3_D7","HALLMARK_TGF_BETA_SIGNALING",0.75,0.97575,TRUE
"pcs","GSE282302","C3_D7","HALLMARK_TGF_BETA_SIGNALING",0.75,0.882875,TRUE
"libsize","GSE282302","C3_D8","HALLMARK_TGF_BETA_SIGNALING",0.75,0.966625,TRUE
"none","GSE282302","C3_D8","HALLMARK_TGF_BETA_SIGNALING",0.5,0.81875,TRUE
"pcs","GSE282302","C3_D8","HALLMARK_TGF_BETA_SIGNALING",0.5,0.904375,TRUE
"libsize","GSE282302","C3_D9","HALLMARK_TGF_BETA_SIGNALING",0.5,0.919125,TRUE
"none","GSE282302","C3_D9","HALLMARK_TGF_BETA_SIGNALING",0.25,0.730375,FALSE
"pcs","GSE282302","C3_D9","HALLMARK_TGF_BETA_SIGNALING",0.25,0.8495,FALSE
"libsize","GSE274557","Pt1","HALLMARK_TGF_BETA_SIGNALING",0.5,0.982,TRUE
"none","GSE274557","Pt1","HALLMARK_TGF_BETA_SIGNALING",0,0.4765,FALSE
"pcs","GSE274557","Pt1","HALLMARK_TGF_BETA_SIGNALING",0,0.48225,FALSE
"libsize","GSE274557","Pt10","HALLMARK_TGF_BETA_SIGNALING",0.5,0.89075,TRUE
"none","GSE274557","Pt10","HALLMARK_TGF_BETA_SIGNALING",0,0.299125,FALSE
"pcs","GSE274557","Pt10","HALLMARK_TGF_BETA_SIGNALING",0.25,0.719625,FALSE
"libsize","GSE274557","Pt11","HALLMARK_TGF_BETA_SIGNALING",0,0.916875,FALSE
"none","GSE274557","Pt11","HALLMARK_TGF_BETA_SIGNALING",0,0.3325,FALSE
"pcs","GSE274557","Pt11","HALLMARK_TGF_BETA_SIGNALING",0.25,0.491625,FALSE
"libsize","GSE274557","Pt12","HALLMARK_TGF_BETA_SIGNALING",0.75,0.856375,TRUE
"none","GSE274557","Pt12","HALLMARK_TGF_BETA_SIGNALING",0,0.61525,FALSE
"pcs","GSE274557","Pt12","HALLMARK_TGF_BETA_SIGNALING",0,0.43375,FALSE
"libsize","GSE274557","Pt13","HALLMARK_TGF_BETA_SIGNALING",0.428571428571429,0.883785714285714,FALSE
"none","GSE274557","Pt13","HALLMARK_TGF_BETA_SIGNALING",0,0.621357142857143,FALSE
"pcs","GSE274557","Pt13","HALLMARK_TGF_BETA_SIGNALING",0.285714285714286,0.790071428571429,FALSE
"libsize","GSE274557","Pt2","HALLMARK_TGF_BETA_SIGNALING",0.333333333333333,0.785,FALSE
"none","GSE274557","Pt2","HALLMARK_TGF_BETA_SIGNALING",0.333333333333333,0.520833333333333,FALSE
"pcs","GSE274557","Pt2","HALLMARK_TGF_BETA_SIGNALING",0.333333333333333,0.579666666666667,FALSE
"libsize","GSE274557","Pt3","HALLMARK_TGF_BETA_SIGNALING",0,0.8635,FALSE
"none","GSE274557","Pt3","HALLMARK_TGF_BETA_SIGNALING",0,0.4865,FALSE
"pcs","GSE274557","Pt3","HALLMARK_TGF_BETA_SIGNALING",0,0.70275,FALSE
"libsize","GSE274557","Pt4","HALLMARK_TGF_BETA_SIGNALING",0.25,0.885625,FALSE
"none","GSE274557","Pt4","HALLMARK_TGF_BETA_SIGNALING",0,0.29375,FALSE
"pcs","GSE274557","Pt4","HALLMARK_TGF_BETA_SIGNALING",0,0.599375,FALSE
"libsize","GSE274557","Pt5","HALLMARK_TGF_BETA_SIGNALING",0.666666666666667,0.828166666666667,TRUE
"none","GSE274557","Pt5","HALLMARK_TGF_BETA_SIGNALING",0,0.6755,FALSE
"pcs","GSE274557","Pt5","HALLMARK_TGF_BETA_SIGNALING",0,0.863666666666667,FALSE
"libsize","GSE274557","Pt6","HALLMARK_TGF_BETA_SIGNALING",0.166666666666667,0.75075,FALSE
"none","GSE274557","Pt6","HALLMARK_TGF_BETA_SIGNALING",0.166666666666667,0.604083333333333,FALSE
"pcs","GSE274557","Pt6","HALLMARK_TGF_BETA_SIGNALING",0,0.3965,FALSE
"libsize","GSE274557","Pt7","HALLMARK_TGF_BETA_SIGNALING",0.25,0.834375,FALSE
"none","GSE274557","Pt7","HALLMARK_TGF_BETA_SIGNALING",0,0.356125,FALSE
"pcs","GSE274557","Pt7","HALLMARK_TGF_BETA_SIGNALING",0,0.766375,FALSE
"libsize","GSE274557","Pt8","HALLMARK_TGF_BETA_SIGNALING",0.2,0.7509,FALSE
"none","GSE274557","Pt8","HALLMARK_TGF_BETA_SIGNALING",0,0.388,FALSE
"pcs","GSE274557","Pt8","HALLMARK_TGF_BETA_SIGNALING",0,0.694,FALSE
"libsize","GSE274557","Pt9","HALLMARK_TGF_BETA_SIGNALING",0.25,0.776,FALSE
"none","GSE274557","Pt9","HALLMARK_TGF_BETA_SIGNALING",0,0.378,FALSE
"pcs","GSE274557","Pt9","HALLMARK_TGF_BETA_SIGNALING",0,0.826,FALSE
"libsize","GSE282302","C1_D1","HALLMARK_TNFA_SIGNALING_VIA_NFKB",1,0.9995,TRUE
"none","GSE282302","C1_D1","HALLMARK_TNFA_SIGNALING_VIA_NFKB",1,0.9975,TRUE
"pcs","GSE282302","C1_D1","HALLMARK_TNFA_SIGNALING_VIA_NFKB",1,0.9995,TRUE
"libsize","GSE282302","C1_D10","HALLMARK_TNFA_SIGNALING_VIA_NFKB",1,0.9935,TRUE
"none","GSE282302","C1_D10","HALLMARK_TNFA_SIGNALING_VIA_NFKB",0.5,0.51875,TRUE
"pcs","GSE282302","C1_D10","HALLMARK_TNFA_SIGNALING_VIA_NFKB",1,0.9995,TRUE
"libsize","GSE282302","C1_D11","HALLMARK_TNFA_SIGNALING_VIA_NFKB",1,0.9995,TRUE
"none","GSE282302","C1_D11","HALLMARK_TNFA_SIGNALING_VIA_NFKB",0.5,0.7875,TRUE
"pcs","GSE282302","C1_D11","HALLMARK_TNFA_SIGNALING_VIA_NFKB",1,0.9995,TRUE
"libsize","GSE282302","C1_D12","HALLMARK_TNFA_SIGNALING_VIA_NFKB",1,0.9995,TRUE
"none","GSE282302","C1_D12","HALLMARK_TNFA_SIGNALING_VIA_NFKB",0.5,0.59725,TRUE
"pcs","GSE282302","C1_D12","HALLMARK_TNFA_SIGNALING_VIA_NFKB",1,0.9995,TRUE
"libsize","GSE282302","C1_D13","HALLMARK_TNFA_SIGNALING_VIA_NFKB",1,0.9995,TRUE
"none","GSE282302","C1_D13","HALLMARK_TNFA_SIGNALING_VIA_NFKB",1,0.9995,TRUE
"pcs","GSE282302","C1_D13","HALLMARK_TNFA_SIGNALING_VIA_NFKB",1,0.9995,TRUE
"libsize","GSE282302","C1_D14","HALLMARK_TNFA_SIGNALING_VIA_NFKB",1,0.9995,TRUE
"none","GSE282302","C1_D14","HALLMARK_TNFA_SIGNALING_VIA_NFKB",0,0.475,FALSE
"pcs","GSE282302","C1_D14","HALLMARK_TNFA_SIGNALING_VIA_NFKB",1,0.9995,TRUE
"libsize","GSE282302","C1_D2","HALLMARK_TNFA_SIGNALING_VIA_NFKB",1,0.9995,TRUE
"none","GSE282302","C1_D2","HALLMARK_TNFA_SIGNALING_VIA_NFKB",0,0.178,FALSE
"pcs","GSE282302","C1_D2","HALLMARK_TNFA_SIGNALING_VIA_NFKB",1,0.9995,TRUE
"libsize","GSE282302","C1_D3","HALLMARK_TNFA_SIGNALING_VIA_NFKB",1,0.9995,TRUE
"none","GSE282302","C1_D3","HALLMARK_TNFA_SIGNALING_VIA_NFKB",0,0.0795,FALSE
"pcs","GSE282302","C1_D3","HALLMARK_TNFA_SIGNALING_VIA_NFKB",1,0.9995,TRUE
"libsize","GSE282302","C1_D4","HALLMARK_TNFA_SIGNALING_VIA_NFKB",1,0.9995,TRUE
"none","GSE282302","C1_D4","HALLMARK_TNFA_SIGNALING_VIA_NFKB",0,0,FALSE
"pcs","GSE282302","C1_D4","HALLMARK_TNFA_SIGNALING_VIA_NFKB",1,0.9995,TRUE
"libsize","GSE282302","C1_D5","HALLMARK_TNFA_SIGNALING_VIA_NFKB",1,0.9995,TRUE
"none","GSE282302","C1_D5","HALLMARK_TNFA_SIGNALING_VIA_NFKB",0,0.414,FALSE
"pcs","GSE282302","C1_D5","HALLMARK_TNFA_SIGNALING_VIA_NFKB",1,0.9995,TRUE
"libsize","GSE282302","C1_D6","HALLMARK_TNFA_SIGNALING_VIA_NFKB",1,0.9985,TRUE
"none","GSE282302","C1_D6","HALLMARK_TNFA_SIGNALING_VIA_NFKB",1,0.993,TRUE
"pcs","GSE282302","C1_D6","HALLMARK_TNFA_SIGNALING_VIA_NFKB",1,0.9995,TRUE
"libsize","GSE282302","C1_D7","HALLMARK_TNFA_SIGNALING_VIA_NFKB",1,0.9995,TRUE
"none","GSE282302","C1_D7","HALLMARK_TNFA_SIGNALING_VIA_NFKB",1,0.9995,TRUE
"pcs","GSE282302","C1_D7","HALLMARK_TNFA_SIGNALING_VIA_NFKB",1,0.9995,TRUE
"libsize","GSE282302","C1_D8","HALLMARK_TNFA_SIGNALING_VIA_NFKB",1,0.9995,TRUE
"none","GSE282302","C1_D8","HALLMARK_TNFA_SIGNALING_VIA_NFKB",0.5,0.9825,TRUE
"pcs","GSE282302","C1_D8","HALLMARK_TNFA_SIGNALING_VIA_NFKB",1,0.9995,TRUE
"libsize","GSE282302","C1_D9","HALLMARK_TNFA_SIGNALING_VIA_NFKB",1,0.9995,TRUE
"none","GSE282302","C1_D9","HALLMARK_TNFA_SIGNALING_VIA_NFKB",0.5,0.821,TRUE
"pcs","GSE282302","C1_D9","HALLMARK_TNFA_SIGNALING_VIA_NFKB",1,0.9995,TRUE
"libsize","GSE282302","C2_D1","HALLMARK_TNFA_SIGNALING_VIA_NFKB",1,0.9995,TRUE
"none","GSE282302","C2_D1","HALLMARK_TNFA_SIGNALING_VIA_NFKB",1,0.9995,TRUE
"pcs","GSE282302","C2_D1","HALLMARK_TNFA_SIGNALING_VIA_NFKB",1,0.9995,TRUE
"libsize","GSE282302","C2_D10","HALLMARK_TNFA_SIGNALING_VIA_NFKB",1,0.9995,TRUE
"none","GSE282302","C2_D10","HALLMARK_TNFA_SIGNALING_VIA_NFKB",0,0.923125,FALSE
"pcs","GSE282302","C2_D10","HALLMARK_TNFA_SIGNALING_VIA_NFKB",1,0.9995,TRUE
"libsize","GSE282302","C2_D11","HALLMARK_TNFA_SIGNALING_VIA_NFKB",1,0.9995,TRUE
"none","GSE282302","C2_D11","HALLMARK_TNFA_SIGNALING_VIA_NFKB",0.375,0.5544375,FALSE
"pcs","GSE282302","C2_D11","HALLMARK_TNFA_SIGNALING_VIA_NFKB",1,0.9995,TRUE
"libsize","GSE282302","C2_D12","HALLMARK_TNFA_SIGNALING_VIA_NFKB",1,0.9995,TRUE
"none","GSE282302","C2_D12","HALLMARK_TNFA_SIGNALING_VIA_NFKB",0,0,FALSE
"pcs","GSE282302","C2_D12","HALLMARK_TNFA_SIGNALING_VIA_NFKB",0,0.9565,FALSE
"libsize","GSE282302","C2_D13","HALLMARK_TNFA_SIGNALING_VIA_NFKB",1,0.9995,TRUE
"none","GSE282302","C2_D13","HALLMARK_TNFA_SIGNALING_VIA_NFKB",0,0.2785,FALSE
"pcs","GSE282302","C2_D13","HALLMARK_TNFA_SIGNALING_VIA_NFKB",1,0.9995,TRUE
"libsize","GSE282302","C2_D2","HALLMARK_TNFA_SIGNALING_VIA_NFKB",0,0.4015,FALSE
"none","GSE282302","C2_D2","HALLMARK_TNFA_SIGNALING_VIA_NFKB",0,0.774,FALSE
"pcs","GSE282302","C2_D2","HALLMARK_TNFA_SIGNALING_VIA_NFKB",1,0.9995,TRUE
"libsize","GSE282302","C2_D3","HALLMARK_TNFA_SIGNALING_VIA_NFKB",1,0.9995,TRUE
"none","GSE282302","C2_D3","HALLMARK_TNFA_SIGNALING_VIA_NFKB",1,0.999,TRUE
"pcs","GSE282302","C2_D3","HALLMARK_TNFA_SIGNALING_VIA_NFKB",1,0.9995,TRUE
"libsize","GSE282302","C2_D4","HALLMARK_TNFA_SIGNALING_VIA_NFKB",1,0.9995,TRUE
"none","GSE282302","C2_D4","HALLMARK_TNFA_SIGNALING_VIA_NFKB",1,0.9995,TRUE
"pcs","GSE282302","C2_D4","HALLMARK_TNFA_SIGNALING_VIA_NFKB",1,0.9995,TRUE
"libsize","GSE282302","C2_D5","HALLMARK_TNFA_SIGNALING_VIA_NFKB",1,0.999,TRUE
"none","GSE282302","C2_D5","HALLMARK_TNFA_SIGNALING_VIA_NFKB",0.5,0.49975,TRUE
"pcs","GSE282302","C2_D5","HALLMARK_TNFA_SIGNALING_VIA_NFKB",1,0.9995,TRUE
"libsize","GSE282302","C2_D6","HALLMARK_TNFA_SIGNALING_VIA_NFKB",0,0.4985,FALSE
"none","GSE282302","C2_D6","HALLMARK_TNFA_SIGNALING_VIA_NFKB",0.5,0.4995,TRUE
"pcs","GSE282302","C2_D6","HALLMARK_TNFA_SIGNALING_VIA_NFKB",1,0.9995,TRUE
"libsize","GSE282302","C2_D7","HALLMARK_TNFA_SIGNALING_VIA_NFKB",1,0.9995,TRUE
"none","GSE282302","C2_D7","HALLMARK_TNFA_SIGNALING_VIA_NFKB",0,0,FALSE
"pcs","GSE282302","C2_D7","HALLMARK_TNFA_SIGNALING_VIA_NFKB",1,0.9995,TRUE
"libsize","GSE282302","C2_D8","HALLMARK_TNFA_SIGNALING_VIA_NFKB",1,0.998,TRUE
"none","GSE282302","C2_D8","HALLMARK_TNFA_SIGNALING_VIA_NFKB",0,0.263,FALSE
"pcs","GSE282302","C2_D8","HALLMARK_TNFA_SIGNALING_VIA_NFKB",1,0.9995,TRUE
"libsize","GSE282302","C2_D9","HALLMARK_TNFA_SIGNALING_VIA_NFKB",1,0.99625,TRUE
"none","GSE282302","C2_D9","HALLMARK_TNFA_SIGNALING_VIA_NFKB",0.333333333333333,0.611916666666667,FALSE
"pcs","GSE282302","C2_D9","HALLMARK_TNFA_SIGNALING_VIA_NFKB",1,0.9995,TRUE
"libsize","GSE282302","C3_D1","HALLMARK_TNFA_SIGNALING_VIA_NFKB",1,0.9995,TRUE
"none","GSE282302","C3_D1","HALLMARK_TNFA_SIGNALING_VIA_NFKB",0.5,0.764375,TRUE
"pcs","GSE282302","C3_D1","HALLMARK_TNFA_SIGNALING_VIA_NFKB",1,0.9995,TRUE
"libsize","GSE282302","C3_D10","HALLMARK_TNFA_SIGNALING_VIA_NFKB",1,0.998375,TRUE
"none","GSE282302","C3_D10","HALLMARK_TNFA_SIGNALING_VIA_NFKB",1,0.9995,TRUE
"pcs","GSE282302","C3_D10","HALLMARK_TNFA_SIGNALING_VIA_NFKB",1,0.9995,TRUE
"libsize","GSE282302","C3_D11","HALLMARK_TNFA_SIGNALING_VIA_NFKB",1,0.9995,TRUE
"none","GSE282302","C3_D11","HALLMARK_TNFA_SIGNALING_VIA_NFKB",0.5,0.9045,TRUE
"pcs","GSE282302","C3_D11","HALLMARK_TNFA_SIGNALING_VIA_NFKB",1,0.9995,TRUE
"libsize","GSE282302","C3_D12","HALLMARK_TNFA_SIGNALING_VIA_NFKB",1,0.9985,TRUE
"none","GSE282302","C3_D12","HALLMARK_TNFA_SIGNALING_VIA_NFKB",0.875,0.99025,TRUE
"pcs","GSE282302","C3_D12","HALLMARK_TNFA_SIGNALING_VIA_NFKB",1,0.9995,TRUE
"libsize","GSE282302","C3_D2","HALLMARK_TNFA_SIGNALING_VIA_NFKB",0.75,0.95875,TRUE
"none","GSE282302","C3_D2","HALLMARK_TNFA_SIGNALING_VIA_NFKB",1,0.9995,TRUE
"pcs","GSE282302","C3_D2","HALLMARK_TNFA_SIGNALING_VIA_NFKB",1,0.9995,TRUE
"libsize","GSE282302","C3_D3","HALLMARK_TNFA_SIGNALING_VIA_NFKB",0.75,0.866875,TRUE
"none","GSE282302","C3_D3","HALLMARK_TNFA_SIGNALING_VIA_NFKB",0.5,0.82225,TRUE
"pcs","GSE282302","C3_D3","HALLMARK_TNFA_SIGNALING_VIA_NFKB",1,0.9995,TRUE
"libsize","GSE282302","C3_D4","HALLMARK_TNFA_SIGNALING_VIA_NFKB",1,0.9995,TRUE
"none","GSE282302","C3_D4","HALLMARK_TNFA_SIGNALING_VIA_NFKB",0.5,0.8245,TRUE
"pcs","GSE282302","C3_D4","HALLMARK_TNFA_SIGNALING_VIA_NFKB",1,0.99925,TRUE
"libsize","GSE282302","C3_D5","HALLMARK_TNFA_SIGNALING_VIA_NFKB",1,0.99675,TRUE
"none","GSE282302","C3_D5","HALLMARK_TNFA_SIGNALING_VIA_NFKB",0.75,0.873125,TRUE
"pcs","GSE282302","C3_D5","HALLMARK_TNFA_SIGNALING_VIA_NFKB",1,0.9995,TRUE
"libsize","GSE282302","C3_D6","HALLMARK_TNFA_SIGNALING_VIA_NFKB",1,0.9995,TRUE
"none","GSE282302","C3_D6","HALLMARK_TNFA_SIGNALING_VIA_NFKB",0.75,0.749625,TRUE
"pcs","GSE282302","C3_D6","HALLMARK_TNFA_SIGNALING_VIA_NFKB",1,0.9995,TRUE
"libsize","GSE282302","C3_D7","HALLMARK_TNFA_SIGNALING_VIA_NFKB",1,0.9995,TRUE
"none","GSE282302","C3_D7","HALLMARK_TNFA_SIGNALING_VIA_NFKB",0.75,0.74975,TRUE
"pcs","GSE282302","C3_D7","HALLMARK_TNFA_SIGNALING_VIA_NFKB",1,0.9995,TRUE
"libsize","GSE282302","C3_D8","HALLMARK_TNFA_SIGNALING_VIA_NFKB",0.75,0.96875,TRUE
"none","GSE282302","C3_D8","HALLMARK_TNFA_SIGNALING_VIA_NFKB",0.5,0.707875,TRUE
"pcs","GSE282302","C3_D8","HALLMARK_TNFA_SIGNALING_VIA_NFKB",1,0.9995,TRUE
"libsize","GSE282302","C3_D9","HALLMARK_TNFA_SIGNALING_VIA_NFKB",0.75,0.9865,TRUE
"none","GSE282302","C3_D9","HALLMARK_TNFA_SIGNALING_VIA_NFKB",0.25,0.68125,FALSE
"pcs","GSE282302","C3_D9","HALLMARK_TNFA_SIGNALING_VIA_NFKB",1,0.9995,TRUE
"libsize","GSE274557","Pt1","HALLMARK_TNFA_SIGNALING_VIA_NFKB",1,0.9935,TRUE
"none","GSE274557","Pt1","HALLMARK_TNFA_SIGNALING_VIA_NFKB",0,0.326,FALSE
"pcs","GSE274557","Pt1","HALLMARK_TNFA_SIGNALING_VIA_NFKB",1,0.9995,TRUE
"libsize","GSE274557","Pt10","HALLMARK_TNFA_SIGNALING_VIA_NFKB",1,0.9995,TRUE
"none","GSE274557","Pt10","HALLMARK_TNFA_SIGNALING_VIA_NFKB",0,0.50275,FALSE
"pcs","GSE274557","Pt10","HALLMARK_TNFA_SIGNALING_VIA_NFKB",1,0.9995,TRUE
"libsize","GSE274557","Pt11","HALLMARK_TNFA_SIGNALING_VIA_NFKB",1,0.999,TRUE
"none","GSE274557","Pt11","HALLMARK_TNFA_SIGNALING_VIA_NFKB",0,0.221875,FALSE
"pcs","GSE274557","Pt11","HALLMARK_TNFA_SIGNALING_VIA_NFKB",1,0.9995,TRUE
"libsize","GSE274557","Pt12","HALLMARK_TNFA_SIGNALING_VIA_NFKB",1,0.999375,TRUE
"none","GSE274557","Pt12","HALLMARK_TNFA_SIGNALING_VIA_NFKB",0,0.12175,FALSE
"pcs","GSE274557","Pt12","HALLMARK_TNFA_SIGNALING_VIA_NFKB",0.75,0.991,TRUE
"libsize","GSE274557","Pt13","HALLMARK_TNFA_SIGNALING_VIA_NFKB",1,0.999,TRUE
"none","GSE274557","Pt13","HALLMARK_TNFA_SIGNALING_VIA_NFKB",0.428571428571429,0.744785714285714,FALSE
"pcs","GSE274557","Pt13","HALLMARK_TNFA_SIGNALING_VIA_NFKB",0.714285714285714,0.972857142857143,TRUE
"libsize","GSE274557","Pt2","HALLMARK_TNFA_SIGNALING_VIA_NFKB",1,0.9985,TRUE
"none","GSE274557","Pt2","HALLMARK_TNFA_SIGNALING_VIA_NFKB",0.333333333333333,0.467666666666667,FALSE
"pcs","GSE274557","Pt2","HALLMARK_TNFA_SIGNALING_VIA_NFKB",1,0.9995,TRUE
"libsize","GSE274557","Pt3","HALLMARK_TNFA_SIGNALING_VIA_NFKB",0.75,0.876,TRUE
"none","GSE274557","Pt3","HALLMARK_TNFA_SIGNALING_VIA_NFKB",0,0.47975,FALSE
"pcs","GSE274557","Pt3","HALLMARK_TNFA_SIGNALING_VIA_NFKB",0.75,0.99325,TRUE
"libsize","GSE274557","Pt4","HALLMARK_TNFA_SIGNALING_VIA_NFKB",1,0.995375,TRUE
"none","GSE274557","Pt4","HALLMARK_TNFA_SIGNALING_VIA_NFKB",0.25,0.619375,FALSE
"pcs","GSE274557","Pt4","HALLMARK_TNFA_SIGNALING_VIA_NFKB",1,0.9995,TRUE
"libsize","GSE274557","Pt5","HALLMARK_TNFA_SIGNALING_VIA_NFKB",0.666666666666667,0.793666666666667,TRUE
"none","GSE274557","Pt5","HALLMARK_TNFA_SIGNALING_VIA_NFKB",0.666666666666667,0.742166666666667,TRUE
"pcs","GSE274557","Pt5","HALLMARK_TNFA_SIGNALING_VIA_NFKB",1,0.9995,TRUE
"libsize","GSE274557","Pt6","HALLMARK_TNFA_SIGNALING_VIA_NFKB",0.833333333333333,0.925666666666667,TRUE
"none","GSE274557","Pt6","HALLMARK_TNFA_SIGNALING_VIA_NFKB",0.166666666666667,0.6665,FALSE
"pcs","GSE274557","Pt6","HALLMARK_TNFA_SIGNALING_VIA_NFKB",0.666666666666667,0.854333333333333,TRUE
"libsize","GSE274557","Pt7","HALLMARK_TNFA_SIGNALING_VIA_NFKB",0.5,0.9485,TRUE
"none","GSE274557","Pt7","HALLMARK_TNFA_SIGNALING_VIA_NFKB",0,0.293125,FALSE
"pcs","GSE274557","Pt7","HALLMARK_TNFA_SIGNALING_VIA_NFKB",1,0.9995,TRUE
"libsize","GSE274557","Pt8","HALLMARK_TNFA_SIGNALING_VIA_NFKB",0.8,0.9122,TRUE
"none","GSE274557","Pt8","HALLMARK_TNFA_SIGNALING_VIA_NFKB",0.2,0.673,FALSE
"pcs","GSE274557","Pt8","HALLMARK_TNFA_SIGNALING_VIA_NFKB",1,0.9994,TRUE
"libsize","GSE274557","Pt9","HALLMARK_TNFA_SIGNALING_VIA_NFKB",0.5,0.9705,TRUE
"none","GSE274557","Pt9","HALLMARK_TNFA_SIGNALING_VIA_NFKB",0,0.369375,FALSE
"pcs","GSE274557","Pt9","HALLMARK_TNFA_SIGNALING_VIA_NFKB",1,0.9995,TRUE
"libsize","GSE282302","C1_D1","HALLMARK_UNFOLDED_PROTEIN_RESPONSE",0,0.079,FALSE
"none","GSE282302","C1_D1","HALLMARK_UNFOLDED_PROTEIN_RESPONSE",0,0.8115,FALSE
"pcs","GSE282302","C1_D1","HALLMARK_UNFOLDED_PROTEIN_RESPONSE",0,0.7415,FALSE
"libsize","GSE282302","C1_D10","HALLMARK_UNFOLDED_PROTEIN_RESPONSE",0,0.169,FALSE
"none","GSE282302","C1_D10","HALLMARK_UNFOLDED_PROTEIN_RESPONSE",0,0.22575,FALSE
"pcs","GSE282302","C1_D10","HALLMARK_UNFOLDED_PROTEIN_RESPONSE",0,0.877,FALSE
"libsize","GSE282302","C1_D11","HALLMARK_UNFOLDED_PROTEIN_RESPONSE",0,0.26625,FALSE
"none","GSE282302","C1_D11","HALLMARK_UNFOLDED_PROTEIN_RESPONSE",0,0.3955,FALSE
"pcs","GSE282302","C1_D11","HALLMARK_UNFOLDED_PROTEIN_RESPONSE",0,0.8025,FALSE
"libsize","GSE282302","C1_D12","HALLMARK_UNFOLDED_PROTEIN_RESPONSE",0,0.43075,FALSE
"none","GSE282302","C1_D12","HALLMARK_UNFOLDED_PROTEIN_RESPONSE",0,0.8525,FALSE
"pcs","GSE282302","C1_D12","HALLMARK_UNFOLDED_PROTEIN_RESPONSE",0,0.53575,FALSE
"libsize","GSE282302","C1_D13","HALLMARK_UNFOLDED_PROTEIN_RESPONSE",0.5,0.967,TRUE
"none","GSE282302","C1_D13","HALLMARK_UNFOLDED_PROTEIN_RESPONSE",0,0.511,FALSE
"pcs","GSE282302","C1_D13","HALLMARK_UNFOLDED_PROTEIN_RESPONSE",1,0.99925,TRUE
"libsize","GSE282302","C1_D14","HALLMARK_UNFOLDED_PROTEIN_RESPONSE",0.333333333333333,0.883833333333333,FALSE
"none","GSE282302","C1_D14","HALLMARK_UNFOLDED_PROTEIN_RESPONSE",0.333333333333333,0.832833333333333,FALSE
"pcs","GSE282302","C1_D14","HALLMARK_UNFOLDED_PROTEIN_RESPONSE",0,0.918333333333333,FALSE
"libsize","GSE282302","C1_D2","HALLMARK_UNFOLDED_PROTEIN_RESPONSE",1,0.988,TRUE
"none","GSE282302","C1_D2","HALLMARK_UNFOLDED_PROTEIN_RESPONSE",1,0.9935,TRUE
"pcs","GSE282302","C1_D2","HALLMARK_UNFOLDED_PROTEIN_RESPONSE",0,0.3075,FALSE
"libsize","GSE282302","C1_D3","HALLMARK_UNFOLDED_PROTEIN_RESPONSE",0,0.7625,FALSE
"none","GSE282302","C1_D3","HALLMARK_UNFOLDED_PROTEIN_RESPONSE",0,0.699,FALSE
"pcs","GSE282302","C1_D3","HALLMARK_UNFOLDED_PROTEIN_RESPONSE",0,0.8995,FALSE
"libsize","GSE282302","C1_D4","HALLMARK_UNFOLDED_PROTEIN_RESPONSE",0,0.5205,FALSE
"none","GSE282302","C1_D4","HALLMARK_UNFOLDED_PROTEIN_RESPONSE",0,0.5445,FALSE
"pcs","GSE282302","C1_D4","HALLMARK_UNFOLDED_PROTEIN_RESPONSE",0,0.6995,FALSE
"libsize","GSE282302","C1_D5","HALLMARK_UNFOLDED_PROTEIN_RESPONSE",0,0.9385,FALSE
"none","GSE282302","C1_D5","HALLMARK_UNFOLDED_PROTEIN_RESPONSE",0,0.9165,FALSE
"pcs","GSE282302","C1_D5","HALLMARK_UNFOLDED_PROTEIN_RESPONSE",1,0.9925,TRUE
"libsize","GSE282302","C1_D6","HALLMARK_UNFOLDED_PROTEIN_RESPONSE",0,0.0605,FALSE
"none","GSE282302","C1_D6","HALLMARK_UNFOLDED_PROTEIN_RESPONSE",0,0.0610000000000001,FALSE
"pcs","GSE282302","C1_D6","HALLMARK_UNFOLDED_PROTEIN_RESPONSE",0,0.8095,FALSE
"libsize","GSE282302","C1_D7","HALLMARK_UNFOLDED_PROTEIN_RESPONSE",1,0.9995,TRUE
"none","GSE282302","C1_D7","HALLMARK_UNFOLDED_PROTEIN_RESPONSE",0,0.8545,FALSE
"pcs","GSE282302","C1_D7","HALLMARK_UNFOLDED_PROTEIN_RESPONSE",1,0.9995,TRUE
"libsize","GSE282302","C1_D8","HALLMARK_UNFOLDED_PROTEIN_RESPONSE",1,0.98125,TRUE
"none","GSE282302","C1_D8","HALLMARK_UNFOLDED_PROTEIN_RESPONSE",0,0.64025,FALSE
"pcs","GSE282302","C1_D8","HALLMARK_UNFOLDED_PROTEIN_RESPONSE",0,0.5615,FALSE
"libsize","GSE282302","C1_D9","HALLMARK_UNFOLDED_PROTEIN_RESPONSE",0,0.87175,FALSE
"none","GSE282302","C1_D9","HALLMARK_UNFOLDED_PROTEIN_RESPONSE",0.5,0.9725,TRUE
"pcs","GSE282302","C1_D9","HALLMARK_UNFOLDED_PROTEIN_RESPONSE",0,0.57675,FALSE
"libsize","GSE282302","C2_D1","HALLMARK_UNFOLDED_PROTEIN_RESPONSE",0,0.5755,FALSE
"none","GSE282302","C2_D1","HALLMARK_UNFOLDED_PROTEIN_RESPONSE",0,0.316,FALSE
"pcs","GSE282302","C2_D1","HALLMARK_UNFOLDED_PROTEIN_RESPONSE",0,0.5395,FALSE
"libsize","GSE282302","C2_D10","HALLMARK_UNFOLDED_PROTEIN_RESPONSE",0.5,0.9485,TRUE
"none","GSE282302","C2_D10","HALLMARK_UNFOLDED_PROTEIN_RESPONSE",0,0.7585,FALSE
"pcs","GSE282302","C2_D10","HALLMARK_UNFOLDED_PROTEIN_RESPONSE",0,0.8945,FALSE
"libsize","GSE282302","C2_D11","HALLMARK_UNFOLDED_PROTEIN_RESPONSE",0,0.292,FALSE
"none","GSE282302","C2_D11","HALLMARK_UNFOLDED_PROTEIN_RESPONSE",0.125,0.6175625,FALSE
"pcs","GSE282302","C2_D11","HALLMARK_UNFOLDED_PROTEIN_RESPONSE",0.125,0.720875,FALSE
"libsize","GSE282302","C2_D12","HALLMARK_UNFOLDED_PROTEIN_RESPONSE",0,0.5545,FALSE
"none","GSE282302","C2_D12","HALLMARK_UNFOLDED_PROTEIN_RESPONSE",0,0.5085,FALSE
"pcs","GSE282302","C2_D12","HALLMARK_UNFOLDED_PROTEIN_RESPONSE",0,0.499,FALSE
"libsize","GSE282302","C2_D13","HALLMARK_UNFOLDED_PROTEIN_RESPONSE",0,0.9,FALSE
"none","GSE282302","C2_D13","HALLMARK_UNFOLDED_PROTEIN_RESPONSE",0,0.894,FALSE
"pcs","GSE282302","C2_D13","HALLMARK_UNFOLDED_PROTEIN_RESPONSE",0,0.357,FALSE
"libsize","GSE282302","C2_D2","HALLMARK_UNFOLDED_PROTEIN_RESPONSE",0,0.00949999999999995,FALSE
"none","GSE282302","C2_D2","HALLMARK_UNFOLDED_PROTEIN_RESPONSE",0,0.005,FALSE
"pcs","GSE282302","C2_D2","HALLMARK_UNFOLDED_PROTEIN_RESPONSE",1,0.991,TRUE
"libsize","GSE282302","C2_D3","HALLMARK_UNFOLDED_PROTEIN_RESPONSE",0,0.8745,FALSE
"none","GSE282302","C2_D3","HALLMARK_UNFOLDED_PROTEIN_RESPONSE",0,0.607,FALSE
"pcs","GSE282302","C2_D3","HALLMARK_UNFOLDED_PROTEIN_RESPONSE",0,0.699,FALSE
"libsize","GSE282302","C2_D4","HALLMARK_UNFOLDED_PROTEIN_RESPONSE",0,0.2905,FALSE
"none","GSE282302","C2_D4","HALLMARK_UNFOLDED_PROTEIN_RESPONSE",0,0.223,FALSE
"pcs","GSE282302","C2_D4","HALLMARK_UNFOLDED_PROTEIN_RESPONSE",0,0.745,FALSE
"libsize","GSE282302","C2_D5","HALLMARK_UNFOLDED_PROTEIN_RESPONSE",0,0.091,FALSE
"none","GSE282302","C2_D5","HALLMARK_UNFOLDED_PROTEIN_RESPONSE",0,0.1465,FALSE
"pcs","GSE282302","C2_D5","HALLMARK_UNFOLDED_PROTEIN_RESPONSE",0.5,0.97975,TRUE
"libsize","GSE282302","C2_D6","HALLMARK_UNFOLDED_PROTEIN_RESPONSE",0,0.0145,FALSE
"none","GSE282302","C2_D6","HALLMARK_UNFOLDED_PROTEIN_RESPONSE",0,0.102,FALSE
"pcs","GSE282302","C2_D6","HALLMARK_UNFOLDED_PROTEIN_RESPONSE",1,0.9995,TRUE
"libsize","GSE282302","C2_D7","HALLMARK_UNFOLDED_PROTEIN_RESPONSE",1,0.9995,TRUE
"none","GSE282302","C2_D7","HALLMARK_UNFOLDED_PROTEIN_RESPONSE",0,0.01825,FALSE
"pcs","GSE282302","C2_D7","HALLMARK_UNFOLDED_PROTEIN_RESPONSE",0.5,0.9765,TRUE
"libsize","GSE282302","C2_D8","HALLMARK_UNFOLDED_PROTEIN_RESPONSE",0,0.617375,FALSE
"none","GSE282302","C2_D8","HALLMARK_UNFOLDED_PROTEIN_RESPONSE",0,0.9505,FALSE
"pcs","GSE282302","C2_D8","HALLMARK_UNFOLDED_PROTEIN_RESPONSE",0.5,0.87925,TRUE
"libsize","GSE282302","C2_D9","HALLMARK_UNFOLDED_PROTEIN_RESPONSE",0,0.613333333333333,FALSE
"none","GSE282302","C2_D9","HALLMARK_UNFOLDED_PROTEIN_RESPONSE",0,0.533416666666667,FALSE
"pcs","GSE282302","C2_D9","HALLMARK_UNFOLDED_PROTEIN_RESPONSE",0.333333333333333,0.689333333333333,FALSE
"libsize","GSE282302","C3_D1","HALLMARK_UNFOLDED_PROTEIN_RESPONSE",0,0.6075,FALSE
"none","GSE282302","C3_D1","HALLMARK_UNFOLDED_PROTEIN_RESPONSE",0.5,0.690625,TRUE
"pcs","GSE282302","C3_D1","HALLMARK_UNFOLDED_PROTEIN_RESPONSE",0.5,0.7925,TRUE
"libsize","GSE282302","C3_D10","HALLMARK_UNFOLDED_PROTEIN_RESPONSE",0,0.196125,FALSE
"none","GSE282302","C3_D10","HALLMARK_UNFOLDED_PROTEIN_RESPONSE",0,0.35125,FALSE
"pcs","GSE282302","C3_D10","HALLMARK_UNFOLDED_PROTEIN_RESPONSE",0.25,0.88625,FALSE
"libsize","GSE282302","C3_D11","HALLMARK_UNFOLDED_PROTEIN_RESPONSE",0,0.23625,FALSE
"none","GSE282302","C3_D11","HALLMARK_UNFOLDED_PROTEIN_RESPONSE",0,0.18075,FALSE
"pcs","GSE282302","C3_D11","HALLMARK_UNFOLDED_PROTEIN_RESPONSE",0.25,0.903375,FALSE
"libsize","GSE282302","C3_D12","HALLMARK_UNFOLDED_PROTEIN_RESPONSE",0,0.1636875,FALSE
"none","GSE282302","C3_D12","HALLMARK_UNFOLDED_PROTEIN_RESPONSE",0,0.2098125,FALSE
"pcs","GSE282302","C3_D12","HALLMARK_UNFOLDED_PROTEIN_RESPONSE",0.625,0.9521875,TRUE
"libsize","GSE282302","C3_D2","HALLMARK_UNFOLDED_PROTEIN_RESPONSE",0,0.400625,FALSE
"none","GSE282302","C3_D2","HALLMARK_UNFOLDED_PROTEIN_RESPONSE",0,0.277875,FALSE
"pcs","GSE282302","C3_D2","HALLMARK_UNFOLDED_PROTEIN_RESPONSE",0.5,0.927,TRUE
"libsize","GSE282302","C3_D3","HALLMARK_UNFOLDED_PROTEIN_RESPONSE",0,0.0705,FALSE
"none","GSE282302","C3_D3","HALLMARK_UNFOLDED_PROTEIN_RESPONSE",0,0.12825,FALSE
"pcs","GSE282302","C3_D3","HALLMARK_UNFOLDED_PROTEIN_RESPONSE",0,0.749125,FALSE
"libsize","GSE282302","C3_D4","HALLMARK_UNFOLDED_PROTEIN_RESPONSE",0,0.5115,FALSE
"none","GSE282302","C3_D4","HALLMARK_UNFOLDED_PROTEIN_RESPONSE",0.25,0.9325,FALSE
"pcs","GSE282302","C3_D4","HALLMARK_UNFOLDED_PROTEIN_RESPONSE",0.25,0.666625,FALSE
"libsize","GSE282302","C3_D5","HALLMARK_UNFOLDED_PROTEIN_RESPONSE",0,0.35225,FALSE
"none","GSE282302","C3_D5","HALLMARK_UNFOLDED_PROTEIN_RESPONSE",0.25,0.8445,FALSE
"pcs","GSE282302","C3_D5","HALLMARK_UNFOLDED_PROTEIN_RESPONSE",0.75,0.971875,TRUE
"libsize","GSE282302","C3_D6","HALLMARK_UNFOLDED_PROTEIN_RESPONSE",0,0.800375,FALSE
"none","GSE282302","C3_D6","HALLMARK_UNFOLDED_PROTEIN_RESPONSE",0.25,0.55925,FALSE
"pcs","GSE282302","C3_D6","HALLMARK_UNFOLDED_PROTEIN_RESPONSE",0.25,0.6765,FALSE
"libsize","GSE282302","C3_D7","HALLMARK_UNFOLDED_PROTEIN_RESPONSE",0,0.09925,FALSE
"none","GSE282302","C3_D7","HALLMARK_UNFOLDED_PROTEIN_RESPONSE",0.25,0.41475,FALSE
"pcs","GSE282302","C3_D7","HALLMARK_UNFOLDED_PROTEIN_RESPONSE",0,0.737375,FALSE
"libsize","GSE282302","C3_D8","HALLMARK_UNFOLDED_PROTEIN_RESPONSE",0,0.07725,FALSE
"none","GSE282302","C3_D8","HALLMARK_UNFOLDED_PROTEIN_RESPONSE",0.25,0.40325,FALSE
"pcs","GSE282302","C3_D8","HALLMARK_UNFOLDED_PROTEIN_RESPONSE",0.5,0.80925,TRUE
"libsize","GSE282302","C3_D9","HALLMARK_UNFOLDED_PROTEIN_RESPONSE",0.25,0.553,FALSE
"none","GSE282302","C3_D9","HALLMARK_UNFOLDED_PROTEIN_RESPONSE",0,0.65275,FALSE
"pcs","GSE282302","C3_D9","HALLMARK_UNFOLDED_PROTEIN_RESPONSE",0.25,0.682125,FALSE
"libsize","GSE274557","Pt1","HALLMARK_UNFOLDED_PROTEIN_RESPONSE",0,0.647,FALSE
"none","GSE274557","Pt1","HALLMARK_UNFOLDED_PROTEIN_RESPONSE",0,0.4955,FALSE
"pcs","GSE274557","Pt1","HALLMARK_UNFOLDED_PROTEIN_RESPONSE",1,0.99575,TRUE
"libsize","GSE274557","Pt10","HALLMARK_UNFOLDED_PROTEIN_RESPONSE",0.25,0.736625,FALSE
"none","GSE274557","Pt10","HALLMARK_UNFOLDED_PROTEIN_RESPONSE",0,0.37075,FALSE
"pcs","GSE274557","Pt10","HALLMARK_UNFOLDED_PROTEIN_RESPONSE",0.25,0.882125,FALSE
"libsize","GSE274557","Pt11","HALLMARK_UNFOLDED_PROTEIN_RESPONSE",0.5,0.7945,TRUE
"none","GSE274557","Pt11","HALLMARK_UNFOLDED_PROTEIN_RESPONSE",0.25,0.739125,FALSE
"pcs","GSE274557","Pt11","HALLMARK_UNFOLDED_PROTEIN_RESPONSE",0.25,0.979125,FALSE
"libsize","GSE274557","Pt12","HALLMARK_UNFOLDED_PROTEIN_RESPONSE",0,0.45225,FALSE
"none","GSE274557","Pt12","HALLMARK_UNFOLDED_PROTEIN_RESPONSE",0.25,0.721625,FALSE
"pcs","GSE274557","Pt12","HALLMARK_UNFOLDED_PROTEIN_RESPONSE",0.25,0.84675,FALSE
"libsize","GSE274557","Pt13","HALLMARK_UNFOLDED_PROTEIN_RESPONSE",0,0.572785714285714,FALSE
"none","GSE274557","Pt13","HALLMARK_UNFOLDED_PROTEIN_RESPONSE",0.142857142857143,0.738357142857143,FALSE
"pcs","GSE274557","Pt13","HALLMARK_UNFOLDED_PROTEIN_RESPONSE",0.142857142857143,0.668642857142857,FALSE
"libsize","GSE274557","Pt2","HALLMARK_UNFOLDED_PROTEIN_RESPONSE",0.666666666666667,0.700666666666667,TRUE
"none","GSE274557","Pt2","HALLMARK_UNFOLDED_PROTEIN_RESPONSE",0.333333333333333,0.601666666666667,FALSE
"pcs","GSE274557","Pt2","HALLMARK_UNFOLDED_PROTEIN_RESPONSE",0.666666666666667,0.9905,TRUE
"libsize","GSE274557","Pt3","HALLMARK_UNFOLDED_PROTEIN_RESPONSE",0,0.507875,FALSE
"none","GSE274557","Pt3","HALLMARK_UNFOLDED_PROTEIN_RESPONSE",0.25,0.813875,FALSE
"pcs","GSE274557","Pt3","HALLMARK_UNFOLDED_PROTEIN_RESPONSE",0.5,0.920125,TRUE
"libsize","GSE274557","Pt4","HALLMARK_UNFOLDED_PROTEIN_RESPONSE",0,0.792375,FALSE
"none","GSE274557","Pt4","HALLMARK_UNFOLDED_PROTEIN_RESPONSE",0,0.784,FALSE
"pcs","GSE274557","Pt4","HALLMARK_UNFOLDED_PROTEIN_RESPONSE",0.75,0.9635,TRUE
"libsize","GSE274557","Pt5","HALLMARK_UNFOLDED_PROTEIN_RESPONSE",0,0.808166666666667,FALSE
"none","GSE274557","Pt5","HALLMARK_UNFOLDED_PROTEIN_RESPONSE",0.333333333333333,0.775833333333333,FALSE
"pcs","GSE274557","Pt5","HALLMARK_UNFOLDED_PROTEIN_RESPONSE",0.666666666666667,0.864166666666667,TRUE
"libsize","GSE274557","Pt6","HALLMARK_UNFOLDED_PROTEIN_RESPONSE",0.666666666666667,0.967333333333333,TRUE
"none","GSE274557","Pt6","HALLMARK_UNFOLDED_PROTEIN_RESPONSE",0,0.625583333333333,FALSE
"pcs","GSE274557","Pt6","HALLMARK_UNFOLDED_PROTEIN_RESPONSE",0.166666666666667,0.860666666666667,FALSE
"libsize","GSE274557","Pt7","HALLMARK_UNFOLDED_PROTEIN_RESPONSE",0,0.500625,FALSE
"none","GSE274557","Pt7","HALLMARK_UNFOLDED_PROTEIN_RESPONSE",0,0.1935,FALSE
"pcs","GSE274557","Pt7","HALLMARK_UNFOLDED_PROTEIN_RESPONSE",1,0.995875,TRUE
"libsize","GSE274557","Pt8","HALLMARK_UNFOLDED_PROTEIN_RESPONSE",0.2,0.6217,FALSE
"none","GSE274557","Pt8","HALLMARK_UNFOLDED_PROTEIN_RESPONSE",0,0.5896,FALSE
"pcs","GSE274557","Pt8","HALLMARK_UNFOLDED_PROTEIN_RESPONSE",0.2,0.3963,FALSE
"libsize","GSE274557","Pt9","HALLMARK_UNFOLDED_PROTEIN_RESPONSE",0.75,0.941875,TRUE
"none","GSE274557","Pt9","HALLMARK_UNFOLDED_PROTEIN_RESPONSE",0,0.57225,FALSE
"pcs","GSE274557","Pt9","HALLMARK_UNFOLDED_PROTEIN_RESPONSE",0.5,0.78825,TRUE
"libsize","GSE282302","C1_D1","HALLMARK_UV_RESPONSE_DN",1,0.9995,TRUE
"none","GSE282302","C1_D1","HALLMARK_UV_RESPONSE_DN",0,0.838,FALSE
"pcs","GSE282302","C1_D1","HALLMARK_UV_RESPONSE_DN",0,0.89,FALSE
"libsize","GSE282302","C1_D10","HALLMARK_UV_RESPONSE_DN",0.5,0.9565,TRUE
"none","GSE282302","C1_D10","HALLMARK_UV_RESPONSE_DN",0.5,0.58525,TRUE
"pcs","GSE282302","C1_D10","HALLMARK_UV_RESPONSE_DN",0,0.63425,FALSE
"libsize","GSE282302","C1_D11","HALLMARK_UV_RESPONSE_DN",1,0.99925,TRUE
"none","GSE282302","C1_D11","HALLMARK_UV_RESPONSE_DN",0,0.0045,FALSE
"pcs","GSE282302","C1_D11","HALLMARK_UV_RESPONSE_DN",0.5,0.826,TRUE
"libsize","GSE282302","C1_D12","HALLMARK_UV_RESPONSE_DN",0.5,0.891,TRUE
"none","GSE282302","C1_D12","HALLMARK_UV_RESPONSE_DN",0,0.01275,FALSE
"pcs","GSE282302","C1_D12","HALLMARK_UV_RESPONSE_DN",0.5,0.96875,TRUE
"libsize","GSE282302","C1_D13","HALLMARK_UV_RESPONSE_DN",0.5,0.8455,TRUE
"none","GSE282302","C1_D13","HALLMARK_UV_RESPONSE_DN",0.5,0.68075,TRUE
"pcs","GSE282302","C1_D13","HALLMARK_UV_RESPONSE_DN",0,0.887,FALSE
"libsize","GSE282302","C1_D14","HALLMARK_UV_RESPONSE_DN",0.666666666666667,0.9815,TRUE
"none","GSE282302","C1_D14","HALLMARK_UV_RESPONSE_DN",0,0.0626666666666666,FALSE
"pcs","GSE282302","C1_D14","HALLMARK_UV_RESPONSE_DN",0,0.748166666666667,FALSE
"libsize","GSE282302","C1_D2","HALLMARK_UV_RESPONSE_DN",1,0.9995,TRUE
"none","GSE282302","C1_D2","HALLMARK_UV_RESPONSE_DN",0,0.3465,FALSE
"pcs","GSE282302","C1_D2","HALLMARK_UV_RESPONSE_DN",0,0.832,FALSE
"libsize","GSE282302","C1_D3","HALLMARK_UV_RESPONSE_DN",1,0.9955,TRUE
"none","GSE282302","C1_D3","HALLMARK_UV_RESPONSE_DN",0,0.879,FALSE
"pcs","GSE282302","C1_D3","HALLMARK_UV_RESPONSE_DN",0,0.8765,FALSE
"libsize","GSE282302","C1_D4","HALLMARK_UV_RESPONSE_DN",1,0.9995,TRUE
"none","GSE282302","C1_D4","HALLMARK_UV_RESPONSE_DN",0,0,FALSE
"pcs","GSE282302","C1_D4","HALLMARK_UV_RESPONSE_DN",0,0.951,FALSE
"libsize","GSE282302","C1_D5","HALLMARK_UV_RESPONSE_DN",1,0.9995,TRUE
"none","GSE282302","C1_D5","HALLMARK_UV_RESPONSE_DN",0,0.963,FALSE
"pcs","GSE282302","C1_D5","HALLMARK_UV_RESPONSE_DN",0,0.9525,FALSE
"libsize","GSE282302","C1_D6","HALLMARK_UV_RESPONSE_DN",1,0.9995,TRUE
"none","GSE282302","C1_D6","HALLMARK_UV_RESPONSE_DN",1,0.9995,TRUE
"pcs","GSE282302","C1_D6","HALLMARK_UV_RESPONSE_DN",1,0.9985,TRUE
"libsize","GSE282302","C1_D7","HALLMARK_UV_RESPONSE_DN",1,0.997,TRUE
"none","GSE282302","C1_D7","HALLMARK_UV_RESPONSE_DN",0,0.2115,FALSE
"pcs","GSE282302","C1_D7","HALLMARK_UV_RESPONSE_DN",1,0.9955,TRUE
"libsize","GSE282302","C1_D8","HALLMARK_UV_RESPONSE_DN",1,0.9995,TRUE
"none","GSE282302","C1_D8","HALLMARK_UV_RESPONSE_DN",0.5,0.987,TRUE
"pcs","GSE282302","C1_D8","HALLMARK_UV_RESPONSE_DN",0.5,0.983,TRUE
"libsize","GSE282302","C1_D9","HALLMARK_UV_RESPONSE_DN",1,0.9995,TRUE
"none","GSE282302","C1_D9","HALLMARK_UV_RESPONSE_DN",1,0.9995,TRUE
"pcs","GSE282302","C1_D9","HALLMARK_UV_RESPONSE_DN",0.5,0.7925,TRUE
"libsize","GSE282302","C2_D1","HALLMARK_UV_RESPONSE_DN",0,0.981,FALSE
"none","GSE282302","C2_D1","HALLMARK_UV_RESPONSE_DN",0,0.963,FALSE
"pcs","GSE282302","C2_D1","HALLMARK_UV_RESPONSE_DN",1,0.9995,TRUE
"libsize","GSE282302","C2_D10","HALLMARK_UV_RESPONSE_DN",0.25,0.92475,FALSE
"none","GSE282302","C2_D10","HALLMARK_UV_RESPONSE_DN",0,0.258875,FALSE
"pcs","GSE282302","C2_D10","HALLMARK_UV_RESPONSE_DN",1,0.992,TRUE
"libsize","GSE282302","C2_D11","HALLMARK_UV_RESPONSE_DN",0.875,0.978,TRUE
"none","GSE282302","C2_D11","HALLMARK_UV_RESPONSE_DN",0.25,0.348625,FALSE
"pcs","GSE282302","C2_D11","HALLMARK_UV_RESPONSE_DN",0.375,0.686,FALSE
"libsize","GSE282302","C2_D12","HALLMARK_UV_RESPONSE_DN",1,0.9965,TRUE
"none","GSE282302","C2_D12","HALLMARK_UV_RESPONSE_DN",0,0,FALSE
"pcs","GSE282302","C2_D12","HALLMARK_UV_RESPONSE_DN",1,0.9995,TRUE
"libsize","GSE282302","C2_D13","HALLMARK_UV_RESPONSE_DN",1,0.9995,TRUE
"none","GSE282302","C2_D13","HALLMARK_UV_RESPONSE_DN",0,0.1105,FALSE
"pcs","GSE282302","C2_D13","HALLMARK_UV_RESPONSE_DN",1,0.9895,TRUE
"libsize","GSE282302","C2_D2","HALLMARK_UV_RESPONSE_DN",0,0.878,FALSE
"none","GSE282302","C2_D2","HALLMARK_UV_RESPONSE_DN",0,0.9705,FALSE
"pcs","GSE282302","C2_D2","HALLMARK_UV_RESPONSE_DN",1,0.9995,TRUE
"libsize","GSE282302","C2_D3","HALLMARK_UV_RESPONSE_DN",1,0.9995,TRUE
"none","GSE282302","C2_D3","HALLMARK_UV_RESPONSE_DN",0,0.967,FALSE
"pcs","GSE282302","C2_D3","HALLMARK_UV_RESPONSE_DN",1,0.9955,TRUE
"libsize","GSE282302","C2_D4","HALLMARK_UV_RESPONSE_DN",1,0.994,TRUE
"none","GSE282302","C2_D4","HALLMARK_UV_RESPONSE_DN",0,0.037,FALSE
"pcs","GSE282302","C2_D4","HALLMARK_UV_RESPONSE_DN",0,0.812,FALSE
"libsize","GSE282302","C2_D5","HALLMARK_UV_RESPONSE_DN",0.5,0.627,TRUE
"none","GSE282302","C2_D5","HALLMARK_UV_RESPONSE_DN",0,0.42325,FALSE
"pcs","GSE282302","C2_D5","HALLMARK_UV_RESPONSE_DN",0,0.5125,FALSE
"libsize","GSE282302","C2_D6","HALLMARK_UV_RESPONSE_DN",0,0.067,FALSE
"none","GSE282302","C2_D6","HALLMARK_UV_RESPONSE_DN",0,0.043,FALSE
"pcs","GSE282302","C2_D6","HALLMARK_UV_RESPONSE_DN",1,0.98975,TRUE
"libsize","GSE282302","C2_D7","HALLMARK_UV_RESPONSE_DN",0.5,0.9725,TRUE
"none","GSE282302","C2_D7","HALLMARK_UV_RESPONSE_DN",1,0.99825,TRUE
"pcs","GSE282302","C2_D7","HALLMARK_UV_RESPONSE_DN",1,0.99875,TRUE
"libsize","GSE282302","C2_D8","HALLMARK_UV_RESPONSE_DN",1,0.9995,TRUE
"none","GSE282302","C2_D8","HALLMARK_UV_RESPONSE_DN",0,0.358625,FALSE
"pcs","GSE282302","C2_D8","HALLMARK_UV_RESPONSE_DN",0.75,0.9905,TRUE
"libsize","GSE282302","C2_D9","HALLMARK_UV_RESPONSE_DN",0,0.703583333333333,FALSE
"none","GSE282302","C2_D9","HALLMARK_UV_RESPONSE_DN",0,0.3135,FALSE
"pcs","GSE282302","C2_D9","HALLMARK_UV_RESPONSE_DN",0,0.581416666666667,FALSE
"libsize","GSE282302","C3_D1","HALLMARK_UV_RESPONSE_DN",0.75,0.967125,TRUE
"none","GSE282302","C3_D1","HALLMARK_UV_RESPONSE_DN",0.25,0.55,FALSE
"pcs","GSE282302","C3_D1","HALLMARK_UV_RESPONSE_DN",0.5,0.937,TRUE
"libsize","GSE282302","C3_D10","HALLMARK_UV_RESPONSE_DN",0.5,0.94175,TRUE
"none","GSE282302","C3_D10","HALLMARK_UV_RESPONSE_DN",1,0.99275,TRUE
"pcs","GSE282302","C3_D10","HALLMARK_UV_RESPONSE_DN",0.5,0.943125,TRUE
"libsize","GSE282302","C3_D11","HALLMARK_UV_RESPONSE_DN",0.5,0.83075,TRUE
"none","GSE282302","C3_D11","HALLMARK_UV_RESPONSE_DN",0,0.22125,FALSE
"pcs","GSE282302","C3_D11","HALLMARK_UV_RESPONSE_DN",0.75,0.9055,TRUE
"libsize","GSE282302","C3_D12","HALLMARK_UV_RESPONSE_DN",0.75,0.97075,TRUE
"none","GSE282302","C3_D12","HALLMARK_UV_RESPONSE_DN",0.875,0.9156875,TRUE
"pcs","GSE282302","C3_D12","HALLMARK_UV_RESPONSE_DN",0.625,0.948125,TRUE
"libsize","GSE282302","C3_D2","HALLMARK_UV_RESPONSE_DN",0.5,0.806625,TRUE
"none","GSE282302","C3_D2","HALLMARK_UV_RESPONSE_DN",0.5,0.697125,TRUE
"pcs","GSE282302","C3_D2","HALLMARK_UV_RESPONSE_DN",0.5,0.958375,TRUE
"libsize","GSE282302","C3_D3","HALLMARK_UV_RESPONSE_DN",0.5,0.8075,TRUE
"none","GSE282302","C3_D3","HALLMARK_UV_RESPONSE_DN",0.25,0.550875,FALSE
"pcs","GSE282302","C3_D3","HALLMARK_UV_RESPONSE_DN",0.25,0.787875,FALSE
"libsize","GSE282302","C3_D4","HALLMARK_UV_RESPONSE_DN",1,0.999375,TRUE
"none","GSE282302","C3_D4","HALLMARK_UV_RESPONSE_DN",0.5,0.61925,TRUE
"pcs","GSE282302","C3_D4","HALLMARK_UV_RESPONSE_DN",0.25,0.92225,FALSE
"libsize","GSE282302","C3_D5","HALLMARK_UV_RESPONSE_DN",0.5,0.959375,TRUE
"none","GSE282302","C3_D5","HALLMARK_UV_RESPONSE_DN",0.25,0.782375,FALSE
"pcs","GSE282302","C3_D5","HALLMARK_UV_RESPONSE_DN",0.75,0.970875,TRUE
"libsize","GSE282302","C3_D6","HALLMARK_UV_RESPONSE_DN",1,0.9995,TRUE
"none","GSE282302","C3_D6","HALLMARK_UV_RESPONSE_DN",0.75,0.83525,TRUE
"pcs","GSE282302","C3_D6","HALLMARK_UV_RESPONSE_DN",0.25,0.78,FALSE
"libsize","GSE282302","C3_D7","HALLMARK_UV_RESPONSE_DN",1,0.99875,TRUE
"none","GSE282302","C3_D7","HALLMARK_UV_RESPONSE_DN",0.75,0.9695,TRUE
"pcs","GSE282302","C3_D7","HALLMARK_UV_RESPONSE_DN",0.25,0.937625,FALSE
"libsize","GSE282302","C3_D8","HALLMARK_UV_RESPONSE_DN",0.75,0.878,TRUE
"none","GSE282302","C3_D8","HALLMARK_UV_RESPONSE_DN",0.5,0.684,TRUE
"pcs","GSE282302","C3_D8","HALLMARK_UV_RESPONSE_DN",0.25,0.749625,FALSE
"libsize","GSE282302","C3_D9","HALLMARK_UV_RESPONSE_DN",0.75,0.98625,TRUE
"none","GSE282302","C3_D9","HALLMARK_UV_RESPONSE_DN",0.25,0.6925,FALSE
"pcs","GSE282302","C3_D9","HALLMARK_UV_RESPONSE_DN",0.25,0.83025,FALSE
"libsize","GSE274557","Pt1","HALLMARK_UV_RESPONSE_DN",1,0.9995,TRUE
"none","GSE274557","Pt1","HALLMARK_UV_RESPONSE_DN",0,0.493,FALSE
"pcs","GSE274557","Pt1","HALLMARK_UV_RESPONSE_DN",0,0.8435,FALSE
"libsize","GSE274557","Pt10","HALLMARK_UV_RESPONSE_DN",0.5,0.953375,TRUE
"none","GSE274557","Pt10","HALLMARK_UV_RESPONSE_DN",0,0.021125,FALSE
"pcs","GSE274557","Pt10","HALLMARK_UV_RESPONSE_DN",0,0.440125,FALSE
"libsize","GSE274557","Pt11","HALLMARK_UV_RESPONSE_DN",0,0.755,FALSE
"none","GSE274557","Pt11","HALLMARK_UV_RESPONSE_DN",0,0.010875,FALSE
"pcs","GSE274557","Pt11","HALLMARK_UV_RESPONSE_DN",0,0.5675,FALSE
"libsize","GSE274557","Pt12","HALLMARK_UV_RESPONSE_DN",0.75,0.938375,TRUE
"none","GSE274557","Pt12","HALLMARK_UV_RESPONSE_DN",0,0.27625,FALSE
"pcs","GSE274557","Pt12","HALLMARK_UV_RESPONSE_DN",0.25,0.4855,FALSE
"libsize","GSE274557","Pt13","HALLMARK_UV_RESPONSE_DN",0.428571428571429,0.885,FALSE
"none","GSE274557","Pt13","HALLMARK_UV_RESPONSE_DN",0,0.404214285714286,FALSE
"pcs","GSE274557","Pt13","HALLMARK_UV_RESPONSE_DN",0.285714285714286,0.862214285714286,FALSE
"libsize","GSE274557","Pt2","HALLMARK_UV_RESPONSE_DN",0.333333333333333,0.925,FALSE
"none","GSE274557","Pt2","HALLMARK_UV_RESPONSE_DN",0,0.281333333333333,FALSE
"pcs","GSE274557","Pt2","HALLMARK_UV_RESPONSE_DN",0.666666666666667,0.866333333333333,TRUE
"libsize","GSE274557","Pt3","HALLMARK_UV_RESPONSE_DN",0.25,0.894125,FALSE
"none","GSE274557","Pt3","HALLMARK_UV_RESPONSE_DN",0,0.348375,FALSE
"pcs","GSE274557","Pt3","HALLMARK_UV_RESPONSE_DN",0.25,0.68925,FALSE
"libsize","GSE274557","Pt4","HALLMARK_UV_RESPONSE_DN",0.75,0.96975,TRUE
"none","GSE274557","Pt4","HALLMARK_UV_RESPONSE_DN",0,0.168125,FALSE
"pcs","GSE274557","Pt4","HALLMARK_UV_RESPONSE_DN",0.25,0.801,FALSE
"libsize","GSE274557","Pt5","HALLMARK_UV_RESPONSE_DN",0.666666666666667,0.851333333333333,TRUE
"none","GSE274557","Pt5","HALLMARK_UV_RESPONSE_DN",0.333333333333333,0.642666666666667,FALSE
"pcs","GSE274557","Pt5","HALLMARK_UV_RESPONSE_DN",0.666666666666667,0.9195,TRUE
"libsize","GSE274557","Pt6","HALLMARK_UV_RESPONSE_DN",0.5,0.89725,TRUE
"none","GSE274557","Pt6","HALLMARK_UV_RESPONSE_DN",0.333333333333333,0.535333333333333,FALSE
"pcs","GSE274557","Pt6","HALLMARK_UV_RESPONSE_DN",0.166666666666667,0.729916666666667,FALSE
"libsize","GSE274557","Pt7","HALLMARK_UV_RESPONSE_DN",0.75,0.913125,TRUE
"none","GSE274557","Pt7","HALLMARK_UV_RESPONSE_DN",0,0.2605,FALSE
"pcs","GSE274557","Pt7","HALLMARK_UV_RESPONSE_DN",0.25,0.894375,FALSE
"libsize","GSE274557","Pt8","HALLMARK_UV_RESPONSE_DN",0.2,0.7438,FALSE
"none","GSE274557","Pt8","HALLMARK_UV_RESPONSE_DN",0,0.0517,FALSE
"pcs","GSE274557","Pt8","HALLMARK_UV_RESPONSE_DN",0,0.5685,FALSE
"libsize","GSE274557","Pt9","HALLMARK_UV_RESPONSE_DN",0.5,0.818125,TRUE
"none","GSE274557","Pt9","HALLMARK_UV_RESPONSE_DN",0,0.2,FALSE
"pcs","GSE274557","Pt9","HALLMARK_UV_RESPONSE_DN",0.25,0.78875,FALSE
"libsize","GSE282302","C1_D1","HALLMARK_UV_RESPONSE_UP",0,0.338,FALSE
"none","GSE282302","C1_D1","HALLMARK_UV_RESPONSE_UP",0,0.5855,FALSE
"pcs","GSE282302","C1_D1","HALLMARK_UV_RESPONSE_UP",0,0.589,FALSE
"libsize","GSE282302","C1_D10","HALLMARK_UV_RESPONSE_UP",0,0.51375,FALSE
"none","GSE282302","C1_D10","HALLMARK_UV_RESPONSE_UP",0,0.47425,FALSE
"pcs","GSE282302","C1_D10","HALLMARK_UV_RESPONSE_UP",0,0.6955,FALSE
"libsize","GSE282302","C1_D11","HALLMARK_UV_RESPONSE_UP",0.5,0.9465,TRUE
"none","GSE282302","C1_D11","HALLMARK_UV_RESPONSE_UP",0.5,0.9805,TRUE
"pcs","GSE282302","C1_D11","HALLMARK_UV_RESPONSE_UP",1,0.99275,TRUE
"libsize","GSE282302","C1_D12","HALLMARK_UV_RESPONSE_UP",0,0.90925,FALSE
"none","GSE282302","C1_D12","HALLMARK_UV_RESPONSE_UP",0,0.623,FALSE
"pcs","GSE282302","C1_D12","HALLMARK_UV_RESPONSE_UP",1,0.99625,TRUE
"libsize","GSE282302","C1_D13","HALLMARK_UV_RESPONSE_UP",0.5,0.8415,TRUE
"none","GSE282302","C1_D13","HALLMARK_UV_RESPONSE_UP",0,0.725,FALSE
"pcs","GSE282302","C1_D13","HALLMARK_UV_RESPONSE_UP",1,0.998,TRUE
"libsize","GSE282302","C1_D14","HALLMARK_UV_RESPONSE_UP",0.666666666666667,0.866,TRUE
"none","GSE282302","C1_D14","HALLMARK_UV_RESPONSE_UP",0.333333333333333,0.625666666666667,FALSE
"pcs","GSE282302","C1_D14","HALLMARK_UV_RESPONSE_UP",0.333333333333333,0.869666666666667,FALSE
"libsize","GSE282302","C1_D2","HALLMARK_UV_RESPONSE_UP",1,0.9995,TRUE
"none","GSE282302","C1_D2","HALLMARK_UV_RESPONSE_UP",0,0.7925,FALSE
"pcs","GSE282302","C1_D2","HALLMARK_UV_RESPONSE_UP",0,0.851,FALSE
"libsize","GSE282302","C1_D3","HALLMARK_UV_RESPONSE_UP",1,0.999,TRUE
"none","GSE282302","C1_D3","HALLMARK_UV_RESPONSE_UP",0,0.078,FALSE
"pcs","GSE282302","C1_D3","HALLMARK_UV_RESPONSE_UP",0,0.7815,FALSE
"libsize","GSE282302","C1_D4","HALLMARK_UV_RESPONSE_UP",1,0.9975,TRUE
"none","GSE282302","C1_D4","HALLMARK_UV_RESPONSE_UP",0,0.000499999999999945,FALSE
"pcs","GSE282302","C1_D4","HALLMARK_UV_RESPONSE_UP",0,0.6795,FALSE
"libsize","GSE282302","C1_D5","HALLMARK_UV_RESPONSE_UP",1,0.9995,TRUE
"none","GSE282302","C1_D5","HALLMARK_UV_RESPONSE_UP",0,0.1985,FALSE
"pcs","GSE282302","C1_D5","HALLMARK_UV_RESPONSE_UP",0,0.7605,FALSE
"libsize","GSE282302","C1_D6","HALLMARK_UV_RESPONSE_UP",0,0.827,FALSE
"none","GSE282302","C1_D6","HALLMARK_UV_RESPONSE_UP",0,0.7405,FALSE
"pcs","GSE282302","C1_D6","HALLMARK_UV_RESPONSE_UP",1,0.9805,TRUE
"libsize","GSE282302","C1_D7","HALLMARK_UV_RESPONSE_UP",1,0.9995,TRUE
"none","GSE282302","C1_D7","HALLMARK_UV_RESPONSE_UP",1,0.9895,TRUE
"pcs","GSE282302","C1_D7","HALLMARK_UV_RESPONSE_UP",1,0.9995,TRUE
"libsize","GSE282302","C1_D8","HALLMARK_UV_RESPONSE_UP",1,0.99925,TRUE
"none","GSE282302","C1_D8","HALLMARK_UV_RESPONSE_UP",0.5,0.90475,TRUE
"pcs","GSE282302","C1_D8","HALLMARK_UV_RESPONSE_UP",0.5,0.9825,TRUE
"libsize","GSE282302","C1_D9","HALLMARK_UV_RESPONSE_UP",0.5,0.9755,TRUE
"none","GSE282302","C1_D9","HALLMARK_UV_RESPONSE_UP",0.5,0.95625,TRUE
"pcs","GSE282302","C1_D9","HALLMARK_UV_RESPONSE_UP",0.5,0.75775,TRUE
"libsize","GSE282302","C2_D1","HALLMARK_UV_RESPONSE_UP",0,0.9735,FALSE
"none","GSE282302","C2_D1","HALLMARK_UV_RESPONSE_UP",0,0.389,FALSE
"pcs","GSE282302","C2_D1","HALLMARK_UV_RESPONSE_UP",0,0.9655,FALSE
"libsize","GSE282302","C2_D10","HALLMARK_UV_RESPONSE_UP",1,0.985625,TRUE
"none","GSE282302","C2_D10","HALLMARK_UV_RESPONSE_UP",0.25,0.930875,FALSE
"pcs","GSE282302","C2_D10","HALLMARK_UV_RESPONSE_UP",0.75,0.948,TRUE
"libsize","GSE282302","C2_D11","HALLMARK_UV_RESPONSE_UP",0.75,0.977,TRUE
"none","GSE282302","C2_D11","HALLMARK_UV_RESPONSE_UP",0.125,0.4265,FALSE
"pcs","GSE282302","C2_D11","HALLMARK_UV_RESPONSE_UP",0.125,0.668875,FALSE
"libsize","GSE282302","C2_D12","HALLMARK_UV_RESPONSE_UP",1,0.9955,TRUE
"none","GSE282302","C2_D12","HALLMARK_UV_RESPONSE_UP",0,0.052,FALSE
"pcs","GSE282302","C2_D12","HALLMARK_UV_RESPONSE_UP",0,0.9635,FALSE
"libsize","GSE282302","C2_D13","HALLMARK_UV_RESPONSE_UP",0,0.8995,FALSE
"none","GSE282302","C2_D13","HALLMARK_UV_RESPONSE_UP",0,0.2495,FALSE
"pcs","GSE282302","C2_D13","HALLMARK_UV_RESPONSE_UP",0,0.2155,FALSE
"libsize","GSE282302","C2_D2","HALLMARK_UV_RESPONSE_UP",0,0.128,FALSE
"none","GSE282302","C2_D2","HALLMARK_UV_RESPONSE_UP",0,0.079,FALSE
"pcs","GSE282302","C2_D2","HALLMARK_UV_RESPONSE_UP",1,0.9915,TRUE
"libsize","GSE282302","C2_D3","HALLMARK_UV_RESPONSE_UP",1,0.9715,TRUE
"none","GSE282302","C2_D3","HALLMARK_UV_RESPONSE_UP",0,0.9485,FALSE
"pcs","GSE282302","C2_D3","HALLMARK_UV_RESPONSE_UP",1,0.999,TRUE
"libsize","GSE282302","C2_D4","HALLMARK_UV_RESPONSE_UP",0,0.651,FALSE
"none","GSE282302","C2_D4","HALLMARK_UV_RESPONSE_UP",0,0.644,FALSE
"pcs","GSE282302","C2_D4","HALLMARK_UV_RESPONSE_UP",0,0.407,FALSE
"libsize","GSE282302","C2_D5","HALLMARK_UV_RESPONSE_UP",0.5,0.8775,TRUE
"none","GSE282302","C2_D5","HALLMARK_UV_RESPONSE_UP",0,0.374,FALSE
"pcs","GSE282302","C2_D5","HALLMARK_UV_RESPONSE_UP",1,0.99475,TRUE
"libsize","GSE282302","C2_D6","HALLMARK_UV_RESPONSE_UP",0,0.1075,FALSE
"none","GSE282302","C2_D6","HALLMARK_UV_RESPONSE_UP",0,0.09525,FALSE
"pcs","GSE282302","C2_D6","HALLMARK_UV_RESPONSE_UP",1,0.9995,TRUE
"libsize","GSE282302","C2_D7","HALLMARK_UV_RESPONSE_UP",1,0.99775,TRUE
"none","GSE282302","C2_D7","HALLMARK_UV_RESPONSE_UP",0,0.000999999999999945,FALSE
"pcs","GSE282302","C2_D7","HALLMARK_UV_RESPONSE_UP",0.5,0.79625,TRUE
"libsize","GSE282302","C2_D8","HALLMARK_UV_RESPONSE_UP",0,0.76975,FALSE
"none","GSE282302","C2_D8","HALLMARK_UV_RESPONSE_UP",0.25,0.80225,FALSE
"pcs","GSE282302","C2_D8","HALLMARK_UV_RESPONSE_UP",0,0.835625,FALSE
"libsize","GSE282302","C2_D9","HALLMARK_UV_RESPONSE_UP",0,0.67525,FALSE
"none","GSE282302","C2_D9","HALLMARK_UV_RESPONSE_UP",0,0.545,FALSE
"pcs","GSE282302","C2_D9","HALLMARK_UV_RESPONSE_UP",0.166666666666667,0.695583333333333,FALSE
"libsize","GSE282302","C3_D1","HALLMARK_UV_RESPONSE_UP",0.25,0.95475,FALSE
"none","GSE282302","C3_D1","HALLMARK_UV_RESPONSE_UP",0.5,0.77225,TRUE
"pcs","GSE282302","C3_D1","HALLMARK_UV_RESPONSE_UP",0.5,0.75175,TRUE
"libsize","GSE282302","C3_D10","HALLMARK_UV_RESPONSE_UP",0,0.609,FALSE
"none","GSE282302","C3_D10","HALLMARK_UV_RESPONSE_UP",0,0.55775,FALSE
"pcs","GSE282302","C3_D10","HALLMARK_UV_RESPONSE_UP",0.75,0.985125,TRUE
"libsize","GSE282302","C3_D11","HALLMARK_UV_RESPONSE_UP",0.5,0.917375,TRUE
"none","GSE282302","C3_D11","HALLMARK_UV_RESPONSE_UP",0.25,0.627125,FALSE
"pcs","GSE282302","C3_D11","HALLMARK_UV_RESPONSE_UP",0.5,0.901,TRUE
"libsize","GSE282302","C3_D12","HALLMARK_UV_RESPONSE_UP",0.125,0.755875,FALSE
"none","GSE282302","C3_D12","HALLMARK_UV_RESPONSE_UP",0.25,0.7341875,FALSE
"pcs","GSE282302","C3_D12","HALLMARK_UV_RESPONSE_UP",0.75,0.9186875,TRUE
"libsize","GSE282302","C3_D2","HALLMARK_UV_RESPONSE_UP",0.5,0.644625,TRUE
"none","GSE282302","C3_D2","HALLMARK_UV_RESPONSE_UP",0,0.19375,FALSE
"pcs","GSE282302","C3_D2","HALLMARK_UV_RESPONSE_UP",0.5,0.950375,TRUE
"libsize","GSE282302","C3_D3","HALLMARK_UV_RESPONSE_UP",0.25,0.7795,FALSE
"none","GSE282302","C3_D3","HALLMARK_UV_RESPONSE_UP",0.25,0.700875,FALSE
"pcs","GSE282302","C3_D3","HALLMARK_UV_RESPONSE_UP",0.25,0.93425,FALSE
"libsize","GSE282302","C3_D4","HALLMARK_UV_RESPONSE_UP",0.5,0.7465,TRUE
"none","GSE282302","C3_D4","HALLMARK_UV_RESPONSE_UP",0.5,0.62425,TRUE
"pcs","GSE282302","C3_D4","HALLMARK_UV_RESPONSE_UP",0,0.804125,FALSE
"libsize","GSE282302","C3_D5","HALLMARK_UV_RESPONSE_UP",0,0.832125,FALSE
"none","GSE282302","C3_D5","HALLMARK_UV_RESPONSE_UP",0.25,0.886375,FALSE
"pcs","GSE282302","C3_D5","HALLMARK_UV_RESPONSE_UP",0.75,0.9765,TRUE
"libsize","GSE282302","C3_D6","HALLMARK_UV_RESPONSE_UP",0.5,0.96125,TRUE
"none","GSE282302","C3_D6","HALLMARK_UV_RESPONSE_UP",0.25,0.5865,FALSE
"pcs","GSE282302","C3_D6","HALLMARK_UV_RESPONSE_UP",0,0.7795,FALSE
"libsize","GSE282302","C3_D7","HALLMARK_UV_RESPONSE_UP",0.5,0.834625,TRUE
"none","GSE282302","C3_D7","HALLMARK_UV_RESPONSE_UP",0.25,0.459125,FALSE
"pcs","GSE282302","C3_D7","HALLMARK_UV_RESPONSE_UP",0.5,0.82375,TRUE
"libsize","GSE282302","C3_D8","HALLMARK_UV_RESPONSE_UP",0.25,0.689875,FALSE
"none","GSE282302","C3_D8","HALLMARK_UV_RESPONSE_UP",0,0.5225,FALSE
"pcs","GSE282302","C3_D8","HALLMARK_UV_RESPONSE_UP",0.75,0.987125,TRUE
"libsize","GSE282302","C3_D9","HALLMARK_UV_RESPONSE_UP",0.25,0.61125,FALSE
"none","GSE282302","C3_D9","HALLMARK_UV_RESPONSE_UP",0.25,0.444375,FALSE
"pcs","GSE282302","C3_D9","HALLMARK_UV_RESPONSE_UP",0.25,0.921875,FALSE
"libsize","GSE274557","Pt1","HALLMARK_UV_RESPONSE_UP",0,0.73925,FALSE
"none","GSE274557","Pt1","HALLMARK_UV_RESPONSE_UP",0,0.52675,FALSE
"pcs","GSE274557","Pt1","HALLMARK_UV_RESPONSE_UP",0,0.5765,FALSE
"libsize","GSE274557","Pt10","HALLMARK_UV_RESPONSE_UP",0.25,0.6925,FALSE
"none","GSE274557","Pt10","HALLMARK_UV_RESPONSE_UP",0,0.53275,FALSE
"pcs","GSE274557","Pt10","HALLMARK_UV_RESPONSE_UP",0.25,0.823875,FALSE
"libsize","GSE274557","Pt11","HALLMARK_UV_RESPONSE_UP",0.25,0.7195,FALSE
"none","GSE274557","Pt11","HALLMARK_UV_RESPONSE_UP",0,0.690375,FALSE
"pcs","GSE274557","Pt11","HALLMARK_UV_RESPONSE_UP",0,0.72525,FALSE
"libsize","GSE274557","Pt12","HALLMARK_UV_RESPONSE_UP",0.25,0.919375,FALSE
"none","GSE274557","Pt12","HALLMARK_UV_RESPONSE_UP",0,0.36325,FALSE
"pcs","GSE274557","Pt12","HALLMARK_UV_RESPONSE_UP",0,0.5005,FALSE
"libsize","GSE274557","Pt13","HALLMARK_UV_RESPONSE_UP",0.285714285714286,0.614,FALSE
"none","GSE274557","Pt13","HALLMARK_UV_RESPONSE_UP",0.142857142857143,0.359142857142857,FALSE
"pcs","GSE274557","Pt13","HALLMARK_UV_RESPONSE_UP",0.142857142857143,0.661642857142857,FALSE
"libsize","GSE274557","Pt2","HALLMARK_UV_RESPONSE_UP",0.333333333333333,0.858333333333333,FALSE
"none","GSE274557","Pt2","HALLMARK_UV_RESPONSE_UP",0,0.387166666666667,FALSE
"pcs","GSE274557","Pt2","HALLMARK_UV_RESPONSE_UP",0.333333333333333,0.743833333333333,FALSE
"libsize","GSE274557","Pt3","HALLMARK_UV_RESPONSE_UP",0,0.54175,FALSE
"none","GSE274557","Pt3","HALLMARK_UV_RESPONSE_UP",0,0.58125,FALSE
"pcs","GSE274557","Pt3","HALLMARK_UV_RESPONSE_UP",0,0.757375,FALSE
"libsize","GSE274557","Pt4","HALLMARK_UV_RESPONSE_UP",0.25,0.82325,FALSE
"none","GSE274557","Pt4","HALLMARK_UV_RESPONSE_UP",0,0.182625,FALSE
"pcs","GSE274557","Pt4","HALLMARK_UV_RESPONSE_UP",0,0.8125,FALSE
"libsize","GSE274557","Pt5","HALLMARK_UV_RESPONSE_UP",0.333333333333333,0.635166666666667,FALSE
"none","GSE274557","Pt5","HALLMARK_UV_RESPONSE_UP",0,0.521166666666667,FALSE
"pcs","GSE274557","Pt5","HALLMARK_UV_RESPONSE_UP",0.333333333333333,0.6365,FALSE
"libsize","GSE274557","Pt6","HALLMARK_UV_RESPONSE_UP",0.333333333333333,0.593333333333333,FALSE
"none","GSE274557","Pt6","HALLMARK_UV_RESPONSE_UP",0.166666666666667,0.589083333333333,FALSE
"pcs","GSE274557","Pt6","HALLMARK_UV_RESPONSE_UP",0,0.74325,FALSE
"libsize","GSE274557","Pt7","HALLMARK_UV_RESPONSE_UP",0.25,0.47225,FALSE
"none","GSE274557","Pt7","HALLMARK_UV_RESPONSE_UP",0,0.15125,FALSE
"pcs","GSE274557","Pt7","HALLMARK_UV_RESPONSE_UP",0.25,0.852375,FALSE
"libsize","GSE274557","Pt8","HALLMARK_UV_RESPONSE_UP",0.2,0.7907,FALSE
"none","GSE274557","Pt8","HALLMARK_UV_RESPONSE_UP",0,0.2776,FALSE
"pcs","GSE274557","Pt8","HALLMARK_UV_RESPONSE_UP",0.4,0.8581,FALSE
"libsize","GSE274557","Pt9","HALLMARK_UV_RESPONSE_UP",0,0.60025,FALSE
"none","GSE274557","Pt9","HALLMARK_UV_RESPONSE_UP",0,0.394,FALSE
"pcs","GSE274557","Pt9","HALLMARK_UV_RESPONSE_UP",0.25,0.841375,FALSE
"libsize","GSE282302","C1_D1","HALLMARK_WNT_BETA_CATENIN_SIGNALING",0,0.9635,FALSE
"none","GSE282302","C1_D1","HALLMARK_WNT_BETA_CATENIN_SIGNALING",0,0.855,FALSE
"pcs","GSE282302","C1_D1","HALLMARK_WNT_BETA_CATENIN_SIGNALING",0,0.404,FALSE
"libsize","GSE282302","C1_D10","HALLMARK_WNT_BETA_CATENIN_SIGNALING",0,0.57025,FALSE
"none","GSE282302","C1_D10","HALLMARK_WNT_BETA_CATENIN_SIGNALING",0,0.51625,FALSE
"pcs","GSE282302","C1_D10","HALLMARK_WNT_BETA_CATENIN_SIGNALING",0,0.828,FALSE
"libsize","GSE282302","C1_D11","HALLMARK_WNT_BETA_CATENIN_SIGNALING",1,0.97725,TRUE
"none","GSE282302","C1_D11","HALLMARK_WNT_BETA_CATENIN_SIGNALING",0,0.08325,FALSE
"pcs","GSE282302","C1_D11","HALLMARK_WNT_BETA_CATENIN_SIGNALING",0,0.90825,FALSE
"libsize","GSE282302","C1_D12","HALLMARK_WNT_BETA_CATENIN_SIGNALING",0,0.51625,FALSE
"none","GSE282302","C1_D12","HALLMARK_WNT_BETA_CATENIN_SIGNALING",0,0.55025,FALSE
"pcs","GSE282302","C1_D12","HALLMARK_WNT_BETA_CATENIN_SIGNALING",0.5,0.5615,TRUE
"libsize","GSE282302","C1_D13","HALLMARK_WNT_BETA_CATENIN_SIGNALING",0,0.61275,FALSE
"none","GSE282302","C1_D13","HALLMARK_WNT_BETA_CATENIN_SIGNALING",0,0.7515,FALSE
"pcs","GSE282302","C1_D13","HALLMARK_WNT_BETA_CATENIN_SIGNALING",0,0.509,FALSE
"libsize","GSE282302","C1_D14","HALLMARK_WNT_BETA_CATENIN_SIGNALING",0,0.618333333333333,FALSE
"none","GSE282302","C1_D14","HALLMARK_WNT_BETA_CATENIN_SIGNALING",0,0.131,FALSE
"pcs","GSE282302","C1_D14","HALLMARK_WNT_BETA_CATENIN_SIGNALING",0,0.4975,FALSE
"libsize","GSE282302","C1_D2","HALLMARK_WNT_BETA_CATENIN_SIGNALING",0,0.3785,FALSE
"none","GSE282302","C1_D2","HALLMARK_WNT_BETA_CATENIN_SIGNALING",0,0.148,FALSE
"pcs","GSE282302","C1_D2","HALLMARK_WNT_BETA_CATENIN_SIGNALING",0,0.1245,FALSE
"libsize","GSE282302","C1_D3","HALLMARK_WNT_BETA_CATENIN_SIGNALING",0,0.9055,FALSE
"none","GSE282302","C1_D3","HALLMARK_WNT_BETA_CATENIN_SIGNALING",0,0.649,FALSE
"pcs","GSE282302","C1_D3","HALLMARK_WNT_BETA_CATENIN_SIGNALING",0,0.8925,FALSE
"libsize","GSE282302","C1_D4","HALLMARK_WNT_BETA_CATENIN_SIGNALING",1,0.992,TRUE
"none","GSE282302","C1_D4","HALLMARK_WNT_BETA_CATENIN_SIGNALING",0,0.0225,FALSE
"pcs","GSE282302","C1_D4","HALLMARK_WNT_BETA_CATENIN_SIGNALING",0,0.8295,FALSE
"libsize","GSE282302","C1_D5","HALLMARK_WNT_BETA_CATENIN_SIGNALING",0,0.6475,FALSE
"none","GSE282302","C1_D5","HALLMARK_WNT_BETA_CATENIN_SIGNALING",0,0.364,FALSE
"pcs","GSE282302","C1_D5","HALLMARK_WNT_BETA_CATENIN_SIGNALING",0,0.331,FALSE
"libsize","GSE282302","C1_D6","HALLMARK_WNT_BETA_CATENIN_SIGNALING",0,0.3525,FALSE
"none","GSE282302","C1_D6","HALLMARK_WNT_BETA_CATENIN_SIGNALING",0,0.2545,FALSE
"pcs","GSE282302","C1_D6","HALLMARK_WNT_BETA_CATENIN_SIGNALING",0,0.6925,FALSE
"libsize","GSE282302","C1_D7","HALLMARK_WNT_BETA_CATENIN_SIGNALING",0,0.7565,FALSE
"none","GSE282302","C1_D7","HALLMARK_WNT_BETA_CATENIN_SIGNALING",0,0.1525,FALSE
"pcs","GSE282302","C1_D7","HALLMARK_WNT_BETA_CATENIN_SIGNALING",0,0.757,FALSE
"libsize","GSE282302","C1_D8","HALLMARK_WNT_BETA_CATENIN_SIGNALING",0,0.351,FALSE
"none","GSE282302","C1_D8","HALLMARK_WNT_BETA_CATENIN_SIGNALING",0,0.5755,FALSE
"pcs","GSE282302","C1_D8","HALLMARK_WNT_BETA_CATENIN_SIGNALING",0,0.6615,FALSE
"libsize","GSE282302","C1_D9","HALLMARK_WNT_BETA_CATENIN_SIGNALING",0.5,0.758,TRUE
"none","GSE282302","C1_D9","HALLMARK_WNT_BETA_CATENIN_SIGNALING",0,0.93425,FALSE
"pcs","GSE282302","C1_D9","HALLMARK_WNT_BETA_CATENIN_SIGNALING",0.5,0.73675,TRUE
"libsize","GSE282302","C2_D1","HALLMARK_WNT_BETA_CATENIN_SIGNALING",0,0.963,FALSE
"none","GSE282302","C2_D1","HALLMARK_WNT_BETA_CATENIN_SIGNALING",1,0.9975,TRUE
"pcs","GSE282302","C2_D1","HALLMARK_WNT_BETA_CATENIN_SIGNALING",0,0.9565,FALSE
"libsize","GSE282302","C2_D10","HALLMARK_WNT_BETA_CATENIN_SIGNALING",0,0.85075,FALSE
"none","GSE282302","C2_D10","HALLMARK_WNT_BETA_CATENIN_SIGNALING",0,0.32675,FALSE
"pcs","GSE282302","C2_D10","HALLMARK_WNT_BETA_CATENIN_SIGNALING",0.25,0.586875,FALSE
"libsize","GSE282302","C2_D11","HALLMARK_WNT_BETA_CATENIN_SIGNALING",0,0.705,FALSE
"none","GSE282302","C2_D11","HALLMARK_WNT_BETA_CATENIN_SIGNALING",0,0.4615625,FALSE
"pcs","GSE282302","C2_D11","HALLMARK_WNT_BETA_CATENIN_SIGNALING",0.125,0.678625,FALSE
"libsize","GSE282302","C2_D12","HALLMARK_WNT_BETA_CATENIN_SIGNALING",0,0.1225,FALSE
"none","GSE282302","C2_D12","HALLMARK_WNT_BETA_CATENIN_SIGNALING",0,0.024,FALSE
"pcs","GSE282302","C2_D12","HALLMARK_WNT_BETA_CATENIN_SIGNALING",0,0.29,FALSE
"libsize","GSE282302","C2_D13","HALLMARK_WNT_BETA_CATENIN_SIGNALING",0,0.792,FALSE
"none","GSE282302","C2_D13","HALLMARK_WNT_BETA_CATENIN_SIGNALING",0,0.29,FALSE
"pcs","GSE282302","C2_D13","HALLMARK_WNT_BETA_CATENIN_SIGNALING",0,0.808,FALSE
"libsize","GSE282302","C2_D2","HALLMARK_WNT_BETA_CATENIN_SIGNALING",0,0.767,FALSE
"none","GSE282302","C2_D2","HALLMARK_WNT_BETA_CATENIN_SIGNALING",0,0.722,FALSE
"pcs","GSE282302","C2_D2","HALLMARK_WNT_BETA_CATENIN_SIGNALING",0,0.744,FALSE
"libsize","GSE282302","C2_D3","HALLMARK_WNT_BETA_CATENIN_SIGNALING",0,0.806,FALSE
"none","GSE282302","C2_D3","HALLMARK_WNT_BETA_CATENIN_SIGNALING",0,0.9175,FALSE
"pcs","GSE282302","C2_D3","HALLMARK_WNT_BETA_CATENIN_SIGNALING",0,0.8835,FALSE
"libsize","GSE282302","C2_D4","HALLMARK_WNT_BETA_CATENIN_SIGNALING",0,0.9245,FALSE
"none","GSE282302","C2_D4","HALLMARK_WNT_BETA_CATENIN_SIGNALING",0,0.886,FALSE
"pcs","GSE282302","C2_D4","HALLMARK_WNT_BETA_CATENIN_SIGNALING",0,0.9785,FALSE
"libsize","GSE282302","C2_D5","HALLMARK_WNT_BETA_CATENIN_SIGNALING",0.5,0.6,TRUE
"none","GSE282302","C2_D5","HALLMARK_WNT_BETA_CATENIN_SIGNALING",0,0.465,FALSE
"pcs","GSE282302","C2_D5","HALLMARK_WNT_BETA_CATENIN_SIGNALING",0,0.54275,FALSE
"libsize","GSE282302","C2_D6","HALLMARK_WNT_BETA_CATENIN_SIGNALING",0,0.398,FALSE
"none","GSE282302","C2_D6","HALLMARK_WNT_BETA_CATENIN_SIGNALING",0,0.36625,FALSE
"pcs","GSE282302","C2_D6","HALLMARK_WNT_BETA_CATENIN_SIGNALING",0,0.79,FALSE
"libsize","GSE282302","C2_D7","HALLMARK_WNT_BETA_CATENIN_SIGNALING",0,0.77325,FALSE
"none","GSE282302","C2_D7","HALLMARK_WNT_BETA_CATENIN_SIGNALING",0,0.9585,FALSE
"pcs","GSE282302","C2_D7","HALLMARK_WNT_BETA_CATENIN_SIGNALING",0,0.79425,FALSE
"libsize","GSE282302","C2_D8","HALLMARK_WNT_BETA_CATENIN_SIGNALING",0,0.769,FALSE
"none","GSE282302","C2_D8","HALLMARK_WNT_BETA_CATENIN_SIGNALING",0,0.237375,FALSE
"pcs","GSE282302","C2_D8","HALLMARK_WNT_BETA_CATENIN_SIGNALING",0,0.268375,FALSE
"libsize","GSE282302","C2_D9","HALLMARK_WNT_BETA_CATENIN_SIGNALING",0.333333333333333,0.964083333333333,FALSE
"none","GSE282302","C2_D9","HALLMARK_WNT_BETA_CATENIN_SIGNALING",0,0.896166666666667,FALSE
"pcs","GSE282302","C2_D9","HALLMARK_WNT_BETA_CATENIN_SIGNALING",0,0.500333333333333,FALSE
"libsize","GSE282302","C3_D1","HALLMARK_WNT_BETA_CATENIN_SIGNALING",0,0.684,FALSE
"none","GSE282302","C3_D1","HALLMARK_WNT_BETA_CATENIN_SIGNALING",0,0.63475,FALSE
"pcs","GSE282302","C3_D1","HALLMARK_WNT_BETA_CATENIN_SIGNALING",0,0.534125,FALSE
"libsize","GSE282302","C3_D10","HALLMARK_WNT_BETA_CATENIN_SIGNALING",0.25,0.88075,FALSE
"none","GSE282302","C3_D10","HALLMARK_WNT_BETA_CATENIN_SIGNALING",0,0.892,FALSE
"pcs","GSE282302","C3_D10","HALLMARK_WNT_BETA_CATENIN_SIGNALING",0,0.74075,FALSE
"libsize","GSE282302","C3_D11","HALLMARK_WNT_BETA_CATENIN_SIGNALING",0,0.63875,FALSE
"none","GSE282302","C3_D11","HALLMARK_WNT_BETA_CATENIN_SIGNALING",0,0.39025,FALSE
"pcs","GSE282302","C3_D11","HALLMARK_WNT_BETA_CATENIN_SIGNALING",0.25,0.632625,FALSE
"libsize","GSE282302","C3_D12","HALLMARK_WNT_BETA_CATENIN_SIGNALING",0.125,0.76025,FALSE
"none","GSE282302","C3_D12","HALLMARK_WNT_BETA_CATENIN_SIGNALING",0.25,0.828625,FALSE
"pcs","GSE282302","C3_D12","HALLMARK_WNT_BETA_CATENIN_SIGNALING",0,0.6154375,FALSE
"libsize","GSE282302","C3_D2","HALLMARK_WNT_BETA_CATENIN_SIGNALING",0,0.463625,FALSE
"none","GSE282302","C3_D2","HALLMARK_WNT_BETA_CATENIN_SIGNALING",0,0.3655,FALSE
"pcs","GSE282302","C3_D2","HALLMARK_WNT_BETA_CATENIN_SIGNALING",0,0.59575,FALSE
"libsize","GSE282302","C3_D3","HALLMARK_WNT_BETA_CATENIN_SIGNALING",0,0.71,FALSE
"none","GSE282302","C3_D3","HALLMARK_WNT_BETA_CATENIN_SIGNALING",0,0.586,FALSE
"pcs","GSE282302","C3_D3","HALLMARK_WNT_BETA_CATENIN_SIGNALING",0.25,0.878125,FALSE
"libsize","GSE282302","C3_D4","HALLMARK_WNT_BETA_CATENIN_SIGNALING",0.5,0.759,TRUE
"none","GSE282302","C3_D4","HALLMARK_WNT_BETA_CATENIN_SIGNALING",0.25,0.7605,FALSE
"pcs","GSE282302","C3_D4","HALLMARK_WNT_BETA_CATENIN_SIGNALING",0,0.6285,FALSE
"libsize","GSE282302","C3_D5","HALLMARK_WNT_BETA_CATENIN_SIGNALING",0,0.572125,FALSE
"none","GSE282302","C3_D5","HALLMARK_WNT_BETA_CATENIN_SIGNALING",0,0.284625,FALSE
"pcs","GSE282302","C3_D5","HALLMARK_WNT_BETA_CATENIN_SIGNALING",0.25,0.88375,FALSE
"libsize","GSE282302","C3_D6","HALLMARK_WNT_BETA_CATENIN_SIGNALING",0,0.751875,FALSE
"none","GSE282302","C3_D6","HALLMARK_WNT_BETA_CATENIN_SIGNALING",0,0.847875,FALSE
"pcs","GSE282302","C3_D6","HALLMARK_WNT_BETA_CATENIN_SIGNALING",0,0.541375,FALSE
"libsize","GSE282302","C3_D7","HALLMARK_WNT_BETA_CATENIN_SIGNALING",0.25,0.839,FALSE
"none","GSE282302","C3_D7","HALLMARK_WNT_BETA_CATENIN_SIGNALING",0.25,0.672375,FALSE
"pcs","GSE282302","C3_D7","HALLMARK_WNT_BETA_CATENIN_SIGNALING",0.25,0.72975,FALSE
"libsize","GSE282302","C3_D8","HALLMARK_WNT_BETA_CATENIN_SIGNALING",0,0.791375,FALSE
"none","GSE282302","C3_D8","HALLMARK_WNT_BETA_CATENIN_SIGNALING",0,0.711875,FALSE
"pcs","GSE282302","C3_D8","HALLMARK_WNT_BETA_CATENIN_SIGNALING",0,0.665125,FALSE
"libsize","GSE282302","C3_D9","HALLMARK_WNT_BETA_CATENIN_SIGNALING",0.25,0.773375,FALSE
"none","GSE282302","C3_D9","HALLMARK_WNT_BETA_CATENIN_SIGNALING",0,0.4645,FALSE
"pcs","GSE282302","C3_D9","HALLMARK_WNT_BETA_CATENIN_SIGNALING",0.5,0.645125,TRUE
"libsize","GSE274557","Pt1","HALLMARK_WNT_BETA_CATENIN_SIGNALING",0,0.7335,FALSE
"none","GSE274557","Pt1","HALLMARK_WNT_BETA_CATENIN_SIGNALING",0,0.5675,FALSE
"pcs","GSE274557","Pt1","HALLMARK_WNT_BETA_CATENIN_SIGNALING",0,0.4185,FALSE
"libsize","GSE274557","Pt10","HALLMARK_WNT_BETA_CATENIN_SIGNALING",0,0.79425,FALSE
"none","GSE274557","Pt10","HALLMARK_WNT_BETA_CATENIN_SIGNALING",0,0.405875,FALSE
"pcs","GSE274557","Pt10","HALLMARK_WNT_BETA_CATENIN_SIGNALING",0,0.538,FALSE
"libsize","GSE274557","Pt11","HALLMARK_WNT_BETA_CATENIN_SIGNALING",0.25,0.935125,FALSE
"none","GSE274557","Pt11","HALLMARK_WNT_BETA_CATENIN_SIGNALING",0,0.557875,FALSE
"pcs","GSE274557","Pt11","HALLMARK_WNT_BETA_CATENIN_SIGNALING",0,0.622,FALSE
"libsize","GSE274557","Pt12","HALLMARK_WNT_BETA_CATENIN_SIGNALING",0,0.718125,FALSE
"none","GSE274557","Pt12","HALLMARK_WNT_BETA_CATENIN_SIGNALING",0,0.512625,FALSE
"pcs","GSE274557","Pt12","HALLMARK_WNT_BETA_CATENIN_SIGNALING",0,0.3765,FALSE
"libsize","GSE274557","Pt13","HALLMARK_WNT_BETA_CATENIN_SIGNALING",0.142857142857143,0.62,FALSE
"none","GSE274557","Pt13","HALLMARK_WNT_BETA_CATENIN_SIGNALING",0,0.577714285714286,FALSE
"pcs","GSE274557","Pt13","HALLMARK_WNT_BETA_CATENIN_SIGNALING",0,0.216428571428571,FALSE
"libsize","GSE274557","Pt2","HALLMARK_WNT_BETA_CATENIN_SIGNALING",0,0.907166666666667,FALSE
"none","GSE274557","Pt2","HALLMARK_WNT_BETA_CATENIN_SIGNALING",0,0.494166666666667,FALSE
"pcs","GSE274557","Pt2","HALLMARK_WNT_BETA_CATENIN_SIGNALING",0.333333333333333,0.608333333333333,FALSE
"libsize","GSE274557","Pt3","HALLMARK_WNT_BETA_CATENIN_SIGNALING",0,0.754125,FALSE
"none","GSE274557","Pt3","HALLMARK_WNT_BETA_CATENIN_SIGNALING",0,0.564875,FALSE
"pcs","GSE274557","Pt3","HALLMARK_WNT_BETA_CATENIN_SIGNALING",0,0.63375,FALSE
"libsize","GSE274557","Pt4","HALLMARK_WNT_BETA_CATENIN_SIGNALING",0.25,0.7905,FALSE
"none","GSE274557","Pt4","HALLMARK_WNT_BETA_CATENIN_SIGNALING",0,0.464375,FALSE
"pcs","GSE274557","Pt4","HALLMARK_WNT_BETA_CATENIN_SIGNALING",0,0.651375,FALSE
"libsize","GSE274557","Pt5","HALLMARK_WNT_BETA_CATENIN_SIGNALING",0,0.862,FALSE
"none","GSE274557","Pt5","HALLMARK_WNT_BETA_CATENIN_SIGNALING",0,0.582333333333333,FALSE
"pcs","GSE274557","Pt5","HALLMARK_WNT_BETA_CATENIN_SIGNALING",0,0.265,FALSE
"libsize","GSE274557","Pt6","HALLMARK_WNT_BETA_CATENIN_SIGNALING",0.166666666666667,0.532083333333333,FALSE
"none","GSE274557","Pt6","HALLMARK_WNT_BETA_CATENIN_SIGNALING",0,0.53625,FALSE
"pcs","GSE274557","Pt6","HALLMARK_WNT_BETA_CATENIN_SIGNALING",0,0.42125,FALSE
"libsize","GSE274557","Pt7","HALLMARK_WNT_BETA_CATENIN_SIGNALING",0,0.780875,FALSE
"none","GSE274557","Pt7","HALLMARK_WNT_BETA_CATENIN_SIGNALING",0,0.617875,FALSE
"pcs","GSE274557","Pt7","HALLMARK_WNT_BETA_CATENIN_SIGNALING",0,0.420625,FALSE
"libsize","GSE274557","Pt8","HALLMARK_WNT_BETA_CATENIN_SIGNALING",0.2,0.7219,FALSE
"none","GSE274557","Pt8","HALLMARK_WNT_BETA_CATENIN_SIGNALING",0,0.421,FALSE
"pcs","GSE274557","Pt8","HALLMARK_WNT_BETA_CATENIN_SIGNALING",0,0.6142,FALSE
"libsize","GSE274557","Pt9","HALLMARK_WNT_BETA_CATENIN_SIGNALING",0,0.653875,FALSE
"none","GSE274557","Pt9","HALLMARK_WNT_BETA_CATENIN_SIGNALING",0,0.378375,FALSE
"pcs","GSE274557","Pt9","HALLMARK_WNT_BETA_CATENIN_SIGNALING",0.25,0.408375,FALSE
"libsize","GSE282302","C1_D1","HALLMARK_XENOBIOTIC_METABOLISM",1,0.998,TRUE
"none","GSE282302","C1_D1","HALLMARK_XENOBIOTIC_METABOLISM",0,0.966,FALSE
"pcs","GSE282302","C1_D1","HALLMARK_XENOBIOTIC_METABOLISM",0,0.5755,FALSE
"libsize","GSE282302","C1_D10","HALLMARK_XENOBIOTIC_METABOLISM",0,0.27275,FALSE
"none","GSE282302","C1_D10","HALLMARK_XENOBIOTIC_METABOLISM",0,0.62775,FALSE
"pcs","GSE282302","C1_D10","HALLMARK_XENOBIOTIC_METABOLISM",0.5,0.857,TRUE
"libsize","GSE282302","C1_D11","HALLMARK_XENOBIOTIC_METABOLISM",0.5,0.94075,TRUE
"none","GSE282302","C1_D11","HALLMARK_XENOBIOTIC_METABOLISM",0,0.89575,FALSE
"pcs","GSE282302","C1_D11","HALLMARK_XENOBIOTIC_METABOLISM",0.5,0.96475,TRUE
"libsize","GSE282302","C1_D12","HALLMARK_XENOBIOTIC_METABOLISM",1,0.99075,TRUE
"none","GSE282302","C1_D12","HALLMARK_XENOBIOTIC_METABOLISM",0,0.897,FALSE
"pcs","GSE282302","C1_D12","HALLMARK_XENOBIOTIC_METABOLISM",0.5,0.86075,TRUE
"libsize","GSE282302","C1_D13","HALLMARK_XENOBIOTIC_METABOLISM",0.5,0.91975,TRUE
"none","GSE282302","C1_D13","HALLMARK_XENOBIOTIC_METABOLISM",0.5,0.65625,TRUE
"pcs","GSE282302","C1_D13","HALLMARK_XENOBIOTIC_METABOLISM",0.5,0.967,TRUE
"libsize","GSE282302","C1_D14","HALLMARK_XENOBIOTIC_METABOLISM",1,0.991166666666667,TRUE
"none","GSE282302","C1_D14","HALLMARK_XENOBIOTIC_METABOLISM",0,0.637833333333333,FALSE
"pcs","GSE282302","C1_D14","HALLMARK_XENOBIOTIC_METABOLISM",0.333333333333333,0.967833333333333,FALSE
"libsize","GSE282302","C1_D2","HALLMARK_XENOBIOTIC_METABOLISM",0,0.7905,FALSE
"none","GSE282302","C1_D2","HALLMARK_XENOBIOTIC_METABOLISM",0,0.306,FALSE
"pcs","GSE282302","C1_D2","HALLMARK_XENOBIOTIC_METABOLISM",1,0.991,TRUE
"libsize","GSE282302","C1_D3","HALLMARK_XENOBIOTIC_METABOLISM",0,0.9405,FALSE
"none","GSE282302","C1_D3","HALLMARK_XENOBIOTIC_METABOLISM",0,0.0115,FALSE
"pcs","GSE282302","C1_D3","HALLMARK_XENOBIOTIC_METABOLISM",0,0.2385,FALSE
"libsize","GSE282302","C1_D4","HALLMARK_XENOBIOTIC_METABOLISM",0,0.906,FALSE
"none","GSE282302","C1_D4","HALLMARK_XENOBIOTIC_METABOLISM",0,0.3975,FALSE
"pcs","GSE282302","C1_D4","HALLMARK_XENOBIOTIC_METABOLISM",1,0.9905,TRUE
"libsize","GSE282302","C1_D5","HALLMARK_XENOBIOTIC_METABOLISM",1,0.9995,TRUE
"none","GSE282302","C1_D5","HALLMARK_XENOBIOTIC_METABOLISM",0,0.3525,FALSE
"pcs","GSE282302","C1_D5","HALLMARK_XENOBIOTIC_METABOLISM",1,0.9955,TRUE
"libsize","GSE282302","C1_D6","HALLMARK_XENOBIOTIC_METABOLISM",0,0,FALSE
"none","GSE282302","C1_D6","HALLMARK_XENOBIOTIC_METABOLISM",0,0,FALSE
"pcs","GSE282302","C1_D6","HALLMARK_XENOBIOTIC_METABOLISM",0,0.8875,FALSE
"libsize","GSE282302","C1_D7","HALLMARK_XENOBIOTIC_METABOLISM",1,0.998,TRUE
"none","GSE282302","C1_D7","HALLMARK_XENOBIOTIC_METABOLISM",1,0.9915,TRUE
"pcs","GSE282302","C1_D7","HALLMARK_XENOBIOTIC_METABOLISM",1,0.9685,TRUE
"libsize","GSE282302","C1_D8","HALLMARK_XENOBIOTIC_METABOLISM",1,0.9995,TRUE
"none","GSE282302","C1_D8","HALLMARK_XENOBIOTIC_METABOLISM",0.5,0.6265,TRUE
"pcs","GSE282302","C1_D8","HALLMARK_XENOBIOTIC_METABOLISM",0,0.663,FALSE
"libsize","GSE282302","C1_D9","HALLMARK_XENOBIOTIC_METABOLISM",1,0.9935,TRUE
"none","GSE282302","C1_D9","HALLMARK_XENOBIOTIC_METABOLISM",0,0.55975,FALSE
"pcs","GSE282302","C1_D9","HALLMARK_XENOBIOTIC_METABOLISM",0.5,0.97625,TRUE
"libsize","GSE282302","C2_D1","HALLMARK_XENOBIOTIC_METABOLISM",0,0.954,FALSE
"none","GSE282302","C2_D1","HALLMARK_XENOBIOTIC_METABOLISM",0,0.7855,FALSE
"pcs","GSE282302","C2_D1","HALLMARK_XENOBIOTIC_METABOLISM",0,0.9495,FALSE
"libsize","GSE282302","C2_D10","HALLMARK_XENOBIOTIC_METABOLISM",1,0.98375,TRUE
"none","GSE282302","C2_D10","HALLMARK_XENOBIOTIC_METABOLISM",0.25,0.88225,FALSE
"pcs","GSE282302","C2_D10","HALLMARK_XENOBIOTIC_METABOLISM",0.5,0.925625,TRUE
"libsize","GSE282302","C2_D11","HALLMARK_XENOBIOTIC_METABOLISM",0.5,0.558875,TRUE
"none","GSE282302","C2_D11","HALLMARK_XENOBIOTIC_METABOLISM",0,0.2524375,FALSE
"pcs","GSE282302","C2_D11","HALLMARK_XENOBIOTIC_METABOLISM",0.625,0.8638125,TRUE
"libsize","GSE282302","C2_D12","HALLMARK_XENOBIOTIC_METABOLISM",0,0.7845,FALSE
"none","GSE282302","C2_D12","HALLMARK_XENOBIOTIC_METABOLISM",0,0.0335,FALSE
"pcs","GSE282302","C2_D12","HALLMARK_XENOBIOTIC_METABOLISM",0,0.3065,FALSE
"libsize","GSE282302","C2_D13","HALLMARK_XENOBIOTIC_METABOLISM",1,0.9995,TRUE
"none","GSE282302","C2_D13","HALLMARK_XENOBIOTIC_METABOLISM",0,0.9685,FALSE
"pcs","GSE282302","C2_D13","HALLMARK_XENOBIOTIC_METABOLISM",1,0.9855,TRUE
"libsize","GSE282302","C2_D2","HALLMARK_XENOBIOTIC_METABOLISM",0,0.0475,FALSE
"none","GSE282302","C2_D2","HALLMARK_XENOBIOTIC_METABOLISM",0,0.0435,FALSE
"pcs","GSE282302","C2_D2","HALLMARK_XENOBIOTIC_METABOLISM",0,0.615,FALSE
"libsize","GSE282302","C2_D3","HALLMARK_XENOBIOTIC_METABOLISM",1,0.9995,TRUE
"none","GSE282302","C2_D3","HALLMARK_XENOBIOTIC_METABOLISM",0,0.939,FALSE
"pcs","GSE282302","C2_D3","HALLMARK_XENOBIOTIC_METABOLISM",0,0.2535,FALSE
"libsize","GSE282302","C2_D4","HALLMARK_XENOBIOTIC_METABOLISM",0,0.886,FALSE
"none","GSE282302","C2_D4","HALLMARK_XENOBIOTIC_METABOLISM",1,0.997,TRUE
"pcs","GSE282302","C2_D4","HALLMARK_XENOBIOTIC_METABOLISM",0,0.0535,FALSE
"libsize","GSE282302","C2_D5","HALLMARK_XENOBIOTIC_METABOLISM",0.5,0.8585,TRUE
"none","GSE282302","C2_D5","HALLMARK_XENOBIOTIC_METABOLISM",0,0.565,FALSE
"pcs","GSE282302","C2_D5","HALLMARK_XENOBIOTIC_METABOLISM",0,0.87175,FALSE
"libsize","GSE282302","C2_D6","HALLMARK_XENOBIOTIC_METABOLISM",0.5,0.54125,TRUE
"none","GSE282302","C2_D6","HALLMARK_XENOBIOTIC_METABOLISM",0.5,0.50025,TRUE
"pcs","GSE282302","C2_D6","HALLMARK_XENOBIOTIC_METABOLISM",1,0.99775,TRUE
"libsize","GSE282302","C2_D7","HALLMARK_XENOBIOTIC_METABOLISM",1,0.99775,TRUE
"none","GSE282302","C2_D7","HALLMARK_XENOBIOTIC_METABOLISM",0,0.07725,FALSE
"pcs","GSE282302","C2_D7","HALLMARK_XENOBIOTIC_METABOLISM",0,0.899,FALSE
"libsize","GSE282302","C2_D8","HALLMARK_XENOBIOTIC_METABOLISM",0.25,0.895625,FALSE
"none","GSE282302","C2_D8","HALLMARK_XENOBIOTIC_METABOLISM",0,0.625375,FALSE
"pcs","GSE282302","C2_D8","HALLMARK_XENOBIOTIC_METABOLISM",0.25,0.8215,FALSE
"libsize","GSE282302","C2_D9","HALLMARK_XENOBIOTIC_METABOLISM",0.333333333333333,0.96775,FALSE
"none","GSE282302","C2_D9","HALLMARK_XENOBIOTIC_METABOLISM",0,0.607833333333333,FALSE
"pcs","GSE282302","C2_D9","HALLMARK_XENOBIOTIC_METABOLISM",0.5,0.764,TRUE
"libsize","GSE282302","C3_D1","HALLMARK_XENOBIOTIC_METABOLISM",0.25,0.56125,FALSE
"none","GSE282302","C3_D1","HALLMARK_XENOBIOTIC_METABOLISM",0.25,0.548125,FALSE
"pcs","GSE282302","C3_D1","HALLMARK_XENOBIOTIC_METABOLISM",0.25,0.87225,FALSE
"libsize","GSE282302","C3_D10","HALLMARK_XENOBIOTIC_METABOLISM",0,0.300125,FALSE
"none","GSE282302","C3_D10","HALLMARK_XENOBIOTIC_METABOLISM",0.25,0.275375,FALSE
"pcs","GSE282302","C3_D10","HALLMARK_XENOBIOTIC_METABOLISM",0.75,0.89875,TRUE
"libsize","GSE282302","C3_D11","HALLMARK_XENOBIOTIC_METABOLISM",1,0.997875,TRUE
"none","GSE282302","C3_D11","HALLMARK_XENOBIOTIC_METABOLISM",0.75,0.985125,TRUE
"pcs","GSE282302","C3_D11","HALLMARK_XENOBIOTIC_METABOLISM",0.5,0.960125,TRUE
"libsize","GSE282302","C3_D12","HALLMARK_XENOBIOTIC_METABOLISM",0,0.2145,FALSE
"none","GSE282302","C3_D12","HALLMARK_XENOBIOTIC_METABOLISM",0.25,0.5319375,FALSE
"pcs","GSE282302","C3_D12","HALLMARK_XENOBIOTIC_METABOLISM",0.5,0.92,TRUE
"libsize","GSE282302","C3_D2","HALLMARK_XENOBIOTIC_METABOLISM",0.5,0.506125,TRUE
"none","GSE282302","C3_D2","HALLMARK_XENOBIOTIC_METABOLISM",0.25,0.4715,FALSE
"pcs","GSE282302","C3_D2","HALLMARK_XENOBIOTIC_METABOLISM",0.25,0.773125,FALSE
"libsize","GSE282302","C3_D3","HALLMARK_XENOBIOTIC_METABOLISM",0.5,0.733875,TRUE
"none","GSE282302","C3_D3","HALLMARK_XENOBIOTIC_METABOLISM",0.25,0.704375,FALSE
"pcs","GSE282302","C3_D3","HALLMARK_XENOBIOTIC_METABOLISM",0.5,0.737125,TRUE
"libsize","GSE282302","C3_D4","HALLMARK_XENOBIOTIC_METABOLISM",1,0.9915,TRUE
"none","GSE282302","C3_D4","HALLMARK_XENOBIOTIC_METABOLISM",0.75,0.982375,TRUE
"pcs","GSE282302","C3_D4","HALLMARK_XENOBIOTIC_METABOLISM",0.5,0.897875,TRUE
"libsize","GSE282302","C3_D5","HALLMARK_XENOBIOTIC_METABOLISM",0,0.384875,FALSE
"none","GSE282302","C3_D5","HALLMARK_XENOBIOTIC_METABOLISM",0,0.279,FALSE
"pcs","GSE282302","C3_D5","HALLMARK_XENOBIOTIC_METABOLISM",0.5,0.91375,TRUE
"libsize","GSE282302","C3_D6","HALLMARK_XENOBIOTIC_METABOLISM",1,0.99575,TRUE
"none","GSE282302","C3_D6","HALLMARK_XENOBIOTIC_METABOLISM",0.5,0.714375,TRUE
"pcs","GSE282302","C3_D6","HALLMARK_XENOBIOTIC_METABOLISM",0.25,0.880125,FALSE
"libsize","GSE282302","C3_D7","HALLMARK_XENOBIOTIC_METABOLISM",0.5,0.809375,TRUE
"none","GSE282302","C3_D7","HALLMARK_XENOBIOTIC_METABOLISM",0.25,0.78275,FALSE
"pcs","GSE282302","C3_D7","HALLMARK_XENOBIOTIC_METABOLISM",0.25,0.673125,FALSE
"libsize","GSE282302","C3_D8","HALLMARK_XENOBIOTIC_METABOLISM",0.5,0.7395,TRUE
"none","GSE282302","C3_D8","HALLMARK_XENOBIOTIC_METABOLISM",0,0.286125,FALSE
"pcs","GSE282302","C3_D8","HALLMARK_XENOBIOTIC_METABOLISM",0,0.905625,FALSE
"libsize","GSE282302","C3_D9","HALLMARK_XENOBIOTIC_METABOLISM",0.75,0.749875,TRUE
"none","GSE282302","C3_D9","HALLMARK_XENOBIOTIC_METABOLISM",0.5,0.7385,TRUE
"pcs","GSE282302","C3_D9","HALLMARK_XENOBIOTIC_METABOLISM",0.5,0.8435,TRUE
"libsize","GSE274557","Pt1","HALLMARK_XENOBIOTIC_METABOLISM",0.5,0.8655,TRUE
"none","GSE274557","Pt1","HALLMARK_XENOBIOTIC_METABOLISM",0,0.55225,FALSE
"pcs","GSE274557","Pt1","HALLMARK_XENOBIOTIC_METABOLISM",0,0.87375,FALSE
"libsize","GSE274557","Pt10","HALLMARK_XENOBIOTIC_METABOLISM",0.25,0.547625,FALSE
"none","GSE274557","Pt10","HALLMARK_XENOBIOTIC_METABOLISM",0,0.462875,FALSE
"pcs","GSE274557","Pt10","HALLMARK_XENOBIOTIC_METABOLISM",0.75,0.757625,TRUE
"libsize","GSE274557","Pt11","HALLMARK_XENOBIOTIC_METABOLISM",0.5,0.67675,TRUE
"none","GSE274557","Pt11","HALLMARK_XENOBIOTIC_METABOLISM",0.5,0.874625,TRUE
"pcs","GSE274557","Pt11","HALLMARK_XENOBIOTIC_METABOLISM",0.25,0.8695,FALSE
"libsize","GSE274557","Pt12","HALLMARK_XENOBIOTIC_METABOLISM",0.75,0.9705,TRUE
"none","GSE274557","Pt12","HALLMARK_XENOBIOTIC_METABOLISM",0.25,0.50875,FALSE
"pcs","GSE274557","Pt12","HALLMARK_XENOBIOTIC_METABOLISM",0.5,0.721625,TRUE
"libsize","GSE274557","Pt13","HALLMARK_XENOBIOTIC_METABOLISM",0.285714285714286,0.560071428571429,FALSE
"none","GSE274557","Pt13","HALLMARK_XENOBIOTIC_METABOLISM",0.142857142857143,0.4665,FALSE
"pcs","GSE274557","Pt13","HALLMARK_XENOBIOTIC_METABOLISM",0.428571428571429,0.894142857142857,FALSE
"libsize","GSE274557","Pt2","HALLMARK_XENOBIOTIC_METABOLISM",0.666666666666667,0.782166666666667,TRUE
"none","GSE274557","Pt2","HALLMARK_XENOBIOTIC_METABOLISM",0.333333333333333,0.584833333333333,FALSE
"pcs","GSE274557","Pt2","HALLMARK_XENOBIOTIC_METABOLISM",1,0.999333333333333,TRUE
"libsize","GSE274557","Pt3","HALLMARK_XENOBIOTIC_METABOLISM",0.5,0.94175,TRUE
"none","GSE274557","Pt3","HALLMARK_XENOBIOTIC_METABOLISM",0.5,0.553,TRUE
"pcs","GSE274557","Pt3","HALLMARK_XENOBIOTIC_METABOLISM",0,0.683625,FALSE
"libsize","GSE274557","Pt4","HALLMARK_XENOBIOTIC_METABOLISM",0,0.7205,FALSE
"none","GSE274557","Pt4","HALLMARK_XENOBIOTIC_METABOLISM",0,0.51275,FALSE
"pcs","GSE274557","Pt4","HALLMARK_XENOBIOTIC_METABOLISM",0,0.67625,FALSE
"libsize","GSE274557","Pt5","HALLMARK_XENOBIOTIC_METABOLISM",1,0.999166666666667,TRUE
"none","GSE274557","Pt5","HALLMARK_XENOBIOTIC_METABOLISM",1,0.996833333333333,TRUE
"pcs","GSE274557","Pt5","HALLMARK_XENOBIOTIC_METABOLISM",0.666666666666667,0.9145,TRUE
"libsize","GSE274557","Pt6","HALLMARK_XENOBIOTIC_METABOLISM",0.333333333333333,0.666,FALSE
"none","GSE274557","Pt6","HALLMARK_XENOBIOTIC_METABOLISM",0.5,0.726666666666667,TRUE
"pcs","GSE274557","Pt6","HALLMARK_XENOBIOTIC_METABOLISM",0.166666666666667,0.76375,FALSE
"libsize","GSE274557","Pt7","HALLMARK_XENOBIOTIC_METABOLISM",0.75,0.912,TRUE
"none","GSE274557","Pt7","HALLMARK_XENOBIOTIC_METABOLISM",0.5,0.779875,TRUE
"pcs","GSE274557","Pt7","HALLMARK_XENOBIOTIC_METABOLISM",0.5,0.975625,TRUE
"libsize","GSE274557","Pt8","HALLMARK_XENOBIOTIC_METABOLISM",0.8,0.9824,TRUE
"none","GSE274557","Pt8","HALLMARK_XENOBIOTIC_METABOLISM",0,0.517,FALSE
"pcs","GSE274557","Pt8","HALLMARK_XENOBIOTIC_METABOLISM",0.6,0.8743,TRUE
"libsize","GSE274557","Pt9","HALLMARK_XENOBIOTIC_METABOLISM",0,0.313125,FALSE
"none","GSE274557","Pt9","HALLMARK_XENOBIOTIC_METABOLISM",0,0.00537499999999996,FALSE
"pcs","GSE274557","Pt9","HALLMARK_XENOBIOTIC_METABOLISM",0,0.47325,FALSE
