"pathway","stat","stat_matched_med","stat_matched_mad","z_matched","n_matched","p_matched","p_adj_BH","n_spots","replicate","scenario","tier","planted","signal_R2_removed","signal_R2_library"
"set01",0.745669522813807,0.160426520174774,0.125299642116895,4.67074759952663,999,0.001,0.004,225,1,"coherent_weak","none",TRUE,0,0.00538795348815591
"set02",0.786880939880457,0.183635367808332,0.113633528424282,5.30869348542748,999,0.001,0.004,225,1,"coherent_weak","none",TRUE,0,0.00466083397301009
"set03",0.846154854261815,0.27523132475656,0.103939203596044,5.49286034289939,999,0.001,0.004,225,1,"coherent_weak","none",TRUE,1.11022302462516e-16,0.0298492799103318
"set04",0.00254383378207475,0.105783715651814,0.0997287182920271,-1.035207146325,999,0.92,0.92,225,1,"coherent_weak","none",FALSE,NA,NA
"set05",0.199641590619349,0.199855555953229,0.116626827009944,-0.00183461506555503,999,0.501,0.757090909090909,225,1,"coherent_weak","none",FALSE,NA,NA
"set06",0.184278150525289,0.234244941382727,0.1028176093861,-0.48597503050089,999,0.694,0.757090909090909,225,1,"coherent_weak","none",FALSE,NA,NA
"set07",0.312901694265792,0.163422228586322,0.121641204275344,1.22885552284661,999,0.206,0.412,225,1,"coherent_weak","none",FALSE,NA,NA
"set08",0.386901057094999,0.177586899004041,0.112884320298048,1.85423588978794,999,0.101,0.303,225,1,"coherent_weak","none",FALSE,NA,NA
"set09",0.241236646354942,0.255031340178113,0.0942027031266388,-0.146436284366771,999,0.546,0.757090909090909,225,1,"coherent_weak","none",FALSE,NA,NA
"set10",0.0719100096148546,0.0938476003717178,0.0945562357807495,-0.232005753779482,999,0.581,0.757090909090909,225,1,"coherent_weak","none",FALSE,NA,NA
"set11",0.130430036419797,0.173365418012848,0.108666301815412,-0.395112200155516,999,0.671,0.757090909090909,225,1,"coherent_weak","none",FALSE,NA,NA
"set12",0.36771577261012,0.223682632086926,0.10355560408283,1.39087731464526,999,0.148,0.3552,225,1,"coherent_weak","none",FALSE,NA,NA
"set01",0.740193485059762,0.160984648926211,0.120676294169373,4.79969027985408,999,0.001,0.004,225,1,"coherent_weak","libsize",TRUE,0.00538795348815591,0.00538795348815591
"set02",0.785420513781274,0.193671041583246,0.108031695030971,5.4775542680172,999,0.001,0.004,225,1,"coherent_weak","libsize",TRUE,0.00466083397301009,0.00466083397301009
"set03",0.836077388285464,0.28982393460973,0.096555642894746,5.65739543851619,999,0.001,0.004,225,1,"coherent_weak","libsize",TRUE,0.0298492799103318,0.0298492799103318
"set04",0.000980486298850224,0.114294565346019,0.0982187220502964,-1.15369123810369,999,0.947,0.947,225,1,"coherent_weak","libsize",FALSE,NA,NA
"set05",0.216377913620516,0.207636641367248,0.111428939411733,0.0784470560288501,999,0.466,0.798857142857143,225,1,"coherent_weak","libsize",FALSE,NA,NA
"set06",0.187154866166728,0.260754766161754,0.0998977090028575,-0.736752631563559,999,0.808,0.881454545454545,225,1,"coherent_weak","libsize",FALSE,NA,NA
"set07",0.312265722402578,0.166290048026423,0.117135069704244,1.24621665180831,999,0.205,0.41,225,1,"coherent_weak","libsize",FALSE,NA,NA
"set08",0.394204266136792,0.189893779042929,0.106409778347123,1.920034890284,999,0.105,0.2904,225,1,"coherent_weak","libsize",FALSE,NA,NA
"set09",0.247803911534587,0.273807195402623,0.0947918989006071,-0.274319685222274,999,0.621,0.852,225,1,"coherent_weak","libsize",FALSE,NA,NA
"set10",0.0688990611571103,0.096286561839181,0.0877256049985947,-0.312195061892243,999,0.639,0.852,225,1,"coherent_weak","libsize",FALSE,NA,NA
"set11",0.115806269199618,0.185251244141349,0.106539584178233,-0.651823221175276,999,0.795,0.881454545454545,225,1,"coherent_weak","libsize",FALSE,NA,NA
"set12",0.397922644053947,0.246678400801172,0.100225648239204,1.50903731639437,999,0.121,0.2904,225,1,"coherent_weak","libsize",FALSE,NA,NA
"set01",0.737516915952395,0.0663464819317776,0.0484323255281802,13.8579022729375,999,0.001,0.004,225,1,"coherent_weak","pcs1",TRUE,0.11490677807118,0.00538795348815591
"set02",0.787295103464347,0.113397352374954,0.0513890537642566,13.1136438935196,999,0.001,0.004,225,1,"coherent_weak","pcs1",TRUE,0.0070403517050931,0.00466083397301009
"set03",0.827718451077749,0.217924941115827,0.0531479631888854,11.473506666563,999,0.001,0.004,225,1,"coherent_weak","pcs1",TRUE,0.260538104605025,0.0298492799103318
"set04",0.00927865951603696,0.0390800721326258,0.0434390660817149,-0.686050951475989,999,0.747,0.944727272727273,225,1,"coherent_weak","pcs1",FALSE,NA,NA
"set05",-0.0465554799236843,0.123620895905062,0.052724258628729,-3.22766749603984,999,1,1,225,1,"coherent_weak","pcs1",FALSE,NA,NA
"set06",0.131476702525695,0.186557364108884,0.052230441058212,-1.05457010255379,999,0.852,0.944727272727273,225,1,"coherent_weak","pcs1",FALSE,NA,NA
"set07",0.0944612133581485,0.0767503630422739,0.0494628831606551,0.358063444428622,999,0.366,0.757714285714286,225,1,"coherent_weak","pcs1",FALSE,NA,NA
"set08",0.0558207855361154,0.10892283795147,0.0493266043926785,-1.07653979164308,999,0.866,0.944727272727273,225,1,"coherent_weak","pcs1",FALSE,NA,NA
"set09",0.217799234085675,0.208886285308589,0.0542340352487906,0.164342349526446,999,0.425,0.757714285714286,225,1,"coherent_weak","pcs1",FALSE,NA,NA
"set10",0.0354987376934355,0.0296165331907958,0.0435917668352381,0.134938428278726,999,0.442,0.757714285714286,225,1,"coherent_weak","pcs1",FALSE,NA,NA
"set11",0.107627550142481,0.109822009273783,0.0550456967699772,-0.0398661341407304,999,0.517,0.7755,225,1,"coherent_weak","pcs1",FALSE,NA,NA
"set12",0.279833391731953,0.170101359560895,0.0603804839671476,1.8173427068051,999,0.026,0.078,225,1,"coherent_weak","pcs1",FALSE,NA,NA
"set01",0.669375123743996,-0.00438821684666667,0.0371636890414857,18.1296140928998,999,0.001,0.004,225,1,"coherent_weak","pcs3",TRUE,0.275953822659526,0.00538795348815591
"set02",0.611792819421801,0.0034343935109556,0.0400232032321482,15.2001433364081,999,0.001,0.004,225,1,"coherent_weak","pcs3",TRUE,0.642706328439342,0.00466083397301009
"set03",0.674039764398744,0.00785524625956209,0.0384489366052525,17.3264744608873,999,0.001,0.004,225,1,"coherent_weak","pcs3",TRUE,0.809372653998142,0.0298492799103318
"set04",-0.00669924936988501,-0.00978341287899498,0.0384598542837381,0.0801917627237094,999,0.472,0.5664,225,1,"coherent_weak","pcs3",FALSE,NA,NA
"set05",-0.101001185402166,0.00347967904225011,0.0416366088605545,-2.50935096069743,999,0.999,0.999,225,1,"coherent_weak","pcs3",FALSE,NA,NA
"set06",0.0238160359990212,0.016952920646061,0.0434591250824242,0.157921157868311,999,0.435,0.5664,225,1,"coherent_weak","pcs3",FALSE,NA,NA
"set07",0.0139253549001864,-0.000847888247020154,0.0343302443908645,0.430327351562281,999,0.35,0.543,225,1,"coherent_weak","pcs3",FALSE,NA,NA
"set08",-0.0473682686055143,0.00445285760308207,0.0389665164606758,-1.329888604769,999,0.924,0.999,225,1,"coherent_weak","pcs3",FALSE,NA,NA
"set09",0.0517515766528749,0.018773198593129,0.0454534094380645,0.725542450334397,999,0.248,0.543,225,1,"coherent_weak","pcs3",FALSE,NA,NA
"set10",0.00901473160187581,-0.00984245190965561,0.0353417470720982,0.533566817539106,999,0.318,0.543,225,1,"coherent_weak","pcs3",FALSE,NA,NA
"set11",0.0160671044422032,0.00174936949025673,0.0390673235268351,0.366488759899605,999,0.362,0.543,225,1,"coherent_weak","pcs3",FALSE,NA,NA
"set12",0.0579559225936709,0.0086665493601762,0.0432346026050747,1.14004455375078,999,0.152,0.456,225,1,"coherent_weak","pcs3",FALSE,NA,NA
"set01",0.578027505002808,-0.0163514006329003,0.0345312052215819,17.2128051083553,999,0.001,0.004,225,1,"coherent_weak","pcs10",TRUE,0.403856457510869,0.00538795348815591
"set02",0.268636583508712,-0.0148702214359726,0.0346746481559655,8.1761984626197,999,0.001,0.004,225,1,"coherent_weak","pcs10",TRUE,0.81041535430006,0.00466083397301009
"set03",0.290754494276901,-0.0117945791930596,0.0369236744791107,8.19390479788585,999,0.001,0.004,225,1,"coherent_weak","pcs10",TRUE,0.879046214323407,0.0298492799103318
"set04",-0.0574202819341825,-0.0187114235328162,0.0358632449325102,-1.0793462352392,999,0.867,0.945818181818182,225,1,"coherent_weak","pcs10",FALSE,NA,NA
"set05",-0.111645016340638,-0.0128049638579076,0.035942060922092,-2.74998288765287,999,1,1,225,1,"coherent_weak","pcs10",FALSE,NA,NA
"set06",-0.000893498020352319,-0.00984444896825913,0.0360572626371543,0.248242664396923,999,0.409,0.6135,225,1,"coherent_weak","pcs10",FALSE,NA,NA
"set07",0.0214003037012446,-0.0127824014452076,0.0319995749666814,1.06822372428521,999,0.144,0.312,225,1,"coherent_weak","pcs10",FALSE,NA,NA
"set08",-0.0467730838344767,-0.012791970399506,0.0360666044478723,-0.942176674382647,999,0.853,0.945818181818182,225,1,"coherent_weak","pcs10",FALSE,NA,NA
"set09",-0.00356718671483016,-0.0122585591457726,0.0370326537159889,0.234694831690927,999,0.403,0.6135,225,1,"coherent_weak","pcs10",FALSE,NA,NA
"set10",0.0178427024227397,-0.0185545012235081,0.0343096764554545,1.06084368628493,999,0.156,0.312,225,1,"coherent_weak","pcs10",FALSE,NA,NA
"set11",-0.0221351530352558,-0.0155914202658377,0.0331851353242278,-0.197188672141429,999,0.587,0.782666666666667,225,1,"coherent_weak","pcs10",FALSE,NA,NA
"set12",0.0295113038935849,-0.0152001321553596,0.0337680068609239,1.32407684685365,999,0.097,0.291,225,1,"coherent_weak","pcs10",FALSE,NA,NA
"set01",0.874949098241767,0.211295724478747,0.127994774649708,5.18500365018247,999,0.001,0.004,225,1,"coherent_strong","none",TRUE,0,0.00114411542283221
"set02",0.860751537244492,0.271363929035657,0.112076677420667,5.25878908772997,999,0.001,0.004,225,1,"coherent_strong","none",TRUE,0,0.0102566451915779
"set03",0.905628489978158,0.385175229441095,0.0789499128893879,6.59219550078846,999,0.001,0.004,225,1,"coherent_strong","none",TRUE,1.11022302462516e-16,0.142678474363182
"set04",0.100622774221382,0.163485214536752,0.106667196755181,-0.58933244922195,999,0.767,0.836727272727273,225,1,"coherent_strong","none",FALSE,NA,NA
"set05",0.442563867440979,0.250636890606748,0.112997538211547,1.69850582474565,999,0.098,0.2352,225,1,"coherent_strong","none",FALSE,NA,NA
"set06",0.429548809053287,0.314205301722953,0.105532716854691,1.09296444522651,999,0.178,0.320571428571429,225,1,"coherent_strong","none",FALSE,NA,NA
"set07",0.382946529163109,0.231780900725661,0.126938854453467,1.19085388857721,999,0.187,0.320571428571429,225,1,"coherent_strong","none",FALSE,NA,NA
"set08",0.525519627434443,0.231504530966476,0.10213134517854,2.87879392907229,999,0.031,0.093,225,1,"coherent_strong","none",FALSE,NA,NA
"set09",0.336580670807622,0.318924656831713,0.0949006981298508,0.186047250693052,999,0.435,0.522,225,1,"coherent_strong","none",FALSE,NA,NA
"set10",0.057121420755954,0.136367445511017,0.103018905150871,-0.769237691266547,999,0.851,0.851,225,1,"coherent_strong","none",FALSE,NA,NA
"set11",0.264754998726186,0.231689559327933,0.107349478990675,0.308016766444904,999,0.388,0.517333333333333,225,1,"coherent_strong","none",FALSE,NA,NA
"set12",0.362584377884364,0.294072529105437,0.0977290953424724,0.701038401499988,999,0.266,0.399,225,1,"coherent_strong","none",FALSE,NA,NA
"set01",0.872869585540802,0.188282364858751,0.115385623530842,5.93303740737741,999,0.001,0.004,225,1,"coherent_strong","libsize",TRUE,0.00114411542283221,0.00114411542283221
"set02",0.859639085246888,0.248251858544681,0.100981119629051,6.05447066687423,999,0.001,0.004,225,1,"coherent_strong","libsize",TRUE,0.0102566451915779,0.0102566451915779
"set03",0.799307897278769,0.332764585957612,0.0709590228814775,6.57482716610152,999,0.001,0.004,225,1,"coherent_strong","libsize",TRUE,0.142678474363182,0.142678474363182
"set04",0.0679838488593408,0.151870842608742,0.100512686936644,-0.834591097960375,999,0.859,0.9,225,1,"coherent_strong","libsize",FALSE,NA,NA
"set05",0.373556349264795,0.228895947862982,0.0993680296618398,1.45580426515558,999,0.138,0.3312,225,1,"coherent_strong","libsize",FALSE,NA,NA
"set06",0.367224617451666,0.291437205048598,0.0870332508234909,0.870786873821009,999,0.226,0.366,225,1,"coherent_strong","libsize",FALSE,NA,NA
"set07",0.335428990689664,0.204671279940836,0.119993834964645,1.08970357341571,999,0.213,0.366,225,1,"coherent_strong","libsize",FALSE,NA,NA
"set08",0.458720931535334,0.210125106190182,0.0915483221131122,2.71546020295163,999,0.048,0.144,225,1,"coherent_strong","libsize",FALSE,NA,NA
"set09",0.334551256614537,0.293858837323595,0.084099677931272,0.483859395088255,999,0.324,0.432,225,1,"coherent_strong","libsize",FALSE,NA,NA
"set10",0.0469913519337975,0.13393120640599,0.0977627766431922,-0.889294038665654,999,0.9,0.9,225,1,"coherent_strong","libsize",FALSE,NA,NA
"set11",0.254580364893823,0.210255405100853,0.0986766234685104,0.44919412759513,999,0.361,0.4332,225,1,"coherent_strong","libsize",FALSE,NA,NA
"set12",0.34771280231949,0.276174067741133,0.0853869496922163,0.837818130712284,999,0.244,0.366,225,1,"coherent_strong","libsize",FALSE,NA,NA
"set01",0.865537189386128,0.0968782696923797,0.0505701219878743,15.1998628731419,999,0.001,0.004,225,1,"coherent_strong","pcs1",TRUE,0.131394961757636,0.00114411542283221
"set02",0.858591133202441,0.174394250008938,0.0570759344546177,11.9874845629995,999,0.001,0.004,225,1,"coherent_strong","pcs1",TRUE,0.0144701753616489,0.0102566451915779
"set03",0.828760282231265,0.289892419677841,0.0455554909007172,11.8288235270656,999,0.001,0.004,225,1,"coherent_strong","pcs1",TRUE,0.375725896462559,0.142678474363182
"set04",0.0773807091676187,0.0800230288760215,0.0508152911234862,-0.0519985156039296,999,0.514,0.560727272727273,225,1,"coherent_strong","pcs1",FALSE,NA,NA
"set05",0.213180292636544,0.153907352519313,0.0562878924476313,1.05303178960515,999,0.142,0.189333333333333,225,1,"coherent_strong","pcs1",FALSE,NA,NA
"set06",0.327464582264559,0.225223112408385,0.056861397976485,1.79808224023011,999,0.027,0.081,225,1,"coherent_strong","pcs1",FALSE,NA,NA
"set07",0.189549245227368,0.11275567301428,0.0567619395677376,1.35290606342733,999,0.095,0.1425,225,1,"coherent_strong","pcs1",FALSE,NA,NA
"set08",0.234729205416136,0.14315870259714,0.0574982736286216,1.59257829914068,999,0.043,0.0942857142857143,225,1,"coherent_strong","pcs1",FALSE,NA,NA
"set09",0.33202992261567,0.241923138416153,0.0559677322739184,1.60997740195217,999,0.055,0.0942857142857143,225,1,"coherent_strong","pcs1",FALSE,NA,NA
"set10",0.0297718477747374,0.0613803261695753,0.044425084038954,-0.711500700080209,999,0.771,0.771,225,1,"coherent_strong","pcs1",FALSE,NA,NA
"set11",0.235753722825286,0.142634439889903,0.0557125030352621,1.67142522525769,999,0.053,0.0942857142857143,225,1,"coherent_strong","pcs1",FALSE,NA,NA
"set12",0.282203494913304,0.227226204229121,0.0542153291741804,1.01405435550442,999,0.169,0.2028,225,1,"coherent_strong","pcs1",FALSE,NA,NA
"set01",0.796371816238008,0.0507280457643953,0.0451526949311085,16.5138265082799,999,0.001,0.004,225,1,"coherent_strong","pcs3",TRUE,0.54009296230062,0.00114411542283221
"set02",0.723860736726145,0.0963598825608646,0.0480221951143153,13.0668923540778,999,0.001,0.004,225,1,"coherent_strong","pcs3",TRUE,0.927707347410871,0.0102566451915779
"set03",0.813909175264908,0.169716659307404,0.0495890538028667,12.9906192305743,999,0.001,0.004,225,1,"coherent_strong","pcs3",TRUE,0.972819963659197,0.142678474363182
"set04",0.0267312017392067,0.0344767304014118,0.0444510912252739,-0.174248335613439,999,0.549,0.732,225,1,"coherent_strong","pcs3",FALSE,NA,NA
"set05",0.0719935393082803,0.0962982587931303,0.0520884345686254,-0.466604913089279,999,0.691,0.753818181818182,225,1,"coherent_strong","pcs3",FALSE,NA,NA
"set06",0.182128742725207,0.161451363514554,0.0523042682137351,0.395328716313514,999,0.353,0.5295,225,1,"coherent_strong","pcs3",FALSE,NA,NA
"set07",0.127508024402018,0.0587568266448412,0.0468665222233175,1.46695753163803,999,0.101,0.232,225,1,"coherent_strong","pcs3",FALSE,NA,NA
"set08",0.159297152423693,0.0835832720700894,0.0494081308378442,1.53241741935338,999,0.087,0.232,225,1,"coherent_strong","pcs3",FALSE,NA,NA
"set09",0.236084006177093,0.181463479698153,0.0521770120379127,1.04683124513247,999,0.146,0.250285714285714,225,1,"coherent_strong","pcs3",FALSE,NA,NA
"set10",-0.0401374805947855,0.0206552565542921,0.043032704872863,-1.41271010801402,999,0.92,0.92,225,1,"coherent_strong","pcs3",FALSE,NA,NA
"set11",0.150366353643488,0.0853566575808283,0.0469597749670533,1.38436983797878,999,0.116,0.232,225,1,"coherent_strong","pcs3",FALSE,NA,NA
"set12",0.145963387652743,0.170530871157262,0.0504188708432407,-0.487267626062132,999,0.673,0.753818181818182,225,1,"coherent_strong","pcs3",FALSE,NA,NA
"set01",0.0209129965296662,-0.0263295848807367,0.0338671462444732,1.39493835912179,999,0.086,0.516,225,1,"coherent_strong","pcs10",TRUE,0.942145869974663,0.00114411542283221
"set02",0.0363348827430099,-0.0234633383550184,0.0335596048879339,1.78185116593933,999,0.047,0.516,225,1,"coherent_strong","pcs10",TRUE,0.974597447848912,0.0102566451915779
"set03",-0.0164241735761841,-0.024716215814721,0.0312808421712609,0.26508372738619,999,0.396,0.585333333333333,225,1,"coherent_strong","pcs10",TRUE,0.987355886017448,0.142678474363182
"set04",-0.00978591461156531,-0.0242365207816072,0.0331316951133054,0.436156560074063,999,0.337,0.585333333333333,225,1,"coherent_strong","pcs10",FALSE,NA,NA
"set05",-0.0224456962651399,-0.027186755218962,0.0335562950943461,0.141286722520834,999,0.439,0.585333333333333,225,1,"coherent_strong","pcs10",FALSE,NA,NA
"set06",-0.0384651984067934,-0.0257082858066074,0.0353677619551647,-0.360693238558826,999,0.648,0.648,225,1,"coherent_strong","pcs10",FALSE,NA,NA
"set07",0.0131907732885893,-0.0258325309053945,0.03276972559779,1.19083402384716,999,0.144,0.576,225,1,"coherent_strong","pcs10",FALSE,NA,NA
"set08",-0.0215864831718766,-0.0267205370200798,0.0314974667734562,0.162998944808152,999,0.436,0.585333333333333,225,1,"coherent_strong","pcs10",FALSE,NA,NA
"set09",0.00675997745081677,-0.0242623252802154,0.0350537724845134,0.884991843452449,999,0.203,0.585333333333333,225,1,"coherent_strong","pcs10",FALSE,NA,NA
"set10",-0.0367598133325466,-0.0230452001889073,0.035826167582821,-0.38280994225616,999,0.648,0.648,225,1,"coherent_strong","pcs10",FALSE,NA,NA
"set11",-0.0360144443015464,-0.0270016878051313,0.0357317886708897,-0.25223356657087,999,0.607,0.648,225,1,"coherent_strong","pcs10",FALSE,NA,NA
"set12",-0.0102462639410728,-0.0232493396569616,0.0339896309883822,0.382560073109746,999,0.347,0.585333333333333,225,1,"coherent_strong","pcs10",FALSE,NA,NA
"set01",0.776975896168865,0.186483818951954,0.133762874164056,4.4144691186337,999,0.001,0.004,225,2,"coherent_weak","none",TRUE,0,0.000127458753882981
"set02",0.818142519512221,0.210185842430565,0.106781624525479,5.6934578377443,999,0.001,0.004,225,2,"coherent_weak","none",TRUE,-2.22044604925031e-16,0.000970815888627463
"set03",0.853245048875863,0.265700691577513,0.0893321859737094,6.57707354739159,999,0.001,0.004,225,2,"coherent_weak","none",TRUE,1.11022302462516e-16,0.0219262709055518
"set04",0.420929749089822,0.164803394243678,0.121204353244031,2.1131778520402,999,0.085,0.255,225,2,"coherent_weak","none",FALSE,NA,NA
"set05",0.16775684187897,0.23040299471134,0.110863620590398,-0.565074029683955,999,0.756,0.756,225,2,"coherent_weak","none",FALSE,NA,NA
"set06",0.231023509588228,0.259303806788204,0.100347437581737,-0.281823810168948,999,0.613,0.7356,225,2,"coherent_weak","none",FALSE,NA,NA
"set07",0.131238510866126,0.135619847184858,0.109278609896788,-0.0400932654878247,999,0.52,0.7356,225,2,"coherent_weak","none",FALSE,NA,NA
"set08",0.131924772768071,0.179467257444711,0.098128648818455,-0.484491381967329,999,0.7,0.756,225,2,"coherent_weak","none",FALSE,NA,NA
"set09",0.259857625766892,0.281408320458901,0.101885228848628,-0.211519323610948,999,0.575,0.7356,225,2,"coherent_weak","none",FALSE,NA,NA
"set10",0.15629132203872,0.185475142415092,0.131656405526459,-0.221666543755878,999,0.599,0.7356,225,2,"coherent_weak","none",FALSE,NA,NA
"set11",0.300448978042532,0.232270065086493,0.115361432679041,0.59100265463699,999,0.31,0.7356,225,2,"coherent_weak","none",FALSE,NA,NA
"set12",0.294357980963337,0.279355884885028,0.0975459555425663,0.153795162442817,999,0.435,0.7356,225,2,"coherent_weak","none",FALSE,NA,NA
"set01",0.777847968399939,0.179222971529587,0.130484608088307,4.5877058270752,999,0.001,0.004,225,2,"coherent_weak","libsize",TRUE,0.000127458753882981,0.000127458753882981
"set02",0.813635922013633,0.213466677954445,0.107789583694837,5.56797070260821,999,0.001,0.004,225,2,"coherent_weak","libsize",TRUE,0.000970815888627463,0.000970815888627463
"set03",0.857861256316851,0.271283339237344,0.0864134425884182,6.78804014177911,999,0.001,0.004,225,2,"coherent_weak","libsize",TRUE,0.0219262709055518,0.0219262709055518
"set04",0.406039872560123,0.167628091818179,0.120940617097121,1.97131275219548,999,0.099,0.297,225,2,"coherent_weak","libsize",FALSE,NA,NA
"set05",0.180849212613015,0.233298505203006,0.109592822311368,-0.478583282041734,999,0.689,0.751636363636364,225,2,"coherent_weak","libsize",FALSE,NA,NA
"set06",0.230494268178095,0.272615889769818,0.0948926595606367,-0.443887038120233,999,0.664,0.751636363636364,225,2,"coherent_weak","libsize",FALSE,NA,NA
"set07",0.120444757836912,0.140241055177988,0.105811198760602,-0.187090757622591,999,0.584,0.751636363636364,225,2,"coherent_weak","libsize",FALSE,NA,NA
"set08",0.121144468165699,0.187797378911287,0.0976457108872289,-0.682599472521281,999,0.793,0.793,225,2,"coherent_weak","libsize",FALSE,NA,NA
"set09",0.293877647772445,0.286774592529421,0.0957534000795042,0.0741807104199515,999,0.466,0.751636363636364,225,2,"coherent_weak","libsize",FALSE,NA,NA
"set10",0.151579499489552,0.184593646532406,0.129255018402927,-0.255418686645799,999,0.61,0.751636363636364,225,2,"coherent_weak","libsize",FALSE,NA,NA
"set11",0.282212224883751,0.224788451163515,0.111276696185308,0.516044919455625,999,0.347,0.751636363636364,225,2,"coherent_weak","libsize",FALSE,NA,NA
"set12",0.270166377434137,0.284592097117423,0.0929731089832323,-0.155160130074683,999,0.581,0.751636363636364,225,2,"coherent_weak","libsize",FALSE,NA,NA
"set01",0.742943394080089,0.0750019705133404,0.0497532863106374,13.4250714494801,999,0.001,0.004,225,2,"coherent_weak","pcs1",TRUE,0.118325926471142,0.000127458753882981
"set02",0.810376573801689,0.119512244845036,0.0480599369193518,14.375056923524,999,0.001,0.004,225,2,"coherent_weak","pcs1",TRUE,0.00338133175681654,0.000970815888627463
"set03",0.808402068913292,0.208148664769918,0.0529207835483293,11.3424889787431,999,0.001,0.004,225,2,"coherent_weak","pcs1",TRUE,0.277748916832731,0.0219262709055518
"set04",0.0964397522576498,0.0710743098526149,0.0503399318467391,0.503883129644682,999,0.307,0.526285714285714,225,2,"coherent_weak","pcs1",FALSE,NA,NA
"set05",0.0166261056377294,0.145927462949059,0.0552086020350989,-2.34205092222995,999,0.996,0.996,225,2,"coherent_weak","pcs1",FALSE,NA,NA
"set06",0.221170716868281,0.201027215669684,0.050710821866562,0.397222929093949,999,0.361,0.5415,225,2,"coherent_weak","pcs1",FALSE,NA,NA
"set07",0.102468357774796,0.0557564621903888,0.04820805711038,0.968964492334825,999,0.171,0.342,225,2,"coherent_weak","pcs1",FALSE,NA,NA
"set08",0.0651675752153725,0.112501658085713,0.0479802052238139,-0.986533564196755,999,0.838,0.996,225,2,"coherent_weak","pcs1",FALSE,NA,NA
"set09",0.272522456319965,0.218811191912197,0.0533312193710242,1.00712612689578,999,0.149,0.342,225,2,"coherent_weak","pcs1",FALSE,NA,NA
"set10",0.0110965145893208,0.0824019157142194,0.048007016066822,-1.4853120849179,999,0.942,0.996,225,2,"coherent_weak","pcs1",FALSE,NA,NA
"set11",0.0634020781194191,0.140396459997008,0.0533697831815081,-1.44265869725824,999,0.931,0.996,225,2,"coherent_weak","pcs1",FALSE,NA,NA
"set12",0.269314740941962,0.222424137875727,0.0510633733430839,0.918282518297157,999,0.171,0.342,225,2,"coherent_weak","pcs1",FALSE,NA,NA
"set01",0.681761076169334,-0.00438374688133063,0.0394346688826208,17.399533012259,999,0.001,0.004,225,2,"coherent_weak","pcs3",TRUE,0.278771209895985,0.000127458753882981
"set02",0.625738372049632,0.00480459284051413,0.0410691084711443,15.119241744568,999,0.001,0.004,225,2,"coherent_weak","pcs3",TRUE,0.614212651984954,0.000970815888627463
"set03",0.595816607977998,0.00824594521689425,0.0434671541617241,13.5175783667591,999,0.001,0.004,225,2,"coherent_weak","pcs3",TRUE,0.805058826599715,0.0219262709055518
"set04",-0.0104865448958969,-0.00207487181821764,0.0382035451426502,-0.22018043211096,999,0.584,0.919,225,2,"coherent_weak","pcs3",FALSE,NA,NA
"set05",-0.0425777123594409,0.00492742139602405,0.0402917766340059,-1.17902802318653,999,0.892,0.919,225,2,"coherent_weak","pcs3",FALSE,NA,NA
"set06",0.0485868600635206,0.0183127020574792,0.0431629375280133,0.70139243851031,999,0.23,0.552,225,2,"coherent_weak","pcs3",FALSE,NA,NA
"set07",0.0050754237438275,-0.00739739174033791,0.0344136309232053,0.362438230130344,999,0.372,0.744,225,2,"coherent_weak","pcs3",FALSE,NA,NA
"set08",-0.0369992437024031,0.000480930904161778,0.0387151250480987,-0.96810160266822,999,0.845,0.919,225,2,"coherent_weak","pcs3",FALSE,NA,NA
"set09",0.0584437545500462,0.0146550263752535,0.0413860984159416,1.05805402902936,999,0.144,0.432,225,2,"coherent_weak","pcs3",FALSE,NA,NA
"set10",-0.053197111189152,-0.00424368852153913,0.0377281613262255,-1.29753003981099,999,0.919,0.919,225,2,"coherent_weak","pcs3",FALSE,NA,NA
"set11",-0.0281572975902962,-0.00220917746833142,0.0403364100825809,-0.64329274887976,999,0.746,0.919,225,2,"coherent_weak","pcs3",FALSE,NA,NA
"set12",0.00453927429972826,0.0161753771905653,0.0409077838607323,-0.284447158771822,999,0.618,0.919,225,2,"coherent_weak","pcs3",FALSE,NA,NA
"set01",0.528136278736345,-0.0172851498183572,0.0355550355022749,15.3402020515436,999,0.001,0.004,225,2,"coherent_weak","pcs10",TRUE,0.432015107691515,0.000127458753882981
"set02",0.189336127241293,-0.0163302609999047,0.0344261095213114,5.97413971839833,999,0.001,0.004,225,2,"coherent_weak","pcs10",TRUE,0.813554231352808,0.000970815888627463
"set03",0.189670826849053,-0.0148198101672765,0.0357836273889373,5.71464247583656,999,0.001,0.004,225,2,"coherent_weak","pcs10",TRUE,0.857343679764847,0.0219262709055518
"set04",-0.0110687725975459,-0.0188483013896496,0.0355051305599751,0.219109989722824,999,0.414,0.742285714285714,225,2,"coherent_weak","pcs10",FALSE,NA,NA
"set05",-0.0550642596642557,-0.015687198415191,0.0344739148154598,-1.14222772376887,999,0.881,0.961090909090909,225,2,"coherent_weak","pcs10",FALSE,NA,NA
"set06",-0.00693304228090413,-0.0135284159653818,0.0339057027933254,0.194521072890902,999,0.429,0.742285714285714,225,2,"coherent_weak","pcs10",FALSE,NA,NA
"set07",-0.0134009911938505,-0.0182297313623904,0.0333449365129907,0.144811796737376,999,0.433,0.742285714285714,225,2,"coherent_weak","pcs10",FALSE,NA,NA
"set08",-0.0552301172784672,-0.0166367078657119,0.0340399502666395,-1.13376809044807,999,0.876,0.961090909090909,225,2,"coherent_weak","pcs10",FALSE,NA,NA
"set09",0.0492816858079963,-0.0164072149593509,0.0338476790254024,1.94072097877223,999,0.031,0.093,225,2,"coherent_weak","pcs10",FALSE,NA,NA
"set10",-0.0925391388931721,-0.0165728989383585,0.0333523862658739,-2.27768530111268,999,0.983,0.983,225,2,"coherent_weak","pcs10",FALSE,NA,NA
"set11",-0.0441760115801979,-0.0172596965416158,0.0360989254877702,-0.745626488181785,999,0.767,0.961090909090909,225,2,"coherent_weak","pcs10",FALSE,NA,NA
"set12",-0.0206377130428923,-0.01260407062992,0.0341322622114292,-0.235368003538956,999,0.59,0.885,225,2,"coherent_weak","pcs10",FALSE,NA,NA
"set01",0.8643397717857,0.2265543060071,0.123740580651076,5.15421426360549,999,0.001,0.004,225,2,"coherent_strong","none",TRUE,0,0.00103370539820202
"set02",0.86539290638233,0.299857209804247,0.111281993307721,5.08200545091102,999,0.001,0.004,225,2,"coherent_strong","none",TRUE,-2.22044604925031e-16,0.0238750420061387
"set03",0.910922200287399,0.408715895622743,0.0660132258413722,7.60766192325524,999,0.001,0.004,225,2,"coherent_strong","none",TRUE,1.11022302462516e-16,0.132381707002774
"set04",0.461645266851071,0.206739132652621,0.123787859709541,2.05921755813995,999,0.085,0.204,225,2,"coherent_strong","none",FALSE,NA,NA
"set05",0.394180850153598,0.293764354779283,0.117294743972312,0.856103964880295,999,0.222,0.444,225,2,"coherent_strong","none",FALSE,NA,NA
"set06",0.361842849529752,0.352071855773155,0.0844713229215835,0.115672318351971,999,0.458,0.5616,225,2,"coherent_strong","none",FALSE,NA,NA
"set07",0.0843638630464879,0.185634287012458,0.11012648420045,-0.919582829700069,999,0.882,0.882,225,2,"coherent_strong","none",FALSE,NA,NA
"set08",0.257398107848383,0.248583987490742,0.107316773996271,0.0821318050237657,999,0.468,0.5616,225,2,"coherent_strong","none",FALSE,NA,NA
"set09",0.317903938951738,0.36284248345897,0.0986010576493646,-0.455761282673443,999,0.701,0.764727272727273,225,2,"coherent_strong","none",FALSE,NA,NA
"set10",0.261983152560974,0.249298420639513,0.117831321822894,0.107651613554216,999,0.46,0.5616,225,2,"coherent_strong","none",FALSE,NA,NA
"set11",0.548723809408047,0.305467207482352,0.11233820827619,2.16539506601027,999,0.037,0.111,225,2,"coherent_strong","none",FALSE,NA,NA
"set12",0.381057645780019,0.36414134285264,0.0954490223403038,0.177228666282906,999,0.428,0.5616,225,2,"coherent_strong","none",FALSE,NA,NA
"set01",0.864161904880057,0.192916328329971,0.12119155892846,5.53871558782677,999,0.001,0.004,225,2,"coherent_strong","libsize",TRUE,0.00103370539820202,0.00103370539820202
"set02",0.856917575983749,0.243057744662603,0.107660247601107,5.7018244430903,999,0.001,0.004,225,2,"coherent_strong","libsize",TRUE,0.0238750420061387,0.0238750420061387
"set03",0.824962348994684,0.323761270034239,0.0616715996529706,8.12693495516138,999,0.001,0.004,225,2,"coherent_strong","libsize",TRUE,0.132381707002774,0.132381707002774
"set04",0.438628592986306,0.179699670722369,0.1159897204978,2.23234370384441,999,0.091,0.2496,225,2,"coherent_strong","libsize",FALSE,NA,NA
"set05",0.344433461858881,0.237920141090479,0.105180102919394,1.01267557087323,999,0.22,0.44,225,2,"coherent_strong","libsize",FALSE,NA,NA
"set06",0.2580810356246,0.292094250219397,0.0787464324515778,-0.431933403658787,999,0.682,0.8184,225,2,"coherent_strong","libsize",FALSE,NA,NA
"set07",0.0433625520353681,0.160592518183607,0.105571470445003,-1.11043225649973,999,0.955,0.955,225,2,"coherent_strong","libsize",FALSE,NA,NA
"set08",0.192836866972412,0.213689174595277,0.0946070253806072,-0.220409716286666,999,0.604,0.805333333333333,225,2,"coherent_strong","libsize",FALSE,NA,NA
"set09",0.217744384951554,0.303077479865519,0.0835264905536445,-1.02162911847902,999,0.895,0.955,225,2,"coherent_strong","libsize",FALSE,NA,NA
"set10",0.205587530059929,0.20804090057431,0.11274306045153,-0.0217607230507622,999,0.51,0.795,225,2,"coherent_strong","libsize",FALSE,NA,NA
"set11",0.449672404007896,0.248353401395648,0.107714867618804,1.8689992111832,999,0.104,0.2496,225,2,"coherent_strong","libsize",FALSE,NA,NA
"set12",0.289715485974649,0.294897295662747,0.0797650220718114,-0.0649634332631789,999,0.53,0.795,225,2,"coherent_strong","libsize",FALSE,NA,NA
"set01",0.85182651721572,0.106723522404283,0.0527887367273551,14.1148101092051,999,0.001,0.004,225,2,"coherent_strong","pcs1",TRUE,0.141002019519168,0.00103370539820202
"set02",0.856733504570834,0.166204631848841,0.0573882330229945,12.0325864092263,999,0.001,0.004,225,2,"coherent_strong","pcs1",TRUE,0.025801795555869,0.0238750420061387
"set03",0.809249498354495,0.278617997235391,0.0455902966489445,11.6391324497203,999,0.001,0.004,225,2,"coherent_strong","pcs1",TRUE,0.411337795075278,0.132381707002774
"set04",0.216498473293186,0.0937263558252767,0.0491760247843224,2.49658482983053,999,0.025,0.075,225,2,"coherent_strong","pcs1",FALSE,NA,NA
"set05",0.210195638538291,0.169786566537232,0.0502698275512168,0.80384345778567,999,0.23,0.394285714285714,225,2,"coherent_strong","pcs1",FALSE,NA,NA
"set06",0.257075740196906,0.23935565673262,0.0529060361743073,0.334935004503153,999,0.37,0.555,225,2,"coherent_strong","pcs1",FALSE,NA,NA
"set07",0.0174313589749597,0.0848145311016821,0.0492896862177417,-1.36708462352653,999,0.914,0.914,225,2,"coherent_strong","pcs1",FALSE,NA,NA
"set08",0.147362058363414,0.138425540431313,0.0554334328128256,0.161211699846842,999,0.451,0.601333333333333,225,2,"coherent_strong","pcs1",FALSE,NA,NA
"set09",0.227703876855922,0.24076977876329,0.0507051182385469,-0.25768408321025,999,0.598,0.7176,225,2,"coherent_strong","pcs1",FALSE,NA,NA
"set10",0.0588688567356443,0.117388894101506,0.0516534148818113,-1.13293646702279,999,0.867,0.914,225,2,"coherent_strong","pcs1",FALSE,NA,NA
"set11",0.232940418161791,0.174128251293657,0.0535917217060905,1.09741140974484,999,0.152,0.3648,225,2,"coherent_strong","pcs1",FALSE,NA,NA
"set12",0.291072357021497,0.244945610383525,0.0521786026572864,0.884016518053142,999,0.194,0.388,225,2,"coherent_strong","pcs1",FALSE,NA,NA
"set01",0.776556373301554,0.0572528323638815,0.0446465356109914,16.1110718019651,999,0.001,0.004,225,2,"coherent_strong","pcs3",TRUE,0.513790725230058,0.00103370539820202
"set02",0.722753034264215,0.108530895647648,0.0508959639179256,12.0681895249505,999,0.001,0.004,225,2,"coherent_strong","pcs3",TRUE,0.9351811084003,0.0238750420061387
"set03",0.780963705815306,0.157411961284589,0.0489098160858933,12.7490102075964,999,0.001,0.004,225,2,"coherent_strong","pcs3",TRUE,0.964168094838053,0.132381707002774
"set04",0.147321179216028,0.046262737137172,0.0458755206367442,2.20288381856342,999,0.034,0.102,225,2,"coherent_strong","pcs3",FALSE,NA,NA
"set05",0.0378093354962048,0.104807661920768,0.0491967835505245,-1.36184363263823,999,0.914,0.968,225,2,"coherent_strong","pcs3",FALSE,NA,NA
"set06",0.111145298614417,0.154712869099776,0.0485427452185643,-0.897509407207922,999,0.828,0.968,225,2,"coherent_strong","pcs3",FALSE,NA,NA
"set07",-0.0394188565206699,0.0325979522891101,0.0456298760839674,-1.57828192820984,999,0.968,0.968,225,2,"coherent_strong","pcs3",FALSE,NA,NA
"set08",0.0633896372475258,0.0783667168479461,0.0496617191272626,-0.301581980318486,999,0.638,0.968,225,2,"coherent_strong","pcs3",FALSE,NA,NA
"set09",0.107339804274445,0.17112099695484,0.0515501061827637,-1.2372659806804,999,0.907,0.968,225,2,"coherent_strong","pcs3",FALSE,NA,NA
"set10",0.0340885451945605,0.0612879739501545,0.0485627532209325,-0.560088276540918,999,0.71,0.968,225,2,"coherent_strong","pcs3",FALSE,NA,NA
"set11",0.147416267651878,0.104387080913813,0.0496976863420213,0.865818711195857,999,0.194,0.4656,225,2,"coherent_strong","pcs3",FALSE,NA,NA
"set12",0.120834570571571,0.183700567270054,0.0489059862169527,-1.28544584336981,999,0.89,0.968,225,2,"coherent_strong","pcs3",FALSE,NA,NA
"set01",-0.0120855642396912,-0.022759009800392,0.0359473464156933,0.296918872321579,999,0.393,0.629333333333333,225,2,"coherent_strong","pcs10",TRUE,0.951473198399451,0.00103370539820202
"set02",0.00377278362442683,-0.0255992619806414,0.0345097286465616,0.851123632581642,999,0.203,0.609,225,2,"coherent_strong","pcs10",TRUE,0.971917067522517,0.0238750420061387
"set03",0.0309055533519836,-0.0182329872882001,0.0346945490388678,1.41631875904006,999,0.073,0.438,225,2,"coherent_strong","pcs10",TRUE,0.984931515217379,0.132381707002774
"set04",-0.0140965961857732,-0.02271794261865,0.0344844788765977,0.250006574370114,999,0.397,0.629333333333333,225,2,"coherent_strong","pcs10",FALSE,NA,NA
"set05",-0.0122349040225024,-0.0230752141300757,0.0357293914305407,0.303400356780421,999,0.398,0.629333333333333,225,2,"coherent_strong","pcs10",FALSE,NA,NA
"set06",0.00831876607220951,-0.0253205495154751,0.0359553182481696,0.93558664549985,999,0.189,0.609,225,2,"coherent_strong","pcs10",FALSE,NA,NA
"set07",-0.0305924084323939,-0.0210586866779223,0.0325030164786238,-0.293318060517295,999,0.612,0.692727272727273,225,2,"coherent_strong","pcs10",FALSE,NA,NA
"set08",-0.0453787821962466,-0.0259735836423427,0.0336061879592778,-0.57742932871226,999,0.742,0.742,225,2,"coherent_strong","pcs10",FALSE,NA,NA
"set09",-0.0315581627354634,-0.0201984645742974,0.0344212467237944,-0.330019951116803,999,0.635,0.692727272727273,225,2,"coherent_strong","pcs10",FALSE,NA,NA
"set10",-0.0230667375289038,-0.0263670734042914,0.0361603487530976,0.0912694702676186,999,0.472,0.629333333333333,225,2,"coherent_strong","pcs10",FALSE,NA,NA
"set11",0.0409327475616176,-0.0254959163060066,0.0336790649126551,1.97240226353978,999,0.036,0.432,225,2,"coherent_strong","pcs10",FALSE,NA,NA
"set12",-0.0198515496506041,-0.0238820549349493,0.0349895337591775,0.115191740252555,999,0.463,0.629333333333333,225,2,"coherent_strong","pcs10",FALSE,NA,NA
"set01",0.810443477526315,0.157353933293476,0.118519482027552,5.51039823208993,999,0.001,0.004,225,3,"coherent_weak","none",TRUE,0,0.0370133363983353
"set02",0.789739917575031,0.186749253441481,0.104199962588302,5.78686065863565,999,0.001,0.004,225,3,"coherent_weak","none",TRUE,0,0.0149968450825052
"set03",0.84978983553863,0.345613584478805,0.0942669245381574,5.34838972980119,999,0.001,0.004,225,3,"coherent_weak","none",TRUE,0,0.00203868171592614
"set04",0.283865881721881,0.130758728812975,0.119333164229525,1.28302265256639,999,0.19,0.325714285714286,225,3,"coherent_weak","none",FALSE,NA,NA
"set05",0.404596175348636,0.178343944046825,0.115320375747105,1.96194497144179,999,0.082,0.1968,225,3,"coherent_weak","none",FALSE,NA,NA
"set06",0.50902777526917,0.229137627695416,0.0942315381488099,2.97023855359076,999,0.037,0.111,225,3,"coherent_weak","none",FALSE,NA,NA
"set07",0.107426881152032,0.139278845145954,0.109908120531099,-0.289805374161671,999,0.627,0.627,225,3,"coherent_weak","none",FALSE,NA,NA
"set08",0.177839321533975,0.173244020658853,0.104390553273109,0.0440202751210573,999,0.484,0.550909090909091,225,3,"coherent_weak","none",FALSE,NA,NA
"set09",0.206518327682293,0.2073464507428,0.0961604317340636,-0.00861189000063133,999,0.505,0.550909090909091,225,3,"coherent_weak","none",FALSE,NA,NA
"set10",0.291160905316384,0.162440073587143,0.121056643940163,1.06331075717633,999,0.219,0.3285,225,3,"coherent_weak","none",FALSE,NA,NA
"set11",0.375633984607099,0.181658531683057,0.112073529277271,1.73078740515206,999,0.118,0.236,225,3,"coherent_weak","none",FALSE,NA,NA
"set12",0.339886989196604,0.279117183547789,0.101624991029752,0.597980920175669,999,0.298,0.397333333333333,225,3,"coherent_weak","none",FALSE,NA,NA
"set01",0.785634815592209,0.164521482050821,0.117535735740669,5.28446373885651,999,0.001,0.004,225,3,"coherent_weak","libsize",TRUE,0.0370133363983353,0.0370133363983353
"set02",0.772233352300355,0.200073722178193,0.10292144807128,5.55918752450807,999,0.001,0.004,225,3,"coherent_weak","libsize",TRUE,0.0149968450825052,0.0149968450825052
"set03",0.852218339713188,0.35533594770033,0.0947124620207835,5.24621978366293,999,0.001,0.004,225,3,"coherent_weak","libsize",TRUE,0.00203868171592614,0.00203868171592614
"set04",0.291844398250481,0.140088389836428,0.121034515301883,1.25382423381913,999,0.192,0.321,225,3,"coherent_weak","libsize",FALSE,NA,NA
"set05",0.411631910953883,0.195157279075752,0.111632292834715,1.9391757204042,999,0.088,0.2112,225,3,"coherent_weak","libsize",FALSE,NA,NA
"set06",0.526368695858896,0.258173927486951,0.0883266309277497,3.03639757969853,999,0.035,0.105,225,3,"coherent_weak","libsize",FALSE,NA,NA
"set07",0.115436767375345,0.147645738730773,0.110223854159341,-0.292214163631651,999,0.624,0.624,225,3,"coherent_weak","libsize",FALSE,NA,NA
"set08",0.210751706951276,0.186576141616746,0.101910977145512,0.237222387731711,999,0.408,0.4896,225,3,"coherent_weak","libsize",FALSE,NA,NA
"set09",0.241339467293998,0.241018048650309,0.0928413228320105,0.00346202137027666,999,0.5,0.545454545454545,225,3,"coherent_weak","libsize",FALSE,NA,NA
"set10",0.298375451238792,0.171008013203921,0.120292064486441,1.05881829012277,999,0.214,0.321,225,3,"coherent_weak","libsize",FALSE,NA,NA
"set11",0.39042521664017,0.195492499439511,0.111336839671893,1.75083752848671,999,0.114,0.228,225,3,"coherent_weak","libsize",FALSE,NA,NA
"set12",0.35218867734452,0.300594947479793,0.0960036808642041,0.537414080379958,999,0.324,0.432,225,3,"coherent_weak","libsize",FALSE,NA,NA
"set01",0.715107512404973,0.0708344468692696,0.0504758516312384,12.7639860391573,999,0.001,0.004,225,3,"coherent_weak","pcs1",TRUE,0.155784553818112,0.0370133363983353
"set02",0.773788397017482,0.120239886278802,0.05128026942569,12.7446387871603,999,0.001,0.004,225,3,"coherent_weak","pcs1",TRUE,0.0178802804200252,0.0149968450825052
"set03",0.82070478723798,0.2894358793565,0.0475409428318131,11.1749762675293,999,0.001,0.004,225,3,"coherent_weak","pcs1",TRUE,0.266308157958235,0.00203868171592614
"set04",0.136379989441167,0.0526958434027566,0.0475089005750159,1.7614414357216,999,0.063,0.189,225,3,"coherent_weak","pcs1",FALSE,NA,NA
"set05",-0.00424695289848959,0.109031624233653,0.0499333498279904,-2.26859558836655,999,0.995,0.995,225,3,"coherent_weak","pcs1",FALSE,NA,NA
"set06",0.249889553814539,0.196029619623548,0.0525005798651793,1.02589217736838,999,0.138,0.306,225,3,"coherent_weak","pcs1",FALSE,NA,NA
"set07",0.0773058207262002,0.0673217830480533,0.0493556453301148,0.2022876534461,999,0.403,0.4836,225,3,"coherent_weak","pcs1",FALSE,NA,NA
"set08",0.161555761614837,0.109594577354878,0.0505410415250751,1.02809880232046,999,0.153,0.306,225,3,"coherent_weak","pcs1",FALSE,NA,NA
"set09",0.216456732670074,0.168126847395315,0.0524240214984373,0.921903430781241,999,0.188,0.322285714285714,225,3,"coherent_weak","pcs1",FALSE,NA,NA
"set10",0.101980556105935,0.0742417506416617,0.0534624414577472,0.51884659038992,999,0.315,0.42,225,3,"coherent_weak","pcs1",FALSE,NA,NA
"set11",0.0781128740909043,0.111647388905107,0.0508735733399274,-0.659173567190409,999,0.752,0.820363636363636,225,3,"coherent_weak","pcs1",FALSE,NA,NA
"set12",0.256144007096228,0.229235296319395,0.054678300212614,0.492127785103045,999,0.31,0.42,225,3,"coherent_weak","pcs1",FALSE,NA,NA
"set01",0.679183821513779,-0.00597235641135617,0.0379568027627807,18.0509454973636,999,0.001,0.004,225,3,"coherent_weak","pcs3",TRUE,0.279146190561596,0.0370133363983353
"set02",0.629323603868901,0.00470613212067892,0.0367445405648383,16.9989190814902,999,0.001,0.004,225,3,"coherent_weak","pcs3",TRUE,0.599038471129876,0.0149968450825052
"set03",0.573335515896641,0.0204114477975372,0.0422032745577086,13.1014494466072,999,0.001,0.004,225,3,"coherent_weak","pcs3",TRUE,0.870332852003084,0.00203868171592614
"set04",0.00497048055930801,-0.00823025758973268,0.0386622882604376,0.341437062910442,999,0.367,0.489333333333333,225,3,"coherent_weak","pcs3",FALSE,NA,NA
"set05",-0.0862507862348485,0.00180666876100315,0.0398924226775601,-2.207372956704,999,0.994,0.994,225,3,"coherent_weak","pcs3",FALSE,NA,NA
"set06",0.103776606958343,0.00798337810268368,0.0429663038026319,2.2294966142699,999,0.018,0.054,225,3,"coherent_weak","pcs3",FALSE,NA,NA
"set07",0.0249981548769602,-0.00501353247118294,0.0390336257004094,0.768867529203887,999,0.22,0.333,225,3,"coherent_weak","pcs3",FALSE,NA,NA
"set08",0.0509858479950286,-0.00166659005797666,0.0389900743531084,1.35040619764316,999,0.084,0.2016,225,3,"coherent_weak","pcs3",FALSE,NA,NA
"set09",0.0346096374856368,0.00300148708921504,0.0407314695345149,0.776013012976067,999,0.222,0.333,225,3,"coherent_weak","pcs3",FALSE,NA,NA
"set10",-0.021835794859985,-0.00531371255186594,0.0355289818137842,-0.465031122893283,999,0.68,0.772363636363636,225,3,"coherent_weak","pcs3",FALSE,NA,NA
"set11",-0.0212590517982668,-0.000341356270515033,0.0417784895183954,-0.500680990837199,999,0.708,0.772363636363636,225,3,"coherent_weak","pcs3",FALSE,NA,NA
"set12",0.0634052522863215,0.0188273626794769,0.0409486921859969,1.08862792013877,999,0.156,0.312,225,3,"coherent_weak","pcs3",FALSE,NA,NA
"set01",0.478131589372711,-0.0180425733203737,0.035097811294314,14.1368975555882,999,0.001,0.004,225,3,"coherent_weak","pcs10",TRUE,0.467323922213569,0.0370133363983353
"set02",0.243816357628895,-0.0142166368078823,0.0332502461100858,7.76033336963806,999,0.001,0.004,225,3,"coherent_weak","pcs10",TRUE,0.756588293211931,0.0149968450825052
"set03",0.282643114003374,-0.0107829289226321,0.0361780332196256,8.11061345277419,999,0.001,0.004,225,3,"coherent_weak","pcs10",TRUE,0.883277072558821,0.00203868171592614
"set04",-0.0088670553492877,-0.0178477276365527,0.0342194067729499,0.262443833315198,999,0.401,0.6015,225,3,"coherent_weak","pcs10",FALSE,NA,NA
"set05",-0.0804129840993566,-0.0131556018357677,0.0350887229205723,-1.91678056838473,999,0.975,0.975,225,3,"coherent_weak","pcs10",FALSE,NA,NA
"set06",0.0166015213197615,-0.0132471466223573,0.0347534292850147,0.858869716059624,999,0.219,0.514,225,3,"coherent_weak","pcs10",FALSE,NA,NA
"set07",0.00456313576426788,-0.0142986776478261,0.0370511478541619,0.509075008589114,999,0.321,0.550285714285714,225,3,"coherent_weak","pcs10",FALSE,NA,NA
"set08",0.00976857154463035,-0.0142088389569223,0.0345938444555597,0.693112051548788,999,0.257,0.514,225,3,"coherent_weak","pcs10",FALSE,NA,NA
"set09",-0.0720275932346188,-0.0141197544687869,0.0362421916380318,-1.59780179256777,999,0.95,0.975,225,3,"coherent_weak","pcs10",FALSE,NA,NA
"set10",-0.0182340590996975,-0.0154476032823834,0.035257974258145,-0.0790305136906848,999,0.529,0.705333333333333,225,3,"coherent_weak","pcs10",FALSE,NA,NA
"set11",-0.0249819218786064,-0.0149057960831409,0.0365217304443877,-0.275893986206612,999,0.614,0.7368,225,3,"coherent_weak","pcs10",FALSE,NA,NA
"set12",0.0241419478359667,-0.00990521254556109,0.0360091624805012,0.945513809157992,999,0.183,0.514,225,3,"coherent_weak","pcs10",FALSE,NA,NA
"set01",0.881912303726457,0.243354164537735,0.110136147317837,5.79789791761948,999,0.001,0.004,225,3,"coherent_strong","none",TRUE,0,0.0280402196661782
"set02",0.868940344953047,0.313904291468213,0.107675854172142,5.15469375889507,999,0.001,0.004,225,3,"coherent_strong","none",TRUE,0,0.00280073914406054
"set03",0.903711421444802,0.537624137561213,0.0639060335328915,5.72852457968885,999,0.001,0.004,225,3,"coherent_strong","none",TRUE,0,0.104111313926271
"set04",0.413052815748181,0.209211602994705,0.113810927117134,1.79105133326683,999,0.101,0.202,225,3,"coherent_strong","none",FALSE,NA,NA
"set05",0.419087767635795,0.289810511462969,0.112110969160373,1.15311871033687,999,0.152,0.260571428571429,225,3,"coherent_strong","none",FALSE,NA,NA
"set06",0.639371049940163,0.368152549927618,0.086709956282864,3.12788186777283,999,0.005,0.015,225,3,"coherent_strong","none",FALSE,NA,NA
"set07",0.256709370686932,0.223152819076988,0.11476883752236,0.29238382416661,999,0.395,0.430909090909091,225,3,"coherent_strong","none",FALSE,NA,NA
"set08",0.239417900307763,0.290380388215665,0.103456531416655,-0.492598071963754,999,0.7,0.7,225,3,"coherent_strong","none",FALSE,NA,NA
"set09",0.395228141211817,0.347927715284802,0.0892022188984866,0.530260642740786,999,0.314,0.3768,225,3,"coherent_strong","none",FALSE,NA,NA
"set10",0.332275896967769,0.234049373060949,0.114855257401349,0.855220092917278,999,0.226,0.301333333333333,225,3,"coherent_strong","none",FALSE,NA,NA
"set11",0.572580545485379,0.27493727049586,0.107861120685142,2.75950475109906,999,0.015,0.036,225,3,"coherent_strong","none",FALSE,NA,NA
"set12",0.488306671366587,0.404550579157497,0.0958241683345863,0.874060204901981,999,0.179,0.2685,225,3,"coherent_strong","none",FALSE,NA,NA
"set01",0.85060134920413,0.227081218092506,0.107180512217854,5.81747668684642,999,0.001,0.004,225,3,"coherent_strong","libsize",TRUE,0.0280402196661782,0.0280402196661782
"set02",0.868888553647188,0.283365833874247,0.101019165983568,5.79615476005993,999,0.001,0.004,225,3,"coherent_strong","libsize",TRUE,0.00280073914406054,0.00280073914406054
"set03",0.825979223122218,0.456328331970179,0.063793955499104,5.79445008951092,999,0.001,0.004,225,3,"coherent_strong","libsize",TRUE,0.104111313926271,0.104111313926271
"set04",0.381339214333902,0.196785901454166,0.10492167157998,1.75896275860467,999,0.113,0.202285714285714,225,3,"coherent_strong","libsize",FALSE,NA,NA
"set05",0.423103375467972,0.264868570863586,0.0990457936869524,1.59759237332692,999,0.118,0.202285714285714,225,3,"coherent_strong","libsize",FALSE,NA,NA
"set06",0.568967930831885,0.34669102896769,0.0713612833878653,3.11481087939615,999,0.014,0.042,225,3,"coherent_strong","libsize",FALSE,NA,NA
"set07",0.210071391556032,0.20775406793541,0.105896943743267,0.021882818698146,999,0.495,0.54,225,3,"coherent_strong","libsize",FALSE,NA,NA
"set08",0.21047053108187,0.269501282072397,0.0924282825358651,-0.638665453592313,999,0.765,0.765,225,3,"coherent_strong","libsize",FALSE,NA,NA
"set09",0.388133629087567,0.336241864669083,0.0748989370210019,0.69282377671039,999,0.258,0.3192,225,3,"coherent_strong","libsize",FALSE,NA,NA
"set10",0.311596353443976,0.213878115729361,0.106058952392461,0.921357749725999,999,0.236,0.3192,225,3,"coherent_strong","libsize",FALSE,NA,NA
"set11",0.532287299419737,0.2594534618304,0.0947066141365299,2.88083192580423,999,0.025,0.06,225,3,"coherent_strong","libsize",FALSE,NA,NA
"set12",0.420163973213772,0.365797753358515,0.0800725454107141,0.678962053427895,999,0.266,0.3192,225,3,"coherent_strong","libsize",FALSE,NA,NA
"set01",0.85041498259997,0.139788489836709,0.0609846395363534,11.6525488740431,999,0.001,0.004,225,3,"coherent_strong","pcs1",TRUE,0.154465626933004,0.0280402196661782
"set02",0.870150366358767,0.213948173522398,0.0636857891856016,10.3037459569509,999,0.001,0.004,225,3,"coherent_strong","pcs1",TRUE,0.00413099272052952,0.00280073914406054
"set03",0.817237249507684,0.40379938413996,0.038218050104143,10.8178691545256,999,0.001,0.004,225,3,"coherent_strong","pcs1",TRUE,0.384654109243048,0.104111313926271
"set04",0.167009452716482,0.119567723901174,0.0581491407084826,0.815862938596913,999,0.221,0.2736,225,3,"coherent_strong","pcs1",FALSE,NA,NA
"set05",0.25488708629629,0.185509932995423,0.0670598299646023,1.03455605744137,999,0.147,0.252,225,3,"coherent_strong","pcs1",FALSE,NA,NA
"set06",0.353953823729259,0.290551933939597,0.0615714860079787,1.0297281079337,999,0.168,0.252,225,3,"coherent_strong","pcs1",FALSE,NA,NA
"set07",0.165525128055749,0.128021959611209,0.0556165567692957,0.674316617623544,999,0.228,0.2736,225,3,"coherent_strong","pcs1",FALSE,NA,NA
"set08",0.157411183574782,0.196598636540051,0.0649037619400948,-0.603777836505673,999,0.729,0.729,225,3,"coherent_strong","pcs1",FALSE,NA,NA
"set09",0.298046808667567,0.281715086910172,0.0614603561113558,0.26572774371505,999,0.396,0.432,225,3,"coherent_strong","pcs1",FALSE,NA,NA
"set10",0.20291276665606,0.132140345910753,0.0638342457744275,1.10869048246293,999,0.109,0.252,225,3,"coherent_strong","pcs1",FALSE,NA,NA
"set11",0.249880083995069,0.186293664365735,0.0632827738193103,1.00479823799902,999,0.151,0.252,225,3,"coherent_strong","pcs1",FALSE,NA,NA
"set12",0.383617355543348,0.314236604487485,0.0571392268886094,1.21424028349417,999,0.095,0.252,225,3,"coherent_strong","pcs1",FALSE,NA,NA
"set01",0.82120995702618,0.048065359975097,0.045938755391171,16.8298986436989,999,0.001,0.004,225,3,"coherent_strong","pcs3",TRUE,0.471872382342225,0.0280402196661782
"set02",0.740487976525011,0.084154322316172,0.0525719700544906,12.4844789633821,999,0.001,0.004,225,3,"coherent_strong","pcs3",TRUE,0.930530406631262,0.00280073914406054
"set03",0.75593363640065,0.204413252756296,0.049885230828567,11.0557849384256,999,0.001,0.004,225,3,"coherent_strong","pcs3",TRUE,0.96180072825928,0.104111313926271
"set04",0.0958339251712196,0.0384899016349573,0.0466760484900166,1.22855351708976,999,0.119,0.2856,225,3,"coherent_strong","pcs3",FALSE,NA,NA
"set05",0.082131051698248,0.0843169393999974,0.0526879164767029,-0.0414874576168902,999,0.519,0.723272727272727,225,3,"coherent_strong","pcs3",FALSE,NA,NA
"set06",0.189104377543991,0.148887818335049,0.0531561179257163,0.756574422254511,999,0.234,0.468,225,3,"coherent_strong","pcs3",FALSE,NA,NA
"set07",0.0453285343885716,0.0409274229319155,0.0431924027514204,0.101895499585544,999,0.458,0.723272727272727,225,3,"coherent_strong","pcs3",FALSE,NA,NA
"set08",0.0590180253584266,0.0785770576419537,0.0508126254228113,-0.384924654468779,999,0.663,0.723272727272727,225,3,"coherent_strong","pcs3",FALSE,NA,NA
"set09",0.0634146323641986,0.133905862430385,0.0523665203513501,-1.34611254658949,999,0.917,0.917,225,3,"coherent_strong","pcs3",FALSE,NA,NA
"set10",0.104874977611981,0.0414291605448499,0.0465987203029402,1.36153560987656,999,0.092,0.276,225,3,"coherent_strong","pcs3",FALSE,NA,NA
"set11",0.0691319974932069,0.075088585026161,0.0484684101049666,-0.12289628481838,999,0.572,0.723272727272727,225,3,"coherent_strong","pcs3",FALSE,NA,NA
"set12",0.164302213244386,0.18368028155582,0.0568954834125733,-0.34059062598898,999,0.625,0.723272727272727,225,3,"coherent_strong","pcs3",FALSE,NA,NA
"set01",0.0116559232436814,-0.0229201706560984,0.0320108654423822,1.08013617944866,999,0.16,0.699,225,3,"coherent_strong","pcs10",TRUE,0.929153471750159,0.0280402196661782
"set02",0.0326110442913342,-0.0251811175604055,0.0365112013990843,1.58286113951838,999,0.077,0.699,225,3,"coherent_strong","pcs10",TRUE,0.972063568537461,0.00280073914406054
"set03",0.010074474551605,-0.0222668450232517,0.0326166239963834,0.991559383290031,999,0.191,0.699,225,3,"coherent_strong","pcs10",TRUE,0.985462686743717,0.104111313926271
"set04",-0.0361656019061891,-0.0237202344069645,0.0340212168673508,-0.365811944580033,999,0.646,0.7752,225,3,"coherent_strong","pcs10",FALSE,NA,NA
"set05",-0.0537329451142011,-0.0235771009256454,0.0342118257491183,-0.881445042123567,999,0.823,0.823,225,3,"coherent_strong","pcs10",FALSE,NA,NA
"set06",-0.000788872582882587,-0.0215990857589772,0.0364081450623139,0.571581253054149,999,0.293,0.7032,225,3,"coherent_strong","pcs10",FALSE,NA,NA
"set07",-0.0192775070893764,-0.0218543258340478,0.0334538453589118,0.0770260852534528,999,0.473,0.7095,225,3,"coherent_strong","pcs10",FALSE,NA,NA
"set08",-0.0278869849037497,-0.0234708961057156,0.0352798969082761,-0.125172950746297,999,0.548,0.730666666666667,225,3,"coherent_strong","pcs10",FALSE,NA,NA
"set09",-0.0427787493039477,-0.0181070757069627,0.0339728391445855,-0.726217596709669,999,0.778,0.823,225,3,"coherent_strong","pcs10",FALSE,NA,NA
"set10",-0.0158570535669461,-0.0229669391308989,0.0349162825647386,0.203626647561072,999,0.432,0.7095,225,3,"coherent_strong","pcs10",FALSE,NA,NA
"set11",0.00124663327104376,-0.025152554431527,0.0353518832097886,0.746754778123419,999,0.233,0.699,225,3,"coherent_strong","pcs10",FALSE,NA,NA
"set12",-0.0152665627769633,-0.020857738144031,0.0341533470426678,0.163707977437251,999,0.435,0.7095,225,3,"coherent_strong","pcs10",FALSE,NA,NA
"set01",0.71839745270782,0.149906766518964,0.126467633888142,4.4951476414248,999,0.003,0.012,225,4,"coherent_weak","none",TRUE,-2.22044604925031e-16,0.0253747763416253
"set02",0.771978228739146,0.158261629699072,0.107975901972997,5.6838293343783,999,0.001,0.006,225,4,"coherent_weak","none",TRUE,2.22044604925031e-16,0.0125729389671203
"set03",0.882238556545269,0.238414052337593,0.10174732956234,6.32767962537247,999,0.001,0.006,225,4,"coherent_weak","none",TRUE,0,0.0163371225325898
"set04",0.0110343408714708,0.128909661097147,0.113257033732502,-1.04077703910278,999,0.938,0.972,225,4,"coherent_weak","none",FALSE,NA,NA
"set05",0.0314012869941337,0.166990201613129,0.115001083626088,-1.17902293042599,999,0.954,0.972,225,4,"coherent_weak","none",FALSE,NA,NA
"set06",0.574609414520099,0.277920147295125,0.102917128328251,2.88279776208576,999,0.026,0.078,225,4,"coherent_weak","none",FALSE,NA,NA
"set07",0.0126617076781106,0.123922040691848,0.110668514478695,-1.00534766855623,999,0.941,0.972,225,4,"coherent_weak","none",FALSE,NA,NA
"set08",0.23847353929557,0.232719980532761,0.118560718121469,0.0485283730899345,999,0.486,0.833142857142857,225,4,"coherent_weak","none",FALSE,NA,NA
"set09",0.298861620904354,0.270688299716002,0.0950350731803373,0.296451828209685,999,0.395,0.79,225,4,"coherent_weak","none",FALSE,NA,NA
"set10",0.124670182066435,0.160491714509278,0.119871671062022,-0.298832344001516,999,0.625,0.9375,225,4,"coherent_weak","none",FALSE,NA,NA
"set11",0.0654848388534392,0.204816992499955,0.103394243384192,-1.34758134578911,999,0.972,0.972,225,4,"coherent_weak","none",FALSE,NA,NA
"set12",0.247672441491155,0.194023354155468,0.0991105746841483,0.541305380446632,999,0.329,0.7896,225,4,"coherent_weak","none",FALSE,NA,NA
"set01",0.686875218521844,0.156346212185436,0.121719524444279,4.35861878986616,999,0.005,0.02,225,4,"coherent_weak","libsize",TRUE,0.0253747763416253,0.0253747763416253
"set02",0.759337716196652,0.172204664063273,0.104350277990061,5.62655954006471,999,0.002,0.012,225,4,"coherent_weak","libsize",TRUE,0.0125729389671203,0.0125729389671203
"set03",0.881276885160555,0.256325807311886,0.0980763361074533,6.37208834110572,999,0.001,0.012,225,4,"coherent_weak","libsize",TRUE,0.0163371225325898,0.0163371225325898
"set04",0.0166387923244197,0.133429744449927,0.108690386793301,-1.07452881134383,999,0.94,0.961,225,4,"coherent_weak","libsize",FALSE,NA,NA
"set05",0.0439145216273101,0.178250305631395,0.1098427945814,-1.22298221304388,999,0.96,0.961,225,4,"coherent_weak","libsize",FALSE,NA,NA
"set06",0.561764638286464,0.28690495930862,0.0992824926452675,2.76846069890597,999,0.037,0.111,225,4,"coherent_weak","libsize",FALSE,NA,NA
"set07",0.0286417254907263,0.132241763726047,0.105529357622308,-0.981717699885072,999,0.921,0.961,225,4,"coherent_weak","libsize",FALSE,NA,NA
"set08",0.235632272262463,0.231054423279287,0.114961799705684,0.0398206099321297,999,0.488,0.836571428571429,225,4,"coherent_weak","libsize",FALSE,NA,NA
"set09",0.321304897519416,0.285342375386868,0.0874718446854112,0.411132545127929,999,0.362,0.818,225,4,"coherent_weak","libsize",FALSE,NA,NA
"set10",0.123487358248526,0.163217456759384,0.117163235737294,-0.339100386403986,999,0.64,0.96,225,4,"coherent_weak","libsize",FALSE,NA,NA
"set11",0.085982535371369,0.205941312389643,0.100496549601688,-1.19366065296494,999,0.961,0.961,225,4,"coherent_weak","libsize",FALSE,NA,NA
"set12",0.254777231894725,0.228187492199352,0.0941142040599347,0.282526319602517,999,0.409,0.818,225,4,"coherent_weak","libsize",FALSE,NA,NA
"set01",0.655508034414231,0.0588734450934076,0.0453297878261064,13.1620865204493,999,0.001,0.004,225,4,"coherent_weak","pcs1",TRUE,0.141218847067467,0.0253747763416253
"set02",0.764421190657147,0.0939013228193685,0.0517032176698031,12.9686293824106,999,0.001,0.004,225,4,"coherent_weak","pcs1",TRUE,0.0151793707249033,0.0125729389671203
"set03",0.83256827661044,0.182292044984209,0.0477656914436536,13.6138766544042,999,0.001,0.004,225,4,"coherent_weak","pcs1",TRUE,0.270016463613608,0.0163371225325898
"set04",0.00256043696183875,0.0428975767713808,0.0459914551506756,-0.877057263732815,999,0.816,0.864,225,4,"coherent_weak","pcs1",FALSE,NA,NA
"set05",0.0384852314325587,0.0910877651883222,0.0513722589140733,-1.02394823330133,999,0.864,0.864,225,4,"coherent_weak","pcs1",FALSE,NA,NA
"set06",0.330184993407795,0.213010549028954,0.0531166027967259,2.20598528914321,999,0.015,0.045,225,4,"coherent_weak","pcs1",FALSE,NA,NA
"set07",0.0280266152492746,0.047876860491287,0.043542428750527,-0.455882820771042,999,0.657,0.864,225,4,"coherent_weak","pcs1",FALSE,NA,NA
"set08",0.166264139376227,0.147459865711294,0.0493123363032335,0.381330009377393,999,0.342,0.8208,225,4,"coherent_weak","pcs1",FALSE,NA,NA
"set09",0.190942691182301,0.212264577986206,0.0511312080177027,-0.41700338463592,999,0.666,0.864,225,4,"coherent_weak","pcs1",FALSE,NA,NA
"set10",0.0332017350220707,0.0660396091424701,0.0453399287861097,-0.724259499288398,999,0.785,0.864,225,4,"coherent_weak","pcs1",FALSE,NA,NA
"set11",0.0843146649388586,0.129803358385057,0.050841364274605,-0.8947181904975,999,0.814,0.864,225,4,"coherent_weak","pcs1",FALSE,NA,NA
"set12",0.108246916635821,0.15403597271332,0.0537217111216692,-0.852338004904483,999,0.807,0.864,225,4,"coherent_weak","pcs1",FALSE,NA,NA
"set01",0.634488665359025,-0.0111325660030538,0.0359258336538238,17.9709464109641,999,0.001,0.004,225,4,"coherent_weak","pcs3",TRUE,0.234256607102163,0.0253747763416253
"set02",0.625143224279678,-0.00642239035006645,0.0408204173461646,15.471806896876,999,0.001,0.004,225,4,"coherent_weak","pcs3",TRUE,0.512748911461552,0.0125729389671203
"set03",0.513080512212445,-0.00749176132598188,0.0365196815063663,14.254567730764,999,0.001,0.004,225,4,"coherent_weak","pcs3",TRUE,0.845346813257767,0.0163371225325898
"set04",-0.0266673894521758,-0.0094178334572847,0.0368999330102548,-0.467468490799083,999,0.684,0.901,225,4,"coherent_weak","pcs3",FALSE,NA,NA
"set05",-0.0468585649450987,-0.00567883819656136,0.0376219451068951,-1.09456665867577,999,0.873,0.901,225,4,"coherent_weak","pcs3",FALSE,NA,NA
"set06",0.0502554971766078,0.000374741765280045,0.0387279303673892,1.28797885500563,999,0.116,0.348,225,4,"coherent_weak","pcs3",FALSE,NA,NA
"set07",-0.0105820438617377,-0.00923616369907656,0.0327166670404275,-0.0411374471916113,999,0.521,0.901,225,4,"coherent_weak","pcs3",FALSE,NA,NA
"set08",0.0388182791104175,-0.00138532387222151,0.0368213361995772,1.09185616634686,999,0.147,0.3528,225,4,"coherent_weak","pcs3",FALSE,NA,NA
"set09",-0.0445345573897351,0.00238117264411429,0.0386065643729205,-1.2152267573117,999,0.901,0.901,225,4,"coherent_weak","pcs3",FALSE,NA,NA
"set10",-0.0360904390898948,-0.00989988841746406,0.0346819702897396,-0.75516328667691,999,0.798,0.901,225,4,"coherent_weak","pcs3",FALSE,NA,NA
"set11",-0.0217875353087817,-0.00523103671092911,0.0364218417210376,-0.454576095428184,999,0.687,0.901,225,4,"coherent_weak","pcs3",FALSE,NA,NA
"set12",-0.0108257312117164,-0.00248006507672944,0.0384008086611338,-0.217330478861341,999,0.583,0.901,225,4,"coherent_weak","pcs3",FALSE,NA,NA
"set01",0.335078735901772,-0.0178229588464017,0.0334535210225177,10.5490149903992,999,0.001,0.004,225,4,"coherent_weak","pcs10",TRUE,0.58768649888969,0.0253747763416253
"set02",0.289007719503238,-0.0182840828834704,0.0390068889749963,7.87788543156273,999,0.001,0.004,225,4,"coherent_weak","pcs10",TRUE,0.740239692789561,0.0125729389671203
"set03",0.296583869847033,-0.0171970103472778,0.0335089916103333,9.36408006075445,999,0.001,0.004,225,4,"coherent_weak","pcs10",TRUE,0.876517031317478,0.0163371225325898
"set04",-0.0241134959869481,-0.0156270551503519,0.0326868454016015,-0.259628628346632,999,0.598,0.883636363636364,225,4,"coherent_weak","pcs10",FALSE,NA,NA
"set05",-0.0453370280605348,-0.0168118345269559,0.0342757053682771,-0.832227760948709,999,0.806,0.883636363636364,225,4,"coherent_weak","pcs10",FALSE,NA,NA
"set06",0.0342423418074102,-0.015499508332772,0.035621888380156,1.39638442547847,999,0.095,0.285,225,4,"coherent_weak","pcs10",FALSE,NA,NA
"set07",-0.00467330972684688,-0.0143037197679135,0.0326223224952445,0.295209209659136,999,0.371,0.742,225,4,"coherent_weak","pcs10",FALSE,NA,NA
"set08",0.00912165277032613,-0.0134178004060569,0.0344099107298192,0.65502794684238,999,0.278,0.6672,225,4,"coherent_weak","pcs10",FALSE,NA,NA
"set09",-0.0433146682720897,-0.0116633672865543,0.0352432370952641,-0.898081549659596,999,0.81,0.883636363636364,225,4,"coherent_weak","pcs10",FALSE,NA,NA
"set10",-0.0629244990176868,-0.0161292409590302,0.0335212796035469,-1.39598662736327,999,0.929,0.929,225,4,"coherent_weak","pcs10",FALSE,NA,NA
"set11",-0.0326005390158203,-0.0151889364855678,0.0335406740656696,-0.519119040248329,999,0.691,0.883636363636364,225,4,"coherent_weak","pcs10",FALSE,NA,NA
"set12",-0.0426537262341291,-0.0152998595180099,0.0349842609758427,-0.781890654629164,999,0.792,0.883636363636364,225,4,"coherent_weak","pcs10",FALSE,NA,NA
"set01",0.882214339954574,0.204429560858901,0.117632995098187,5.7618594045823,999,0.001,0.004,225,4,"coherent_strong","none",TRUE,-2.22044604925031e-16,0.0179908823374746
"set02",0.871877837222602,0.255238218774632,0.10636704842758,5.79728052591222,999,0.001,0.004,225,4,"coherent_strong","none",TRUE,2.22044604925031e-16,0.00103685001429121
"set03",0.91627202232772,0.375798502172396,0.0864801387671983,6.24968377548815,999,0.001,0.004,225,4,"coherent_strong","none",TRUE,0,0.110171946743469
"set04",0.0725653866861633,0.169506402994678,0.112620629686601,-0.860774944859398,999,0.84,0.864,225,4,"coherent_strong","none",FALSE,NA,NA
"set05",0.21579297577221,0.216894734567847,0.107390512365697,-0.0102593680891003,999,0.506,0.759,225,4,"coherent_strong","none",FALSE,NA,NA
"set06",0.624634887547493,0.353924325743682,0.0964246701646477,2.80748237294009,999,0.016,0.048,225,4,"coherent_strong","none",FALSE,NA,NA
"set07",0.0817905535155469,0.171289752694212,0.110142475422791,-0.812576608934159,999,0.864,0.864,225,4,"coherent_strong","none",FALSE,NA,NA
"set08",0.389940575788143,0.300250284912662,0.106641826635772,0.841042334934975,999,0.245,0.483428571428571,225,4,"coherent_strong","none",FALSE,NA,NA
"set09",0.438731559481004,0.351587617073094,0.08925633671523,0.976333396764202,999,0.206,0.483428571428571,225,4,"coherent_strong","none",FALSE,NA,NA
"set10",0.173480496644719,0.213272892985678,0.126681989877506,-0.314112498386206,999,0.637,0.849333333333333,225,4,"coherent_strong","none",FALSE,NA,NA
"set11",0.192211775986989,0.274983342961111,0.10727577825251,-0.771577408455537,999,0.813,0.864,225,4,"coherent_strong","none",FALSE,NA,NA
"set12",0.347006809598804,0.287650303762527,0.092775415477165,0.639787011796104,999,0.282,0.483428571428571,225,4,"coherent_strong","none",FALSE,NA,NA
"set01",0.85605261032099,0.185904613426848,0.116039195996316,5.7751864888431,999,0.001,0.004,225,4,"coherent_strong","libsize",TRUE,0.0179908823374746,0.0179908823374746
"set02",0.874433932360232,0.229419572405471,0.0970044076796493,6.64933043130244,999,0.001,0.004,225,4,"coherent_strong","libsize",TRUE,0.00103685001429121,0.00103685001429121
"set03",0.828924311394345,0.332033626379473,0.077669098793196,6.3975338034745,999,0.001,0.004,225,4,"coherent_strong","libsize",TRUE,0.110171946743469,0.110171946743469
"set04",0.0437309234510919,0.16234372842719,0.108186195545281,-1.09637652362453,999,0.929,0.929,225,4,"coherent_strong","libsize",FALSE,NA,NA
"set05",0.164498663658719,0.205174123445847,0.0989033590996283,-0.411264694722396,999,0.673,0.926666666666667,225,4,"coherent_strong","libsize",FALSE,NA,NA
"set06",0.544621870532762,0.314202225219332,0.088547687058325,2.60220964508826,999,0.023,0.069,225,4,"coherent_strong","libsize",FALSE,NA,NA
"set07",0.056369809937845,0.163430838763039,0.101765790562698,-1.05203357860452,999,0.924,0.929,225,4,"coherent_strong","libsize",FALSE,NA,NA
"set08",0.328193636687004,0.264769211687594,0.107580284507676,0.5895543527298,999,0.311,0.533142857142857,225,4,"coherent_strong","libsize",FALSE,NA,NA
"set09",0.376447589645886,0.314317537875956,0.0777220983214402,0.799387215627846,999,0.242,0.533142857142857,225,4,"coherent_strong","libsize",FALSE,NA,NA
"set10",0.138923619108855,0.191901098540968,0.116241284225539,-0.455754423095698,999,0.695,0.926666666666667,225,4,"coherent_strong","libsize",FALSE,NA,NA
"set11",0.159407164187643,0.236033550477712,0.099028338853609,-0.773782405896398,999,0.838,0.929,225,4,"coherent_strong","libsize",FALSE,NA,NA
"set12",0.321923703567836,0.276664951493555,0.0819403492184432,0.552337798239371,999,0.302,0.533142857142857,225,4,"coherent_strong","libsize",FALSE,NA,NA
"set01",0.850514268047606,0.0968781880629235,0.0490332484952955,15.369899060573,999,0.001,0.004,225,4,"coherent_strong","pcs1",TRUE,0.144252901360269,0.0179908823374746
"set02",0.875034019241738,0.152907131210609,0.0569009775988319,12.6909399188592,999,0.001,0.004,225,4,"coherent_strong","pcs1",TRUE,0.00286318444349509,0.00103685001429121
"set03",0.821305702012119,0.274353751951052,0.0468489727570042,11.6747906703951,999,0.001,0.004,225,4,"coherent_strong","pcs1",TRUE,0.3866113654702,0.110171946743469
"set04",0.0194898380485916,0.0759210460166174,0.0522917722624617,-1.0791603635996,999,0.877,0.877,225,4,"coherent_strong","pcs1",FALSE,NA,NA
"set05",0.169204258332002,0.131140531134073,0.0568914763167591,0.669058524443956,999,0.26,0.445714285714286,225,4,"coherent_strong","pcs1",FALSE,NA,NA
"set06",0.315583122195399,0.256462427213654,0.0558538055760376,1.05849000568565,999,0.124,0.248,225,4,"coherent_strong","pcs1",FALSE,NA,NA
"set07",0.0602507275229694,0.0852383999485435,0.0467744827985068,-0.534215900007167,999,0.697,0.8364,225,4,"coherent_strong","pcs1",FALSE,NA,NA
"set08",0.319209056529034,0.188953152011311,0.0537634499086933,2.42275941627514,999,0.011,0.033,225,4,"coherent_strong","pcs1",FALSE,NA,NA
"set09",0.272950811727451,0.256630701201379,0.0518894674394061,0.314516824539203,999,0.365,0.5475,225,4,"coherent_strong","pcs1",FALSE,NA,NA
"set10",0.0548784050999393,0.0971988978359461,0.0549634967789987,-0.769974532482388,999,0.792,0.864,225,4,"coherent_strong","pcs1",FALSE,NA,NA
"set11",0.150603317076119,0.166617266577917,0.0531566174787594,-0.301259753937447,999,0.628,0.8364,225,4,"coherent_strong","pcs1",FALSE,NA,NA
"set12",0.286716258287485,0.211353891712688,0.0578803728485075,1.30203664672384,999,0.095,0.228,225,4,"coherent_strong","pcs1",FALSE,NA,NA
"set01",0.801191498423663,0.0479703407652965,0.0430051007405601,17.5146934825796,999,0.001,0.004,225,4,"coherent_strong","pcs3",TRUE,0.535037992053611,0.0179908823374746
"set02",0.769290035689233,0.0788596434387996,0.0485412795490567,14.2235721568211,999,0.001,0.004,225,4,"coherent_strong","pcs3",TRUE,0.914677698614789,0.00103685001429121
"set03",0.75887611913214,0.151078368580982,0.0520969583050037,11.6666648174119,999,0.001,0.004,225,4,"coherent_strong","pcs3",TRUE,0.966291566469032,0.110171946743469
"set04",-0.0321807360238344,0.0332391347443687,0.0424105070767319,-1.54253922618377,999,0.938,0.938,225,4,"coherent_strong","pcs3",FALSE,NA,NA
"set05",0.0853248026028304,0.0739418817561433,0.0477007520456565,0.238631894855493,999,0.4,0.685714285714286,225,4,"coherent_strong","pcs3",FALSE,NA,NA
"set06",0.203685279488474,0.186180360339946,0.0548815618482182,0.318958108315876,999,0.372,0.685714285714286,225,4,"coherent_strong","pcs3",FALSE,NA,NA
"set07",0.0132761324518795,0.0366989170908958,0.0428159986523527,-0.547056833339312,999,0.694,0.938,225,4,"coherent_strong","pcs3",FALSE,NA,NA
"set08",0.214721607712654,0.121400077493008,0.0495480667323726,1.88345451950142,999,0.029,0.087,225,4,"coherent_strong","pcs3",FALSE,NA,NA
"set09",0.113523904897223,0.179954412131309,0.0578878947632792,-1.14757165562402,999,0.887,0.938,225,4,"coherent_strong","pcs3",FALSE,NA,NA
"set10",0.0154243501904333,0.0491751765448829,0.0451200978059053,-0.748022012266835,999,0.773,0.938,225,4,"coherent_strong","pcs3",FALSE,NA,NA
"set11",0.0493514806606772,0.0967409594535787,0.0492842748280141,-0.961553740179301,999,0.856,0.938,225,4,"coherent_strong","pcs3",FALSE,NA,NA
"set12",0.173716409321175,0.135482261068046,0.0545038698640198,0.701494193871343,999,0.237,0.5688,225,4,"coherent_strong","pcs3",FALSE,NA,NA
"set01",-0.0480764640249464,-0.0242626716579694,0.0327928767102686,-0.726187963848872,999,0.778,0.958,225,4,"coherent_strong","pcs10",TRUE,0.949064063710623,0.0179908823374746
"set02",-0.0266586199095178,-0.025044267866477,0.0338694338946401,-0.0476639806872075,999,0.523,0.958,225,4,"coherent_strong","pcs10",TRUE,0.969104938476467,0.00103685001429121
"set03",-0.0293821356608454,-0.0234460172322321,0.0329728626211077,-0.180030423710112,999,0.552,0.958,225,4,"coherent_strong","pcs10",TRUE,0.986531324739221,0.110171946743469
"set04",-0.0581491450951893,-0.0269339934719809,0.0348039012886534,-0.896886569247485,999,0.826,0.958,225,4,"coherent_strong","pcs10",FALSE,NA,NA
"set05",-0.080142372565852,-0.0257821694917539,0.0327591108073305,-1.65939189844964,999,0.958,0.958,225,4,"coherent_strong","pcs10",FALSE,NA,NA
"set06",-0.0107083962074902,-0.0241768298605464,0.0314126544018917,0.428758215741396,999,0.333,0.958,225,4,"coherent_strong","pcs10",FALSE,NA,NA
"set07",-0.0404034609052171,-0.0203839798071979,0.0346344227326961,-0.578022658339852,999,0.711,0.958,225,4,"coherent_strong","pcs10",FALSE,NA,NA
"set08",0.0691846718384506,-0.0249330492636338,0.0348115685238579,2.70363344982808,999,0.004,0.048,225,4,"coherent_strong","pcs10",FALSE,NA,NA
"set09",-0.040051345966384,-0.0230017718137093,0.0334515324705404,-0.509679912801894,999,0.709,0.958,225,4,"coherent_strong","pcs10",FALSE,NA,NA
"set10",-0.0671245059232782,-0.0256145990717178,0.0345975854073743,-1.19979201909023,999,0.908,0.958,225,4,"coherent_strong","pcs10",FALSE,NA,NA
"set11",-0.0593205371019684,-0.0246638597166228,0.0355371334006493,-0.975224337726476,999,0.837,0.958,225,4,"coherent_strong","pcs10",FALSE,NA,NA
"set12",0.0566376700592939,-0.0233375632439538,0.0333475918747623,2.39823114075514,999,0.016,0.096,225,4,"coherent_strong","pcs10",FALSE,NA,NA
"set01",0.769294227936091,0.175969489667439,0.132458458153301,4.47932692665021,999,0.001,0.004,225,5,"coherent_weak","none",TRUE,0,0.00951871501099144
"set02",0.800155771516904,0.182585078296512,0.104858169140409,5.88958111974508,999,0.001,0.004,225,5,"coherent_weak","none",TRUE,0,0.00503995830755932
"set03",0.832445488149911,0.299781723480398,0.0930704244554503,5.72323343087881,999,0.001,0.004,225,5,"coherent_weak","none",TRUE,0,2.37349227938388e-06
"set04",0.304053776370231,0.186119860188281,0.133673144090073,0.882255871100649,999,0.262,0.6888,225,5,"coherent_weak","none",FALSE,NA,NA
"set05",0.118774440188151,0.192932124121068,0.107185273625699,-0.691864483099441,999,0.801,0.873818181818182,225,5,"coherent_weak","none",FALSE,NA,NA
"set06",0.255325099735727,0.247660615220057,0.0935436295330498,0.0819348634848746,999,0.468,0.814666666666667,225,5,"coherent_weak","none",FALSE,NA,NA
"set07",0.0932100977358568,0.123489888601185,0.111022526413272,-0.272735559562157,999,0.611,0.814666666666667,225,5,"coherent_weak","none",FALSE,NA,NA
"set08",0.0925276002253645,0.221276891110331,0.108689184657219,-1.18456395906375,999,0.954,0.954,225,5,"coherent_weak","none",FALSE,NA,NA
"set09",0.210360917372123,0.272988484021589,0.0917963282529709,-0.682244789539714,999,0.771,0.873818181818182,225,5,"coherent_weak","none",FALSE,NA,NA
"set10",0.269564470609328,0.174881544562728,0.12245839449082,0.773184447177268,999,0.287,0.6888,225,5,"coherent_weak","none",FALSE,NA,NA
"set11",0.177895481125573,0.171705957190281,0.102416147897859,0.0604350394184463,999,0.483,0.814666666666667,225,5,"coherent_weak","none",FALSE,NA,NA
"set12",0.230454615430545,0.246652586919322,0.0992360802190652,-0.16322663544368,999,0.584,0.814666666666667,225,5,"coherent_weak","none",FALSE,NA,NA
"set01",0.756688422838143,0.180285075994557,0.131610085563457,4.3796289955732,999,0.001,0.004,225,5,"coherent_weak","libsize",TRUE,0.00951871501099144,0.00951871501099144
"set02",0.802709441771221,0.193604764995611,0.106244109962196,5.73306771539943,999,0.001,0.004,225,5,"coherent_weak","libsize",TRUE,0.00503995830755932,0.00503995830755932
"set03",0.840971377357558,0.31980062057599,0.0895500205865487,5.81988427660789,999,0.001,0.004,225,5,"coherent_weak","libsize",TRUE,2.37349227938388e-06,2.37349227938388e-06
"set04",0.299799431743886,0.188704101190574,0.127812490648615,0.869205583816825,999,0.272,0.7392,225,5,"coherent_weak","libsize",FALSE,NA,NA
"set05",0.128134674214542,0.204863933989475,0.104804527897877,-0.732117794087089,999,0.804,0.877090909090909,225,5,"coherent_weak","libsize",FALSE,NA,NA
"set06",0.272031417242028,0.272393143288487,0.0924713687308305,-0.00391176265068709,999,0.503,0.862285714285714,225,5,"coherent_weak","libsize",FALSE,NA,NA
"set07",0.102858128196601,0.128061476102483,0.108959366939741,-0.231309602962547,999,0.593,0.873333333333333,225,5,"coherent_weak","libsize",FALSE,NA,NA
"set08",0.104333024463226,0.226215577139714,0.105757270498462,-1.15247445496677,999,0.947,0.947,225,5,"coherent_weak","libsize",FALSE,NA,NA
"set09",0.227383207281005,0.291230315253665,0.0888832806305264,-0.718325285922573,999,0.791,0.877090909090909,225,5,"coherent_weak","libsize",FALSE,NA,NA
"set10",0.262934313518408,0.177270045929987,0.122791924372646,0.697637633957502,999,0.308,0.7392,225,5,"coherent_weak","libsize",FALSE,NA,NA
"set11",0.193658292628134,0.184383150640509,0.102352397275022,0.090619684878536,999,0.46,0.862285714285714,225,5,"coherent_weak","libsize",FALSE,NA,NA
"set12",0.240541803599946,0.273826454848862,0.0977871766580618,-0.340378487102706,999,0.655,0.873333333333333,225,5,"coherent_weak","libsize",FALSE,NA,NA
"set01",0.742446814301584,0.0783247632932484,0.0499514679467846,13.2953460289866,999,0.001,0.004,225,5,"coherent_weak","pcs1",TRUE,0.137409757961228,0.00951871501099144
"set02",0.779605873073177,0.110815987493223,0.0518847651065981,12.8899087083832,999,0.001,0.004,225,5,"coherent_weak","pcs1",TRUE,0.0111650701928493,0.00503995830755932
"set03",0.827759811113121,0.246543546218663,0.0516634333027509,11.2500511045887,999,0.001,0.004,225,5,"coherent_weak","pcs1",TRUE,0.25532216940027,2.37349227938388e-06
"set04",0.079814793669285,0.0893404289006096,0.0536198235783135,-0.177651372116362,999,0.562,0.843,225,5,"coherent_weak","pcs1",FALSE,NA,NA
"set05",0.0846734064781211,0.121827828021614,0.0551266704781275,-0.673982687893962,999,0.752,0.9024,225,5,"coherent_weak","pcs1",FALSE,NA,NA
"set06",0.208072050480062,0.197125612421407,0.0581503290462425,0.188243785343844,999,0.419,0.838,225,5,"coherent_weak","pcs1",FALSE,NA,NA
"set07",0.0188888420276023,0.0473274960578871,0.048542477333914,-0.585850899917221,999,0.737,0.9024,225,5,"coherent_weak","pcs1",FALSE,NA,NA
"set08",0.0662887327851383,0.144962896795557,0.0531619946490574,-1.47989488599472,999,0.935,0.935,225,5,"coherent_weak","pcs1",FALSE,NA,NA
"set09",0.220738442730699,0.225407330764806,0.0574298844213913,-0.0812971866676304,999,0.543,0.843,225,5,"coherent_weak","pcs1",FALSE,NA,NA
"set10",0.0240746987844879,0.0800855903994365,0.0513601339301431,-1.09055189947774,999,0.874,0.935,225,5,"coherent_weak","pcs1",FALSE,NA,NA
"set11",0.115191971187237,0.101959400824601,0.0547243574952236,0.241804033309853,999,0.398,0.838,225,5,"coherent_weak","pcs1",FALSE,NA,NA
"set12",0.239167242951804,0.206607416795456,0.0588586001715791,0.553187232816141,999,0.296,0.838,225,5,"coherent_weak","pcs1",FALSE,NA,NA
"set01",0.66845504161161,-0.0103824398905178,0.034256518843545,19.8163007923393,999,0.001,0.004,225,5,"coherent_weak","pcs3",TRUE,0.274234101382013,0.00951871501099144
"set02",0.635853932016704,0.000892217205609867,0.0398885102896127,15.91841134705,999,0.001,0.004,225,5,"coherent_weak","pcs3",TRUE,0.559950124585952,0.00503995830755932
"set03",0.575830968432111,0.00347821249510518,0.0375532896702193,15.2410816991859,999,0.001,0.004,225,5,"coherent_weak","pcs3",TRUE,0.859517275635922,2.37349227938388e-06
"set04",0.00373883763905057,-0.00464908256807858,0.0363646659599342,0.230661274776201,999,0.422,0.844,225,5,"coherent_weak","pcs3",FALSE,NA,NA
"set05",-0.0447177897037317,-0.00369381271897174,0.0353409465409466,-1.16080583572455,999,0.876,0.931,225,5,"coherent_weak","pcs3",FALSE,NA,NA
"set06",-0.00780422695647946,0.00384934114020084,0.0382512850227628,-0.304658211867795,999,0.624,0.931,225,5,"coherent_weak","pcs3",FALSE,NA,NA
"set07",-0.0439950745541966,-0.0105092961288168,0.0374366802612686,-0.89446441809702,999,0.836,0.931,225,5,"coherent_weak","pcs3",FALSE,NA,NA
"set08",-0.052606585449556,0.00125077888251218,0.0386343358990967,-1.39402847437912,999,0.931,0.931,225,5,"coherent_weak","pcs3",FALSE,NA,NA
"set09",-0.0140683525734606,0.0133133227861449,0.0409460873557201,-0.668725075529844,999,0.744,0.931,225,5,"coherent_weak","pcs3",FALSE,NA,NA
"set10",-0.00903843744307765,-0.00789273804321567,0.0365131494067136,-0.0313777205877324,999,0.522,0.894857142857143,225,5,"coherent_weak","pcs3",FALSE,NA,NA
"set11",0.0350556266722511,-0.00597514147131931,0.0360858008428305,1.13703360283668,999,0.136,0.408,225,5,"coherent_weak","pcs3",FALSE,NA,NA
"set12",0.0236941666055673,0.0051956254801945,0.0387350949269441,0.477565400582128,999,0.327,0.7848,225,5,"coherent_weak","pcs3",FALSE,NA,NA
"set01",0.55929629684982,-0.0168823750058326,0.0333817980404524,17.2602647453991,999,0.001,0.004,225,5,"coherent_weak","pcs10",TRUE,0.406274437695814,0.00951871501099144
"set02",0.188181906271103,-0.0128777029499518,0.037801788264176,5.31878565680437,999,0.001,0.004,225,5,"coherent_weak","pcs10",TRUE,0.75699962522422,0.00503995830755932
"set03",0.158539801865875,-0.00972137583398537,0.0348830779704058,4.82357599987622,999,0.001,0.004,225,5,"coherent_weak","pcs10",TRUE,0.908567997884191,2.37349227938388e-06
"set04",0.00354551842017118,-0.0155748122727217,0.0344066279604153,0.555716494940764,999,0.302,0.796,225,5,"coherent_weak","pcs10",FALSE,NA,NA
"set05",-0.0576272216248256,-0.0147778792136168,0.0354333253509788,-1.20929497829436,999,0.913,0.989,225,5,"coherent_weak","pcs10",FALSE,NA,NA
"set06",-0.0161453839792595,-0.0122756060878057,0.033308067979659,-0.116181397666687,999,0.553,0.8295,225,5,"coherent_weak","pcs10",FALSE,NA,NA
"set07",-0.0457375342425704,-0.0180255869132859,0.0334746170477081,-0.827849570012688,999,0.827,0.989,225,5,"coherent_weak","pcs10",FALSE,NA,NA
"set08",-0.0899212142406673,-0.0130547114392385,0.034568005740535,-2.22363139425466,999,0.989,0.989,225,5,"coherent_weak","pcs10",FALSE,NA,NA
"set09",-0.0331674212960278,-0.00639737843978531,0.0359503974332273,-0.744638300757704,999,0.754,0.989,225,5,"coherent_weak","pcs10",FALSE,NA,NA
"set10",-0.0156060092510101,-0.0154406908876708,0.0342186802458356,-0.0048312314253978,999,0.503,0.8295,225,5,"coherent_weak","pcs10",FALSE,NA,NA
"set11",-0.00815993756316301,-0.0169035429000942,0.0354409569916177,0.246709064289635,999,0.398,0.796,225,5,"coherent_weak","pcs10",FALSE,NA,NA
"set12",0.0022743182334131,-0.0111882147918732,0.0361198967640436,0.372717926444571,999,0.365,0.796,225,5,"coherent_weak","pcs10",FALSE,NA,NA
"set01",0.864220167757994,0.230434358026602,0.130509277234539,4.85625101265721,999,0.001,0.004,225,5,"coherent_strong","none",TRUE,0,0.00262086005564299
"set02",0.861839558044885,0.261630653109322,0.0984869702539276,6.09429758462518,999,0.001,0.004,225,5,"coherent_strong","none",TRUE,0,0.0120606707782969
"set03",0.898103971567734,0.413446438900106,0.077725384097798,6.23551158084737,999,0.001,0.004,225,5,"coherent_strong","none",TRUE,0,0.0536168982622579
"set04",0.367878179597151,0.230667677752165,0.123933756348321,1.10712775831106,999,0.206,0.514285714285714,225,5,"coherent_strong","none",FALSE,NA,NA
"set05",0.203257694717994,0.245289317323346,0.10835411407948,-0.387909798925776,999,0.658,0.7896,225,5,"coherent_strong","none",FALSE,NA,NA
"set06",0.375419864737067,0.320528877777974,0.0953432821942463,0.575719502159175,999,0.3,0.514285714285714,225,5,"coherent_strong","none",FALSE,NA,NA
"set07",0.0634145707662426,0.171033813856254,0.112055577284705,-0.960409519078003,999,0.91,0.936,225,5,"coherent_strong","none",FALSE,NA,NA
"set08",0.150865471398264,0.286701761500232,0.11390022818031,-1.19259014904634,999,0.936,0.936,225,5,"coherent_strong","none",FALSE,NA,NA
"set09",0.348080160440586,0.35479637565785,0.0876779101857019,-0.0766009956560249,999,0.53,0.706666666666667,225,5,"coherent_strong","none",FALSE,NA,NA
"set10",0.309310997107456,0.225629611151699,0.12926245560823,0.647375802679932,999,0.298,0.514285714285714,225,5,"coherent_strong","none",FALSE,NA,NA
"set11",0.270017485734106,0.233841459364342,0.101105996775173,0.357802974339962,999,0.365,0.5475,225,5,"coherent_strong","none",FALSE,NA,NA
"set12",0.380808676662113,0.310999315901217,0.100398561901792,0.695322317755733,999,0.278,0.514285714285714,225,5,"coherent_strong","none",FALSE,NA,NA
"set01",0.857515866061968,0.224296721290606,0.126710395950632,4.99737326223866,999,0.001,0.004,225,5,"coherent_strong","libsize",TRUE,0.00262086005564299,0.00262086005564299
"set02",0.857905909735354,0.260502033360073,0.0955421385634619,6.25277898692281,999,0.001,0.004,225,5,"coherent_strong","libsize",TRUE,0.0120606707782969,0.0120606707782969
"set03",0.855673130384132,0.402482568543863,0.0769423106904602,5.89000457321148,999,0.001,0.004,225,5,"coherent_strong","libsize",TRUE,0.0536168982622579,0.0536168982622579
"set04",0.366224065813911,0.225391199050478,0.121652930048168,1.15766111599343,999,0.198,0.574666666666667,225,5,"coherent_strong","libsize",FALSE,NA,NA
"set05",0.184434524672117,0.248690393091717,0.10668003102324,-0.602323300839705,999,0.747,0.8964,225,5,"coherent_strong","libsize",FALSE,NA,NA
"set06",0.342793468806321,0.327530506795126,0.0911465691450219,0.167455145644703,999,0.431,0.574666666666667,225,5,"coherent_strong","libsize",FALSE,NA,NA
"set07",0.0688031802089419,0.170828911425078,0.111441835352974,-0.915506559031319,999,0.907,0.95,225,5,"coherent_strong","libsize",FALSE,NA,NA
"set08",0.144048408899759,0.280323983064356,0.106835631327015,-1.27556296033361,999,0.95,0.95,225,5,"coherent_strong","libsize",FALSE,NA,NA
"set09",0.388061499929842,0.354439804475332,0.0821993587367321,0.409026249975911,999,0.35,0.574666666666667,225,5,"coherent_strong","libsize",FALSE,NA,NA
"set10",0.30105326651668,0.218618752962203,0.128517988570716,0.641423931943334,999,0.301,0.574666666666667,225,5,"coherent_strong","libsize",FALSE,NA,NA
"set11",0.261257792804266,0.236710209588058,0.100380509688502,0.24454531355124,999,0.401,0.574666666666667,225,5,"coherent_strong","libsize",FALSE,NA,NA
"set12",0.365203570638664,0.319475918003495,0.0954930108457222,0.478858633005571,999,0.326,0.574666666666667,225,5,"coherent_strong","libsize",FALSE,NA,NA
"set01",0.852656249310101,0.127491142315825,0.0624509108578059,11.6117618948009,999,0.001,0.004,225,5,"coherent_strong","pcs1",TRUE,0.142180948530044,0.00262086005564299
"set02",0.857492926687123,0.183051030748848,0.0580313345365455,11.622029741769,999,0.001,0.004,225,5,"coherent_strong","pcs1",TRUE,0.0152331026709326,0.0120606707782969
"set03",0.829125377530937,0.352321023153437,0.0468036046652614,10.1873425730261,999,0.001,0.004,225,5,"coherent_strong","pcs1",TRUE,0.361015527424369,0.0536168982622579
"set04",0.10126795622713,0.134943652680048,0.0548003623927427,-0.614515944467158,999,0.736,0.877,225,5,"coherent_strong","pcs1",FALSE,NA,NA
"set05",0.182103448565765,0.165724584659047,0.0596335101654396,0.274658725627217,999,0.388,0.582,225,5,"coherent_strong","pcs1",FALSE,NA,NA
"set06",0.340590284143585,0.265945261576321,0.0631282670104836,1.18243421057111,999,0.105,0.218,225,5,"coherent_strong","pcs1",FALSE,NA,NA
"set07",0.0444356504894716,0.088207741939943,0.0509008689897272,-0.859947822488169,999,0.812,0.877,225,5,"coherent_strong","pcs1",FALSE,NA,NA
"set08",0.136213170009073,0.206716321572316,0.0608160572209675,-1.15928514252541,999,0.877,0.877,225,5,"coherent_strong","pcs1",FALSE,NA,NA
"set09",0.36366899485961,0.293390238762786,0.0564505489380393,1.244961429409,999,0.109,0.218,225,5,"coherent_strong","pcs1",FALSE,NA,NA
"set10",0.0725152019584852,0.12199124796924,0.0568385201953418,-0.870466821456935,999,0.803,0.877,225,5,"coherent_strong","pcs1",FALSE,NA,NA
"set11",0.186661187446934,0.159092079319742,0.0637558568084463,0.432416871284824,999,0.338,0.579428571428571,225,5,"coherent_strong","pcs1",FALSE,NA,NA
"set12",0.349406545261422,0.260218688480675,0.0625621718473261,1.42558760585226,999,0.066,0.198,225,5,"coherent_strong","pcs1",FALSE,NA,NA
"set01",0.793657536472288,0.0647561921932632,0.0489968175789061,14.8765038281349,999,0.001,0.004,225,5,"coherent_strong","pcs3",TRUE,0.50454300853059,0.00262086005564299
"set02",0.743843914796105,0.0999654591957167,0.0479003941032151,13.4420283518538,999,0.001,0.004,225,5,"coherent_strong","pcs3",TRUE,0.927181132053997,0.0120606707782969
"set03",0.802372941931149,0.205273389887537,0.0521817839052775,11.4426818586251,999,0.001,0.004,225,5,"coherent_strong","pcs3",TRUE,0.974261402430614,0.0536168982622579
"set04",0.00864235929630118,0.0712810540695201,0.0491630430874349,-1.27410125247573,999,0.921,0.984,225,5,"coherent_strong","pcs3",FALSE,NA,NA
"set05",0.0512142749973817,0.0977717676398272,0.0534931061835562,-0.870345656927981,999,0.831,0.984,225,5,"coherent_strong","pcs3",FALSE,NA,NA
"set06",0.223537198994834,0.17625111151873,0.055090468989202,0.858335177458241,999,0.193,0.579,225,5,"coherent_strong","pcs3",FALSE,NA,NA
"set07",-0.0389195698016365,0.0350191840334392,0.0416295140031981,-1.77611378863072,999,0.977,0.984,225,5,"coherent_strong","pcs3",FALSE,NA,NA
"set08",0.027106130407127,0.127037022209385,0.0523146041234623,-1.91019111157605,999,0.984,0.984,225,5,"coherent_strong","pcs3",FALSE,NA,NA
"set09",0.151769625808066,0.211139266315738,0.0550283215036391,-1.07889244820498,999,0.87,0.984,225,5,"coherent_strong","pcs3",FALSE,NA,NA
"set10",0.030490971821998,0.0620249126576399,0.0469527061809515,-0.671610720670987,999,0.768,0.984,225,5,"coherent_strong","pcs3",FALSE,NA,NA
"set11",0.0204000023309587,0.0893961112259022,0.0505712636435003,-1.36433428639095,999,0.92,0.984,225,5,"coherent_strong","pcs3",FALSE,NA,NA
"set12",0.218290852888291,0.182270142355569,0.0512416035253673,0.702958300570937,999,0.251,0.6024,225,5,"coherent_strong","pcs3",FALSE,NA,NA
"set01",0.0349588653955263,-0.0250758467719109,0.0357941282772059,1.67722235620606,999,0.047,0.282,225,5,"coherent_strong","pcs10",TRUE,0.946893858139229,0.00262086005564299
"set02",0.00716478989056685,-0.0225332557043287,0.032764948938255,0.906396822130288,999,0.195,0.78,225,5,"coherent_strong","pcs10",TRUE,0.972406374493823,0.0120606707782969
"set03",0.0729407096656109,-0.0211067732793609,0.0344157752973989,2.7326852913315,999,0.009,0.108,225,5,"coherent_strong","pcs10",TRUE,0.985914843778013,0.0536168982622579
"set04",-0.0234077259334676,-0.0288476217483738,0.0347861367906787,0.156381142512033,999,0.442,0.906,225,5,"coherent_strong","pcs10",FALSE,NA,NA
"set05",-0.0782095366008576,-0.0257228441170609,0.0335811590837378,-1.56298037101448,999,0.945,0.945,225,5,"coherent_strong","pcs10",FALSE,NA,NA
"set06",-0.0530841337967083,-0.0209872565409322,0.0346572638632336,-0.926122655915322,999,0.839,0.945,225,5,"coherent_strong","pcs10",FALSE,NA,NA
"set07",-0.0660743689026047,-0.0239225763087943,0.0353040543956429,-1.19396463990869,999,0.902,0.945,225,5,"coherent_strong","pcs10",FALSE,NA,NA
"set08",-0.031164006655625,-0.0247256288560696,0.0351965254926213,-0.182926516451322,999,0.572,0.945,225,5,"coherent_strong","pcs10",FALSE,NA,NA
"set09",-0.00134038869583486,-0.0227834574056076,0.0336183387430742,0.637838439122464,999,0.272,0.816,225,5,"coherent_strong","pcs10",FALSE,NA,NA
"set10",-0.0516328881584962,-0.0267398000936846,0.034308567929581,-0.725564766092978,999,0.776,0.945,225,5,"coherent_strong","pcs10",FALSE,NA,NA
"set11",-0.075720819121597,-0.0243489601924859,0.0359541226180269,-1.4288169252489,999,0.937,0.945,225,5,"coherent_strong","pcs10",FALSE,NA,NA
"set12",-0.0141340720910775,-0.0180845870776044,0.0362581495258096,0.108955229050361,999,0.453,0.906,225,5,"coherent_strong","pcs10",FALSE,NA,NA
"set01",0.742902837907041,0.129112070321625,0.116214913212604,5.2815146577836,999,0.001,0.004,225,6,"coherent_weak","none",TRUE,0,0.00860899292134754
"set02",0.803078131315987,0.171112554593234,0.117537558917423,5.37671177233439,999,0.001,0.004,225,6,"coherent_weak","none",TRUE,0,0.0217195411596668
"set03",0.839263539615109,0.234622010229204,0.099351754078214,6.08586667639411,999,0.001,0.004,225,6,"coherent_weak","none",TRUE,0,0.00807847544603224
"set04",0.0626718463740502,0.167653337546441,0.128027327061367,-0.8199928373266,999,0.866,0.987,225,6,"coherent_weak","none",FALSE,NA,NA
"set05",0.187276448459621,0.156749095743433,0.111482699702664,0.273830404157845,999,0.398,0.796,225,6,"coherent_weak","none",FALSE,NA,NA
"set06",0.0575336580041258,0.207996946222322,0.10410254810001,-1.4453372272276,999,0.987,0.987,225,6,"coherent_weak","none",FALSE,NA,NA
"set07",0.602812585982064,0.176524866465955,0.13483356550146,3.16158456487226,999,0.013,0.039,225,6,"coherent_weak","none",FALSE,NA,NA
"set08",0.0773102464537092,0.195175882858775,0.109922963997335,-1.07225671614826,999,0.922,0.987,225,6,"coherent_weak","none",FALSE,NA,NA
"set09",0.18656518481034,0.212330466850267,0.0919920283882332,-0.28008168198216,999,0.612,0.987,225,6,"coherent_weak","none",FALSE,NA,NA
"set10",0.0162894260013967,0.119117008676995,0.112014426472549,-0.91798517310445,999,0.911,0.987,225,6,"coherent_weak","none",FALSE,NA,NA
"set11",0.0629143187768319,0.170947906251293,0.109825126304686,-0.983687350149235,999,0.916,0.987,225,6,"coherent_weak","none",FALSE,NA,NA
"set12",0.32475532514604,0.280184755606979,0.105559309063817,0.42223248649833,999,0.36,0.796,225,6,"coherent_weak","none",FALSE,NA,NA
"set01",0.735276243834939,0.133195613784504,0.112450835095011,5.35416770841879,999,0.001,0.004,225,6,"coherent_weak","libsize",TRUE,0.00860899292134754,0.00860899292134754
"set02",0.785187153101276,0.17902431122564,0.111931667829696,5.41547225757335,999,0.001,0.004,225,6,"coherent_weak","libsize",TRUE,0.0217195411596668,0.0217195411596668
"set03",0.841151072420429,0.248525697774572,0.0936738598540107,6.32647544970876,999,0.001,0.004,225,6,"coherent_weak","libsize",TRUE,0.00807847544603224,0.00807847544603224
"set04",0.0820978649449237,0.171497332949857,0.127258053243077,-0.702505387491435,999,0.792,0.977,225,6,"coherent_weak","libsize",FALSE,NA,NA
"set05",0.174310823110391,0.167363111567434,0.105874207081241,0.0656223242137358,999,0.479,0.888,225,6,"coherent_weak","libsize",FALSE,NA,NA
"set06",0.0917738945618269,0.226982761138329,0.0967607467291972,-1.39735245072993,999,0.977,0.977,225,6,"coherent_weak","libsize",FALSE,NA,NA
"set07",0.603451456971576,0.173328036373849,0.129685832057316,3.3166569838379,999,0.013,0.039,225,6,"coherent_weak","libsize",FALSE,NA,NA
"set08",0.0930417944671386,0.198690095675485,0.109390524764075,-0.96579024039057,999,0.902,0.977,225,6,"coherent_weak","libsize",FALSE,NA,NA
"set09",0.223433674109141,0.227118690186522,0.0893986785233454,-0.0412200285087971,999,0.518,0.888,225,6,"coherent_weak","libsize",FALSE,NA,NA
"set10",0.00624409209946577,0.12602904642325,0.110950797621967,-1.079622291062,999,0.953,0.977,225,6,"coherent_weak","libsize",FALSE,NA,NA
"set11",0.101574613940906,0.18000519959209,0.106964132148831,-0.733241920217283,999,0.824,0.977,225,6,"coherent_weak","libsize",FALSE,NA,NA
"set12",0.308718512419071,0.280854375831893,0.103579336088371,0.269012504225791,999,0.391,0.888,225,6,"coherent_weak","libsize",FALSE,NA,NA
"set01",0.709017940328363,0.0428232182423012,0.0469810178435884,14.1800827794747,999,0.001,0.004,225,6,"coherent_weak","pcs1",TRUE,0.116691603530101,0.00860899292134754
"set02",0.783565208040946,0.0904373160915131,0.0488254596775878,14.1960341290468,999,0.001,0.004,225,6,"coherent_weak","pcs1",TRUE,0.0229857075355216,0.0217195411596668
"set03",0.816959620467703,0.176872695294509,0.0481264428557999,13.3001087799294,999,0.001,0.004,225,6,"coherent_weak","pcs1",TRUE,0.269743018691198,0.00807847544603224
"set04",0.0425560929692602,0.0651791521760396,0.0461626169287285,-0.490073152518793,999,0.693,0.924,225,6,"coherent_weak","pcs1",FALSE,NA,NA
"set05",0.105926577481424,0.0868350233937519,0.0511505215712454,0.373242608310071,999,0.355,0.608571428571429,225,6,"coherent_weak","pcs1",FALSE,NA,NA
"set06",0.0857586983213551,0.154953317466271,0.0504914164299904,-1.37042341129127,999,0.936,0.936,225,6,"coherent_weak","pcs1",FALSE,NA,NA
"set07",0.100205596576221,0.0727845564612138,0.0501814509500016,0.546437769253194,999,0.297,0.594,225,6,"coherent_weak","pcs1",FALSE,NA,NA
"set08",0.0652041280076899,0.110406961783952,0.0499392033009963,-0.905157287027848,999,0.819,0.936,225,6,"coherent_weak","pcs1",FALSE,NA,NA
"set09",0.215822098794509,0.158328342996118,0.0531065043152023,1.08261231914549,999,0.14,0.336,225,6,"coherent_weak","pcs1",FALSE,NA,NA
"set10",-0.0215772476308825,0.0405634589073103,0.0444769849981316,-1.39714296148453,999,0.927,0.936,225,6,"coherent_weak","pcs1",FALSE,NA,NA
"set11",0.101553775148728,0.0963157403176779,0.0521795161364715,0.100384886999539,999,0.467,0.7005,225,6,"coherent_weak","pcs1",FALSE,NA,NA
"set12",0.280356271284292,0.202386157060069,0.0497486181252602,1.56728201028429,999,0.072,0.216,225,6,"coherent_weak","pcs1",FALSE,NA,NA
"set01",0.631640094681149,0.000498081201911991,0.0383859922420655,16.441987730816,999,0.001,0.004,225,6,"coherent_weak","pcs3",TRUE,0.308887998795071,0.00860899292134754
"set02",0.583534803776235,0.0150480634625656,0.0422023956379873,13.4704850689083,999,0.001,0.004,225,6,"coherent_weak","pcs3",TRUE,0.692993514529457,0.0217195411596668
"set03",0.573808913089987,0.0203339861226727,0.0417837020093668,13.2461917051591,999,0.001,0.004,225,6,"coherent_weak","pcs3",TRUE,0.822404702862553,0.00807847544603224
"set04",0.016326583625934,-0.000848226694483084,0.0396659311915876,0.4329864396089,999,0.347,0.594857142857143,225,6,"coherent_weak","pcs3",FALSE,NA,NA
"set05",-0.00835677625265222,0.00493250681579256,0.0379851794361268,-0.349854423902119,999,0.641,0.854666666666667,225,6,"coherent_weak","pcs3",FALSE,NA,NA
"set06",-0.0597878550094871,0.0250420033498993,0.0427356513855394,-1.98499041453924,999,0.983,0.983,225,6,"coherent_weak","pcs3",FALSE,NA,NA
"set07",0.0311508749472619,0.00331723849516289,0.0404311561655959,0.688420492802615,999,0.256,0.594857142857143,225,6,"coherent_weak","pcs3",FALSE,NA,NA
"set08",0.00714470706065454,0.0113796410931832,0.0435574456575524,-0.0972264091384876,999,0.537,0.8055,225,6,"coherent_weak","pcs3",FALSE,NA,NA
"set09",0.0515093776978871,0.0297400844458098,0.0395628905998961,0.550245265752511,999,0.305,0.594857142857143,225,6,"coherent_weak","pcs3",FALSE,NA,NA
"set10",-0.0411282585014092,-0.00167841395097508,0.0387942854708905,-1.01689834138163,999,0.863,0.941454545454545,225,6,"coherent_weak","pcs3",FALSE,NA,NA
"set11",-0.0206177745241351,0.010166180650533,0.0420917499266039,-0.73135365548704,999,0.786,0.941454545454545,225,6,"coherent_weak","pcs3",FALSE,NA,NA
"set12",0.0638819994399849,0.0403570073663453,0.0463999104494628,0.507005118021988,999,0.308,0.594857142857143,225,6,"coherent_weak","pcs3",FALSE,NA,NA
"set01",0.473417066214104,-0.017569811841249,0.035715791808782,13.7470528634515,999,0.001,0.004,225,6,"coherent_weak","pcs10",TRUE,0.448742431647724,0.00860899292134754
"set02",0.188146548923563,-0.0117023084185406,0.0360895271905721,5.53758591202357,999,0.001,0.004,225,6,"coherent_weak","pcs10",TRUE,0.828171409232897,0.0217195411596668
"set03",0.206724105306361,-0.0120070808053331,0.035961342799575,6.08239762710638,999,0.001,0.004,225,6,"coherent_weak","pcs10",TRUE,0.875423397592757,0.00807847544603224
"set04",0.0111103951091304,-0.0156740596378411,0.0355898135841253,0.752587666233761,999,0.219,0.5256,225,6,"coherent_weak","pcs10",FALSE,NA,NA
"set05",-0.0161194750558008,-0.0158308911482929,0.0329319046630792,-0.00876304940331747,999,0.506,0.759,225,6,"coherent_weak","pcs10",FALSE,NA,NA
"set06",-0.11692005280339,-0.0125435921108985,0.0343843693954142,-3.0355787390538,999,0.998,0.998,225,6,"coherent_weak","pcs10",FALSE,NA,NA
"set07",-0.024257442751367,-0.0164622990736385,0.0349641622056145,-0.222946674137007,999,0.583,0.777333333333333,225,6,"coherent_weak","pcs10",FALSE,NA,NA
"set08",-0.00991136343665638,-0.0149291985497509,0.0362214079786951,0.138532304322515,999,0.451,0.759,225,6,"coherent_weak","pcs10",FALSE,NA,NA
"set09",-0.00239416885377676,-0.0124290253632817,0.0350961322102167,0.285924854892806,999,0.398,0.759,225,6,"coherent_weak","pcs10",FALSE,NA,NA
"set10",-0.0477387818689675,-0.0144680396258259,0.034829340950108,-0.955250410589192,999,0.844,0.920727272727273,225,6,"coherent_weak","pcs10",FALSE,NA,NA
"set11",-0.0403638432362485,-0.0146184945363916,0.0375892778420049,-0.684912032842706,999,0.769,0.920727272727273,225,6,"coherent_weak","pcs10",FALSE,NA,NA
"set12",0.0204561302069336,-0.0091538031140104,0.0339860003665625,0.871239127922686,999,0.206,0.5256,225,6,"coherent_weak","pcs10",FALSE,NA,NA
"set01",0.873520956110819,0.156965347588502,0.116082175732034,6.17283061765163,999,0.001,0.004,225,6,"coherent_strong","none",TRUE,0,0.00358084752831378
"set02",0.866291272608443,0.229892905236908,0.109644535988899,5.80419591028201,999,0.001,0.004,225,6,"coherent_strong","none",TRUE,0,0.000149665013984723
"set03",0.89603280535003,0.345436988691335,0.0852339933496742,6.4598148581384,999,0.001,0.004,225,6,"coherent_strong","none",TRUE,0,0.0912135496340484
"set04",0.140886509295897,0.192084946166494,0.113511958713088,-0.451040026540341,999,0.691,0.753818181818182,225,6,"coherent_strong","none",FALSE,NA,NA
"set05",0.195408499831499,0.197337290810155,0.110186397374737,-0.0175048011788333,999,0.507,0.642,225,6,"coherent_strong","none",FALSE,NA,NA
"set06",0.304660008813024,0.273221848490586,0.108798460459139,0.288957768242,999,0.381,0.642,225,6,"coherent_strong","none",FALSE,NA,NA
"set07",0.563588567157446,0.224689503074926,0.133404138002465,2.5403939424747,999,0.029,0.087,225,6,"coherent_strong","none",FALSE,NA,NA
"set08",0.159748111273968,0.237075406372886,0.110458454241325,-0.70005773329016,999,0.797,0.797,225,6,"coherent_strong","none",FALSE,NA,NA
"set09",0.31278663292937,0.267224793036441,0.0990459583014127,0.460007058079819,999,0.342,0.642,225,6,"coherent_strong","none",FALSE,NA,NA
"set10",0.2249150893112,0.149051244721017,0.104028134234111,0.729262762893102,999,0.277,0.642,225,6,"coherent_strong","none",FALSE,NA,NA
"set11",0.225222839267128,0.231302291470552,0.105649275275259,-0.0575437189472849,999,0.535,0.642,225,6,"coherent_strong","none",FALSE,NA,NA
"set12",0.354337233041816,0.343532922651924,0.0916204219248457,0.117924695858251,999,0.457,0.642,225,6,"coherent_strong","none",FALSE,NA,NA
"set01",0.868398435244996,0.1508292730739,0.1138696389255,6.30167241191105,999,0.001,0.004,225,6,"coherent_strong","libsize",TRUE,0.00358084752831378,0.00358084752831378
"set02",0.865664775198987,0.212916907265077,0.100752281328778,6.47874032553011,999,0.001,0.004,225,6,"coherent_strong","libsize",TRUE,0.000149665013984723,0.000149665013984723
"set03",0.835193157294849,0.308752418591257,0.0773378890849058,6.80702233966635,999,0.001,0.004,225,6,"coherent_strong","libsize",TRUE,0.0912135496340484,0.0912135496340484
"set04",0.113399567740896,0.172912541790448,0.110212547098639,-0.539983655366289,999,0.736,0.791,225,6,"coherent_strong","libsize",FALSE,NA,NA
"set05",0.157776391393074,0.190135681710839,0.103732558467425,-0.311949216290912,999,0.654,0.7848,225,6,"coherent_strong","libsize",FALSE,NA,NA
"set06",0.316208238587655,0.257971851171353,0.0975043175278271,0.597269832689022,999,0.285,0.648,225,6,"coherent_strong","libsize",FALSE,NA,NA
"set07",0.565305572408878,0.196706082214958,0.124881101117281,2.9516034603807,999,0.019,0.057,225,6,"coherent_strong","libsize",FALSE,NA,NA
"set08",0.148337958832554,0.217425659638648,0.102381490608564,-0.674806553366547,999,0.791,0.791,225,6,"coherent_strong","libsize",FALSE,NA,NA
"set09",0.291504038058905,0.252601281041687,0.0910199040072704,0.427409339105775,999,0.35,0.648,225,6,"coherent_strong","libsize",FALSE,NA,NA
"set10",0.183628820226146,0.144825703766131,0.100168576285629,0.387378136925582,999,0.378,0.648,225,6,"coherent_strong","libsize",FALSE,NA,NA
"set11",0.194398555775264,0.212656986221827,0.0957979401671305,-0.190593142344278,999,0.577,0.7848,225,6,"coherent_strong","libsize",FALSE,NA,NA
"set12",0.285115530546246,0.307096298221546,0.0807707876152057,-0.272137592368386,999,0.592,0.7848,225,6,"coherent_strong","libsize",FALSE,NA,NA
"set01",0.860204076424889,0.0691450280915861,0.0523473824523172,15.1117211840319,999,0.001,0.004,225,6,"coherent_strong","pcs1",TRUE,0.127832797123287,0.00358084752831378
"set02",0.865509945242161,0.137811448462081,0.0558442927874621,13.0308481038452,999,0.001,0.004,225,6,"coherent_strong","pcs1",TRUE,0.00115649069790835,0.000149665013984723
"set03",0.842430821451427,0.25770914666338,0.0501416782195692,11.6613901957482,999,0.001,0.004,225,6,"coherent_strong","pcs1",TRUE,0.365707884992044,0.0912135496340484
"set04",0.0802854920694635,0.0905403876562294,0.054353119580248,-0.188671702120526,999,0.593,0.593,225,6,"coherent_strong","pcs1",FALSE,NA,NA
"set05",0.111773091487733,0.114944501589309,0.0569820706975717,-0.0556562803483975,999,0.522,0.569454545454545,225,6,"coherent_strong","pcs1",FALSE,NA,NA
"set06",0.324271681242659,0.188073468357996,0.0597728231860412,2.27859762388585,999,0.01,0.03,225,6,"coherent_strong","pcs1",FALSE,NA,NA
"set07",0.244609772844337,0.102701809766709,0.0554055516636017,2.56125891389425,999,0.013,0.0312,225,6,"coherent_strong","pcs1",FALSE,NA,NA
"set08",0.142141971143809,0.143196637256138,0.0588378339337654,-0.0179249649726435,999,0.513,0.569454545454545,225,6,"coherent_strong","pcs1",FALSE,NA,NA
"set09",0.302022018303919,0.192260511224348,0.0622871102267761,1.7621865371495,999,0.033,0.066,225,6,"coherent_strong","pcs1",FALSE,NA,NA
"set10",0.150325830642264,0.0664094999092529,0.0488382813658215,1.7182490535332,999,0.055,0.0942857142857143,225,6,"coherent_strong","pcs1",FALSE,NA,NA
"set11",0.192243325903454,0.13700317844809,0.0581147577646136,0.950535622622875,999,0.166,0.249,225,6,"coherent_strong","pcs1",FALSE,NA,NA
"set12",0.280742550319298,0.245553997129388,0.0546050208541834,0.644419737223015,999,0.247,0.329333333333333,225,6,"coherent_strong","pcs1",FALSE,NA,NA
"set01",0.795517513206865,0.0276753436214737,0.0444129374708787,17.2887048979559,999,0.001,0.004,225,6,"coherent_strong","pcs3",TRUE,0.491629764858926,0.00358084752831378
"set02",0.724549805664279,0.0756775580482583,0.045691788554545,14.2010691229875,999,0.001,0.004,225,6,"coherent_strong","pcs3",TRUE,0.933792345170111,0.000149665013984723
"set03",0.7832204278051,0.12891762601289,0.0469471638010935,13.9370038318901,999,0.001,0.004,225,6,"coherent_strong","pcs3",TRUE,0.970112345632516,0.0912135496340484
"set04",0.0449578564089249,0.0384199016710066,0.0430292075917998,0.151942252805144,999,0.445,0.6675,225,6,"coherent_strong","pcs3",FALSE,NA,NA
"set05",0.0561589063949762,0.0600649880999009,0.0441498495972006,-0.0884732731948492,999,0.542,0.722666666666667,225,6,"coherent_strong","pcs3",FALSE,NA,NA
"set06",0.182508628980759,0.122379658507264,0.0494910256559077,1.21494694596852,999,0.129,0.258,225,6,"coherent_strong","pcs3",FALSE,NA,NA
"set07",0.137172625263093,0.049694954333898,0.0463083937757396,1.88902407958325,999,0.034,0.0816,225,6,"coherent_strong","pcs3",FALSE,NA,NA
"set08",0.0124663011433596,0.0822950300641529,0.0470978018357516,-1.48263244141018,999,0.93,0.93,225,6,"coherent_strong","pcs3",FALSE,NA,NA
"set09",0.144970585604994,0.13030476789695,0.0495784972658673,0.295810049050054,999,0.384,0.658285714285714,225,6,"coherent_strong","pcs3",FALSE,NA,NA
"set10",0.149042464501271,0.0204253709318671,0.0405678943684012,3.17041580717547,999,0.005,0.015,225,6,"coherent_strong","pcs3",FALSE,NA,NA
"set11",0.0566422336245638,0.0779650783984273,0.0458540734416659,-0.465015279416555,999,0.688,0.8256,225,6,"coherent_strong","pcs3",FALSE,NA,NA
"set12",0.121782055415328,0.178117670162132,0.0461555159693917,-1.22056082709949,999,0.867,0.93,225,6,"coherent_strong","pcs3",FALSE,NA,NA
"set01",0.052675717905369,-0.0210294550063131,0.0354266069823303,2.08050330500022,999,0.024,0.096,225,6,"coherent_strong","pcs10",TRUE,0.937594444610192,0.00358084752831378
"set02",0.00366179432452361,-0.0235675982217252,0.0363080008401666,0.749955709930622,999,0.244,0.418285714285714,225,6,"coherent_strong","pcs10",TRUE,0.968944358168032,0.000149665013984723
"set03",0.10512357269093,-0.0213144569845677,0.0337390339209698,3.7475296409395,999,0.001,0.012,225,6,"coherent_strong","pcs10",TRUE,0.984422755500926,0.0912135496340484
"set04",-0.00900750993909121,-0.0231904556811737,0.0354497491465639,0.400085926798645,999,0.345,0.5175,225,6,"coherent_strong","pcs10",FALSE,NA,NA
"set05",-0.0340759581363648,-0.0228433697050451,0.0323540972982314,-0.347176690722683,999,0.636,0.7632,225,6,"coherent_strong","pcs10",FALSE,NA,NA
"set06",-0.0206779838041439,-0.0215594642453491,0.034341403553407,0.0256681541811274,999,0.49,0.653333333333333,225,6,"coherent_strong","pcs10",FALSE,NA,NA
"set07",0.0325139789865204,-0.0229504333657492,0.0350762931470692,1.58125067890487,999,0.07,0.21,225,6,"coherent_strong","pcs10",FALSE,NA,NA
"set08",-0.0782046401168573,-0.0223281939942277,0.0328526161985032,-1.70082180928944,999,0.962,0.962,225,6,"coherent_strong","pcs10",FALSE,NA,NA
"set09",0.0217274280721891,-0.0214271774120206,0.0369549776964509,1.16776164333484,999,0.134,0.3216,225,6,"coherent_strong","pcs10",FALSE,NA,NA
"set10",0.0671972990527797,-0.0216230207939578,0.0337735255440864,2.62988001447452,999,0.011,0.066,225,6,"coherent_strong","pcs10",FALSE,NA,NA
"set11",0.0111173334837581,-0.0222090087833567,0.0352028349653237,0.94669484147918,999,0.17,0.34,225,6,"coherent_strong","pcs10",FALSE,NA,NA
"set12",-0.0501426986476768,-0.018942962008325,0.0338820872198273,-0.920832782140238,999,0.863,0.941454545454545,225,6,"coherent_strong","pcs10",FALSE,NA,NA
"set01",0.709661287411238,0.114410493085888,0.12165410992147,4.89297726734915,999,0.001,0.004,225,7,"coherent_weak","none",TRUE,1.11022302462516e-16,0.020453797082587
"set02",0.747508800350222,0.167981699503591,0.118663897455009,4.88376931211411,999,0.001,0.004,225,7,"coherent_weak","none",TRUE,1.11022302462516e-16,0.00279785928431264
"set03",0.856494325076704,0.282220977200581,0.104180306239032,5.51230235932028,999,0.001,0.004,225,7,"coherent_weak","none",TRUE,0,0.0449867349345089
"set04",0.157212094714487,0.133329169366894,0.108220768772763,0.220687078999978,999,0.422,0.798857142857143,225,7,"coherent_weak","none",FALSE,NA,NA
"set05",0.285697183198775,0.202895149420053,0.113191075714465,0.731524400276916,999,0.293,0.798857142857143,225,7,"coherent_weak","none",FALSE,NA,NA
"set06",0.238125494180695,0.275046091830998,0.0946846118564227,-0.389932396895578,999,0.665,0.93,225,7,"coherent_weak","none",FALSE,NA,NA
"set07",0.049007131725612,0.152522268076376,0.12213536122987,-0.84754435823004,999,0.876,0.93,225,7,"coherent_weak","none",FALSE,NA,NA
"set08",0.178973601881715,0.170337939256345,0.105654978594191,0.0817345546823515,999,0.466,0.798857142857143,225,7,"coherent_weak","none",FALSE,NA,NA
"set09",0.262074458543328,0.2229062266545,0.0939935179006098,0.416712053806147,999,0.36,0.798857142857143,225,7,"coherent_weak","none",FALSE,NA,NA
"set10",0.0332144205344368,0.14841392474826,0.106494493461469,-1.08174141656914,999,0.93,0.93,225,7,"coherent_weak","none",FALSE,NA,NA
"set11",0.136721483984569,0.198289775382204,0.111211401587539,-0.5536149218403,999,0.725,0.93,225,7,"coherent_weak","none",FALSE,NA,NA
"set12",0.144744344279296,0.250229237845833,0.0996254474631359,-1.05881475318412,999,0.912,0.93,225,7,"coherent_weak","none",FALSE,NA,NA
"set01",0.688209138399327,0.118851147084633,0.120399317692778,4.72891376982318,999,0.002,0.008,225,7,"coherent_weak","libsize",TRUE,0.020453797082587,0.020453797082587
"set02",0.750092206320023,0.174252021818983,0.114195189899928,5.04259579589702,999,0.001,0.006,225,7,"coherent_weak","libsize",TRUE,0.00279785928431264,0.00279785928431264
"set03",0.846302362348523,0.275271972215168,0.102275428583921,5.5832607894163,999,0.001,0.006,225,7,"coherent_weak","libsize",TRUE,0.0449867349345089,0.0449867349345089
"set04",0.154873227039241,0.130927140440725,0.105291577409655,0.227426420874575,999,0.441,0.756,225,7,"coherent_weak","libsize",FALSE,NA,NA
"set05",0.269339747708286,0.20038928094701,0.115537315318401,0.596780932387598,999,0.323,0.756,225,7,"coherent_weak","libsize",FALSE,NA,NA
"set06",0.200519476791772,0.277669502432097,0.092872513315544,-0.830708924374634,999,0.839,0.95,225,7,"coherent_weak","libsize",FALSE,NA,NA
"set07",0.0534014262842965,0.150099459939321,0.117255253703924,-0.824679752936212,999,0.872,0.95,225,7,"coherent_weak","libsize",FALSE,NA,NA
"set08",0.194036454474343,0.173778591448932,0.105385359063302,0.192226540816199,999,0.435,0.756,225,7,"coherent_weak","libsize",FALSE,NA,NA
"set09",0.254995473722836,0.230716877048938,0.0929676982321189,0.261150885044823,999,0.406,0.756,225,7,"coherent_weak","libsize",FALSE,NA,NA
"set10",0.028123819849656,0.149678000167916,0.1070937397497,-1.13502601181317,999,0.95,0.95,225,7,"coherent_weak","libsize",FALSE,NA,NA
"set11",0.136153379195826,0.199197442819693,0.112468554661142,-0.560548357839345,999,0.726,0.95,225,7,"coherent_weak","libsize",FALSE,NA,NA
"set12",0.144083805971175,0.257091306081009,0.0967011802601873,-1.16862586170895,999,0.936,0.95,225,7,"coherent_weak","libsize",FALSE,NA,NA
"set01",0.685970571126494,0.0295417624261757,0.0431744540327743,15.2041021341466,999,0.001,0.004,225,7,"coherent_weak","pcs1",TRUE,0.132388725176361,0.020453797082587
"set02",0.748294328999648,0.0858039477177473,0.0489517398779466,13.5335410535706,999,0.001,0.004,225,7,"coherent_weak","pcs1",TRUE,0.00581554620951696,0.00279785928431264
"set03",0.825292597694852,0.196892542416001,0.051258608119486,12.2594053629787,999,0.001,0.004,225,7,"coherent_weak","pcs1",TRUE,0.299534076094484,0.0449867349345089
"set04",0.0708595695690277,0.0493155554635954,0.0488334608329199,0.441173198417035,999,0.324,0.648,225,7,"coherent_weak","pcs1",FALSE,NA,NA
"set05",0.141993648243439,0.108648206513168,0.0543102181196106,0.61398099445728,999,0.266,0.6384,225,7,"coherent_weak","pcs1",FALSE,NA,NA
"set06",0.147872412192857,0.203595302955135,0.0536714609514187,-1.03822198566042,999,0.849,0.863,225,7,"coherent_weak","pcs1",FALSE,NA,NA
"set07",0.0322949836937316,0.060128251775978,0.049751503857191,-0.559445763933896,999,0.712,0.863,225,7,"coherent_weak","pcs1",FALSE,NA,NA
"set08",0.17553814563439,0.0886672225847291,0.0531495915755461,1.63446078275473,999,0.039,0.117,225,7,"coherent_weak","pcs1",FALSE,NA,NA
"set09",0.157197127790912,0.163508970986538,0.0525424781075734,-0.120128387981679,999,0.549,0.863,225,7,"coherent_weak","pcs1",FALSE,NA,NA
"set10",0.0234063340657381,0.055743726901946,0.0465460239952565,-0.694740174574381,999,0.768,0.863,225,7,"coherent_weak","pcs1",FALSE,NA,NA
"set11",0.0700265467657125,0.111206712829379,0.0515294367674953,-0.799158086075629,999,0.804,0.863,225,7,"coherent_weak","pcs1",FALSE,NA,NA
"set12",0.125999163798007,0.181409236338726,0.051378303266955,-1.07847221526207,999,0.863,0.863,225,7,"coherent_weak","pcs1",FALSE,NA,NA
"set01",0.655876611752134,-0.0132618062052171,0.0353366498144771,18.9361023603096,999,0.001,0.004,225,7,"coherent_weak","pcs3",TRUE,0.271691421496505,0.020453797082587
"set02",0.647632142092149,-0.00291905791145341,0.0349580397648067,18.6094873848886,999,0.001,0.004,225,7,"coherent_weak","pcs3",TRUE,0.530587917297856,0.00279785928431264
"set03",0.506448536268146,-0.000551658664704644,0.0346903331003008,14.6150281540091,999,0.001,0.004,225,7,"coherent_weak","pcs3",TRUE,0.880376005411674,0.0449867349345089
"set04",-0.00847673611245723,-0.00968354457484511,0.0369271249675371,0.0326808129105312,999,0.485,0.745090909090909,225,7,"coherent_weak","pcs3",FALSE,NA,NA
"set05",-0.00842005384855541,-0.0053333789495184,0.0355965682004743,-0.0867127101032137,999,0.53,0.745090909090909,225,7,"coherent_weak","pcs3",FALSE,NA,NA
"set06",-0.026562140686971,0.00203980120380301,0.0367926309473941,-0.777382349516374,999,0.778,0.778,225,7,"coherent_weak","pcs3",FALSE,NA,NA
"set07",-0.0221929160010279,-0.00574072825557626,0.03758808194163,-0.437696921353955,999,0.658,0.745090909090909,225,7,"coherent_weak","pcs3",FALSE,NA,NA
"set08",0.0675688334669844,-0.00658551894289065,0.0384668134144222,1.9277487742739,999,0.032,0.096,225,7,"coherent_weak","pcs3",FALSE,NA,NA
"set09",-0.0129689121991597,0.00151596456900951,0.0393600908693088,-0.368009230879694,999,0.631,0.745090909090909,225,7,"coherent_weak","pcs3",FALSE,NA,NA
"set10",-0.0201591214304401,-0.00957123545203411,0.033831585688311,-0.312958608442173,999,0.624,0.745090909090909,225,7,"coherent_weak","pcs3",FALSE,NA,NA
"set11",-0.0206628902635131,-0.00380119040333587,0.037309558503592,-0.451940482183779,999,0.683,0.745090909090909,225,7,"coherent_weak","pcs3",FALSE,NA,NA
"set12",-0.00905680350395793,0.00167162149706023,0.0376195667885131,-0.285182045325786,999,0.613,0.745090909090909,225,7,"coherent_weak","pcs3",FALSE,NA,NA
"set01",0.441452767736997,-0.0205391853642146,0.0338169046569316,13.6615683128916,999,0.001,0.004,225,7,"coherent_weak","pcs10",TRUE,0.531889408492577,0.020453797082587
"set02",0.333279985331125,-0.0152044073987566,0.0338318818252283,10.3004732202044,999,0.001,0.004,225,7,"coherent_weak","pcs10",TRUE,0.692986514884209,0.00279785928431264
"set03",0.191987575657394,-0.0157342309111453,0.0332360127277198,6.24990152309376,999,0.001,0.004,225,7,"coherent_weak","pcs10",TRUE,0.911294313596052,0.0449867349345089
"set04",-0.022806121887432,-0.0162116338365664,0.0342346943558123,-0.192625877781381,999,0.579,0.866666666666667,225,7,"coherent_weak","pcs10",FALSE,NA,NA
"set05",-0.000761608169825852,-0.0168964215353661,0.0353839583612973,0.455992322871045,999,0.328,0.7872,225,7,"coherent_weak","pcs10",FALSE,NA,NA
"set06",-0.0643492512792028,-0.0146540068558612,0.0343862843497244,-1.44520541730877,999,0.921,0.921,225,7,"coherent_weak","pcs10",FALSE,NA,NA
"set07",-0.0551804366765614,-0.0150218040605072,0.0384246125185513,-1.04512784863259,999,0.86,0.921,225,7,"coherent_weak","pcs10",FALSE,NA,NA
"set08",0.0222394035258256,-0.0186680990590513,0.0350230251843481,1.16801739340206,999,0.124,0.372,225,7,"coherent_weak","pcs10",FALSE,NA,NA
"set09",-0.0574825668648289,-0.0150556745520779,0.0364060869878206,-1.16537908418844,999,0.899,0.921,225,7,"coherent_weak","pcs10",FALSE,NA,NA
"set10",-0.0251781376236427,-0.0172295267779446,0.0334976507131652,-0.237288606110343,999,0.606,0.866666666666667,225,7,"coherent_weak","pcs10",FALSE,NA,NA
"set11",-0.0288665754903871,-0.0150678668939849,0.0346255811315129,-0.398511971365701,999,0.65,0.866666666666667,225,7,"coherent_weak","pcs10",FALSE,NA,NA
"set12",-0.0192454708575617,-0.0160202677294213,0.035093380677521,-0.091903460592108,999,0.533,0.866666666666667,225,7,"coherent_weak","pcs10",FALSE,NA,NA
"set01",0.874477536930423,0.158748706000694,0.113814827846201,6.28853765782522,999,0.001,0.004,225,7,"coherent_strong","none",TRUE,1.11022302462516e-16,0.0119695501344153
"set02",0.839874273708384,0.220992392158166,0.103436562995538,5.98320229933503,999,0.001,0.004,225,7,"coherent_strong","none",TRUE,1.11022302462516e-16,0.0497595542451222
"set03",0.891328433245209,0.414573289427989,0.0758689499031881,6.28392965008188,999,0.001,0.004,225,7,"coherent_strong","none",TRUE,0,0.197911380422999
"set04",0.194600935961358,0.187339082961363,0.124351221780302,0.0583979224009941,999,0.482,0.723,225,7,"coherent_strong","none",FALSE,NA,NA
"set05",0.209132052338584,0.267120788968756,0.10872661383656,-0.533344455271478,999,0.709,0.773454545454545,225,7,"coherent_strong","none",FALSE,NA,NA
"set06",0.414965139662439,0.35127058331973,0.0928267455903917,0.686165995991806,999,0.256,0.723,225,7,"coherent_strong","none",FALSE,NA,NA
"set07",0.136559010685262,0.218032486983983,0.130432174633374,-0.624642474356734,999,0.783,0.783,225,7,"coherent_strong","none",FALSE,NA,NA
"set08",0.176588578804917,0.213615408522479,0.101243790016482,-0.365719514367589,999,0.664,0.773454545454545,225,7,"coherent_strong","none",FALSE,NA,NA
"set09",0.326200213435404,0.302560613143985,0.105282062279456,0.224535877998579,999,0.419,0.723,225,7,"coherent_strong","none",FALSE,NA,NA
"set10",0.168245907933666,0.197932484591713,0.116101709226796,-0.25569457035346,999,0.601,0.773454545454545,225,7,"coherent_strong","none",FALSE,NA,NA
"set11",0.25990385208737,0.245757659761723,0.11020902930036,0.128357834339448,999,0.454,0.723,225,7,"coherent_strong","none",FALSE,NA,NA
"set12",0.344986679991888,0.334065740451627,0.101678374860615,0.107406708213338,999,0.466,0.723,225,7,"coherent_strong","none",FALSE,NA,NA
"set01",0.862177946543784,0.137880255560798,0.109738402213254,6.60022085591751,999,0.001,0.004,225,7,"coherent_strong","libsize",TRUE,0.0119695501344153,0.0119695501344153
"set02",0.823893669206925,0.172861174253231,0.0943195859715891,6.90241044049745,999,0.001,0.004,225,7,"coherent_strong","libsize",TRUE,0.0497595542451222,0.0497595542451222
"set03",0.774337155704936,0.30193663366638,0.0802846300047245,5.88407173341593,999,0.001,0.004,225,7,"coherent_strong","libsize",TRUE,0.197911380422999,0.197911380422999
"set04",0.161139572331065,0.159419408102042,0.120686989425979,0.0142531041432417,999,0.497,0.877090909090909,225,7,"coherent_strong","libsize",FALSE,NA,NA
"set05",0.159493648565565,0.211486546555915,0.108338565178997,-0.479911266172371,999,0.729,0.877090909090909,225,7,"coherent_strong","libsize",FALSE,NA,NA
"set06",0.29752638925368,0.268424363572911,0.0831065036224544,0.350177476036986,999,0.376,0.877090909090909,225,7,"coherent_strong","libsize",FALSE,NA,NA
"set07",0.0495836256960011,0.178763684688456,0.130762703658049,-0.987896819036931,999,0.935,0.935,225,7,"coherent_strong","libsize",FALSE,NA,NA
"set08",0.114558891188691,0.180738255886337,0.0948960949770465,-0.697387650289016,999,0.804,0.877090909090909,225,7,"coherent_strong","libsize",FALSE,NA,NA
"set09",0.238314813812647,0.245023360560314,0.0939834045440492,-0.0713801205671624,999,0.528,0.877090909090909,225,7,"coherent_strong","libsize",FALSE,NA,NA
"set10",0.101968867602031,0.16156928117165,0.11150143168874,-0.534525993675086,999,0.738,0.877090909090909,225,7,"coherent_strong","libsize",FALSE,NA,NA
"set11",0.192873085633103,0.20290325525943,0.108517999512963,-0.0924286263232211,999,0.525,0.877090909090909,225,7,"coherent_strong","libsize",FALSE,NA,NA
"set12",0.226015317106105,0.258292357437192,0.0899418315192779,-0.358865722277062,999,0.662,0.877090909090909,225,7,"coherent_strong","libsize",FALSE,NA,NA
"set01",0.866658102010947,0.0540782891124047,0.0461841155510227,17.5943569169541,999,0.001,0.004,225,7,"coherent_strong","pcs1",TRUE,0.137772251916468,0.0119695501344153
"set02",0.821984341923866,0.097520436553818,0.0465843867760197,15.5516462812596,999,0.001,0.004,225,7,"coherent_strong","pcs1",TRUE,0.0542840607308361,0.0497595542451222
"set03",0.761823207852558,0.242723654576568,0.0390065027820361,13.3080260021428,999,0.001,0.004,225,7,"coherent_strong","pcs1",TRUE,0.457366558172296,0.197911380422999
"set04",0.0975605775190716,0.0725635686304595,0.0463020113067221,0.539868748314677,999,0.306,0.524571428571429,225,7,"coherent_strong","pcs1",FALSE,NA,NA
"set05",0.0982873342289123,0.129393230177804,0.0477764634445401,-0.651071546662309,999,0.745,0.837818181818182,225,7,"coherent_strong","pcs1",FALSE,NA,NA
"set06",0.239853848358488,0.212180426187159,0.0466391292221165,0.593352033644024,999,0.262,0.524571428571429,225,7,"coherent_strong","pcs1",FALSE,NA,NA
"set07",0.0110461208880347,0.0771353170944559,0.049982756710423,-1.32223991944485,999,0.934,0.934,225,7,"coherent_strong","pcs1",FALSE,NA,NA
"set08",0.0717308811804678,0.10513226425028,0.0463024895090213,-0.721373373742774,999,0.768,0.837818181818182,225,7,"coherent_strong","pcs1",FALSE,NA,NA
"set09",0.173261415241321,0.18216847178519,0.0480898583698322,-0.185216942736024,999,0.561,0.748,225,7,"coherent_strong","pcs1",FALSE,NA,NA
"set10",0.0924849925121445,0.0749018386791836,0.0452358361649335,0.38869965327603,999,0.363,0.5445,225,7,"coherent_strong","pcs1",FALSE,NA,NA
"set11",0.190161065540492,0.120113031342445,0.0470145697142842,1.48992183962845,999,0.07,0.21,225,7,"coherent_strong","pcs1",FALSE,NA,NA
"set12",0.223867560865413,0.194665022114511,0.0482893977897366,0.604740172533469,999,0.277,0.524571428571429,225,7,"coherent_strong","pcs1",FALSE,NA,NA
"set01",0.82130778633656,0.0255495982140279,0.0429792174837356,18.5149529170387,999,0.001,0.004,225,7,"coherent_strong","pcs3",TRUE,0.485939905692361,0.0119695501344153
"set02",0.754685626970236,0.0624802007059468,0.0466701065245262,14.8318801436744,999,0.001,0.004,225,7,"coherent_strong","pcs3",TRUE,0.932242411971851,0.0497595542451222
"set03",0.75955969364826,0.173866526190575,0.0471990312591113,12.4090082324438,999,0.001,0.004,225,7,"coherent_strong","pcs3",TRUE,0.973007720256972,0.197911380422999
"set04",0.0672586957751691,0.0398960161649078,0.0430944969695967,0.634946026393248,999,0.263,0.526,225,7,"coherent_strong","pcs3",FALSE,NA,NA
"set05",0.0285242927689814,0.0943999678522609,0.0462832279643167,-1.42331634980317,999,0.915,0.973,225,7,"coherent_strong","pcs3",FALSE,NA,NA
"set06",0.230673753552603,0.18364928034914,0.0491330486119778,0.957084376644984,999,0.17,0.4368,225,7,"coherent_strong","pcs3",FALSE,NA,NA
"set07",-0.0357893389225008,0.04182347894543,0.0458338952061722,-1.69334981281449,999,0.973,0.973,225,7,"coherent_strong","pcs3",FALSE,NA,NA
"set08",0.0394623681145248,0.0698743741774331,0.0475058357709017,-0.64017410849419,999,0.756,0.973,225,7,"coherent_strong","pcs3",FALSE,NA,NA
"set09",0.0861841447763791,0.149164955422105,0.0486711107012878,-1.29400808278779,999,0.912,0.973,225,7,"coherent_strong","pcs3",FALSE,NA,NA
"set10",0.0477843074930805,0.0451230675304692,0.0420960114730819,0.0632183399207094,999,0.472,0.809142857142857,225,7,"coherent_strong","pcs3",FALSE,NA,NA
"set11",0.129299829889993,0.0882276797262557,0.0439357833287221,0.934822303188282,999,0.182,0.4368,225,7,"coherent_strong","pcs3",FALSE,NA,NA
"set12",0.148439637252774,0.162973029161233,0.0527084475736059,-0.275731738981005,999,0.624,0.936,225,7,"coherent_strong","pcs3",FALSE,NA,NA
"set01",0.0377601240421794,-0.0232968271817353,0.0360538521843358,1.69349313664857,999,0.057,0.342,225,7,"coherent_strong","pcs10",TRUE,0.941270702230205,0.0119695501344153
"set02",-0.00487641635865035,-0.0268032088419409,0.0327319283173584,0.669890031247024,999,0.273,0.546,225,7,"coherent_strong","pcs10",TRUE,0.967767680594235,0.0497595542451222
"set03",0.0774444922220826,-0.0188007435195917,0.0332517241893819,2.89444346384924,999,0.006,0.072,225,7,"coherent_strong","pcs10",TRUE,0.986350634480931,0.197911380422999
"set04",0.00694059121054581,-0.0235159827153111,0.0307212230054475,0.991385464063602,999,0.189,0.4536,225,7,"coherent_strong","pcs10",FALSE,NA,NA
"set05",-0.0504722804372811,-0.0234195100974457,0.0353771533226766,-0.764696076393877,999,0.786,0.890181818181818,225,7,"coherent_strong","pcs10",FALSE,NA,NA
"set06",0.0296106834513847,-0.0212591549583113,0.0356218193392033,1.42805278768319,999,0.091,0.364,225,7,"coherent_strong","pcs10",FALSE,NA,NA
"set07",-0.0903263199568736,-0.0252850590652248,0.0323235357234282,-2.01219512147945,999,0.98,0.98,225,7,"coherent_strong","pcs10",FALSE,NA,NA
"set08",-0.0532895272130687,-0.0214395731143161,0.0341645010209225,-0.932252869118373,999,0.816,0.890181818181818,225,7,"coherent_strong","pcs10",FALSE,NA,NA
"set09",-0.0373982475867299,-0.0179492295996589,0.0356647975142943,-0.545328148274944,999,0.703,0.890181818181818,225,7,"coherent_strong","pcs10",FALSE,NA,NA
"set10",-0.0190937097793547,-0.0217039912981495,0.0343945072163959,0.0758923947469875,999,0.472,0.708,225,7,"coherent_strong","pcs10",FALSE,NA,NA
"set11",0.0186611975526295,-0.0219133982406737,0.0331220525475329,1.22500245825875,999,0.135,0.405,225,7,"coherent_strong","pcs10",FALSE,NA,NA
"set12",-0.00311408147946968,-0.0185791937110304,0.0384213477087916,0.40251352838469,999,0.351,0.601714285714286,225,7,"coherent_strong","pcs10",FALSE,NA,NA
"set01",0.746074740117334,0.164823728985746,0.12340136755019,4.7102477279693,999,0.002,0.008,225,8,"coherent_weak","none",TRUE,0,0.023698509857265
"set02",0.785873229278135,0.184860828905309,0.109680311008248,5.47967447254623,999,0.001,0.006,225,8,"coherent_weak","none",TRUE,0,0.00743552644396683
"set03",0.841570077847331,0.286232087217736,0.0979290160250994,5.67082171526426,999,0.001,0.006,225,8,"coherent_weak","none",TRUE,0,0.000498273955842121
"set04",0.103194597567687,0.163378987008387,0.123877331025015,-0.485838602936532,999,0.737,0.826909090909091,225,8,"coherent_weak","none",FALSE,NA,NA
"set05",-0.0334112742809794,0.193338917243605,0.108675496588619,-2.08648866250805,999,1,1,225,8,"coherent_weak","none",FALSE,NA,NA
"set06",0.396791998305126,0.26239556511949,0.0951299212145908,1.41276720793733,999,0.142,0.426,225,8,"coherent_weak","none",FALSE,NA,NA
"set07",0.255979564216165,0.136596813583495,0.115083375226937,1.03735878789838,999,0.238,0.476,225,8,"coherent_weak","none",FALSE,NA,NA
"set08",0.247670357992942,0.207011479032132,0.110947451789392,0.366469696284616,999,0.366,0.627428571428571,225,8,"coherent_weak","none",FALSE,NA,NA
"set09",0.192641950256902,0.256457653185743,0.101579427552007,-0.628234520185383,999,0.758,0.826909090909091,225,8,"coherent_weak","none",FALSE,NA,NA
"set10",0.108870985477121,0.159192920644176,0.125250956521786,-0.401768869192644,999,0.678,0.826909090909091,225,8,"coherent_weak","none",FALSE,NA,NA
"set11",0.196053557402151,0.174992933252507,0.116300881469594,0.181087399196972,999,0.429,0.6435,225,8,"coherent_weak","none",FALSE,NA,NA
"set12",0.395716256261966,0.292007114723331,0.0964560496254406,1.07519582173809,999,0.197,0.4728,225,8,"coherent_weak","none",FALSE,NA,NA
"set01",0.72189061193807,0.167733259517309,0.124236714053114,4.46049588999791,999,0.002,0.008,225,8,"coherent_weak","libsize",TRUE,0.023698509857265,0.023698509857265
"set02",0.773609232771771,0.195000792194795,0.102229733157884,5.65988409344049,999,0.001,0.006,225,8,"coherent_weak","libsize",TRUE,0.00743552644396683,0.00743552644396683
"set03",0.84763230413331,0.302545354801289,0.0980577008830182,5.55883876965772,999,0.001,0.006,225,8,"coherent_weak","libsize",TRUE,0.000498273955842121,0.000498273955842121
"set04",0.108025941951315,0.167618925836464,0.123636039596085,-0.482003338830957,999,0.738,0.805090909090909,225,8,"coherent_weak","libsize",FALSE,NA,NA
"set05",-0.0270747396342355,0.20506381199255,0.10993306050691,-2.11163548577995,999,1,1,225,8,"coherent_weak","libsize",FALSE,NA,NA
"set06",0.43403801109991,0.282192170015235,0.0906647007520195,1.67480662071553,999,0.108,0.324,225,8,"coherent_weak","libsize",FALSE,NA,NA
"set07",0.259630360976949,0.144281571598706,0.114217484882235,1.00990482759425,999,0.238,0.476,225,8,"coherent_weak","libsize",FALSE,NA,NA
"set08",0.252285007764398,0.212901941020615,0.108413895471357,0.363265857873246,999,0.369,0.632571428571429,225,8,"coherent_weak","libsize",FALSE,NA,NA
"set09",0.224443392900897,0.274132084234488,0.0996465511647271,-0.498649383774959,999,0.721,0.805090909090909,225,8,"coherent_weak","libsize",FALSE,NA,NA
"set10",0.112408278852073,0.160283316031361,0.122519010574401,-0.390755989252919,999,0.676,0.805090909090909,225,8,"coherent_weak","libsize",FALSE,NA,NA
"set11",0.19361255420177,0.187650682023554,0.112611962322485,0.0529417306586279,999,0.48,0.72,225,8,"coherent_weak","libsize",FALSE,NA,NA
"set12",0.399713764797709,0.303197832596707,0.0896634755150652,1.07642416989274,999,0.205,0.476,225,8,"coherent_weak","libsize",FALSE,NA,NA
"set01",0.699979528844443,0.0701434724830402,0.0486402109684606,12.9488759160564,999,0.001,0.004,225,8,"coherent_weak","pcs1",TRUE,0.143839912615714,0.023698509857265
"set02",0.775048698711298,0.111179907361349,0.046592652715304,14.2483578989674,999,0.001,0.004,225,8,"coherent_weak","pcs1",TRUE,0.0114558982656309,0.00743552644396683
"set03",0.844220878306932,0.230327145965155,0.0529250806434798,11.5992970606349,999,0.001,0.004,225,8,"coherent_weak","pcs1",TRUE,0.255161135588334,0.000498273955842121
"set04",0.0359442379965766,0.0731991576702149,0.049092846701278,-0.75886655952808,999,0.798,0.940363636363636,225,8,"coherent_weak","pcs1",FALSE,NA,NA
"set05",-0.0391313848443273,0.116329126036106,0.0494346721272445,-3.14476670301926,999,1,1,225,8,"coherent_weak","pcs1",FALSE,NA,NA
"set06",0.228820965586883,0.211207212146279,0.0544689376363669,0.323372443174734,999,0.392,0.672,225,8,"coherent_weak","pcs1",FALSE,NA,NA
"set07",0.0909450198150637,0.0550835696632951,0.0439682798406199,0.81562094950638,999,0.227,0.5448,225,8,"coherent_weak","pcs1",FALSE,NA,NA
"set08",0.0771105894641914,0.133679915558527,0.0495328557257235,-1.14205662616294,999,0.862,0.940363636363636,225,8,"coherent_weak","pcs1",FALSE,NA,NA
"set09",0.189423253606813,0.197215270774051,0.0557757381604172,-0.139702627418889,999,0.57,0.76,225,8,"coherent_weak","pcs1",FALSE,NA,NA
"set10",0.0559434371816388,0.0628859281666499,0.049743497536837,-0.139565799125202,999,0.557,0.76,225,8,"coherent_weak","pcs1",FALSE,NA,NA
"set11",0.148210001567996,0.103769129239115,0.0523005385126091,0.849721123199653,999,0.208,0.5448,225,8,"coherent_weak","pcs1",FALSE,NA,NA
"set12",0.266293514749479,0.235899301388869,0.0505479786022204,0.601294338588538,999,0.293,0.586,225,8,"coherent_weak","pcs1",FALSE,NA,NA
"set01",0.678164615493092,-0.00534698690355935,0.038268381590837,17.8610010139627,999,0.001,0.004,225,8,"coherent_weak","pcs3",TRUE,0.262208489407063,0.023698509857265
"set02",0.65463894828341,0.0111070698122371,0.0398744087466308,16.1389697979045,999,0.001,0.004,225,8,"coherent_weak","pcs3",TRUE,0.603996246541399,0.00743552644396683
"set03",0.618277419319218,0.0120360668374511,0.0410278439395454,14.7763395360249,999,0.001,0.004,225,8,"coherent_weak","pcs3",TRUE,0.860595106359414,0.000498273955842121
"set04",-0.0439707881250128,-0.00440075121746172,0.0385162536544104,-1.02735944317419,999,0.858,0.959,225,8,"coherent_weak","pcs3",FALSE,NA,NA
"set05",-0.0617312441689877,0.00548109136522322,0.0404206753770851,-1.66282069527998,999,0.959,0.959,225,8,"coherent_weak","pcs3",FALSE,NA,NA
"set06",-0.00214087592839754,0.021588502622049,0.043229776110587,-0.548912825496574,999,0.7,0.959,225,8,"coherent_weak","pcs3",FALSE,NA,NA
"set07",0.0307026783949695,-0.0069439475415779,0.0363601053623525,1.03538275154524,999,0.156,0.3744,225,8,"coherent_weak","pcs3",FALSE,NA,NA
"set08",-0.0151042311674806,0.00786576101617481,0.0382043976693455,-0.601239479875014,999,0.731,0.959,225,8,"coherent_weak","pcs3",FALSE,NA,NA
"set09",0.0807437691684007,0.0191723000042963,0.0451991940702542,1.36222493410839,999,0.091,0.273,225,8,"coherent_weak","pcs3",FALSE,NA,NA
"set10",-0.00150257501414973,-0.00968991458598962,0.0357403833886841,0.229078112643641,999,0.427,0.732,225,8,"coherent_weak","pcs3",FALSE,NA,NA
"set11",0.0141207651588893,0.00269365871171035,0.0394610654551283,0.289579267953949,999,0.387,0.732,225,8,"coherent_weak","pcs3",FALSE,NA,NA
"set12",-0.0321525260480302,0.0254977579688816,0.0430320376670463,-1.33970611531278,999,0.934,0.959,225,8,"coherent_weak","pcs3",FALSE,NA,NA
"set01",0.535968753453282,-0.0195901428597363,0.0360195141623014,15.4238309214752,999,0.001,0.004,225,8,"coherent_weak","pcs10",TRUE,0.448248997457848,0.023698509857265
"set02",0.235591131008621,-0.0166839924515919,0.0334979260762552,7.53106693488815,999,0.001,0.004,225,8,"coherent_weak","pcs10",TRUE,0.785754609761291,0.00743552644396683
"set03",0.226821438746398,-0.0145492297094335,0.0355853640701583,6.78286353850301,999,0.001,0.004,225,8,"coherent_weak","pcs10",TRUE,0.90767676989358,0.000498273955842121
"set04",-0.0355178486439649,-0.0187932454245726,0.034601130623081,-0.483354240691662,999,0.688,0.921333333333333,225,8,"coherent_weak","pcs10",FALSE,NA,NA
"set05",-0.0745886163139865,-0.0170525137083984,0.033749206343619,-1.70481350049485,999,0.954,0.954,225,8,"coherent_weak","pcs10",FALSE,NA,NA
"set06",-0.0492623390070105,-0.0149436302429287,0.0360414110220352,-0.952202141672528,999,0.832,0.954,225,8,"coherent_weak","pcs10",FALSE,NA,NA
"set07",-0.0205880628279553,-0.0178801824561046,0.0348041198108808,-0.0778034435740582,999,0.527,0.921333333333333,225,8,"coherent_weak","pcs10",FALSE,NA,NA
"set08",-0.0335776388052381,-0.0179020663160927,0.03238614053229,-0.484021011195094,999,0.691,0.921333333333333,225,8,"coherent_weak","pcs10",FALSE,NA,NA
"set09",0.029136827790804,-0.0189017606601692,0.0332935290187743,1.4428806397749,999,0.092,0.276,225,8,"coherent_weak","pcs10",FALSE,NA,NA
"set10",-0.0374515834017957,-0.0213026237443644,0.0335751873213216,-0.480978989123198,999,0.688,0.921333333333333,225,8,"coherent_weak","pcs10",FALSE,NA,NA
"set11",-0.0191039036547838,-0.0152557708138443,0.0353320773378656,-0.10891329157189,999,0.543,0.921333333333333,225,8,"coherent_weak","pcs10",FALSE,NA,NA
"set12",-0.0640207760983119,-0.0120239400250967,0.0339055634470891,-1.5335782917856,999,0.936,0.954,225,8,"coherent_weak","pcs10",FALSE,NA,NA
"set01",0.865326480100158,0.232089407023764,0.118632736436842,5.33779369924187,999,0.001,0.004,225,8,"coherent_strong","none",TRUE,0,0.0117971077828098
"set02",0.867649051755076,0.256322837071164,0.115099306266756,5.31129365164974,999,0.001,0.004,225,8,"coherent_strong","none",TRUE,0,0.00816018405464525
"set03",0.896996122586578,0.430528254962475,0.0727865761866301,6.40870737521772,999,0.001,0.004,225,8,"coherent_strong","none",TRUE,0,0.0713854528205489
"set04",0.112840709498896,0.227972351539147,0.126381034003753,-0.910988289879256,999,0.861,0.861,225,8,"coherent_strong","none",FALSE,NA,NA
"set05",0.198786753114739,0.266216842261279,0.116211226036055,-0.580237309652163,999,0.745,0.812727272727273,225,8,"coherent_strong","none",FALSE,NA,NA
"set06",0.52342689684585,0.353401611225087,0.0923004065987057,1.84208598733462,999,0.076,0.1944,225,8,"coherent_strong","none",FALSE,NA,NA
"set07",0.298280446998779,0.187722532799514,0.116002061877313,0.953068526628386,999,0.232,0.397714285714286,225,8,"coherent_strong","none",FALSE,NA,NA
"set08",0.37239383789306,0.27664498739571,0.10949662813733,0.874445653041139,999,0.23,0.397714285714286,225,8,"coherent_strong","none",FALSE,NA,NA
"set09",0.316657508753558,0.345229788995695,0.0952117240543381,-0.300092037256155,999,0.604,0.805333333333333,225,8,"coherent_strong","none",FALSE,NA,NA
"set10",0.28844873127499,0.233703842480644,0.117064440677901,0.46764746388679,999,0.338,0.507,225,8,"coherent_strong","none",FALSE,NA,NA
"set11",0.195487276694838,0.245064357849974,0.109371677651482,-0.453289939586697,999,0.69,0.812727272727273,225,8,"coherent_strong","none",FALSE,NA,NA
"set12",0.548655966816602,0.382708716871446,0.08948217070086,1.85452865800406,999,0.081,0.1944,225,8,"coherent_strong","none",FALSE,NA,NA
"set01",0.846594057562874,0.211817049814657,0.10768425916799,5.89479848450228,999,0.001,0.004,225,8,"coherent_strong","libsize",TRUE,0.0117971077828098,0.0117971077828098
"set02",0.865073631798292,0.24695662375595,0.102412671508094,6.03555203609243,999,0.001,0.004,225,8,"coherent_strong","libsize",TRUE,0.00816018405464525,0.00816018405464525
"set03",0.841461921755871,0.396332070076302,0.0720572017798321,6.1774512565676,999,0.001,0.004,225,8,"coherent_strong","libsize",TRUE,0.0713854528205489,0.0713854528205489
"set04",0.0915974096053471,0.215626519053145,0.121945686064862,-1.0170848469525,999,0.903,0.903,225,8,"coherent_strong","libsize",FALSE,NA,NA
"set05",0.188654967862904,0.253515957649095,0.103526300716204,-0.626517023572534,999,0.76,0.829090909090909,225,8,"coherent_strong","libsize",FALSE,NA,NA
"set06",0.470901957476718,0.338343560007357,0.0817628346600529,1.62125491392883,999,0.118,0.2832,225,8,"coherent_strong","libsize",FALSE,NA,NA
"set07",0.269676984721387,0.184958076024551,0.112370459721236,0.753925087669859,999,0.268,0.459428571428571,225,8,"coherent_strong","libsize",FALSE,NA,NA
"set08",0.356282879743889,0.265749311501331,0.10345608877228,0.875091735217584,999,0.234,0.459428571428571,225,8,"coherent_strong","libsize",FALSE,NA,NA
"set09",0.293922617967419,0.33013159779067,0.0856627109849113,-0.422692434163439,999,0.674,0.829090909090909,225,8,"coherent_strong","libsize",FALSE,NA,NA
"set10",0.249592622229926,0.217402113765794,0.109531268552247,0.293893322789165,999,0.394,0.591,225,8,"coherent_strong","libsize",FALSE,NA,NA
"set11",0.193489892038441,0.238028956028238,0.0996939825331191,-0.446757796790809,999,0.691,0.829090909090909,225,8,"coherent_strong","libsize",FALSE,NA,NA
"set12",0.505859880178112,0.356967797560123,0.0831455331520755,1.79074060834586,999,0.095,0.2832,225,8,"coherent_strong","libsize",FALSE,NA,NA
"set01",0.83518451999474,0.125946396475482,0.0567014370124419,12.5082918685752,999,0.001,0.004,225,8,"coherent_strong","pcs1",TRUE,0.144527478035974,0.0117971077828098
"set02",0.863265241728396,0.175859822855625,0.060622532410471,11.3391076146142,999,0.001,0.004,225,8,"coherent_strong","pcs1",TRUE,0.0107892232886898,0.00816018405464525
"set03",0.85077109285984,0.344970981260714,0.0435745009902533,11.6077086393316,999,0.001,0.004,225,8,"coherent_strong","pcs1",TRUE,0.362424398641692,0.0713854528205489
"set04",0.0338700517757307,0.122722292380621,0.057019262464143,-1.55828463514003,999,0.945,0.945,225,8,"coherent_strong","pcs1",FALSE,NA,NA
"set05",0.190726139679366,0.16805691554454,0.0629580375591542,0.360068785713434,999,0.373,0.497333333333333,225,8,"coherent_strong","pcs1",FALSE,NA,NA
"set06",0.284024792049097,0.274789133416975,0.059833442486519,0.154356130089007,999,0.44,0.528,225,8,"coherent_strong","pcs1",FALSE,NA,NA
"set07",0.0874467624580002,0.0983150610017108,0.0562502082712764,-0.193213480940306,999,0.57,0.621818181818182,225,8,"coherent_strong","pcs1",FALSE,NA,NA
"set08",0.236293092259551,0.194794277250972,0.0605407795339791,0.685468791912181,999,0.236,0.469714285714286,225,8,"coherent_strong","pcs1",FALSE,NA,NA
"set09",0.286470746646455,0.265296713709779,0.0618769856600428,0.342195611353925,999,0.348,0.497333333333333,225,8,"coherent_strong","pcs1",FALSE,NA,NA
"set10",0.176734378598882,0.124632338884345,0.0575368400229183,0.905542252473082,999,0.174,0.4656,225,8,"coherent_strong","pcs1",FALSE,NA,NA
"set11",0.200943963408168,0.162294677423153,0.0642798926754475,0.601265564959134,999,0.274,0.469714285714286,225,8,"coherent_strong","pcs1",FALSE,NA,NA
"set12",0.351896119150644,0.302796328788319,0.0568775662817812,0.863254066094819,999,0.194,0.4656,225,8,"coherent_strong","pcs1",FALSE,NA,NA
"set01",0.783679798975949,0.0595497927319787,0.045363535151401,15.9628213239374,999,0.001,0.004,225,8,"coherent_strong","pcs3",TRUE,0.462802816160087,0.0117971077828098
"set02",0.725845009703576,0.0954647596861906,0.0484626315050246,13.0075530453196,999,0.001,0.004,225,8,"coherent_strong","pcs3",TRUE,0.941445478729819,0.00816018405464525
"set03",0.766998191512692,0.199010208225704,0.0518007273289851,10.9648650236069,999,0.001,0.004,225,8,"coherent_strong","pcs3",TRUE,0.972837718688519,0.0713854528205489
"set04",-0.0248985181198939,0.0553526905645786,0.0483767867163351,-1.6588784442224,999,0.968,0.969,225,8,"coherent_strong","pcs3",FALSE,NA,NA
"set05",0.00639654196326677,0.0986283602371837,0.0531924160398893,-1.73392797583685,999,0.969,0.969,225,8,"coherent_strong","pcs3",FALSE,NA,NA
"set06",0.165853392179753,0.192329082513649,0.0535423240492972,-0.494481530340727,999,0.688,0.969,225,8,"coherent_strong","pcs3",FALSE,NA,NA
"set07",0.0227790941992335,0.0336928677235521,0.0436152641116464,-0.250228303017528,999,0.609,0.969,225,8,"coherent_strong","pcs3",FALSE,NA,NA
"set08",0.0422446104912247,0.128590167919428,0.0543805026801486,-1.58780359085802,999,0.952,0.969,225,8,"coherent_strong","pcs3",FALSE,NA,NA
"set09",0.108067654717068,0.181039702975264,0.0539206110740847,-1.35332383674094,999,0.922,0.969,225,8,"coherent_strong","pcs3",FALSE,NA,NA
"set10",0.109612563575552,0.0575428971271617,0.0493928989436888,1.05419336710229,999,0.139,0.417,225,8,"coherent_strong","pcs3",FALSE,NA,NA
"set11",0.128765405531161,0.0858698065228396,0.0467696221642549,0.917167961239281,999,0.186,0.4464,225,8,"coherent_strong","pcs3",FALSE,NA,NA
"set12",0.221427583803863,0.215354862636936,0.0539517090204263,0.112558457872547,999,0.459,0.918,225,8,"coherent_strong","pcs3",FALSE,NA,NA
"set01",0.00333045365743132,-0.0215001976789809,0.0347182651060592,0.715204266703944,999,0.233,0.826285714285714,225,8,"coherent_strong","pcs10",TRUE,0.934466634234823,0.0117971077828098
"set02",-0.0536612973979294,-0.0232846595673274,0.0366550454431059,-0.828716414436073,999,0.826,0.984,225,8,"coherent_strong","pcs10",TRUE,0.971907125728109,0.00816018405464525
"set03",0.0742441010228209,-0.0199319635848402,0.034016039361104,2.76857818771658,999,0.009,0.108,225,8,"coherent_strong","pcs10",TRUE,0.985585074636118,0.0713854528205489
"set04",-0.0921053735730289,-0.0222755353480068,0.0318564545515699,-2.19201537672625,999,0.984,0.984,225,8,"coherent_strong","pcs10",FALSE,NA,NA
"set05",-0.0629888785786941,-0.019604945848334,0.034560364690195,-1.25530888112035,999,0.903,0.984,225,8,"coherent_strong","pcs10",FALSE,NA,NA
"set06",-0.0312625036557211,-0.0203521009259109,0.0333012146573017,-0.327627771001378,999,0.624,0.832,225,8,"coherent_strong","pcs10",FALSE,NA,NA
"set07",-0.0283526502845626,-0.0212247014861897,0.0352365215859753,-0.202288661807353,999,0.579,0.832,225,8,"coherent_strong","pcs10",FALSE,NA,NA
"set08",-0.014796575736879,-0.0216249814071632,0.0351720254712188,0.194143088969156,999,0.423,0.826285714285714,225,8,"coherent_strong","pcs10",FALSE,NA,NA
"set09",-0.00909083570542697,-0.0212122685498582,0.0351542742744494,0.344806800726398,999,0.354,0.826285714285714,225,8,"coherent_strong","pcs10",FALSE,NA,NA
"set10",-0.0104127610549251,-0.020447439814627,0.0331745369199363,0.302481351402723,999,0.383,0.826285714285714,225,8,"coherent_strong","pcs10",FALSE,NA,NA
"set11",0.00830296879724983,-0.0205717501019049,0.0348371544018505,0.8288483773985,999,0.218,0.826285714285714,225,8,"coherent_strong","pcs10",FALSE,NA,NA
"set12",-0.0157099287205829,-0.0181500132453413,0.0374522471559552,0.0651518856691744,999,0.482,0.826285714285714,225,8,"coherent_strong","pcs10",FALSE,NA,NA
"set01",0.684131087547371,0.152226743717697,0.120130181056388,4.42773280746162,999,0.001,0.004,225,9,"coherent_weak","none",TRUE,0,0.00534877436907988
"set02",0.775552479217022,0.1837894822973,0.115596088834168,5.11923026884288,999,0.001,0.004,225,9,"coherent_weak","none",TRUE,-2.22044604925031e-16,0.00542861195761746
"set03",0.834666949177464,0.298482153012629,0.0897968491809177,5.97108697081965,999,0.001,0.004,225,9,"coherent_weak","none",TRUE,0,0.0038156606084625
"set04",0.289650163681212,0.122404375115582,0.113087200872873,1.47890996748288,999,0.156,0.468,225,9,"coherent_weak","none",FALSE,NA,NA
"set05",0.0876350689117047,0.205609568574869,0.107908186321228,-1.09328590985646,999,0.95,0.968,225,9,"coherent_weak","none",FALSE,NA,NA
"set06",0.0699374290173339,0.206332048424721,0.0907961824248569,-1.50220654398403,999,0.968,0.968,225,9,"coherent_weak","none",FALSE,NA,NA
"set07",0.0926473956540447,0.136688605311809,0.11263374089897,-0.391012580300142,999,0.672,0.968,225,9,"coherent_weak","none",FALSE,NA,NA
"set08",0.230795681840453,0.208975018252508,0.116541425701268,0.187235255246306,999,0.434,0.744,225,9,"coherent_weak","none",FALSE,NA,NA
"set09",0.317493630198862,0.264725135845939,0.0923719814638311,0.571260825162498,999,0.321,0.744,225,9,"coherent_weak","none",FALSE,NA,NA
"set10",0.135140755541535,0.102156776501219,0.0996218371457915,0.331091856818958,999,0.389,0.744,225,9,"coherent_weak","none",FALSE,NA,NA
"set11",0.150175086402027,0.220076845376886,0.114225695509301,-0.611961771501468,999,0.778,0.968,225,9,"coherent_weak","none",FALSE,NA,NA
"set12",0.194537805360503,0.273362183342165,0.0998369489835447,-0.789531118330287,999,0.85,0.968,225,9,"coherent_weak","none",FALSE,NA,NA
"set01",0.676512494422758,0.155215846217356,0.117949009540095,4.41967804764139,999,0.002,0.008,225,9,"coherent_weak","libsize",TRUE,0.00534877436907988,0.00534877436907988
"set02",0.772248635442729,0.194590197713297,0.111303626129061,5.18993367798831,999,0.001,0.006,225,9,"coherent_weak","libsize",TRUE,0.00542861195761746,0.00542861195761746
"set03",0.831293698630853,0.315020910826532,0.0884117477083791,5.83941389222636,999,0.001,0.006,225,9,"coherent_weak","libsize",TRUE,0.0038156606084625,0.0038156606084625
"set04",0.297854992311791,0.134718060630297,0.112604820023287,1.44875620464343,999,0.159,0.477,225,9,"coherent_weak","libsize",FALSE,NA,NA
"set05",0.109450067758014,0.211259397007845,0.105085978931801,-0.96881934473773,999,0.92,0.968,225,9,"coherent_weak","libsize",FALSE,NA,NA
"set06",0.104455195475845,0.235072622914345,0.0872273262130212,-1.4974370201319,999,0.968,0.968,225,9,"coherent_weak","libsize",FALSE,NA,NA
"set07",0.145623508337379,0.141968238532138,0.11423754018937,0.0319970983197013,999,0.487,0.8235,225,9,"coherent_weak","libsize",FALSE,NA,NA
"set08",0.207027127369906,0.221460392527651,0.116336562809639,-0.124064737767452,999,0.549,0.8235,225,9,"coherent_weak","libsize",FALSE,NA,NA
"set09",0.336703460231579,0.280419218873681,0.0886887131082697,0.634626880752993,999,0.303,0.7272,225,9,"coherent_weak","libsize",FALSE,NA,NA
"set10",0.141666264761365,0.112188863980751,0.102915255326495,0.28642401641135,999,0.396,0.792,225,9,"coherent_weak","libsize",FALSE,NA,NA
"set11",0.134302617968418,0.22771593791636,0.110640081669513,-0.844299087079234,999,0.856,0.968,225,9,"coherent_weak","libsize",FALSE,NA,NA
"set12",0.22739040884572,0.287170975466738,0.0933939207503466,-0.640090555581441,999,0.792,0.968,225,9,"coherent_weak","libsize",FALSE,NA,NA
"set01",0.681016228865039,0.0685515545748881,0.0462741441688262,13.2355699989964,999,0.001,0.004,225,9,"coherent_weak","pcs1",TRUE,0.121784246445561,0.00534877436907988
"set02",0.768648804704953,0.107984148213823,0.0536272352544338,12.3195733167413,999,0.001,0.004,225,9,"coherent_weak","pcs1",TRUE,0.00888292469250462,0.00542861195761746
"set03",0.828026547778652,0.25048304439565,0.0518970382639772,11.1286409148301,999,0.001,0.004,225,9,"coherent_weak","pcs1",TRUE,0.249234707889318,0.0038156606084625
"set04",0.129425166516979,0.0435650993723568,0.0444515294998927,1.93154359615071,999,0.049,0.1392,225,9,"coherent_weak","pcs1",FALSE,NA,NA
"set05",0.100166114777495,0.139087555903406,0.0519543535936518,-0.749146865156403,999,0.773,0.843272727272727,225,9,"coherent_weak","pcs1",FALSE,NA,NA
"set06",0.10428065376345,0.168253028005906,0.0544936140662315,-1.17394258645983,999,0.894,0.894,225,9,"coherent_weak","pcs1",FALSE,NA,NA
"set07",0.13205866108008,0.0574313343976734,0.0469888582338461,1.58819195629343,999,0.058,0.1392,225,9,"coherent_weak","pcs1",FALSE,NA,NA
"set08",0.124731867541163,0.129480295466406,0.0508936115733963,-0.0933010603579389,999,0.54,0.736,225,9,"coherent_weak","pcs1",FALSE,NA,NA
"set09",0.281175828366707,0.216561105067632,0.0527761397194106,1.22431696676955,999,0.11,0.22,225,9,"coherent_weak","pcs1",FALSE,NA,NA
"set10",0.0550522119365358,0.0323942566203962,0.0453503423376449,0.499620380976297,999,0.317,0.543428571428571,225,9,"coherent_weak","pcs1",FALSE,NA,NA
"set11",0.136214787831415,0.143034337365441,0.0534758736948174,-0.127525724459313,999,0.552,0.736,225,9,"coherent_weak","pcs1",FALSE,NA,NA
"set12",0.200860175384314,0.216716790291483,0.0524322062994199,-0.302421279330073,999,0.615,0.738,225,9,"coherent_weak","pcs1",FALSE,NA,NA
"set01",0.638979169459195,-0.00208366849591004,0.0378610014394991,16.9320095502362,999,0.001,0.004,225,9,"coherent_weak","pcs3",TRUE,0.282646206149041,0.00534877436907988
"set02",0.646191574397801,0.00329698227865619,0.0392577454217488,16.3762484374098,999,0.001,0.004,225,9,"coherent_weak","pcs3",TRUE,0.661155029291293,0.00542861195761746
"set03",0.625184368839368,0.0133098524144812,0.0439651903154961,13.9172493519088,999,0.001,0.004,225,9,"coherent_weak","pcs3",TRUE,0.829677247706781,0.0038156606084625
"set04",0.0327812509320185,-0.00493378992499998,0.037182283785265,1.01432825037941,999,0.163,0.489,225,9,"coherent_weak","pcs3",FALSE,NA,NA
"set05",-0.0210921193520405,0.00763308029185123,0.0400654169751379,-0.716957461386631,999,0.776,0.897818181818182,225,9,"coherent_weak","pcs3",FALSE,NA,NA
"set06",-0.0809493232843141,0.0110206927245944,0.0413517352527881,-2.22409085003773,999,0.995,0.995,225,9,"coherent_weak","pcs3",FALSE,NA,NA
"set07",-0.0145984078624357,-0.00926373834185944,0.0371622386398318,-0.143550811679531,999,0.571,0.897818181818182,225,9,"coherent_weak","pcs3",FALSE,NA,NA
"set08",-0.0162430507628731,0.00450507068651002,0.0380174349449891,-0.545752796826127,999,0.71,0.897818181818182,225,9,"coherent_weak","pcs3",FALSE,NA,NA
"set09",0.0355162695555037,0.0220161228883171,0.044049520343986,0.306476587299088,999,0.387,0.897818181818182,225,9,"coherent_weak","pcs3",FALSE,NA,NA
"set10",-0.015715048403277,-0.0138222548248513,0.0335797442566193,-0.0563671231073361,999,0.519,0.897818181818182,225,9,"coherent_weak","pcs3",FALSE,NA,NA
"set11",-0.0201541313230684,0.00678724530942146,0.0414954790929899,-0.649260527203824,999,0.737,0.897818181818182,225,9,"coherent_weak","pcs3",FALSE,NA,NA
"set12",-0.013679414410182,0.02391128080816,0.0417103220021222,-0.901232438733735,999,0.823,0.897818181818182,225,9,"coherent_weak","pcs3",FALSE,NA,NA
"set01",0.528281200049712,-0.0150423687932911,0.033524300151222,16.2068579028397,999,0.001,0.004,225,9,"coherent_weak","pcs10",TRUE,0.426685789198347,0.00534877436907988
"set02",0.245208117840949,-0.014569728878175,0.033131796063972,7.8407414502231,999,0.001,0.004,225,9,"coherent_weak","pcs10",TRUE,0.80182001611828,0.00542861195761746
"set03",0.216158911585824,-0.0131205219516808,0.0352764193989376,6.49950979844655,999,0.001,0.004,225,9,"coherent_weak","pcs10",TRUE,0.900194249677288,0.0038156606084625
"set04",0.0401895892311831,-0.0143249324817454,0.0353110182361196,1.5438388479312,999,0.072,0.216,225,9,"coherent_weak","pcs10",FALSE,NA,NA
"set05",-0.0228133483498521,-0.0139608450298638,0.0349964358049378,-0.25295442568295,999,0.598,0.876,225,9,"coherent_weak","pcs10",FALSE,NA,NA
"set06",-0.0435980905436933,-0.0142932049644942,0.034567259160875,-0.847764222289508,999,0.803,0.876,225,9,"coherent_weak","pcs10",FALSE,NA,NA
"set07",-0.0385672096904739,-0.0175012421391416,0.035752134466358,-0.589222653857348,999,0.739,0.876,225,9,"coherent_weak","pcs10",FALSE,NA,NA
"set08",-0.0551192817406046,-0.0131743228648565,0.0321713023177301,-1.30380046357749,999,0.896,0.896,225,9,"coherent_weak","pcs10",FALSE,NA,NA
"set09",-0.00892525786570475,-0.0118427254287795,0.0337280410536789,0.0864997631623956,999,0.466,0.798857142857143,225,9,"coherent_weak","pcs10",FALSE,NA,NA
"set10",-0.00447720895449396,-0.0194519015371938,0.0346026590789893,0.43276132474433,999,0.323,0.7752,225,9,"coherent_weak","pcs10",FALSE,NA,NA
"set11",-0.0044879856396345,-0.0129571220378149,0.0350588882398798,0.241568880913533,999,0.411,0.798857142857143,225,9,"coherent_weak","pcs10",FALSE,NA,NA
"set12",-0.0332731782761372,-0.0110226839265802,0.036627132210416,-0.607486663758771,999,0.747,0.876,225,9,"coherent_weak","pcs10",FALSE,NA,NA
"set01",0.877954689294814,0.20937882749455,0.126462369874757,5.2867573370829,999,0.001,0.004,225,9,"coherent_strong","none",TRUE,0,0.00131347696998241
"set02",0.856470934299165,0.273029290971856,0.112116821263234,5.20387250328364,999,0.001,0.004,225,9,"coherent_strong","none",TRUE,-2.22044604925031e-16,0.0114805187998798
"set03",0.887824370796287,0.43924117804838,0.0718070188550997,6.24706609326184,999,0.001,0.004,225,9,"coherent_strong","none",TRUE,0,0.0316510967214541
"set04",0.193346249548938,0.170141954367228,0.113402720874718,0.204618504765375,999,0.404,0.6165,225,9,"coherent_strong","none",FALSE,NA,NA
"set05",0.235071430374256,0.291655106371468,0.110489681347602,-0.512117288303148,999,0.708,0.772363636363636,225,9,"coherent_strong","none",FALSE,NA,NA
"set06",0.344450246963876,0.298673695710339,0.105149213751415,0.435348488308794,999,0.357,0.6165,225,9,"coherent_strong","none",FALSE,NA,NA
"set07",0.104877024662245,0.186318877375026,0.112652933584411,-0.722944801537331,999,0.799,0.799,225,9,"coherent_strong","none",FALSE,NA,NA
"set08",0.400530805102946,0.271684153118185,0.110562394652394,1.16537501190935,999,0.167,0.501,225,9,"coherent_strong","none",FALSE,NA,NA
"set09",0.396804061688471,0.35400333490834,0.101780677108784,0.420519179042065,999,0.335,0.6165,225,9,"coherent_strong","none",FALSE,NA,NA
"set10",0.176242138898522,0.14628622226774,0.107940460612653,0.277522594037087,999,0.411,0.6165,225,9,"coherent_strong","none",FALSE,NA,NA
"set11",0.264436302365828,0.278336025269128,0.100828542820462,-0.137855040988249,999,0.556,0.7188,225,9,"coherent_strong","none",FALSE,NA,NA
"set12",0.334195472662435,0.354177009189005,0.0949911792015296,-0.210351494681176,999,0.599,0.7188,225,9,"coherent_strong","none",FALSE,NA,NA
"set01",0.876515689544674,0.196074506755074,0.12073514230424,5.63581712667354,999,0.001,0.004,225,9,"coherent_strong","libsize",TRUE,0.00131347696998241,0.00131347696998241
"set02",0.848674143615452,0.251748656103416,0.110084658445486,5.42242212440194,999,0.001,0.004,225,9,"coherent_strong","libsize",TRUE,0.0114805187998798,0.0114805187998798
"set03",0.864950027254233,0.39739173416244,0.0702695493626178,6.65378243254433,999,0.001,0.004,225,9,"coherent_strong","libsize",TRUE,0.0316510967214541,0.0316510967214541
"set04",0.208437999467519,0.16881583180299,0.107782526414503,0.367612162960003,999,0.365,0.5484,225,9,"coherent_strong","libsize",FALSE,NA,NA
"set05",0.193196447427697,0.267417408966904,0.105715657322017,-0.702081067453661,999,0.79,0.791,225,9,"coherent_strong","libsize",FALSE,NA,NA
"set06",0.327984603291295,0.291513918923428,0.0970166015814543,0.375922097593227,999,0.371,0.5484,225,9,"coherent_strong","libsize",FALSE,NA,NA
"set07",0.103071589952608,0.178801917714859,0.111813602582952,-0.677290830568384,999,0.791,0.791,225,9,"coherent_strong","libsize",FALSE,NA,NA
"set08",0.350643723999207,0.256976742617737,0.103519805358366,0.904821845995681,999,0.227,0.5484,225,9,"coherent_strong","libsize",FALSE,NA,NA
"set09",0.350111799400897,0.32826460800727,0.0936763806035741,0.233219849580668,999,0.413,0.5484,225,9,"coherent_strong","libsize",FALSE,NA,NA
"set10",0.1671984889437,0.148771711670372,0.104400428422243,0.176500973720167,999,0.438,0.5484,225,9,"coherent_strong","libsize",FALSE,NA,NA
"set11",0.268422497555069,0.256849889360554,0.0994215672050857,0.116399374098003,999,0.447,0.5484,225,9,"coherent_strong","libsize",FALSE,NA,NA
"set12",0.340328640020567,0.330763437087244,0.0837584888077327,0.114199803142103,999,0.457,0.5484,225,9,"coherent_strong","libsize",FALSE,NA,NA
"set01",0.871959099863305,0.107495161584853,0.0544550238607746,14.0384464844412,999,0.001,0.004,225,9,"coherent_strong","pcs1",TRUE,0.136922137032988,0.00131347696998241
"set02",0.848199825636364,0.175905625396561,0.0644459243883928,10.431911817854,999,0.001,0.004,225,9,"coherent_strong","pcs1",TRUE,0.0142492315999236,0.0114805187998798
"set03",0.860836630645098,0.34772479980844,0.0455018049398364,11.276735758397,999,0.001,0.004,225,9,"coherent_strong","pcs1",TRUE,0.324554266171405,0.0316510967214541
"set04",0.112871641648297,0.0854804039657888,0.0530396391558256,0.516429563218474,999,0.306,0.408,225,9,"coherent_strong","pcs1",FALSE,NA,NA
"set05",0.205293409273792,0.188347141115968,0.0654469675651302,0.258931296411252,999,0.399,0.452727272727273,225,9,"coherent_strong","pcs1",FALSE,NA,NA
"set06",0.32670074163314,0.223657835682837,0.0665590480709208,1.54814272344321,999,0.047,0.122,225,9,"coherent_strong","pcs1",FALSE,NA,NA
"set07",0.107391112281797,0.0946601644636208,0.0524598611252712,0.242679784984086,999,0.415,0.452727272727273,225,9,"coherent_strong","pcs1",FALSE,NA,NA
"set08",0.275072957991983,0.177738558524241,0.0687530255695872,1.4157107801638,999,0.059,0.122,225,9,"coherent_strong","pcs1",FALSE,NA,NA
"set09",0.364063479189375,0.266656176696501,0.063648077264738,1.53040447848437,999,0.061,0.122,225,9,"coherent_strong","pcs1",FALSE,NA,NA
"set10",0.0717257757504532,0.072128461167467,0.0478978404163146,-0.00840717271413041,999,0.505,0.505,225,9,"coherent_strong","pcs1",FALSE,NA,NA
"set11",0.26581330018759,0.185228819559543,0.0637373005422313,1.26432214641179,999,0.084,0.144,225,9,"coherent_strong","pcs1",FALSE,NA,NA
"set12",0.330057720388218,0.27070661706687,0.0632354436121967,0.938573368526204,999,0.179,0.2685,225,9,"coherent_strong","pcs1",FALSE,NA,NA
"set01",0.806336071856355,0.0450709222770802,0.0486925782019423,15.6341105295778,999,0.001,0.004,225,9,"coherent_strong","pcs3",TRUE,0.531466830881008,0.00131347696998241
"set02",0.746892950736892,0.0813359029611284,0.051682336773635,12.8778435597999,999,0.001,0.004,225,9,"coherent_strong","pcs3",TRUE,0.925987355312958,0.0114805187998798
"set03",0.742385687551367,0.175265618805911,0.0498346519673226,11.3800347019043,999,0.001,0.004,225,9,"coherent_strong","pcs3",TRUE,0.965126662534536,0.0316510967214541
"set04",0.044846326898257,0.0273049793624973,0.0441335616435634,0.397460501317097,999,0.355,0.502666666666667,225,9,"coherent_strong","pcs3",FALSE,NA,NA
"set05",0.0125625414968206,0.104168011647356,0.051588044460865,-1.77571123518799,999,0.974,0.974,225,9,"coherent_strong","pcs3",FALSE,NA,NA
"set06",0.14223685778766,0.125837630881953,0.048254195350511,0.339850800258619,999,0.377,0.502666666666667,225,9,"coherent_strong","pcs3",FALSE,NA,NA
"set07",0.058277683575885,0.0298949165296463,0.0456970432645567,0.621107297509832,999,0.272,0.502666666666667,225,9,"coherent_strong","pcs3",FALSE,NA,NA
"set08",0.151841020334527,0.0919432733058626,0.0494803039434823,1.21053716842729,999,0.124,0.372,225,9,"coherent_strong","pcs3",FALSE,NA,NA
"set09",0.196477859452188,0.16836928216823,0.0493405119926173,0.569685561596201,999,0.301,0.502666666666667,225,9,"coherent_strong","pcs3",FALSE,NA,NA
"set10",0.056779325916727,0.016542976705527,0.0417623214758202,0.963460549828301,999,0.178,0.4272,225,9,"coherent_strong","pcs3",FALSE,NA,NA
"set11",0.0966162576097623,0.104404330540439,0.0489113324736381,-0.159228394255543,999,0.56,0.672,225,9,"coherent_strong","pcs3",FALSE,NA,NA
"set12",0.0889384687297152,0.176991996297701,0.0490274095062014,-1.79600612096073,999,0.953,0.974,225,9,"coherent_strong","pcs3",FALSE,NA,NA
"set01",-0.0280213147835057,-0.0256287489023456,0.0353535619686711,-0.06767538397631,999,0.524,0.698666666666667,225,9,"coherent_strong","pcs10",TRUE,0.943979915220043,0.00131347696998241
"set02",0.0287138759020301,-0.0224075796954124,0.0349477538432126,1.46279660280287,999,0.084,0.4896,225,9,"coherent_strong","pcs10",TRUE,0.976054867823299,0.0114805187998798
"set03",-0.0205533168368866,-0.0254307721626919,0.034291990237693,0.14223307810359,999,0.452,0.678,225,9,"coherent_strong","pcs10",TRUE,0.985931802083763,0.0316510967214541
"set04",-0.00974518794690672,-0.0262325832579048,0.0343098063334409,0.480544691822647,999,0.311,0.622,225,9,"coherent_strong","pcs10",FALSE,NA,NA
"set05",-0.0863426220798119,-0.0230271243515665,0.0328210051694589,-1.92911513225569,999,0.978,0.978,225,9,"coherent_strong","pcs10",FALSE,NA,NA
"set06",0.00877121866003025,-0.02561989750672,0.0328634848318605,1.04648415536896,999,0.176,0.4896,225,9,"coherent_strong","pcs10",FALSE,NA,NA
"set07",0.0145794456554146,-0.0274645235800589,0.0328586456755675,1.27954054012445,999,0.118,0.4896,225,9,"coherent_strong","pcs10",FALSE,NA,NA
"set08",0.00453729637331022,-0.0233279660146857,0.0326113167263015,0.85446603158842,999,0.202,0.4896,225,9,"coherent_strong","pcs10",FALSE,NA,NA
"set09",-0.0342780307491547,-0.0213127298962867,0.0327527606255172,-0.395853680888411,999,0.658,0.7896,225,9,"coherent_strong","pcs10",FALSE,NA,NA
"set10",-0.0168079413727452,-0.0222618301076972,0.0350517852247269,0.15559517724948,999,0.443,0.678,225,9,"coherent_strong","pcs10",FALSE,NA,NA
"set11",0.00720131342898036,-0.0223325727708634,0.0356993650634941,0.827294439195639,999,0.204,0.4896,225,9,"coherent_strong","pcs10",FALSE,NA,NA
"set12",-0.0561481800931027,-0.0236015862001134,0.0334279294379422,-0.973634755135251,999,0.846,0.922909090909091,225,9,"coherent_strong","pcs10",FALSE,NA,NA
"set01",0.819067965668698,0.161245121252377,0.136159684362462,4.83126005686949,999,0.001,0.004,225,10,"coherent_weak","none",TRUE,-2.22044604925031e-16,2.16589941258727e-05
"set02",0.780443881428867,0.155277452983252,0.108339400047028,5.77044388444318,999,0.001,0.004,225,10,"coherent_weak","none",TRUE,0,0.0144843458857328
"set03",0.873212509117903,0.23789301633274,0.098370916305452,6.45840779618672,999,0.001,0.004,225,10,"coherent_weak","none",TRUE,0,0.020447310430992
"set04",0.0828508871615875,0.177081580362167,0.133715640452239,-0.704709582827276,999,0.82,0.894545454545454,225,10,"coherent_weak","none",FALSE,NA,NA
"set05",0.255982648490766,0.182093526640933,0.107837731776376,0.6851880193758,999,0.284,0.426,225,10,"coherent_weak","none",FALSE,NA,NA
"set06",0.342315409328845,0.265387077518029,0.0971770152963156,0.791630938409088,999,0.257,0.426,225,10,"coherent_weak","none",FALSE,NA,NA
"set07",0.0752330506135398,0.163241457240937,0.12366571784031,-0.711663734819729,999,0.818,0.894545454545454,225,10,"coherent_weak","none",FALSE,NA,NA
"set08",0.599964886954116,0.219319734784513,0.110769194299246,3.43638097737969,999,0.021,0.063,225,10,"coherent_weak","none",FALSE,NA,NA
"set09",0.322079052658059,0.228341714864494,0.0968845546074718,0.967515804488571,999,0.234,0.426,225,10,"coherent_weak","none",FALSE,NA,NA
"set10",-0.034425974673333,0.136754514343377,0.113097100646424,-1.51357097607544,999,0.992,0.992,225,10,"coherent_weak","none",FALSE,NA,NA
"set11",0.169657561281409,0.18589920971985,0.110022879595546,-0.147620644889011,999,0.55,0.733333333333333,225,10,"coherent_weak","none",FALSE,NA,NA
"set12",0.432355492419669,0.241177495081903,0.0975839667215152,1.95911279035571,999,0.074,0.1776,225,10,"coherent_weak","none",FALSE,NA,NA
"set01",0.8178028005858,0.169165710479568,0.134982458103143,4.80534359220659,999,0.001,0.004,225,10,"coherent_weak","libsize",TRUE,2.16589941258727e-05,2.16589941258727e-05
"set02",0.777677803224548,0.16974953414284,0.104324642499621,5.82727392604213,999,0.001,0.004,225,10,"coherent_weak","libsize",TRUE,0.0144843458857328,0.0144843458857328
"set03",0.861091584600667,0.262433233183338,0.096037484074114,6.23359053174834,999,0.001,0.004,225,10,"coherent_weak","libsize",TRUE,0.020447310430992,0.020447310430992
"set04",0.109463433346492,0.182395984981326,0.130136761334677,-0.560430049794083,999,0.736,0.836727272727273,225,10,"coherent_weak","libsize",FALSE,NA,NA
"set05",0.264292762791368,0.198361987858712,0.108668107526345,0.606716877964143,999,0.298,0.447,225,10,"coherent_weak","libsize",FALSE,NA,NA
"set06",0.379675642739055,0.288393106954263,0.0967003951539989,0.943972727716585,999,0.218,0.373714285714286,225,10,"coherent_weak","libsize",FALSE,NA,NA
"set07",0.0965629445496092,0.168671346539282,0.122819417594546,-0.587109134711242,999,0.767,0.836727272727273,225,10,"coherent_weak","libsize",FALSE,NA,NA
"set08",0.617580429357366,0.227565908641427,0.108242539167322,3.60315384058991,999,0.016,0.048,225,10,"coherent_weak","libsize",FALSE,NA,NA
"set09",0.362291613407999,0.257771035099712,0.0942950923574968,1.10844133766817,999,0.198,0.373714285714286,225,10,"coherent_weak","libsize",FALSE,NA,NA
"set10",-0.0301255161131954,0.147865816551312,0.117309703099318,-1.51727715578492,999,0.992,0.992,225,10,"coherent_weak","libsize",FALSE,NA,NA
"set11",0.192487074526912,0.198195859987724,0.106800332236803,-0.0534528811029787,999,0.523,0.697333333333333,225,10,"coherent_weak","libsize",FALSE,NA,NA
"set12",0.460146396475717,0.267501968201963,0.0947273218220919,2.03367333276413,999,0.068,0.1632,225,10,"coherent_weak","libsize",FALSE,NA,NA
"set01",0.74039673905317,0.0640872756888191,0.0491335554623186,13.764716536401,999,0.001,0.004,225,10,"coherent_weak","pcs1",TRUE,0.119356380442348,2.16589941258727e-05
"set02",0.777843604468467,0.0976164528735136,0.0522273701442659,13.0243424035326,999,0.001,0.004,225,10,"coherent_weak","pcs1",TRUE,0.0182569021071821,0.0144843458857328
"set03",0.818498583061836,0.187954481835882,0.056701988100729,11.1203173353607,999,0.001,0.004,225,10,"coherent_weak","pcs1",TRUE,0.278941428983007,0.020447310430992
"set04",0.0874078516374985,0.0782331398461734,0.0523211137090689,0.175353908602575,999,0.43,0.645,225,10,"coherent_weak","pcs1",FALSE,NA,NA
"set05",0.0211882363239897,0.107760045036764,0.0554227548830386,-1.56202644374989,999,0.952,0.973,225,10,"coherent_weak","pcs1",FALSE,NA,NA
"set06",0.276245079521946,0.214270028252711,0.0540839012879123,1.14590570934065,999,0.138,0.3312,225,10,"coherent_weak","pcs1",FALSE,NA,NA
"set07",0.0999103276533993,0.0700614133443127,0.0474770920449968,0.628701401526384,999,0.265,0.454285714285714,225,10,"coherent_weak","pcs1",FALSE,NA,NA
"set08",0.131845446505827,0.143965424925828,0.055502556392412,-0.218367931277091,999,0.599,0.798666666666667,225,10,"coherent_weak","pcs1",FALSE,NA,NA
"set09",0.317722951809872,0.186507279037483,0.0543942258184132,2.41230885812095,999,0.013,0.039,225,10,"coherent_weak","pcs1",FALSE,NA,NA
"set10",-0.0323946730469612,0.0583550874733589,0.0483266193615356,-1.87784210274287,999,0.973,0.973,225,10,"coherent_weak","pcs1",FALSE,NA,NA
"set11",0.160820921688735,0.119596642618616,0.0548984468201042,0.750918859420675,999,0.218,0.436,225,10,"coherent_weak","pcs1",FALSE,NA,NA
"set12",0.118031344693448,0.194001269753746,0.053433787136221,-1.42175820079205,999,0.924,0.973,225,10,"coherent_weak","pcs1",FALSE,NA,NA
"set01",0.66107104073806,-0.00566796276412879,0.0377945260948836,17.641152632218,999,0.001,0.004,225,10,"coherent_weak","pcs3",TRUE,0.271425573063675,2.16589941258727e-05
"set02",0.634063104704119,0.00701136213097411,0.0403523506993189,15.5394105103208,999,0.001,0.004,225,10,"coherent_weak","pcs3",TRUE,0.552179738979506,0.0144843458857328
"set03",0.459168216936116,-0.000385949972926741,0.0371713558801523,12.3631262844093,999,0.001,0.004,225,10,"coherent_weak","pcs3",TRUE,0.859997137103501,0.020447310430992
"set04",-0.0107597624263203,-0.00172041757780347,0.0376408542554153,-0.240147175916348,999,0.604,0.805333333333333,225,10,"coherent_weak","pcs3",FALSE,NA,NA
"set05",-0.0760358049051236,-0.00385105831255522,0.0386468068342775,-1.86780623046313,999,0.984,0.984,225,10,"coherent_weak","pcs3",FALSE,NA,NA
"set06",0.049784247630335,0.0142621590323468,0.0410151765431352,0.86607182004032,999,0.202,0.404,225,10,"coherent_weak","pcs3",FALSE,NA,NA
"set07",0.0138255990208767,-0.00316372362895085,0.0370744617385864,0.45824866641679,999,0.309,0.4635,225,10,"coherent_weak","pcs3",FALSE,NA,NA
"set08",-0.0316140678484888,0.00662051736300172,0.0386646792799067,-0.988876305806066,999,0.845,0.984,225,10,"coherent_weak","pcs3",FALSE,NA,NA
"set09",0.0370250354610416,0.0102697743642106,0.0414793909950932,0.645025407918742,999,0.248,0.425142857142857,225,10,"coherent_weak","pcs3",FALSE,NA,NA
"set10",-0.0646415685060295,-0.00533009423277847,0.0365587367302657,-1.62236115298123,999,0.954,0.984,225,10,"coherent_weak","pcs3",FALSE,NA,NA
"set11",0.0561235261873269,0.00124455390126124,0.0389457454655305,1.40911341226315,999,0.086,0.2064,225,10,"coherent_weak","pcs3",FALSE,NA,NA
"set12",0.076309716451695,0.0059451255142999,0.0389109433477508,1.80834965394028,999,0.049,0.147,225,10,"coherent_weak","pcs3",FALSE,NA,NA
"set01",0.493113911517717,-0.0142676551763191,0.0359194871441546,14.1255236929686,999,0.001,0.006,225,10,"coherent_weak","pcs10",TRUE,0.463103013872531,2.16589941258727e-05
"set02",0.183099284483235,-0.0127490614096649,0.0355968669177333,5.50184223643947,999,0.001,0.006,225,10,"coherent_weak","pcs10",TRUE,0.773930180605687,0.0144843458857328
"set03",0.106290917137674,-0.0146847352112427,0.0344482491790667,3.51180844402479,999,0.004,0.016,225,10,"coherent_weak","pcs10",TRUE,0.887769982499796,0.020447310430992
"set04",-0.0221504308455413,-0.0132943192093019,0.0334641861430944,-0.264644464932457,999,0.604,0.805333333333333,225,10,"coherent_weak","pcs10",FALSE,NA,NA
"set05",-0.080471218153205,-0.0163389093034226,0.0354415099900607,-1.80952529584004,999,0.974,0.974,225,10,"coherent_weak","pcs10",FALSE,NA,NA
"set06",0.0153892212347413,-0.0130407777330829,0.0348127712583507,0.816654289221647,999,0.217,0.406285714285714,225,10,"coherent_weak","pcs10",FALSE,NA,NA
"set07",0.00979227295556624,-0.01358392788201,0.0349542212295772,0.668766175165017,999,0.237,0.406285714285714,225,10,"coherent_weak","pcs10",FALSE,NA,NA
"set08",-0.0498501438232162,-0.0105005247243852,0.0341318069418038,-1.1528724267638,999,0.875,0.974,225,10,"coherent_weak","pcs10",FALSE,NA,NA
"set09",-0.015559035769375,-0.0127043285570412,0.034494134701075,-0.082759206371536,999,0.536,0.804,225,10,"coherent_weak","pcs10",FALSE,NA,NA
"set10",-0.0690230715882893,-0.0147064232420647,0.0349731245275482,-1.55309681591188,999,0.943,0.974,225,10,"coherent_weak","pcs10",FALSE,NA,NA
"set11",0.0269107547264982,-0.0131058927408254,0.0354015807882451,1.13036329385074,999,0.121,0.2904,225,10,"coherent_weak","pcs10",FALSE,NA,NA
"set12",0.0348696596857796,-0.0150856214901707,0.0345898765834438,1.44421680879489,999,0.081,0.243,225,10,"coherent_weak","pcs10",FALSE,NA,NA
"set01",0.904687804003216,0.22411165872509,0.130694104089824,5.20739745696851,999,0.001,0.004,225,10,"coherent_strong","none",TRUE,-2.22044604925031e-16,0.00130897941571118
"set02",0.870423245634694,0.211499058595517,0.115496069507287,5.70516546450615,999,0.001,0.004,225,10,"coherent_strong","none",TRUE,0,0.0711308098087555
"set03",0.910766450568295,0.355113369593564,0.0861269628633742,6.45155782233005,999,0.001,0.004,225,10,"coherent_strong","none",TRUE,0,0.123203880407823
"set04",0.127498707416746,0.228798878084523,0.120875629922512,-0.838052887357988,999,0.853,0.911,225,10,"coherent_strong","none",FALSE,NA,NA
"set05",0.371405291981986,0.230449410080173,0.109895214107805,1.28263894880389,999,0.16,0.32,225,10,"coherent_strong","none",FALSE,NA,NA
"set06",0.373844990779078,0.3504429445754,0.100901269003834,0.231930147506755,999,0.406,0.570666666666667,225,10,"coherent_strong","none",FALSE,NA,NA
"set07",0.164460017901746,0.206991931359154,0.117659719343792,-0.361482363672256,999,0.638,0.7656,225,10,"coherent_strong","none",FALSE,NA,NA
"set08",0.621523342053562,0.289906836324316,0.120461549499944,2.75288261778005,999,0.023,0.069,225,10,"coherent_strong","none",FALSE,NA,NA
"set09",0.321972304079963,0.300197443139106,0.090630122697658,0.240260746567652,999,0.428,0.570666666666667,225,10,"coherent_strong","none",FALSE,NA,NA
"set10",0.0645218401795621,0.183594506407747,0.113609012758982,-1.04809172561681,999,0.911,0.911,225,10,"coherent_strong","none",FALSE,NA,NA
"set11",0.31631601679798,0.245698815818145,0.10572442158703,0.667936508138805,999,0.281,0.481714285714286,225,10,"coherent_strong","none",FALSE,NA,NA
"set12",0.504985697320075,0.299000677429408,0.0936083852049844,2.20049752422926,999,0.053,0.1272,225,10,"coherent_strong","none",FALSE,NA,NA
"set01",0.904525827870774,0.196645853134036,0.129542415104097,5.46446485630133,999,0.001,0.004,225,10,"coherent_strong","libsize",TRUE,0.00130897941571118,0.00130897941571118
"set02",0.82661384385617,0.188313707249071,0.101915742858266,6.26301804515895,999,0.001,0.004,225,10,"coherent_strong","libsize",TRUE,0.0711308098087555,0.0711308098087555
"set03",0.819342937934291,0.308921686912615,0.0821701329258211,6.21176129144707,999,0.001,0.004,225,10,"coherent_strong","libsize",TRUE,0.123203880407823,0.123203880407823
"set04",0.0881131345419871,0.201446280912467,0.115311068014002,-0.982847078970055,999,0.914,0.989,225,10,"coherent_strong","libsize",FALSE,NA,NA
"set05",0.322808053236173,0.209917873974053,0.105055881971385,1.07457266688665,999,0.209,0.418,225,10,"coherent_strong","libsize",FALSE,NA,NA
"set06",0.34030728377618,0.306282234209243,0.093011822658373,0.365814243764569,999,0.364,0.514666666666667,225,10,"coherent_strong","libsize",FALSE,NA,NA
"set07",0.160256618183429,0.185007243909182,0.114934775945973,-0.215344968674997,999,0.588,0.7056,225,10,"coherent_strong","libsize",FALSE,NA,NA
"set08",0.611796707948026,0.251231693839895,0.115190832736269,3.13015372441703,999,0.012,0.036,225,10,"coherent_strong","libsize",FALSE,NA,NA
"set09",0.303464187330926,0.275463148938133,0.0849200043577084,0.329734302354069,999,0.386,0.514666666666667,225,10,"coherent_strong","libsize",FALSE,NA,NA
"set10",0.0131400848815646,0.172495025104891,0.113423321940892,-1.40495744170119,999,0.989,0.989,225,10,"coherent_strong","libsize",FALSE,NA,NA
"set11",0.263603254130188,0.217835903336265,0.0980211683401986,0.466912928797989,999,0.336,0.514666666666667,225,10,"coherent_strong","libsize",FALSE,NA,NA
"set12",0.459966338288058,0.268765421122603,0.0815970102163142,2.34323434962359,999,0.064,0.1536,225,10,"coherent_strong","libsize",FALSE,NA,NA
"set01",0.880475141300792,0.0940566895391737,0.0507504575049285,15.4957903913526,999,0.001,0.004,225,10,"coherent_strong","pcs1",TRUE,0.144985094647063,0.00130897941571118
"set02",0.821399171612284,0.10696810501722,0.0522420552523528,13.6754012288383,999,0.001,0.004,225,10,"coherent_strong","pcs1",TRUE,0.0765865188536418,0.0711308098087555
"set03",0.806076283782021,0.237412547220539,0.0476876471083283,11.9247597867367,999,0.001,0.004,225,10,"coherent_strong","pcs1",TRUE,0.413070763846979,0.123203880407823
"set04",0.0961486818706255,0.108125476992245,0.0566220552073692,-0.211521730847755,999,0.584,0.778666666666667,225,10,"coherent_strong","pcs1",FALSE,NA,NA
"set05",0.0784355624299297,0.12949173571921,0.0545297662836377,-0.936299140247749,999,0.838,0.914181818181818,225,10,"coherent_strong","pcs1",FALSE,NA,NA
"set06",0.296121101253215,0.233232882606938,0.0586804502830284,1.07170647707974,999,0.141,0.241714285714286,225,10,"coherent_strong","pcs1",FALSE,NA,NA
"set07",0.153407106116774,0.0958713966011823,0.051021587537412,1.12767383949789,999,0.14,0.241714285714286,225,10,"coherent_strong","pcs1",FALSE,NA,NA
"set08",0.252864251561909,0.166466514148438,0.0592914654771734,1.4571698762739,999,0.074,0.1776,225,10,"coherent_strong","pcs1",FALSE,NA,NA
"set09",0.257608921335564,0.211935494188626,0.0589818464975294,0.774364145226459,999,0.201,0.3015,225,10,"coherent_strong","pcs1",FALSE,NA,NA
"set10",0.0118727475757591,0.0810189094263161,0.0500326252005418,-1.38202146246382,999,0.936,0.936,225,10,"coherent_strong","pcs1",FALSE,NA,NA
"set11",0.226004025910287,0.141961352936347,0.0580091065730449,1.44878412957651,999,0.067,0.1776,225,10,"coherent_strong","pcs1",FALSE,NA,NA
"set12",0.185787911261401,0.207638018533925,0.0559305266936116,-0.390665144138886,999,0.65,0.78,225,10,"coherent_strong","pcs1",FALSE,NA,NA
"set01",0.826106574876185,0.0470482710722912,0.0423729894512929,18.3857290668483,999,0.001,0.004,225,10,"coherent_strong","pcs3",TRUE,0.489295561749365,0.00130897941571118
"set02",0.763742789388273,0.072806342563623,0.0486401703780652,14.2050581125479,999,0.001,0.004,225,10,"coherent_strong","pcs3",TRUE,0.922256406988308,0.0711308098087555
"set03",0.7181235139385,0.13326517016344,0.052688536744932,11.1002958120927,999,0.001,0.004,225,10,"coherent_strong","pcs3",TRUE,0.968950257720306,0.123203880407823
"set04",0.0139893564852232,0.0576659550174112,0.0420212476807771,-1.0393931866085,999,0.856,0.925,225,10,"coherent_strong","pcs3",FALSE,NA,NA
"set05",0.0637350408175024,0.0721712491312176,0.0482723906784307,-0.174762596075123,999,0.581,0.925,225,10,"coherent_strong","pcs3",FALSE,NA,NA
"set06",0.0949536828009075,0.169064327555926,0.0514367515986629,-1.44081114089921,999,0.925,0.925,225,10,"coherent_strong","pcs3",FALSE,NA,NA
"set07",0.077869552729815,0.0464515217886497,0.0435290185964013,0.721772094897697,999,0.237,0.5688,225,10,"coherent_strong","pcs3",FALSE,NA,NA
"set08",0.0622751155410338,0.103687961623461,0.047090894780977,-0.879423639645023,999,0.809,0.925,225,10,"coherent_strong","pcs3",FALSE,NA,NA
"set09",0.124437216125595,0.137868116456072,0.0485508089956311,-0.27663597390696,999,0.61,0.925,225,10,"coherent_strong","pcs3",FALSE,NA,NA
"set10",-0.0110151923670626,0.0396549676077699,0.0425005654901244,-1.19222319492682,999,0.903,0.925,225,10,"coherent_strong","pcs3",FALSE,NA,NA
"set11",0.210996171941452,0.0859514524284608,0.0474248998502469,2.63668916345303,999,0.011,0.033,225,10,"coherent_strong","pcs3",FALSE,NA,NA
"set12",0.109312529188711,0.138867177670524,0.0480496008150224,-0.615086243808557,999,0.727,0.925,225,10,"coherent_strong","pcs3",FALSE,NA,NA
"set01",0.0558088118977722,-0.0260947165144781,0.0337972937684441,2.42337534399639,999,0.015,0.09,225,10,"coherent_strong","pcs10",TRUE,0.946945738792764,0.00130897941571118
"set02",0.0158228528547788,-0.0222919261116078,0.0362712101930051,1.0508273300938,999,0.144,0.453,225,10,"coherent_strong","pcs10",TRUE,0.961078077958186,0.0711308098087555
"set03",0.0158354133569241,-0.0222613051905476,0.0350645537448507,1.08647378844986,999,0.151,0.453,225,10,"coherent_strong","pcs10",TRUE,0.986020434577867,0.123203880407823
"set04",-0.0115882603187585,-0.0240020253982319,0.0336225755757197,0.369209225257505,999,0.345,0.7488,225,10,"coherent_strong","pcs10",FALSE,NA,NA
"set05",-0.0266320334252279,-0.0224157189755683,0.035250901195715,-0.119608699540768,999,0.547,0.7488,225,10,"coherent_strong","pcs10",FALSE,NA,NA
"set06",-0.0245414568751519,-0.0189398511339851,0.0345663836064385,-0.162053566405582,999,0.565,0.7488,225,10,"coherent_strong","pcs10",FALSE,NA,NA
"set07",-0.0189497348455795,-0.0252368023763353,0.0330808956420005,0.190051309335575,999,0.433,0.7488,225,10,"coherent_strong","pcs10",FALSE,NA,NA
"set08",-0.0980191322696335,-0.0241478967849646,0.0337536077234478,-2.18854340223171,999,0.998,0.998,225,10,"coherent_strong","pcs10",FALSE,NA,NA
"set09",-0.0317997212372193,-0.0216020400669025,0.0346883890291324,-0.293979670308484,999,0.624,0.7488,225,10,"coherent_strong","pcs10",FALSE,NA,NA
"set10",-0.0508315179661133,-0.023064863031008,0.0346916710213113,-0.800383899583508,999,0.795,0.867272727272727,225,10,"coherent_strong","pcs10",FALSE,NA,NA
"set11",0.0843074392495226,-0.0217738966009098,0.0322830380962453,3.2859774700935,999,0.003,0.036,225,10,"coherent_strong","pcs10",FALSE,NA,NA
"set12",-0.0299279118503671,-0.02120836633332,0.0332640416830672,-0.262131270761534,999,0.604,0.7488,225,10,"coherent_strong","pcs10",FALSE,NA,NA
"set01",0.688054213070218,0.114251210628115,0.1116223795278,5.1405731079151,999,0.001,0.004,225,11,"coherent_weak","none",TRUE,0,0.022219445865866
"set02",0.801046355732708,0.155284107162609,0.105556060872396,6.11771833121683,999,0.001,0.004,225,11,"coherent_weak","none",TRUE,2.22044604925031e-16,0.00228291770978828
"set03",0.834437528463099,0.298231538383736,0.0937358909171943,5.7203914619326,999,0.001,0.004,225,11,"coherent_weak","none",TRUE,0,0.0597486214948477
"set04",0.0674303746402563,0.125397449984342,0.112029746789339,-0.517425746334022,999,0.734,0.800727272727273,225,11,"coherent_weak","none",FALSE,NA,NA
"set05",0.5030242159654,0.166612871622041,0.107441174237716,3.13112125523724,999,0.03,0.09,225,11,"coherent_weak","none",FALSE,NA,NA
"set06",0.217695549719882,0.26246910613746,0.100536080722639,-0.445348138655817,999,0.689,0.800727272727273,225,11,"coherent_weak","none",FALSE,NA,NA
"set07",0.0844641579966976,0.123967584731341,0.114543256834161,-0.34487780273122,999,0.626,0.800727272727273,225,11,"coherent_weak","none",FALSE,NA,NA
"set08",0.23521739317785,0.163686402730064,0.114748507667408,0.623371858178009,999,0.305,0.732,225,11,"coherent_weak","none",FALSE,NA,NA
"set09",0.222647024693592,0.239327766186434,0.0945884436247576,-0.176350734335115,999,0.591,0.800727272727273,225,11,"coherent_weak","none",FALSE,NA,NA
"set10",0.0690205620925968,0.161533978535941,0.119420150547634,-0.774688492847298,999,0.848,0.848,225,11,"coherent_weak","none",FALSE,NA,NA
"set11",0.182126302878153,0.181431444229678,0.114397041507914,0.00607409631678552,999,0.498,0.800727272727273,225,11,"coherent_weak","none",FALSE,NA,NA
"set12",0.283750737083164,0.244105684786701,0.102094249182898,0.388318172803639,999,0.366,0.732,225,11,"coherent_weak","none",FALSE,NA,NA
"set01",0.674227298530488,0.11534161862611,0.109465607078499,5.10558242739743,999,0.001,0.004,225,11,"coherent_weak","libsize",TRUE,0.022219445865866,0.022219445865866
"set02",0.79739851732074,0.160456715892933,0.101252174374852,6.29064813037739,999,0.001,0.004,225,11,"coherent_weak","libsize",TRUE,0.00228291770978828,0.00228291770978828
"set03",0.823720118194202,0.289147703329967,0.0937929329559615,5.69949566579,999,0.001,0.004,225,11,"coherent_weak","libsize",TRUE,0.0597486214948477,0.0597486214948477
"set04",0.0609200279447731,0.128773972167396,0.111767956745877,-0.607096579361294,999,0.764,0.784,225,11,"coherent_weak","libsize",FALSE,NA,NA
"set05",0.498632010806983,0.172218130223321,0.107499170129448,3.03643163189634,999,0.032,0.096,225,11,"coherent_weak","libsize",FALSE,NA,NA
"set06",0.207603851719629,0.26346635624682,0.0953426049123535,-0.585913344601233,999,0.736,0.784,225,11,"coherent_weak","libsize",FALSE,NA,NA
"set07",0.0837213699947901,0.12272365424304,0.110216575638444,-0.353869497598921,999,0.643,0.784,225,11,"coherent_weak","libsize",FALSE,NA,NA
"set08",0.246449170376235,0.16947464191996,0.110040058146071,0.699513702129241,999,0.286,0.668,225,11,"coherent_weak","libsize",FALSE,NA,NA
"set09",0.194038179838769,0.245642316531726,0.0896018611071518,-0.575927062845768,999,0.744,0.784,225,11,"coherent_weak","libsize",FALSE,NA,NA
"set10",0.0828982700110898,0.154362107610112,0.110688878284863,-0.645627986355651,999,0.784,0.784,225,11,"coherent_weak","libsize",FALSE,NA,NA
"set11",0.151368752658998,0.181455325250573,0.106384831162652,-0.282808857830262,999,0.632,0.784,225,11,"coherent_weak","libsize",FALSE,NA,NA
"set12",0.301024534825923,0.25224774410865,0.09560103773877,0.510211937767412,999,0.334,0.668,225,11,"coherent_weak","libsize",FALSE,NA,NA
"set01",0.663321801052413,0.0351691905070455,0.0436510030712037,14.3903362202404,999,0.001,0.004,225,11,"coherent_weak","pcs1",TRUE,0.121352021258099,0.022219445865866
"set02",0.802294597327763,0.0855124381751684,0.0486740052196543,14.726179937688,999,0.001,0.004,225,11,"coherent_weak","pcs1",TRUE,0.00499400619808554,0.00228291770978828
"set03",0.832077838660195,0.214511675440061,0.0492732071525883,12.5335085517707,999,0.001,0.004,225,11,"coherent_weak","pcs1",TRUE,0.276196824117111,0.0597486214948477
"set04",0.0678334311666677,0.0402635837629147,0.0457641553830615,0.60243321815915,999,0.288,0.636,225,11,"coherent_weak","pcs1",FALSE,NA,NA
"set05",0.112248406967745,0.0897122373036277,0.0487768614733409,0.462025825020217,999,0.329,0.636,225,11,"coherent_weak","pcs1",FALSE,NA,NA
"set06",0.198698076095554,0.192336859974041,0.052257211939206,0.121728961141544,999,0.447,0.668,225,11,"coherent_weak","pcs1",FALSE,NA,NA
"set07",0.019359838178882,0.0393432487126045,0.0433771984972735,-0.460689284370878,999,0.678,0.739636363636364,225,11,"coherent_weak","pcs1",FALSE,NA,NA
"set08",0.0797344597972497,0.0797436774346082,0.0462018672359002,-0.000199507896756029,999,0.501,0.668,225,11,"coherent_weak","pcs1",FALSE,NA,NA
"set09",0.194368908249135,0.176744586569006,0.0510824255104261,0.345017322572751,999,0.371,0.636,225,11,"coherent_weak","pcs1",FALSE,NA,NA
"set10",-0.00202960151119991,0.0648165932124582,0.0470392908216536,-1.42107148207444,999,0.931,0.931,225,11,"coherent_weak","pcs1",FALSE,NA,NA
"set11",0.0919314621518125,0.103380931410039,0.0482760063110533,-0.237166868867621,999,0.606,0.7272,225,11,"coherent_weak","pcs1",FALSE,NA,NA
"set12",0.265465517710217,0.174470560483898,0.0490019233170811,1.85696705489517,999,0.052,0.156,225,11,"coherent_weak","pcs1",FALSE,NA,NA
"set01",0.612015264674417,-0.00830793709282023,0.0376781427944239,16.4637414628367,999,0.001,0.004,225,11,"coherent_weak","pcs3",TRUE,0.285185970634276,0.022219445865866
"set02",0.638054533784267,0.00970239953955668,0.041423929795627,15.1688199875002,999,0.001,0.004,225,11,"coherent_weak","pcs3",TRUE,0.578678114146756,0.00228291770978828
"set03",0.564117179758485,0.0342785000182211,0.0478474253108749,11.0735045051597,999,0.001,0.004,225,11,"coherent_weak","pcs3",TRUE,0.87000114162267,0.0597486214948477
"set04",0.0191586466671267,-0.00664377181843876,0.0385057592876747,0.670092447542635,999,0.259,0.518,225,11,"coherent_weak","pcs3",FALSE,NA,NA
"set05",0.02087897657034,0.00659829356211281,0.0423933323010102,0.336861535366656,999,0.376,0.644571428571429,225,11,"coherent_weak","pcs3",FALSE,NA,NA
"set06",0.0401750963603031,0.035145056103064,0.0473707169311115,0.106184592151181,999,0.454,0.681,225,11,"coherent_weak","pcs3",FALSE,NA,NA
"set07",-0.0197528957822249,-0.00264600181577782,0.0365828717995993,-0.467620313138851,999,0.665,0.841,225,11,"coherent_weak","pcs3",FALSE,NA,NA
"set08",-0.0258409506264211,0.00527754197031241,0.0401948164674638,-0.774191682699255,999,0.799,0.841,225,11,"coherent_weak","pcs3",FALSE,NA,NA
"set09",0.0756469669579603,0.029359853834698,0.0456908428877422,1.01305010364954,999,0.152,0.3648,225,11,"coherent_weak","pcs3",FALSE,NA,NA
"set10",-0.0380935196412654,-0.00141076068082529,0.0371999626473618,-0.986096661122364,999,0.841,0.841,225,11,"coherent_weak","pcs3",FALSE,NA,NA
"set11",-0.00618222190759852,0.0156954200364238,0.0416713424730545,-0.525004490992073,999,0.704,0.841,225,11,"coherent_weak","pcs3",FALSE,NA,NA
"set12",0.107430511450164,0.0325719513670902,0.0432589422311813,1.73047597148862,999,0.049,0.147,225,11,"coherent_weak","pcs3",FALSE,NA,NA
"set01",0.403331158872477,-0.0192358703984694,0.0343167172953641,12.3137369356722,999,0.001,0.006,225,11,"coherent_weak","pcs10",TRUE,0.44550492719317,0.022219445865866
"set02",0.175037708227861,-0.0185386659966883,0.0351809507574383,5.50230650556313,999,0.001,0.006,225,11,"coherent_weak","pcs10",TRUE,0.751362357438456,0.00228291770978828
"set03",0.102282085637236,-0.00915373802238372,0.0360030420406578,3.09517800006389,999,0.003,0.012,225,11,"coherent_weak","pcs10",TRUE,0.897366605941366,0.0597486214948477
"set04",0.00282834467794668,-0.0190469352237246,0.0373888722464163,0.585074611437845,999,0.284,0.486857142857143,225,11,"coherent_weak","pcs10",FALSE,NA,NA
"set05",0.0144416201916761,-0.018275063720898,0.035692546123917,0.916625107073859,999,0.185,0.37,225,11,"coherent_weak","pcs10",FALSE,NA,NA
"set06",-0.00346629722324809,-0.0147659014372336,0.0356894169708269,0.316609380960804,999,0.385,0.558666666666667,225,11,"coherent_weak","pcs10",FALSE,NA,NA
"set07",-0.0556292239379051,-0.0168197830394003,0.035857978318049,-1.08230978763714,999,0.872,0.923,225,11,"coherent_weak","pcs10",FALSE,NA,NA
"set08",-0.0615856491577473,-0.0166380489749997,0.0334923724941309,-1.34202496973375,999,0.923,0.923,225,11,"coherent_weak","pcs10",FALSE,NA,NA
"set09",0.0198045554384602,-0.0151020145279518,0.0348812492735103,1.00072591129702,999,0.173,0.37,225,11,"coherent_weak","pcs10",FALSE,NA,NA
"set10",-0.0530646366205949,-0.017127830713235,0.0332168682792603,-1.08188422837555,999,0.866,0.923,225,11,"coherent_weak","pcs10",FALSE,NA,NA
"set11",-0.00861226055860003,-0.015867661182027,0.036046199863452,0.201280596870446,999,0.419,0.558666666666667,225,11,"coherent_weak","pcs10",FALSE,NA,NA
"set12",0.0304844560617692,-0.0145420013293067,0.0357713600576845,1.25872925486945,999,0.118,0.354,225,11,"coherent_weak","pcs10",FALSE,NA,NA
"set01",0.850239829709661,0.140798778850447,0.0934272644458436,7.59351196962907,999,0.001,0.004,225,11,"coherent_strong","none",TRUE,0,0.0168151548008171
"set02",0.890528214655186,0.235858667133861,0.110270251153711,5.93695525920904,999,0.001,0.004,225,11,"coherent_strong","none",TRUE,2.22044604925031e-16,0.0113737467354242
"set03",0.889781299694942,0.428762963645989,0.0775348770018664,5.94594786082986,999,0.001,0.004,225,11,"coherent_strong","none",TRUE,0,0.201540782239537
"set04",0.0339586877981972,0.174142516294624,0.116020059817396,-1.20827233425894,999,0.956,0.956,225,11,"coherent_strong","none",FALSE,NA,NA
"set05",0.615702458045264,0.240787063982975,0.110763077617677,3.38484088855305,999,0.007,0.021,225,11,"coherent_strong","none",FALSE,NA,NA
"set06",0.3858470427338,0.33867733965781,0.104713639518595,0.450463791468285,999,0.342,0.513,225,11,"coherent_strong","none",FALSE,NA,NA
"set07",0.123935724851743,0.170734181707155,0.115905815073202,-0.403762803668262,999,0.657,0.716727272727273,225,11,"coherent_strong","none",FALSE,NA,NA
"set08",0.309536904727418,0.216219256544554,0.11669542682008,0.799668425110952,999,0.254,0.435428571428571,225,11,"coherent_strong","none",FALSE,NA,NA
"set09",0.303822488168081,0.318031392317835,0.102428718168862,-0.138719925463963,999,0.552,0.6888,225,11,"coherent_strong","none",FALSE,NA,NA
"set10",0.374806138552702,0.208894882957979,0.117185354196417,1.41580197228943,999,0.162,0.324,225,11,"coherent_strong","none",FALSE,NA,NA
"set11",0.408853774958825,0.243157024212225,0.114965702498576,1.44127115431363,999,0.121,0.2904,225,11,"coherent_strong","none",FALSE,NA,NA
"set12",0.304024796792103,0.32343727730981,0.103951912506891,-0.186744813535004,999,0.574,0.6888,225,11,"coherent_strong","none",FALSE,NA,NA
"set01",0.831998939842334,0.124127049216568,0.0892027052538405,7.93554285838533,999,0.001,0.004,225,11,"coherent_strong","libsize",TRUE,0.0168151548008171,0.0168151548008171
"set02",0.888397769521416,0.194334339286701,0.0946109104307849,7.33597665506533,999,0.001,0.004,225,11,"coherent_strong","libsize",TRUE,0.0113737467354242,0.0113737467354242
"set03",0.765317464802816,0.319936830525352,0.0708024297917546,6.29047104156489,999,0.001,0.004,225,11,"coherent_strong","libsize",TRUE,0.201540782239537,0.201540782239537
"set04",0.038360099099303,0.149707879904967,0.105428203208548,-1.05614795108863,999,0.92,0.92,225,11,"coherent_strong","libsize",FALSE,NA,NA
"set05",0.533553228922923,0.19729083622355,0.0983559373664284,3.41883166083423,999,0.014,0.042,225,11,"coherent_strong","libsize",FALSE,NA,NA
"set06",0.292520930710912,0.273226890275392,0.0862849005084022,0.223608537783976,999,0.422,0.633,225,11,"coherent_strong","libsize",FALSE,NA,NA
"set07",0.0981829883693186,0.145516887700303,0.105398202251955,-0.449095888920693,999,0.693,0.756,225,11,"coherent_strong","libsize",FALSE,NA,NA
"set08",0.314112569558771,0.183529729603994,0.10269532537555,1.27155583252933,999,0.165,0.396,225,11,"coherent_strong","libsize",FALSE,NA,NA
"set09",0.221351878320927,0.261135851065632,0.0846080554882851,-0.470214951934613,999,0.686,0.756,225,11,"coherent_strong","libsize",FALSE,NA,NA
"set10",0.281349883511105,0.17660221353312,0.110364578851999,0.94910587316655,999,0.236,0.404571428571429,225,11,"coherent_strong","libsize",FALSE,NA,NA
"set11",0.30494124311646,0.201272909355269,0.10106756684769,1.02573295266345,999,0.21,0.404571428571429,225,11,"coherent_strong","libsize",FALSE,NA,NA
"set12",0.244087411828636,0.26257184869335,0.0825096139081821,-0.224027673736101,999,0.592,0.756,225,11,"coherent_strong","libsize",FALSE,NA,NA
"set01",0.837571175397454,0.0583855798032834,0.0469445367481012,16.5980037203304,999,0.001,0.004,225,11,"coherent_strong","pcs1",TRUE,0.131675546928869,0.0168151548008171
"set02",0.888327569466711,0.122311215423436,0.0536286999862242,14.2837017164325,999,0.001,0.004,225,11,"coherent_strong","pcs1",TRUE,0.0152560913070989,0.0113737467354242
"set03",0.801867793805984,0.278567042444851,0.0416952818342239,12.5505987330107,999,0.001,0.004,225,11,"coherent_strong","pcs1",TRUE,0.405432931189967,0.201540782239537
"set04",0.0411830018188248,0.0694780913872233,0.0465897953802895,-0.607323757003859,999,0.715,0.715,225,11,"coherent_strong","pcs1",FALSE,NA,NA
"set05",0.11322691190259,0.120083729059135,0.0522548224000268,-0.131218839556171,999,0.551,0.601090909090909,225,11,"coherent_strong","pcs1",FALSE,NA,NA
"set06",0.275263325643079,0.221031627402844,0.0520996629590883,1.04092224709439,999,0.147,0.352,225,11,"coherent_strong","pcs1",FALSE,NA,NA
"set07",0.0613670355690134,0.0667383751238876,0.0494654151164392,-0.108587778799194,999,0.54,0.601090909090909,225,11,"coherent_strong","pcs1",FALSE,NA,NA
"set08",0.13153326326438,0.108150018129791,0.0502939029697448,0.464932004753248,999,0.353,0.470666666666667,225,11,"coherent_strong","pcs1",FALSE,NA,NA
"set09",0.229562463910563,0.202854425693661,0.0537659779989716,0.496746068999478,999,0.314,0.470666666666667,225,11,"coherent_strong","pcs1",FALSE,NA,NA
"set10",0.137074769283272,0.0886255443261737,0.0475419167011629,1.0190843852939,999,0.176,0.352,225,11,"coherent_strong","pcs1",FALSE,NA,NA
"set11",0.252611105234576,0.126425946904453,0.0534457719801082,2.36099421254663,999,0.012,0.036,225,11,"coherent_strong","pcs1",FALSE,NA,NA
"set12",0.236530227300785,0.205198187231127,0.0563702703916282,0.555825612543292,999,0.289,0.470666666666667,225,11,"coherent_strong","pcs1",FALSE,NA,NA
"set01",0.796768336188412,0.0193365882016501,0.040701709301593,19.1007149657062,999,0.001,0.004,225,11,"coherent_strong","pcs3",TRUE,0.470955354475546,0.0168151548008171
"set02",0.710119092303874,0.0660042103623083,0.0485899433259568,13.2561356908906,999,0.001,0.004,225,11,"coherent_strong","pcs3",TRUE,0.937897128177063,0.0113737467354242
"set03",0.773957139123575,0.181870909781766,0.0486814027350777,12.1624726502628,999,0.001,0.004,225,11,"coherent_strong","pcs3",TRUE,0.974596326232626,0.201540782239537
"set04",-0.0165038014536119,0.0254912965156118,0.0398033209034004,-1.0550651808964,999,0.883,0.883,225,11,"coherent_strong","pcs3",FALSE,NA,NA
"set05",0.0374842047153121,0.0712310493345392,0.0482070749400248,-0.700039250695299,999,0.748,0.855272727272727,225,11,"coherent_strong","pcs3",FALSE,NA,NA
"set06",0.131602196009918,0.173252502344662,0.0517786086660847,-0.804392149726223,999,0.784,0.855272727272727,225,11,"coherent_strong","pcs3",FALSE,NA,NA
"set07",0.0206154541206076,0.0215029711834363,0.0420398682438448,-0.0211113188481199,999,0.508,0.762,225,11,"coherent_strong","pcs3",FALSE,NA,NA
"set08",0.0628056576955741,0.0595732027566738,0.0462309124933914,0.0699197736874086,999,0.471,0.762,225,11,"coherent_strong","pcs3",FALSE,NA,NA
"set09",0.15256764753658,0.152184337655844,0.0516457042262657,0.00742191217021367,999,0.498,0.762,225,11,"coherent_strong","pcs3",FALSE,NA,NA
"set10",0.0649422788662528,0.0503542337183841,0.0434723236297765,0.335570862788586,999,0.35,0.762,225,11,"coherent_strong","pcs3",FALSE,NA,NA
"set11",0.220285196182999,0.0787965396135281,0.0458087580856166,3.08868134571622,999,0.002,0.006,225,11,"coherent_strong","pcs3",FALSE,NA,NA
"set12",0.119592638215101,0.1514939824672,0.0467989757639506,-0.681667573517134,999,0.747,0.855272727272727,225,11,"coherent_strong","pcs3",FALSE,NA,NA
"set01",0.0513466102514521,-0.0205581501402524,0.033399743902159,2.15285364469685,999,0.012,0.048,225,11,"coherent_strong","pcs10",TRUE,0.922610431158451,0.0168151548008171
"set02",0.00383661598569429,-0.0217342869833245,0.0346320864804674,0.738358717816233,999,0.243,0.3645,225,11,"coherent_strong","pcs10",TRUE,0.968388414192926,0.0113737467354242
"set03",0.0677790646951498,-0.017761879172391,0.0358617066446848,2.38530041849581,999,0.012,0.048,225,11,"coherent_strong","pcs10",TRUE,0.988254404971808,0.201540782239537
"set04",-0.0350398893085008,-0.0220385478309441,0.0343804818020959,-0.378160537493227,999,0.648,0.706909090909091,225,11,"coherent_strong","pcs10",FALSE,NA,NA
"set05",-0.0034610244494856,-0.0238633089276547,0.0339747780599902,0.600512663898621,999,0.289,0.385333333333333,225,11,"coherent_strong","pcs10",FALSE,NA,NA
"set06",0.0157532143655154,-0.0172065145215451,0.0347678572190602,0.947994254560834,999,0.188,0.322285714285714,225,11,"coherent_strong","pcs10",FALSE,NA,NA
"set07",-0.0100501909807341,-0.0243682852768993,0.0345888029187219,0.413951715236009,999,0.347,0.4164,225,11,"coherent_strong","pcs10",FALSE,NA,NA
"set08",0.0105425890564626,-0.0215384081868231,0.0354625832229609,0.904643551813063,999,0.177,0.322285714285714,225,11,"coherent_strong","pcs10",FALSE,NA,NA
"set09",0.0267726069501157,-0.018290859801477,0.0341130482212231,1.321003812364,999,0.103,0.3024,225,11,"coherent_strong","pcs10",FALSE,NA,NA
"set10",0.0185167397465947,-0.0195297528513589,0.0347166929054814,1.09591350482426,999,0.126,0.3024,225,11,"coherent_strong","pcs10",FALSE,NA,NA
"set11",0.0657301911626831,-0.0211868111261397,0.0353628140702785,2.45786441418626,999,0.007,0.048,225,11,"coherent_strong","pcs10",FALSE,NA,NA
"set12",-0.0536970071279089,-0.019463539412964,0.0336303644881564,-1.01793329438939,999,0.853,0.853,225,11,"coherent_strong","pcs10",FALSE,NA,NA
"set01",0.691154875679874,0.104582282130124,0.099136669747354,5.91680752485036,999,0.001,0.004,225,12,"coherent_weak","none",TRUE,0,0.00950557391189588
"set02",0.795141039823681,0.21632067142021,0.115121174780108,5.02792270413388,999,0.001,0.004,225,12,"coherent_weak","none",TRUE,1.11022302462516e-16,0.00258719288367626
"set03",0.837558803169673,0.272861529225301,0.0951113350024795,5.93722371712742,999,0.001,0.004,225,12,"coherent_weak","none",TRUE,0,0.00997034240224259
"set04",0.414983599908429,0.183177034248924,0.118322172446136,1.95911350228995,999,0.116,0.348,225,12,"coherent_weak","none",FALSE,NA,NA
"set05",0.143933266744814,0.153041709242481,0.100390966282036,-0.0907297024323694,999,0.536,0.804,225,12,"coherent_weak","none",FALSE,NA,NA
"set06",0.219959550503171,0.270374666772888,0.101283589175637,-0.497761944260209,999,0.723,0.9192,225,12,"coherent_weak","none",FALSE,NA,NA
"set07",0.186551702700442,0.128899053658513,0.120847027017182,0.477071306303065,999,0.338,0.804,225,12,"coherent_weak","none",FALSE,NA,NA
"set08",0.0411618026856038,0.203914305617099,0.11027803321554,-1.47583791790514,999,0.986,0.986,225,12,"coherent_weak","none",FALSE,NA,NA
"set09",0.267795675040779,0.254027666076736,0.097852309976978,0.140701930974156,999,0.449,0.804,225,12,"coherent_weak","none",FALSE,NA,NA
"set10",0.0812217162030764,0.154662388115056,0.12731183706329,-0.576856587777221,999,0.766,0.9192,225,12,"coherent_weak","none",FALSE,NA,NA
"set11",0.112559096014898,0.208952069312829,0.115642071077393,-0.833545892077812,999,0.869,0.948,225,12,"coherent_weak","none",FALSE,NA,NA
"set12",0.277119970136244,0.275248873868053,0.0969532957271767,0.0192989444469831,999,0.487,0.804,225,12,"coherent_weak","none",FALSE,NA,NA
"set01",0.677989669769334,0.112793632873614,0.0972525571574723,5.81163162610264,999,0.001,0.004,225,12,"coherent_weak","libsize",TRUE,0.00950557391189588,0.00950557391189588
"set02",0.791924773542774,0.213151296818802,0.111147043235556,5.20727731368766,999,0.001,0.004,225,12,"coherent_weak","libsize",TRUE,0.00258719288367626,0.00258719288367626
"set03",0.838631341112455,0.274580993654035,0.0882617838551784,6.39065202198864,999,0.001,0.004,225,12,"coherent_weak","libsize",TRUE,0.00997034240224259,0.00997034240224259
"set04",0.411942664294309,0.180861815608437,0.120748174006707,1.91374197238822,999,0.116,0.348,225,12,"coherent_weak","libsize",FALSE,NA,NA
"set05",0.163330494270391,0.169645306870866,0.104206916339745,-0.0605987857839205,999,0.517,0.848,225,12,"coherent_weak","libsize",FALSE,NA,NA
"set06",0.249962999750601,0.280767976682548,0.0969051130800003,-0.317888044839454,999,0.636,0.848,225,12,"coherent_weak","libsize",FALSE,NA,NA
"set07",0.203830537547021,0.136142773785719,0.119541446620821,0.566228414283824,999,0.316,0.7584,225,12,"coherent_weak","libsize",FALSE,NA,NA
"set08",0.075394944346693,0.202295177864328,0.105632495516561,-1.20133707811286,999,0.951,0.951,225,12,"coherent_weak","libsize",FALSE,NA,NA
"set09",0.262295150580974,0.264753354414032,0.0906885963761385,-0.0271059861028399,999,0.514,0.848,225,12,"coherent_weak","libsize",FALSE,NA,NA
"set10",0.074826523834198,0.157075217920456,0.129838738521406,-0.633468062173897,999,0.787,0.901090909090909,225,12,"coherent_weak","libsize",FALSE,NA,NA
"set11",0.127924147525574,0.209595931516173,0.114583318549803,-0.712772024970641,999,0.826,0.901090909090909,225,12,"coherent_weak","libsize",FALSE,NA,NA
"set12",0.262869061168672,0.282707141225065,0.0954642098441297,-0.207806465782137,999,0.579,0.848,225,12,"coherent_weak","libsize",FALSE,NA,NA
"set01",0.672054246484986,0.0373758520994607,0.0444202690904363,14.2880357859464,999,0.001,0.004,225,12,"coherent_weak","pcs1",TRUE,0.128714645929561,0.00950557391189588
"set02",0.791483820748455,0.129153844633274,0.0522434184029454,12.6777687288135,999,0.001,0.004,225,12,"coherent_weak","pcs1",TRUE,0.00704399378204923,0.00258719288367626
"set03",0.82288694054196,0.206189285297875,0.0476225628178753,12.9496948243324,999,0.001,0.004,225,12,"coherent_weak","pcs1",TRUE,0.258719269843108,0.00997034240224259
"set04",0.110687503099331,0.085576833528593,0.0481857183185414,0.521122657230895,999,0.305,0.732,225,12,"coherent_weak","pcs1",FALSE,NA,NA
"set05",0.107739342250007,0.0910398920522697,0.0511998439915654,0.326162130503538,999,0.377,0.737142857142857,225,12,"coherent_weak","pcs1",FALSE,NA,NA
"set06",0.192095675719442,0.211492737225908,0.0486124182382965,-0.399014535985072,999,0.653,0.766909090909091,225,12,"coherent_weak","pcs1",FALSE,NA,NA
"set07",0.0361751750122635,0.0427198731759037,0.0440671880427871,-0.148516355463517,999,0.563,0.766909090909091,225,12,"coherent_weak","pcs1",FALSE,NA,NA
"set08",0.0752555130907692,0.118705687939114,0.0518263548414139,-0.838379912716229,999,0.808,0.808,225,12,"coherent_weak","pcs1",FALSE,NA,NA
"set09",0.204471830089185,0.196274744297734,0.0480394277998404,0.170632461019406,999,0.43,0.737142857142857,225,12,"coherent_weak","pcs1",FALSE,NA,NA
"set10",0.0338851735872055,0.0594225452307489,0.0467518292384773,-0.546232565859173,999,0.703,0.766909090909091,225,12,"coherent_weak","pcs1",FALSE,NA,NA
"set11",0.114818912714013,0.126796246314797,0.0489815882158584,-0.244527260896505,999,0.618,0.766909090909091,225,12,"coherent_weak","pcs1",FALSE,NA,NA
"set12",0.269525337481924,0.210255898890151,0.0521240738459059,1.13708377374707,999,0.127,0.381,225,12,"coherent_weak","pcs1",FALSE,NA,NA
"set01",0.642985584174682,-0.00985792324614247,0.0377262307042875,17.3047636944719,999,0.001,0.004,225,12,"coherent_weak","pcs3",TRUE,0.262546237023453,0.00950557391189588
"set02",0.684069869781169,0.00358817994970217,0.0378130293641021,17.995958040788,999,0.001,0.004,225,12,"coherent_weak","pcs3",TRUE,0.562325719508026,0.00258719288367626
"set03",0.582874865954557,-0.00511650844399253,0.0374895147759274,15.6841553675191,999,0.001,0.004,225,12,"coherent_weak","pcs3",TRUE,0.819384344475468,0.00997034240224259
"set04",0.0613691435070989,-0.00431835658520306,0.0374132494199878,1.7557282810407,999,0.055,0.165,225,12,"coherent_weak","pcs3",FALSE,NA,NA
"set05",0.0139772096513494,-0.00612426734176912,0.0390471669756599,0.51479988306575,999,0.305,0.522857142857143,225,12,"coherent_weak","pcs3",FALSE,NA,NA
"set06",-0.0162662232853768,0.0109008336591376,0.0406168404045704,-0.668861897526068,999,0.763,0.9156,225,12,"coherent_weak","pcs3",FALSE,NA,NA
"set07",-0.0666021908077453,-0.0110442696308222,0.0370486620411589,-1.49959318679853,999,0.954,0.954,225,12,"coherent_weak","pcs3",FALSE,NA,NA
"set08",-0.0487781881771653,-0.00437072942001834,0.0382656562810952,-1.16050430262936,999,0.885,0.954,225,12,"coherent_weak","pcs3",FALSE,NA,NA
"set09",0.0187951451439159,-0.00236849377639274,0.0381932431031064,0.554119975179257,999,0.294,0.522857142857143,225,12,"coherent_weak","pcs3",FALSE,NA,NA
"set10",-0.0155726766969569,-0.0112116442052885,0.0371563789795232,-0.117369684868155,999,0.549,0.732,225,12,"coherent_weak","pcs3",FALSE,NA,NA
"set11",-0.00383963734943563,0.0003991988855509,0.0364630742372547,-0.116250105720808,999,0.542,0.732,225,12,"coherent_weak","pcs3",FALSE,NA,NA
"set12",0.0282133514067616,0.0047334132786731,0.0397336635471123,0.590933129039266,999,0.275,0.522857142857143,225,12,"coherent_weak","pcs3",FALSE,NA,NA
"set01",0.443018190051689,-0.0166665250544884,0.0342255278067726,13.4310482427451,999,0.001,0.004,225,12,"coherent_weak","pcs10",TRUE,0.48293956060091,0.00950557391189588
"set02",0.236686625344975,-0.0181638206211552,0.0320280770130355,7.95709482846584,999,0.001,0.004,225,12,"coherent_weak","pcs10",TRUE,0.739925629375587,0.00258719288367626
"set03",0.111851544988749,-0.0193185250161736,0.0326871184516916,4.0128979309932,999,0.001,0.004,225,12,"coherent_weak","pcs10",TRUE,0.891578026653021,0.00997034240224259
"set04",0.0519040588792731,-0.018425162093451,0.0335656146403397,2.09527582695302,999,0.025,0.075,225,12,"coherent_weak","pcs10",FALSE,NA,NA
"set05",-0.00610859269332268,-0.0183437950026623,0.0351579474967798,0.34800672907485,999,0.381,0.6105,225,12,"coherent_weak","pcs10",FALSE,NA,NA
"set06",-0.0259175770389195,-0.0136850854434345,0.0337427455836029,-0.36252211798169,999,0.624,0.7488,225,12,"coherent_weak","pcs10",FALSE,NA,NA
"set07",-0.05463671752456,-0.0201621304954532,0.0338958262632872,-1.01707469118245,999,0.854,0.893,225,12,"coherent_weak","pcs10",FALSE,NA,NA
"set08",-0.0594579060823307,-0.0170727020740294,0.0359039086315081,-1.18051782170327,999,0.893,0.893,225,12,"coherent_weak","pcs10",FALSE,NA,NA
"set09",-0.00471211100446486,-0.0215114129477266,0.0323893191160766,0.518667956033794,999,0.335,0.6105,225,12,"coherent_weak","pcs10",FALSE,NA,NA
"set10",-0.0198563959657809,-0.0207043320995565,0.0336809016182076,0.0251755770491959,999,0.491,0.654666666666667,225,12,"coherent_weak","pcs10",FALSE,NA,NA
"set11",-0.00242437152449769,-0.0175966512433948,0.0341115384322489,0.444784387225212,999,0.336,0.6105,225,12,"coherent_weak","pcs10",FALSE,NA,NA
"set12",-0.00810418327069255,-0.016963705211037,0.0343052635420527,0.258255469440836,999,0.407,0.6105,225,12,"coherent_weak","pcs10",FALSE,NA,NA
"set01",0.87773655782775,0.140148768679378,0.0925622630678441,7.96855829473133,999,0.001,0.004,225,12,"coherent_strong","none",TRUE,0,0.00735304905438139
"set02",0.866191930847186,0.289380921769101,0.112804181296353,5.11338323144885,999,0.001,0.004,225,12,"coherent_strong","none",TRUE,1.11022302462516e-16,0.0142767800958705
"set03",0.895566854365966,0.381309531302977,0.0856260145300701,6.00585378036476,999,0.001,0.004,225,12,"coherent_strong","none",TRUE,0,0.0947988752321802
"set04",0.431997977740754,0.221829564248269,0.120444220990386,1.74494393972842,999,0.124,0.365142857142857,225,12,"coherent_strong","none",FALSE,NA,NA
"set05",0.209010806320304,0.206930120187135,0.102242126285752,0.0203505757240837,999,0.493,0.5916,225,12,"coherent_strong","none",FALSE,NA,NA
"set06",0.339449683328541,0.327497402973153,0.0958819087190856,0.124656262219461,999,0.445,0.5916,225,12,"coherent_strong","none",FALSE,NA,NA
"set07",0.269517071536591,0.156319640091641,0.105717688838954,1.07075204431862,999,0.213,0.365142857142857,225,12,"coherent_strong","none",FALSE,NA,NA
"set08",0.190333436344695,0.26118635301316,0.111098115468341,-0.637750841855245,999,0.764,0.783,225,12,"coherent_strong","none",FALSE,NA,NA
"set09",0.420060367361165,0.317730298573484,0.103560220106706,0.988121391420779,999,0.19,0.365142857142857,225,12,"coherent_strong","none",FALSE,NA,NA
"set10",0.128232183559941,0.198080007939128,0.115026617057725,-0.607231840471621,999,0.783,0.783,225,12,"coherent_strong","none",FALSE,NA,NA
"set11",0.279122778718654,0.255337855473193,0.112394709546237,0.211619597946256,999,0.441,0.5916,225,12,"coherent_strong","none",FALSE,NA,NA
"set12",0.432980397432271,0.333435441287087,0.0964366719178066,1.03223135105727,999,0.189,0.365142857142857,225,12,"coherent_strong","none",FALSE,NA,NA
"set01",0.869139458433954,0.133777148833426,0.092277594853357,7.96902336660518,999,0.001,0.004,225,12,"coherent_strong","libsize",TRUE,0.00735304905438139,0.00735304905438139
"set02",0.862708557570012,0.240214739260509,0.114457847737526,5.43862942222188,999,0.001,0.004,225,12,"coherent_strong","libsize",TRUE,0.0142767800958705,0.0142767800958705
"set03",0.835851389488026,0.313307174028788,0.0776333860103549,6.73092135115091,999,0.001,0.004,225,12,"coherent_strong","libsize",TRUE,0.0947988752321802,0.0947988752321802
"set04",0.406096868570073,0.19073350745217,0.117179560642616,1.83789186387834,999,0.125,0.375,225,12,"coherent_strong","libsize",FALSE,NA,NA
"set05",0.169964991914474,0.188154376744802,0.100949329828381,-0.180183314354343,999,0.572,0.6864,225,12,"coherent_strong","libsize",FALSE,NA,NA
"set06",0.345451220833434,0.280461366523577,0.0892894634296659,0.727855805305073,999,0.277,0.554,225,12,"coherent_strong","libsize",FALSE,NA,NA
"set07",0.248159386661168,0.144962140636217,0.10063882455134,1.02542181394722,999,0.232,0.554,225,12,"coherent_strong","libsize",FALSE,NA,NA
"set08",0.147053389477929,0.224954194428114,0.10767714970652,-0.723466447268602,999,0.8,0.8,225,12,"coherent_strong","libsize",FALSE,NA,NA
"set09",0.314669815643563,0.274360041365579,0.0884251831956458,0.455863056441704,999,0.347,0.56,225,12,"coherent_strong","libsize",FALSE,NA,NA
"set10",0.120964781964033,0.183478727212126,0.118782525440127,-0.526289073383977,999,0.729,0.795272727272727,225,12,"coherent_strong","libsize",FALSE,NA,NA
"set11",0.249320197129012,0.22120509563309,0.108907924257661,0.258154782469319,999,0.42,0.56,225,12,"coherent_strong","libsize",FALSE,NA,NA
"set12",0.318105478764342,0.287590818113718,0.0900695233575949,0.338790075855891,999,0.374,0.56,225,12,"coherent_strong","libsize",FALSE,NA,NA
"set01",0.869919783345662,0.0618545049757176,0.0450334989772284,17.9436485443547,999,0.001,0.004,225,12,"coherent_strong","pcs1",TRUE,0.131091604069337,0.00735304905438139
"set02",0.862599620868958,0.160561336689954,0.0530757511097725,13.2271003141723,999,0.001,0.004,225,12,"coherent_strong","pcs1",TRUE,0.0164186798473329,0.0142767800958705
"set03",0.82210582046005,0.248553039887983,0.0469839501505994,12.2074193151839,999,0.001,0.004,225,12,"coherent_strong","pcs1",TRUE,0.379685650642915,0.0947988752321802
"set04",0.177075259702745,0.0958160185255351,0.0535164423657771,1.51839766593256,999,0.082,0.1365,225,12,"coherent_strong","pcs1",FALSE,NA,NA
"set05",0.0615204460559151,0.115942928930584,0.049730030365059,-1.09435852894445,999,0.853,0.853,225,12,"coherent_strong","pcs1",FALSE,NA,NA
"set06",0.321678264927765,0.218559270632248,0.0487114300438864,2.11693629611393,999,0.024,0.048,225,12,"coherent_strong","pcs1",FALSE,NA,NA
"set07",0.0990982780333968,0.0653459352704974,0.0451500814033722,0.747558846269953,999,0.251,0.334666666666667,225,12,"coherent_strong","pcs1",FALSE,NA,NA
"set08",0.1349941744623,0.143150514828239,0.0506843544865042,-0.160924223038307,999,0.559,0.609818181818182,225,12,"coherent_strong","pcs1",FALSE,NA,NA
"set09",0.278680837387078,0.213623768033095,0.0492027023896524,1.32222553222331,999,0.091,0.1365,225,12,"coherent_strong","pcs1",FALSE,NA,NA
"set10",0.0796908730535927,0.0857087191923819,0.0483561903397521,-0.124448309440997,999,0.546,0.609818181818182,225,12,"coherent_strong","pcs1",FALSE,NA,NA
"set11",0.25403104910494,0.140967664447063,0.0483427114631132,2.33878864540207,999,0.021,0.048,225,12,"coherent_strong","pcs1",FALSE,NA,NA
"set12",0.32529903444969,0.220930730323805,0.0556393134374795,1.87580143747031,999,0.021,0.048,225,12,"coherent_strong","pcs1",FALSE,NA,NA
"set01",0.813683468440463,0.0236440389269002,0.0396669237331501,19.9168313335405,999,0.001,0.004,225,12,"coherent_strong","pcs3",TRUE,0.491045084045986,0.00735304905438139
"set02",0.742433180469903,0.114676611059826,0.0459486252624879,13.6621403975403,999,0.001,0.004,225,12,"coherent_strong","pcs3",TRUE,0.940414869796237,0.0142767800958705
"set03",0.752277533289047,0.163123982324437,0.0519873782655242,11.3326266994177,999,0.001,0.004,225,12,"coherent_strong","pcs3",TRUE,0.974188877531658,0.0947988752321802
"set04",0.0398076447957158,0.0590309750661386,0.0454310375682888,-0.423132098656731,999,0.66,0.72,225,12,"coherent_strong","pcs3",FALSE,NA,NA
"set05",0.0246277611891869,0.0759043648165622,0.0476699936935474,-1.07565786471493,999,0.861,0.861,225,12,"coherent_strong","pcs3",FALSE,NA,NA
"set06",0.226494927526893,0.183214610871927,0.0485745220778011,0.891008594704132,999,0.187,0.374,225,12,"coherent_strong","pcs3",FALSE,NA,NA
"set07",0.0366627188249587,0.0312061112403987,0.0431540627061842,0.126444817529962,999,0.451,0.601333333333333,225,12,"coherent_strong","pcs3",FALSE,NA,NA
"set08",0.0937477284031798,0.103239830999165,0.0469100287389654,-0.202346978911588,999,0.577,0.6924,225,12,"coherent_strong","pcs3",FALSE,NA,NA
"set09",0.2134762142155,0.175853788103794,0.0499496911586044,0.75320638104136,999,0.238,0.408,225,12,"coherent_strong","pcs3",FALSE,NA,NA
"set10",0.0551097960220292,0.0467602657157778,0.0435758128140505,0.191609284303682,999,0.415,0.601333333333333,225,12,"coherent_strong","pcs3",FALSE,NA,NA
"set11",0.210825524474203,0.103250689288437,0.0466506951702665,2.30596424754524,999,0.011,0.033,225,12,"coherent_strong","pcs3",FALSE,NA,NA
"set12",0.234059630819272,0.177957708858137,0.0507913697547996,1.10455619196672,999,0.144,0.3456,225,12,"coherent_strong","pcs3",FALSE,NA,NA
"set01",0.0355721438177768,-0.0239378435707159,0.0331025185642624,1.79774802551549,999,0.05,0.2,225,12,"coherent_strong","pcs10",TRUE,0.92366328391162,0.00735304905438139
"set02",0.0124853176788248,-0.0247177610166014,0.0337984720617742,1.10073256055568,999,0.133,0.399,225,12,"coherent_strong","pcs10",TRUE,0.973131027296537,0.0142767800958705
"set03",0.00561223277502178,-0.0244534324590703,0.0337816737308862,0.889999278117571,999,0.195,0.468,225,12,"coherent_strong","pcs10",TRUE,0.987463109511258,0.0947988752321802
"set04",-0.0350867336074944,-0.024942816511415,0.0335420796510554,-0.302423618380507,999,0.633,0.844,225,12,"coherent_strong","pcs10",FALSE,NA,NA
"set05",-0.0510246147082521,-0.0248029031970226,0.0344869833062681,-0.760336480531297,999,0.781,0.870545454545455,225,12,"coherent_strong","pcs10",FALSE,NA,NA
"set06",0.038412982305982,-0.0214127052292575,0.0339231398412914,1.76356574937145,999,0.046,0.2,225,12,"coherent_strong","pcs10",FALSE,NA,NA
"set07",-0.0279489977905254,-0.0244901776973076,0.0339093405097623,-0.102001986509352,999,0.542,0.813,225,12,"coherent_strong","pcs10",FALSE,NA,NA
"set08",-0.0526283326853126,-0.0225686664781537,0.0335777567734134,-0.895225562863088,999,0.798,0.870545454545455,225,12,"coherent_strong","pcs10",FALSE,NA,NA
"set09",-0.0208130239002243,-0.0231393117488137,0.0335057039181947,0.0694296067997602,999,0.47,0.805714285714286,225,12,"coherent_strong","pcs10",FALSE,NA,NA
"set10",-0.00659009307090303,-0.0233765924077766,0.0349993552432813,0.479623102202604,999,0.316,0.632,225,12,"coherent_strong","pcs10",FALSE,NA,NA
"set11",0.0525535049708592,-0.0235079174797744,0.0353714032052626,2.15036485856228,999,0.019,0.2,225,12,"coherent_strong","pcs10",FALSE,NA,NA
"set12",-0.0639745350541081,-0.0225620390186761,0.0348238426851869,-1.18919949213553,999,0.889,0.889,225,12,"coherent_strong","pcs10",FALSE,NA,NA
"set01",0.732171683220275,0.146162370592022,0.132741792894142,4.41465569999932,999,0.001,0.004,225,13,"coherent_weak","none",TRUE,0,0.000756036956659156
"set02",0.763427013564836,0.203345860770462,0.121054048245023,4.62670320335528,999,0.001,0.004,225,13,"coherent_weak","none",TRUE,0,0.000340381619010288
"set03",0.850668487204776,0.228905297319028,0.0973358015123848,6.38781599601495,999,0.001,0.004,225,13,"coherent_weak","none",TRUE,0,0.00624286079905645
"set04",0.093349944331012,0.162021732857107,0.125548549169652,-0.546973971266685,999,0.753,0.821454545454545,225,13,"coherent_weak","none",FALSE,NA,NA
"set05",0.00185917065880086,0.178292150331644,0.100306934232691,-1.75893103525182,999,0.998,0.998,225,13,"coherent_weak","none",FALSE,NA,NA
"set06",0.347861100700233,0.222771890502048,0.0955356173206384,1.30934633287979,999,0.188,0.564,225,13,"coherent_weak","none",FALSE,NA,NA
"set07",0.107099942147748,0.146382961385805,0.124485937212872,-0.315561902955215,999,0.635,0.821454545454545,225,13,"coherent_weak","none",FALSE,NA,NA
"set08",0.248790091658145,0.165923106968177,0.108483253314901,0.763868912093044,999,0.268,0.624,225,13,"coherent_weak","none",FALSE,NA,NA
"set09",0.265181350609713,0.240198088707476,0.103652209176237,0.241029709842055,999,0.416,0.624,225,13,"coherent_weak","none",FALSE,NA,NA
"set10",0.19263622369249,0.122904297531157,0.109391987465075,0.637450034296127,999,0.317,0.624,225,13,"coherent_weak","none",FALSE,NA,NA
"set11",0.2069678484101,0.17420521757982,0.111709128082885,0.293285171879338,999,0.387,0.624,225,13,"coherent_weak","none",FALSE,NA,NA
"set12",0.228878552525265,0.290943240186517,0.103875978264064,-0.597488357736338,999,0.749,0.821454545454545,225,13,"coherent_weak","none",FALSE,NA,NA
"set01",0.737204146448818,0.150673885577377,0.129541433191639,4.52774256406248,999,0.001,0.004,225,13,"coherent_weak","libsize",TRUE,0.000756036956659156,0.000756036956659156
"set02",0.763629657270365,0.20461882386867,0.11802858138268,4.73623275695599,999,0.001,0.004,225,13,"coherent_weak","libsize",TRUE,0.000340381619010288,0.000340381619010288
"set03",0.857421843607514,0.243451743871926,0.094780980429525,6.47777747131566,999,0.001,0.004,225,13,"coherent_weak","libsize",TRUE,0.00624286079905645,0.00624286079905645
"set04",0.0955569728868772,0.164131738302489,0.121716799647096,-0.563396060481679,999,0.746,0.813818181818182,225,13,"coherent_weak","libsize",FALSE,NA,NA
"set05",0.0358162222675633,0.183543173622135,0.101279186237648,-1.45861116032209,999,0.988,0.988,225,13,"coherent_weak","libsize",FALSE,NA,NA
"set06",0.339618084193287,0.241481131485455,0.0934056048557406,1.05065378956005,999,0.22,0.627428571428571,225,13,"coherent_weak","libsize",FALSE,NA,NA
"set07",0.100066094967039,0.149324425555887,0.120911582879698,-0.407391330223987,999,0.687,0.813818181818182,225,13,"coherent_weak","libsize",FALSE,NA,NA
"set08",0.223335475475362,0.177103439259734,0.108014727940458,0.428016040933904,999,0.34,0.627428571428571,225,13,"coherent_weak","libsize",FALSE,NA,NA
"set09",0.245768823712465,0.252918847373918,0.100190632710641,-0.071364193118756,999,0.533,0.7995,225,13,"coherent_weak","libsize",FALSE,NA,NA
"set10",0.180631509182735,0.130110256041818,0.109297869119163,0.462234566401619,999,0.353,0.627428571428571,225,13,"coherent_weak","libsize",FALSE,NA,NA
"set11",0.218387724085817,0.174982176364295,0.10789758506786,0.402284700757887,999,0.366,0.627428571428571,225,13,"coherent_weak","libsize",FALSE,NA,NA
"set12",0.254132906855591,0.286091557352669,0.0996020064019232,-0.320863521243893,999,0.645,0.813818181818182,225,13,"coherent_weak","libsize",FALSE,NA,NA
"set01",0.723706053917641,0.0496142298146175,0.0491554355772584,13.7134747396052,999,0.001,0.004,225,13,"coherent_weak","pcs1",TRUE,0.118859488211474,0.000756036956659156
"set02",0.76404153835064,0.113053045027325,0.050100315245311,12.9937005413203,999,0.001,0.004,225,13,"coherent_weak","pcs1",TRUE,0.00381388103185232,0.000340381619010288
"set03",0.831992261728575,0.174440232771263,0.0496500978964385,13.2437206937407,999,0.001,0.004,225,13,"coherent_weak","pcs1",TRUE,0.264965277390959,0.00624286079905645
"set04",0.0971098982451702,0.0638223674976984,0.0493852621984421,0.674037744574774,999,0.254,0.508,225,13,"coherent_weak","pcs1",FALSE,NA,NA
"set05",0.0281890396641972,0.104062060362135,0.0488211358507266,-1.55410191458724,999,0.958,0.958,225,13,"coherent_weak","pcs1",FALSE,NA,NA
"set06",0.229825435364331,0.172232064935288,0.0510111456025604,1.12903503241756,999,0.12,0.2904,225,13,"coherent_weak","pcs1",FALSE,NA,NA
"set07",0.017774995304296,0.0537630348455075,0.046304075892785,-0.777211052101335,999,0.795,0.950181818181818,225,13,"coherent_weak","pcs1",FALSE,NA,NA
"set08",0.155228923434384,0.0934632992935076,0.051849095900641,1.19125749577655,999,0.121,0.2904,225,13,"coherent_weak","pcs1",FALSE,NA,NA
"set09",0.1799216461452,0.185068001317005,0.0522971751114831,-0.0984059877198648,999,0.543,0.930857142857143,225,13,"coherent_weak","pcs1",FALSE,NA,NA
"set10",0.000495160557903669,0.0415552536757835,0.0450661287673877,-0.9111076154292,999,0.828,0.950181818181818,225,13,"coherent_weak","pcs1",FALSE,NA,NA
"set11",0.0430348626126684,0.0967200552044329,0.0501909540558813,-1.06961889052742,999,0.871,0.950181818181818,225,13,"coherent_weak","pcs1",FALSE,NA,NA
"set12",0.171052955888422,0.219026338426639,0.0540542826417191,-0.887503823817114,999,0.805,0.950181818181818,225,13,"coherent_weak","pcs1",FALSE,NA,NA
"set01",0.683894628743119,-0.00938230456741243,0.0381464785080908,18.1740742638534,999,0.001,0.004,225,13,"coherent_weak","pcs3",TRUE,0.267071906070154,0.000756036956659156
"set02",0.64165539141575,0.00521207032901073,0.0398776156301111,15.9599141280195,999,0.001,0.004,225,13,"coherent_weak","pcs3",TRUE,0.52195911309168,0.000340381619010288
"set03",0.527024249069135,0.00419284801073989,0.0370350582096247,14.1172020872515,999,0.001,0.004,225,13,"coherent_weak","pcs3",TRUE,0.887468689233157,0.00624286079905645
"set04",0.0518498786475873,-0.00611970686948824,0.0344298239184676,1.68370264263773,999,0.057,0.171,225,13,"coherent_weak","pcs3",FALSE,NA,NA
"set05",-0.0437124691201028,-0.000524509999599176,0.0381985063376159,-1.13061905454597,999,0.889,0.908,225,13,"coherent_weak","pcs3",FALSE,NA,NA
"set06",0.0458945167341844,0.00585704360023339,0.0390257568512226,1.02592432189298,999,0.166,0.3984,225,13,"coherent_weak","pcs3",FALSE,NA,NA
"set07",-0.0528227342444995,-0.00641399493506534,0.0374279196531297,-1.23994974178463,999,0.908,0.908,225,13,"coherent_weak","pcs3",FALSE,NA,NA
"set08",0.0153728215675005,-0.00175655790514752,0.0375692967835765,0.455940912903544,999,0.317,0.48,225,13,"coherent_weak","pcs3",FALSE,NA,NA
"set09",-0.00181226449881722,0.0121119664392525,0.0415074076202423,-0.335463757830041,999,0.644,0.7728,225,13,"coherent_weak","pcs3",FALSE,NA,NA
"set10",-0.0153637679992521,-0.00906092024428577,0.0364697977907009,-0.17282376478033,999,0.576,0.768,225,13,"coherent_weak","pcs3",FALSE,NA,NA
"set11",0.0171468454185888,-0.00396962012874118,0.0390837871328271,0.540287088238538,999,0.32,0.48,225,13,"coherent_weak","pcs3",FALSE,NA,NA
"set12",0.0474777341673793,0.0117931027059601,0.0403027810727019,0.885413624361254,999,0.209,0.418,225,13,"coherent_weak","pcs3",FALSE,NA,NA
"set01",0.454946623622624,-0.0200658106706973,0.0365816030638387,12.9850087068184,999,0.001,0.004,225,13,"coherent_weak","pcs10",TRUE,0.514162777517924,0.000756036956659156
"set02",0.255058947682525,-0.0214826920268118,0.0348691545522941,7.93083868135089,999,0.001,0.004,225,13,"coherent_weak","pcs10",TRUE,0.716678950105228,0.000340381619010288
"set03",0.149291255931115,-0.0151510019198193,0.0353770981602275,4.64826869366598,999,0.001,0.004,225,13,"coherent_weak","pcs10",TRUE,0.916114095080734,0.00624286079905645
"set04",0.0397640854555403,-0.0196899708306698,0.0317742244544678,1.87114106817642,999,0.045,0.135,225,13,"coherent_weak","pcs10",FALSE,NA,NA
"set05",-0.081581264430731,-0.0196096184902663,0.034200410910507,-1.81201465978369,999,0.978,0.978,225,13,"coherent_weak","pcs10",FALSE,NA,NA
"set06",0.0202902448854451,-0.0181786438327776,0.0344164453870812,1.11774729451469,999,0.139,0.278,225,13,"coherent_weak","pcs10",FALSE,NA,NA
"set07",-0.0605114343778507,-0.0183757835215677,0.0348369816138721,-1.20950923140553,999,0.901,0.978,225,13,"coherent_weak","pcs10",FALSE,NA,NA
"set08",0.00982792071543513,-0.0177260819272483,0.0369118392254055,0.746481433082279,999,0.227,0.3405,225,13,"coherent_weak","pcs10",FALSE,NA,NA
"set09",-0.0327711437490715,-0.0188668894130402,0.0319951034519279,-0.434574445334182,999,0.672,0.888,225,13,"coherent_weak","pcs10",FALSE,NA,NA
"set10",-0.042708971459619,-0.0199638532945922,0.03582466394887,-0.63490108930231,999,0.74,0.888,225,13,"coherent_weak","pcs10",FALSE,NA,NA
"set11",0.0198602507421519,-0.0192264129024257,0.0340288178923719,1.14863418906301,999,0.136,0.278,225,13,"coherent_weak","pcs10",FALSE,NA,NA
"set12",0.0144164579628495,-0.0170072302736523,0.0355046142032354,0.885059278679284,999,0.178,0.305142857142857,225,13,"coherent_weak","pcs10",FALSE,NA,NA
"set01",0.880119820802379,0.194731649200486,0.121502890863095,5.64092069524637,999,0.001,0.004,225,13,"coherent_strong","none",TRUE,0,7.20153564759407e-06
"set02",0.858976577390529,0.282495408569503,0.119266332680571,4.83356162518224,999,0.001,0.004,225,13,"coherent_strong","none",TRUE,0,0.0257354417389088
"set03",0.904095248860932,0.349107901834529,0.0846860805930333,6.55346596677965,999,0.001,0.004,225,13,"coherent_strong","none",TRUE,0,0.0829462516772299
"set04",0.129535203785357,0.20875524241181,0.122692518888829,-0.645679454166503,999,0.784,0.855272727272727,225,13,"coherent_strong","none",FALSE,NA,NA
"set05",0.194233016088339,0.246741121456984,0.118458738041079,-0.443260718769736,999,0.692,0.8304,225,13,"coherent_strong","none",FALSE,NA,NA
"set06",0.450774574918132,0.28193905061117,0.100268107381759,1.68384074174394,999,0.077,0.231,225,13,"coherent_strong","none",FALSE,NA,NA
"set07",0.0871576029425907,0.203825326347329,0.122832785812811,-0.949809308913115,999,0.889,0.889,225,13,"coherent_strong","none",FALSE,NA,NA
"set08",0.211705056642501,0.226815429238733,0.111369913730413,-0.135677330529402,999,0.561,0.748,225,13,"coherent_strong","none",FALSE,NA,NA
"set09",0.363107462114216,0.317447907831151,0.0957652095821706,0.476786449716771,999,0.338,0.748,225,13,"coherent_strong","none",FALSE,NA,NA
"set10",0.181464500858184,0.171447011097371,0.112319027331736,0.0891878250621467,999,0.469,0.748,225,13,"coherent_strong","none",FALSE,NA,NA
"set11",0.261287903943574,0.234665807859783,0.104495110149721,0.254768821676404,999,0.394,0.748,225,13,"coherent_strong","none",FALSE,NA,NA
"set12",0.346838760658794,0.355881365975867,0.0955294368619373,-0.0946577894114577,999,0.536,0.748,225,13,"coherent_strong","none",FALSE,NA,NA
"set01",0.87928874264309,0.178036755898656,0.122421048930807,5.72819782928655,999,0.001,0.004,225,13,"coherent_strong","libsize",TRUE,7.20153564759407e-06,7.20153564759407e-06
"set02",0.850600754059697,0.237371712055646,0.113403697665812,5.40748718627472,999,0.001,0.004,225,13,"coherent_strong","libsize",TRUE,0.0257354417389088,0.0257354417389088
"set03",0.846634334236702,0.297202212053755,0.0812554838607038,6.76178512609485,999,0.001,0.004,225,13,"coherent_strong","libsize",TRUE,0.0829462516772299,0.0829462516772299
"set04",0.0891824818214743,0.186905571906093,0.121851800325412,-0.80198314529325,999,0.852,0.926,225,13,"coherent_strong","libsize",FALSE,NA,NA
"set05",0.159783867144576,0.215461315396435,0.113572174831086,-0.490238461442399,999,0.723,0.8676,225,13,"coherent_strong","libsize",FALSE,NA,NA
"set06",0.390184074602956,0.254351561911496,0.0904098502574124,1.50240833609083,999,0.136,0.408,225,13,"coherent_strong","libsize",FALSE,NA,NA
"set07",0.0616090570214647,0.192496338174224,0.125752972032027,-1.04082853103006,999,0.926,0.926,225,13,"coherent_strong","libsize",FALSE,NA,NA
"set08",0.189818706075778,0.209278349311524,0.107490324658464,-0.18103623091265,999,0.578,0.770666666666667,225,13,"coherent_strong","libsize",FALSE,NA,NA
"set09",0.297023521148538,0.278461964286246,0.0892704754311999,0.207924924479615,999,0.412,0.6855,225,13,"coherent_strong","libsize",FALSE,NA,NA
"set10",0.169092675286887,0.156150780329408,0.107683640440008,0.120184411528036,999,0.457,0.6855,225,13,"coherent_strong","libsize",FALSE,NA,NA
"set11",0.233817349242425,0.207858318216961,0.101881426507222,0.254796501338976,999,0.411,0.6855,225,13,"coherent_strong","libsize",FALSE,NA,NA
"set12",0.315508040622612,0.303031822897855,0.0851860991287446,0.146458375866019,999,0.432,0.6855,225,13,"coherent_strong","libsize",FALSE,NA,NA
"set01",0.874326951653363,0.0790191429663702,0.0500249994561087,15.8982072430563,999,0.001,0.003,225,13,"coherent_strong","pcs1",TRUE,0.131076570081816,7.20153564759407e-06
"set02",0.850689699945953,0.145868898516698,0.055596021424521,12.6775402874132,999,0.001,0.003,225,13,"coherent_strong","pcs1",TRUE,0.0269979227616509,0.0257354417389088
"set03",0.809847506124849,0.240989389353115,0.0466455623780517,12.1953319409308,999,0.001,0.003,225,13,"coherent_strong","pcs1",TRUE,0.393418686061529,0.0829462516772299
"set04",0.0943462261356633,0.0947249971275657,0.0520413064293021,-0.00727827600594315,999,0.505,0.6588,225,13,"coherent_strong","pcs1",FALSE,NA,NA
"set05",0.175752575961838,0.135786341219076,0.0522917035104864,0.764293990436688,999,0.229,0.458,225,13,"coherent_strong","pcs1",FALSE,NA,NA
"set06",0.35386127586163,0.187023025464615,0.0532006639436807,3.13601820032984,999,0.001,0.003,225,13,"coherent_strong","pcs1",FALSE,NA,NA
"set07",0.0155314959492951,0.0873838727595498,0.0510427845387504,-1.40768920542934,999,0.919,0.919,225,13,"coherent_strong","pcs1",FALSE,NA,NA
"set08",0.143204792460778,0.126477093941979,0.0544235078214679,0.307361638166956,999,0.395,0.5925,225,13,"coherent_strong","pcs1",FALSE,NA,NA
"set09",0.292823600961187,0.216296620476584,0.049468046034396,1.54699824673472,999,0.062,0.1488,225,13,"coherent_strong","pcs1",FALSE,NA,NA
"set10",0.0159347449253012,0.0751428390991746,0.0473315166541939,-1.25092324014145,999,0.911,0.919,225,13,"coherent_strong","pcs1",FALSE,NA,NA
"set11",0.122726320022439,0.130439345530457,0.0551682002783208,-0.139809264560131,999,0.549,0.6588,225,13,"coherent_strong","pcs1",FALSE,NA,NA
"set12",0.262326423251448,0.235883467949705,0.0496770084742035,0.532297658694064,999,0.3,0.514285714285714,225,13,"coherent_strong","pcs1",FALSE,NA,NA
"set01",0.808619842574739,0.0397826406780234,0.0434935548794618,17.6770375295253,999,0.001,0.004,225,13,"coherent_strong","pcs3",TRUE,0.493414897981528,7.20153564759407e-06
"set02",0.722626959369233,0.101517302784857,0.0488084002204648,12.7254663905979,999,0.001,0.004,225,13,"coherent_strong","pcs3",TRUE,0.938334838738607,0.0257354417389088
"set03",0.76528365996275,0.147958255338115,0.0506919972911656,12.1779657068714,999,0.001,0.004,225,13,"coherent_strong","pcs3",TRUE,0.969950433335004,0.0829462516772299
"set04",0.0215135261928031,0.0538448341681869,0.0447483269560436,-0.722514341310301,999,0.775,0.93,225,13,"coherent_strong","pcs3",FALSE,NA,NA
"set05",0.108341060251443,0.0880246879466518,0.047795925090336,0.425064945733197,999,0.347,0.726857142857143,225,13,"coherent_strong","pcs3",FALSE,NA,NA
"set06",0.270036932796484,0.144576200442882,0.0485095103677547,2.58631207370418,999,0.015,0.045,225,13,"coherent_strong","pcs3",FALSE,NA,NA
"set07",-0.04483775715223,0.0440971085967338,0.0469485060969687,-1.8943066168128,999,0.981,0.995,225,13,"coherent_strong","pcs3",FALSE,NA,NA
"set08",0.0935529405893746,0.0853889959902985,0.0459847743432398,0.177535819533192,999,0.424,0.726857142857143,225,13,"coherent_strong","pcs3",FALSE,NA,NA
"set09",0.191999789248976,0.174811896714369,0.0513903445351893,0.334457624093916,999,0.367,0.726857142857143,225,13,"coherent_strong","pcs3",FALSE,NA,NA
"set10",-0.0612885833860567,0.0418202526890661,0.0436973689215337,-2.35961199998729,999,0.995,0.995,225,13,"coherent_strong","pcs3",FALSE,NA,NA
"set11",0.0813710008394671,0.0887303407493227,0.0486355067979373,-0.151316196630395,999,0.565,0.8475,225,13,"coherent_strong","pcs3",FALSE,NA,NA
"set12",0.157861610546141,0.193995151474775,0.0496402088762476,-0.727908720503459,999,0.765,0.93,225,13,"coherent_strong","pcs3",FALSE,NA,NA
"set01",0.0424909153921139,-0.0259188841369637,0.0336538103443134,2.03275049182171,999,0.035,0.243,225,13,"coherent_strong","pcs10",TRUE,0.940384672220786,7.20153564759407e-06
"set02",-0.0104769994100725,-0.021948653662645,0.0347790500066809,0.329843806842593,999,0.391,0.5865,225,13,"coherent_strong","pcs10",TRUE,0.970660198691839,0.0257354417389088
"set03",0.0371032736601375,-0.0232003138643878,0.0331638558566568,1.81835272065992,999,0.049,0.243,225,13,"coherent_strong","pcs10",TRUE,0.987226556864074,0.0829462516772299
"set04",-0.0390719344026746,-0.0215892472905017,0.0341591447764135,-0.51180107776716,999,0.699,0.78,225,13,"coherent_strong","pcs10",FALSE,NA,NA
"set05",-0.00866715946421531,-0.0247817702229239,0.0323790714916054,0.497686005693105,999,0.311,0.5865,225,13,"coherent_strong","pcs10",FALSE,NA,NA
"set06",0.0289322907814783,-0.0227360285333531,0.0336611607128574,1.53495358510011,999,0.081,0.243,225,13,"coherent_strong","pcs10",FALSE,NA,NA
"set07",-0.0406584487032609,-0.0221802503723253,0.0334587998957775,-0.552267217846852,999,0.715,0.78,225,13,"coherent_strong","pcs10",FALSE,NA,NA
"set08",0.00845599957375324,-0.0183570033097563,0.0336147139118983,0.797656733113496,999,0.213,0.5112,225,13,"coherent_strong","pcs10",FALSE,NA,NA
"set09",0.0306247219279369,-0.0177581068216662,0.0330959218559004,1.4618969962602,999,0.08,0.243,225,13,"coherent_strong","pcs10",FALSE,NA,NA
"set10",-0.0739750874172552,-0.0198409719125157,0.0330032536073282,-1.64026602191486,999,0.957,0.957,225,13,"coherent_strong","pcs10",FALSE,NA,NA
"set11",-0.0305954236107894,-0.0220030956956773,0.0341450503558189,-0.251641975207919,999,0.599,0.78,225,13,"coherent_strong","pcs10",FALSE,NA,NA
"set12",-0.00749754831724499,-0.0208793302972583,0.0368396323758482,0.363244177995282,999,0.35,0.5865,225,13,"coherent_strong","pcs10",FALSE,NA,NA
"set01",0.753766397440042,0.20359089872124,0.131204567744968,4.19326482434833,999,0.001,0.004,225,14,"coherent_weak","none",TRUE,0,0.00879780877794956
"set02",0.812847580866741,0.206574788535812,0.10599220826946,5.71997510222283,999,0.001,0.004,225,14,"coherent_weak","none",TRUE,2.22044604925031e-16,0.00363030826687261
"set03",0.839162398807096,0.296472083659706,0.0888675295461137,6.10673344830393,999,0.001,0.004,225,14,"coherent_weak","none",TRUE,0,0.00364488382337658
"set04",0.331156102200417,0.127129208240164,0.113899559283283,1.79128782625763,999,0.127,0.3048,225,14,"coherent_weak","none",FALSE,NA,NA
"set05",0.113551372231678,0.19707985594894,0.10609052331867,-0.787332186743608,999,0.835,0.835,225,14,"coherent_weak","none",FALSE,NA,NA
"set06",0.243127267621307,0.291004197266544,0.09258758337246,-0.51709881499594,999,0.726,0.792,225,14,"coherent_weak","none",FALSE,NA,NA
"set07",0.326675452385773,0.123422703058868,0.0989223825118402,2.0546689653636,999,0.122,0.3048,225,14,"coherent_weak","none",FALSE,NA,NA
"set08",0.269914074662214,0.232304809083233,0.109652995652176,0.342984387752432,999,0.392,0.522666666666667,225,14,"coherent_weak","none",FALSE,NA,NA
"set09",0.373357606085662,0.291585306015335,0.101813852583324,0.80315495382522,999,0.258,0.516,225,14,"coherent_weak","none",FALSE,NA,NA
"set10",0.217976908842612,0.173285262097273,0.121147679484027,0.368902210390508,999,0.388,0.522666666666667,225,14,"coherent_weak","none",FALSE,NA,NA
"set11",0.218104144688908,0.217096370785611,0.111035877235107,0.00907611060849466,999,0.499,0.5988,225,14,"coherent_weak","none",FALSE,NA,NA
"set12",0.353618252529426,0.307300380088212,0.0894613062116485,0.517741964683976,999,0.323,0.522666666666667,225,14,"coherent_weak","none",FALSE,NA,NA
"set01",0.739575424555121,0.205286642646861,0.13301108487984,4.01687410031221,999,0.001,0.004,225,14,"coherent_weak","libsize",TRUE,0.00879780877794956,0.00879780877794956
"set02",0.816847589076344,0.21604883125514,0.105355561464286,5.70258227919809,999,0.001,0.004,225,14,"coherent_weak","libsize",TRUE,0.00363030826687261,0.00363030826687261
"set03",0.839840045519391,0.31504497978085,0.0851770762099893,6.16122422944819,999,0.001,0.004,225,14,"coherent_weak","libsize",TRUE,0.00364488382337658,0.00364488382337658
"set04",0.309082853692249,0.138016397553785,0.112669477218346,1.51830345149243,999,0.152,0.3648,225,14,"coherent_weak","libsize",FALSE,NA,NA
"set05",0.126105624227992,0.210345579851042,0.102942261011546,-0.818322376012332,999,0.834,0.834,225,14,"coherent_weak","libsize",FALSE,NA,NA
"set06",0.261535437650575,0.30871453875926,0.0881423369870548,-0.535260383618082,999,0.736,0.802909090909091,225,14,"coherent_weak","libsize",FALSE,NA,NA
"set07",0.331172717681465,0.133312742893187,0.0979845107696675,2.01929849150737,999,0.124,0.3648,225,14,"coherent_weak","libsize",FALSE,NA,NA
"set08",0.285173035341681,0.239922396397439,0.105795074330157,0.427719714086386,999,0.36,0.493333333333333,225,14,"coherent_weak","libsize",FALSE,NA,NA
"set09",0.390530413592837,0.311030275899494,0.0994575911721518,0.799337051665921,999,0.251,0.493333333333333,225,14,"coherent_weak","libsize",FALSE,NA,NA
"set10",0.227318089780415,0.177190317657489,0.120338959088383,0.416554809038276,999,0.37,0.493333333333333,225,14,"coherent_weak","libsize",FALSE,NA,NA
"set11",0.202625226090039,0.227229278119166,0.108622959153345,-0.226508762244212,999,0.595,0.714,225,14,"coherent_weak","libsize",FALSE,NA,NA
"set12",0.368907751042743,0.325035564537438,0.0897351280832592,0.488907604440021,999,0.321,0.493333333333333,225,14,"coherent_weak","libsize",FALSE,NA,NA
"set01",0.735543676878327,0.100145203278355,0.0502951964111512,12.6333828862252,999,0.001,0.004,225,14,"coherent_weak","pcs1",TRUE,0.121091723439812,0.00879780877794956
"set02",0.813752667158639,0.135777381492595,0.0496805091325501,13.6467056699675,999,0.001,0.004,225,14,"coherent_weak","pcs1",TRUE,0.00593093521602961,0.00363030826687261
"set03",0.837318035723931,0.25386674591052,0.0515680704253693,11.3141966530975,999,0.001,0.004,225,14,"coherent_weak","pcs1",TRUE,0.261475022752747,0.00364488382337658
"set04",0.0552785827191671,0.0467641808980386,0.0463286443944095,0.183782666909974,999,0.434,0.6615,225,14,"coherent_weak","pcs1",FALSE,NA,NA
"set05",0.117606513708083,0.126411391727939,0.0547006233646896,-0.160964857039263,999,0.562,0.676363636363636,225,14,"coherent_weak","pcs1",FALSE,NA,NA
"set06",0.261900017174954,0.245846960408073,0.0537335033426552,0.298753212953778,999,0.393,0.6615,225,14,"coherent_weak","pcs1",FALSE,NA,NA
"set07",0.0415822877216408,0.0562827317032657,0.045802386415026,-0.320953669278731,999,0.62,0.676363636363636,225,14,"coherent_weak","pcs1",FALSE,NA,NA
"set08",0.140775705837763,0.150750485716452,0.0530202146717662,-0.18813163885586,999,0.575,0.676363636363636,225,14,"coherent_weak","pcs1",FALSE,NA,NA
"set09",0.264345975468495,0.228469645055514,0.0541818165505616,0.662147057758776,999,0.256,0.6144,225,14,"coherent_weak","pcs1",FALSE,NA,NA
"set10",0.088469334292351,0.0807231011969353,0.0521558059987816,0.148521012130399,999,0.441,0.6615,225,14,"coherent_weak","pcs1",FALSE,NA,NA
"set11",0.20425288991433,0.139267653648111,0.0513071210622992,1.26659291967116,999,0.104,0.312,225,14,"coherent_weak","pcs1",FALSE,NA,NA
"set12",0.200673191260877,0.259283605349981,0.0500783659461755,-1.17037393256997,999,0.864,0.864,225,14,"coherent_weak","pcs1",FALSE,NA,NA
"set01",0.696725314777152,-0.00159303369498905,0.0380470165411283,18.3540895438481,999,0.001,0.004,225,14,"coherent_weak","pcs3",TRUE,0.244595324211077,0.00879780877794956
"set02",0.68257448737587,0.00934416216699257,0.0395625365349676,17.0168645434005,999,0.001,0.004,225,14,"coherent_weak","pcs3",TRUE,0.503629400118984,0.00363030826687261
"set03",0.425476767470909,0.0129153782255269,0.0397419496643796,10.3810052785397,999,0.001,0.004,225,14,"coherent_weak","pcs3",TRUE,0.895991064395343,0.00364488382337658
"set04",0.00249871037302706,-0.00884180887852184,0.0349009537664861,0.324934365044165,999,0.362,0.482666666666667,225,14,"coherent_weak","pcs3",FALSE,NA,NA
"set05",-0.0317839437592971,0.00128341260300796,0.0399480978604615,-0.82775796929829,999,0.806,0.806,225,14,"coherent_weak","pcs3",FALSE,NA,NA
"set06",0.0243937960295823,0.0224816907219821,0.0439886142373692,0.0434681869558843,999,0.478,0.5736,225,14,"coherent_weak","pcs3",FALSE,NA,NA
"set07",0.0395890882173413,-0.0079244017190836,0.0355699493536249,1.33577614812046,999,0.102,0.2448,225,14,"coherent_weak","pcs3",FALSE,NA,NA
"set08",0.0175287035210375,0.00453298141924705,0.0381626977091913,0.34053468129588,999,0.362,0.482666666666667,225,14,"coherent_weak","pcs3",FALSE,NA,NA
"set09",-0.00398012019200281,0.0193768822836741,0.0419207869130454,-0.557169943496657,999,0.709,0.773454545454545,225,14,"coherent_weak","pcs3",FALSE,NA,NA
"set10",0.0239854844835206,-0.00403038725094778,0.0380513887590926,0.73626410620227,999,0.244,0.482666666666667,225,14,"coherent_weak","pcs3",FALSE,NA,NA
"set11",0.0757864353441322,0.000913920984227771,0.0355072173595216,2.10865620929393,999,0.028,0.084,225,14,"coherent_weak","pcs3",FALSE,NA,NA
"set12",0.0389065163605046,0.020485398849078,0.0415792623423199,0.443036178943402,999,0.343,0.482666666666667,225,14,"coherent_weak","pcs3",FALSE,NA,NA
"set01",0.242684427120699,-0.020357289545802,0.0332162448428226,7.9190684531379,999,0.001,0.006,225,14,"coherent_weak","pcs10",TRUE,0.628657297173582,0.00879780877794956
"set02",0.167768811331996,-0.0179797239765703,0.0324215417616035,5.7291703360186,999,0.001,0.006,225,14,"coherent_weak","pcs10",TRUE,0.77540697915535,0.00363030826687261
"set03",0.102762692204222,-0.0167311987360967,0.0340630171298217,3.50802427409473,999,0.003,0.012,225,14,"coherent_weak","pcs10",TRUE,0.907467049035583,0.00364488382337658
"set04",-0.0109035982903225,-0.0200778374534163,0.0343364420844918,0.26718665668734,999,0.384,0.492,225,14,"coherent_weak","pcs10",FALSE,NA,NA
"set05",-0.0487066756455215,-0.019645976549127,0.0337009323143363,-0.862311428815639,999,0.815,0.815,225,14,"coherent_weak","pcs10",FALSE,NA,NA
"set06",0.0221902441095895,-0.0152736938094631,0.0346221284293721,1.08208072751731,999,0.157,0.305142857142857,225,14,"coherent_weak","pcs10",FALSE,NA,NA
"set07",0.0343009837062781,-0.0184301613220496,0.0343133634795723,1.53675243931479,999,0.063,0.1512,225,14,"coherent_weak","pcs10",FALSE,NA,NA
"set08",0.00441182020175217,-0.018271424139396,0.0353735796208848,0.641248202309608,999,0.244,0.366,225,14,"coherent_weak","pcs10",FALSE,NA,NA
"set09",-0.00998331851937216,-0.0169923754672032,0.0322890829801764,0.217072034908336,999,0.41,0.492,225,14,"coherent_weak","pcs10",FALSE,NA,NA
"set10",0.0358250827518695,-0.0198935391950617,0.0329172896307577,1.69268559386092,999,0.058,0.1512,225,14,"coherent_weak","pcs10",FALSE,NA,NA
"set11",0.0119131033013178,-0.020165321520246,0.0330023538871828,0.972004146468538,999,0.178,0.305142857142857,225,14,"coherent_weak","pcs10",FALSE,NA,NA
"set12",-0.0354159834432532,-0.0133719036118938,0.0340894737050842,-0.646653568842621,999,0.732,0.798545454545454,225,14,"coherent_weak","pcs10",FALSE,NA,NA
"set01",0.878278276733936,0.247894364632146,0.127023366213207,4.9627397768982,999,0.001,0.004,225,14,"coherent_strong","none",TRUE,0,0.00231278144740521
"set02",0.866032967574973,0.28774214829505,0.113377215882153,5.10059110889628,999,0.001,0.004,225,14,"coherent_strong","none",TRUE,2.22044604925031e-16,0.0527423596199174
"set03",0.899593930681722,0.428228238623022,0.0750176792542338,6.28339475100594,999,0.001,0.004,225,14,"coherent_strong","none",TRUE,0,0.077261422050066
"set04",0.266914931495088,0.161287544275122,0.11593718189738,0.91107430326761,999,0.242,0.4275,225,14,"coherent_strong","none",FALSE,NA,NA
"set05",0.170882797574323,0.255546093988352,0.108108492479116,-0.783132707454812,999,0.801,0.801,225,14,"coherent_strong","none",FALSE,NA,NA
"set06",0.375140362018543,0.362695947646496,0.0969525989975438,0.128355655245113,999,0.424,0.5088,225,14,"coherent_strong","none",FALSE,NA,NA
"set07",0.267876610267293,0.182833132318235,0.114640105219898,0.741830075835419,999,0.285,0.4275,225,14,"coherent_strong","none",FALSE,NA,NA
"set08",0.422673764401323,0.294015912360937,0.11377742215233,1.13078543709783,999,0.175,0.4224,225,14,"coherent_strong","none",FALSE,NA,NA
"set09",0.457988705723744,0.352022847920552,0.093178191904511,1.13723882849955,999,0.176,0.4224,225,14,"coherent_strong","none",FALSE,NA,NA
"set10",0.329162818514469,0.223984403604555,0.128649108156942,0.817560389004834,999,0.251,0.4275,225,14,"coherent_strong","none",FALSE,NA,NA
"set11",0.210615621518216,0.281446274891736,0.10388803940812,-0.681797960352926,999,0.761,0.801,225,14,"coherent_strong","none",FALSE,NA,NA
"set12",0.39512081282413,0.365949888285333,0.0971342965918331,0.300315393865213,999,0.376,0.501333333333333,225,14,"coherent_strong","none",FALSE,NA,NA
"set01",0.868673937513395,0.224599974893998,0.121586992805773,5.29722750564495,999,0.001,0.004,225,14,"coherent_strong","libsize",TRUE,0.00231278144740521,0.00231278144740521
"set02",0.83997815159398,0.265440075558344,0.109629300814226,5.2407346555026,999,0.001,0.004,225,14,"coherent_strong","libsize",TRUE,0.0527423596199174,0.0527423596199174
"set03",0.845630660806777,0.387090197762657,0.0743408996674634,6.16807793684542,999,0.001,0.004,225,14,"coherent_strong","libsize",TRUE,0.077261422050066,0.077261422050066
"set04",0.270222863607972,0.160837356886215,0.117034952692514,0.934639645723158,999,0.234,0.4215,225,14,"coherent_strong","libsize",FALSE,NA,NA
"set05",0.140242179256785,0.241789532095927,0.103055625915834,-0.985364476094451,999,0.891,0.891,225,14,"coherent_strong","libsize",FALSE,NA,NA
"set06",0.305348489468168,0.33893009786479,0.0847175295959068,-0.396395038391725,999,0.668,0.8016,225,14,"coherent_strong","libsize",FALSE,NA,NA
"set07",0.270286753451562,0.179979015821047,0.112056144942423,0.805915085486094,999,0.271,0.4215,225,14,"coherent_strong","libsize",FALSE,NA,NA
"set08",0.377535277324452,0.274799064427983,0.111304796485772,0.923016942127931,999,0.223,0.4215,225,14,"coherent_strong","libsize",FALSE,NA,NA
"set09",0.413304061736921,0.334280889214635,0.0823932199621844,0.959098000521819,999,0.222,0.4215,225,14,"coherent_strong","libsize",FALSE,NA,NA
"set10",0.304294375002258,0.210847521210626,0.123577790699152,0.756178381754098,999,0.281,0.4215,225,14,"coherent_strong","libsize",FALSE,NA,NA
"set11",0.19961409968399,0.262209179525694,0.097811090802732,-0.639958918032599,999,0.764,0.833454545454545,225,14,"coherent_strong","libsize",FALSE,NA,NA
"set12",0.361753719001749,0.342113038978614,0.0913911655673455,0.214907862277585,999,0.418,0.557333333333333,225,14,"coherent_strong","libsize",FALSE,NA,NA
"set01",0.865948926650686,0.133935409660497,0.0524376157988852,13.9597025119847,999,0.001,0.004,225,14,"coherent_strong","pcs1",TRUE,0.126910843932432,0.00231278144740521
"set02",0.839437225353073,0.18050876616809,0.0591376501661789,11.1422834240686,999,0.001,0.004,225,14,"coherent_strong","pcs1",TRUE,0.055052715151524,0.0527423596199174
"set03",0.834766747476928,0.329033644904466,0.0420156985776577,12.036765297088,999,0.001,0.004,225,14,"coherent_strong","pcs1",TRUE,0.365775063401573,0.077261422050066
"set04",0.130299666679345,0.0710070610796315,0.0503658339296861,1.17723863527186,999,0.136,0.3768,225,14,"coherent_strong","pcs1",FALSE,NA,NA
"set05",0.125531230636812,0.164186150025919,0.0550689941912845,-0.701936179455863,999,0.766,0.885818181818182,225,14,"coherent_strong","pcs1",FALSE,NA,NA
"set06",0.311997391678882,0.273297952677083,0.0551708906006044,0.70144669735266,999,0.246,0.492,225,14,"coherent_strong","pcs1",FALSE,NA,NA
"set07",-0.0316809858192513,0.0898039994232351,0.053319403669276,-2.27843855861593,999,0.989,0.989,225,14,"coherent_strong","pcs1",FALSE,NA,NA
"set08",0.213130553039765,0.18916798681788,0.0585897047794137,0.408989366171118,999,0.36,0.543,225,14,"coherent_strong","pcs1",FALSE,NA,NA
"set09",0.224176266721815,0.271994704522345,0.0547942765929587,-0.872690375232993,999,0.812,0.885818181818182,225,14,"coherent_strong","pcs1",FALSE,NA,NA
"set10",0.119258118571403,0.115378662844688,0.0560380801887465,0.0692289192215221,999,0.47,0.626666666666667,225,14,"coherent_strong","pcs1",FALSE,NA,NA
"set11",0.204998470019358,0.183534225539514,0.0593461354324867,0.361678891530557,999,0.362,0.543,225,14,"coherent_strong","pcs1",FALSE,NA,NA
"set12",0.331785351008622,0.277709170376266,0.0531122405940075,1.01814911266345,999,0.157,0.3768,225,14,"coherent_strong","pcs1",FALSE,NA,NA
"set01",0.799225476255595,0.0838073713839409,0.0483016981136192,14.8114483095147,999,0.001,0.004,225,14,"coherent_strong","pcs3",TRUE,0.523801961308344,0.00231278144740521
"set02",0.769035906023231,0.121487837091816,0.050769737824945,12.7546073049298,999,0.001,0.004,225,14,"coherent_strong","pcs3",TRUE,0.919936379738013,0.0527423596199174
"set03",0.74869704291051,0.213324342369327,0.0524171682068695,10.2136898816869,999,0.001,0.004,225,14,"coherent_strong","pcs3",TRUE,0.97021720722952,0.077261422050066
"set04",0.00378416612028418,0.032713108546562,0.0447927525982595,-0.645839801044106,999,0.736,0.996,225,14,"coherent_strong","pcs3",FALSE,NA,NA
"set05",0.0607830261535328,0.108824062115785,0.0498321433824416,-0.964057186815273,999,0.838,0.996,225,14,"coherent_strong","pcs3",FALSE,NA,NA
"set06",0.18578734696248,0.213683087968412,0.0551376692809447,-0.505928911572121,999,0.693,0.996,225,14,"coherent_strong","pcs3",FALSE,NA,NA
"set07",-0.059409905341531,0.040959482166643,0.0462497852578303,-2.17015899530433,999,0.996,0.996,225,14,"coherent_strong","pcs3",FALSE,NA,NA
"set08",0.141764498063187,0.135773504989658,0.0529519900899065,0.113140092815353,999,0.456,0.996,225,14,"coherent_strong","pcs3",FALSE,NA,NA
"set09",0.11969035629698,0.210023878040709,0.0544089326568182,-1.66027005737283,999,0.946,0.996,225,14,"coherent_strong","pcs3",FALSE,NA,NA
"set10",0.0961742569299957,0.0573179950350147,0.0488754626911729,0.795005504919723,999,0.242,0.726,225,14,"coherent_strong","pcs3",FALSE,NA,NA
"set11",0.100495549451292,0.124600221336988,0.0527777311843115,-0.456720502090504,999,0.684,0.996,225,14,"coherent_strong","pcs3",FALSE,NA,NA
"set12",0.156539472483313,0.22133317934479,0.0569047389203911,-1.13863463906094,999,0.891,0.996,225,14,"coherent_strong","pcs3",FALSE,NA,NA
"set01",-0.021886588649379,-0.0232692655669454,0.0331599501764384,0.0416971952674663,999,0.481,0.8715,225,14,"coherent_strong","pcs10",TRUE,0.956750193593258,0.00231278144740521
"set02",0.0143006475938582,-0.0256390222785178,0.0350623533252251,1.13910408414149,999,0.143,0.572,225,14,"coherent_strong","pcs10",TRUE,0.969356198457123,0.0527423596199174
"set03",0.0885444759698501,-0.0226821498970605,0.0365903247094658,3.03978242199465,999,0.002,0.024,225,14,"coherent_strong","pcs10",TRUE,0.987016899615301,0.077261422050066
"set04",-0.0844870711595935,-0.0248176725866337,0.034241679008581,-1.74259558236051,999,0.957,0.98,225,14,"coherent_strong","pcs10",FALSE,NA,NA
"set05",-0.0237986082851482,-0.0247019930244331,0.0345805056646466,0.0261241043738815,999,0.494,0.8715,225,14,"coherent_strong","pcs10",FALSE,NA,NA
"set06",-0.0167702802067456,-0.0240369682518725,0.0343947202244852,0.211273358169484,999,0.434,0.8715,225,14,"coherent_strong","pcs10",FALSE,NA,NA
"set07",-0.0879135202617231,-0.0258705055868791,0.0338293695515971,-1.8339985491073,999,0.98,0.98,225,14,"coherent_strong","pcs10",FALSE,NA,NA
"set08",0.0247932891279641,-0.0232725937809103,0.033890231921275,1.41828132131195,999,0.089,0.534,225,14,"coherent_strong","pcs10",FALSE,NA,NA
"set09",-0.05086366937198,-0.0257703336406035,0.0346180591139386,-0.724862582526267,999,0.795,0.954,225,14,"coherent_strong","pcs10",FALSE,NA,NA
"set10",-0.034734222288898,-0.0277609291589121,0.0350039743671044,-0.199214325117867,999,0.581,0.8715,225,14,"coherent_strong","pcs10",FALSE,NA,NA
"set11",-0.0278513330169912,-0.0244021482102812,0.0356219187984211,-0.0968275972506807,999,0.541,0.8715,225,14,"coherent_strong","pcs10",FALSE,NA,NA
"set12",-0.0397087336626599,-0.0238629134476602,0.0369075743453717,-0.429337893265988,999,0.67,0.893333333333333,225,14,"coherent_strong","pcs10",FALSE,NA,NA
"set01",0.776193315064838,0.166086264014806,0.129351938349804,4.71664405522963,999,0.001,0.006,225,15,"coherent_weak","none",TRUE,0,0.00825855279208354
"set02",0.784688628101749,0.192643672714965,0.110597679948926,5.35314082230466,999,0.002,0.008,225,15,"coherent_weak","none",TRUE,-2.22044604925031e-16,0.00356729577719173
"set03",0.857436186541468,0.27482852559305,0.0939653851223207,6.20023703611708,999,0.001,0.006,225,15,"coherent_weak","none",TRUE,-2.22044604925031e-16,0.00266776515898715
"set04",0.0902255982690138,0.134919258608765,0.124195384676162,-0.359865710439153,999,0.643,0.939272727272727,225,15,"coherent_weak","none",FALSE,NA,NA
"set05",0.103688003404823,0.194550609688024,0.107574118087561,-0.844651184676617,999,0.861,0.939272727272727,225,15,"coherent_weak","none",FALSE,NA,NA
"set06",0.195949431488458,0.269224945950103,0.105013299438671,-0.69777366155835,999,0.79,0.939272727272727,225,15,"coherent_weak","none",FALSE,NA,NA
"set07",0.1094174072878,0.193574695525117,0.146167618259777,-0.575758770918382,999,0.766,0.939272727272727,225,15,"coherent_weak","none",FALSE,NA,NA
"set08",0.229929209369055,0.200971031910736,0.117258115821079,0.246960965179632,999,0.419,0.868,225,15,"coherent_weak","none",FALSE,NA,NA
"set09",0.300576356327425,0.234853257687747,0.0990512097493316,0.663526460767143,999,0.286,0.858,225,15,"coherent_weak","none",FALSE,NA,NA
"set10",0.139315509280393,0.115663397878822,0.111784574850802,0.211586539852563,999,0.434,0.868,225,15,"coherent_weak","none",FALSE,NA,NA
"set11",0.0374761415079404,0.166254819833145,0.111017689155162,-1.15998341620334,999,0.953,0.953,225,15,"coherent_weak","none",FALSE,NA,NA
"set12",0.152630118290559,0.225176583516093,0.103237582184771,-0.702713718107933,999,0.807,0.939272727272727,225,15,"coherent_weak","none",FALSE,NA,NA
"set01",0.763728727641154,0.165146453850529,0.125184354399031,4.78160610935943,999,0.001,0.006,225,15,"coherent_weak","libsize",TRUE,0.00825855279208354,0.00825855279208354
"set02",0.780236513612968,0.201227710277375,0.111302325549924,5.20212673432309,999,0.002,0.008,225,15,"coherent_weak","libsize",TRUE,0.00356729577719173,0.00356729577719173
"set03",0.860419576460677,0.283669439033763,0.089934619282245,6.41299359501238,999,0.001,0.006,225,15,"coherent_weak","libsize",TRUE,0.00266776515898715,0.00266776515898715
"set04",0.109387617520648,0.13991047313477,0.123689134574836,-0.246770710451164,999,0.599,0.94,225,15,"coherent_weak","libsize",FALSE,NA,NA
"set05",0.123770586527734,0.198128928797695,0.10133679820804,-0.733774340465208,999,0.821,0.94,225,15,"coherent_weak","libsize",FALSE,NA,NA
"set06",0.220642568853889,0.284536714150893,0.0988067234650713,-0.646657869589111,999,0.766,0.94,225,15,"coherent_weak","libsize",FALSE,NA,NA
"set07",0.120679323476914,0.192736750307908,0.144685561911611,-0.498027763648,999,0.727,0.94,225,15,"coherent_weak","libsize",FALSE,NA,NA
"set08",0.233292519872007,0.204319969841236,0.114335999753876,0.253398318055011,999,0.427,0.934,225,15,"coherent_weak","libsize",FALSE,NA,NA
"set09",0.307408755802557,0.249322362750091,0.0957607646545337,0.606578208330084,999,0.305,0.915,225,15,"coherent_weak","libsize",FALSE,NA,NA
"set10",0.13618023620913,0.124359837000884,0.113662674673998,0.103995434228069,999,0.467,0.934,225,15,"coherent_weak","libsize",FALSE,NA,NA
"set11",0.0563409112557271,0.181864558115304,0.109244439269061,-1.14901634993449,999,0.94,0.94,225,15,"coherent_weak","libsize",FALSE,NA,NA
"set12",0.156493440600826,0.246410426645456,0.0988522223056891,-0.909610163002433,999,0.886,0.94,225,15,"coherent_weak","libsize",FALSE,NA,NA
"set01",0.765472423092603,0.0659378532653418,0.0425025865940704,16.4586352475041,999,0.001,0.004,225,15,"coherent_weak","pcs1",TRUE,0.126441195243987,0.00825855279208354
"set02",0.779666308894496,0.115054079058937,0.0500826780064045,13.270301355502,999,0.001,0.004,225,15,"coherent_weak","pcs1",TRUE,0.00559712503146625,0.00356729577719173
"set03",0.827370616676385,0.216086580751811,0.0536896726942283,11.3855049816738,999,0.001,0.004,225,15,"coherent_weak","pcs1",TRUE,0.264060941640424,0.00266776515898715
"set04",0.063185230394381,0.040725492305894,0.0460199400497138,0.488043619010031,999,0.324,0.648,225,15,"coherent_weak","pcs1",FALSE,NA,NA
"set05",0.126330101872613,0.114716898062717,0.0518448871254979,0.223999018105376,999,0.418,0.716571428571429,225,15,"coherent_weak","pcs1",FALSE,NA,NA
"set06",0.189672319047828,0.200356548813532,0.0515369720714694,-0.207311942014907,999,0.591,0.7944,225,15,"coherent_weak","pcs1",FALSE,NA,NA
"set07",0.0633727708343966,0.0782135633510332,0.0520956250759299,-0.284875985171614,999,0.6,0.7944,225,15,"coherent_weak","pcs1",FALSE,NA,NA
"set08",0.197968320252764,0.120425576485674,0.0512829762734281,1.51205622999827,999,0.087,0.261,225,15,"coherent_weak","pcs1",FALSE,NA,NA
"set09",0.237443932873724,0.176356690196942,0.0511706815339124,1.19379380625013,999,0.123,0.2952,225,15,"coherent_weak","pcs1",FALSE,NA,NA
"set10",-0.00461653167401609,0.0416537719025884,0.0462182777009446,-1.0011256558714,999,0.864,0.88,225,15,"coherent_weak","pcs1",FALSE,NA,NA
"set11",0.0361769396695996,0.0964165902980882,0.0536353286825225,-1.12313380207024,999,0.88,0.88,225,15,"coherent_weak","pcs1",FALSE,NA,NA
"set12",0.147634443027208,0.169970013385355,0.0495149582928016,-0.451087330540952,999,0.662,0.7944,225,15,"coherent_weak","pcs1",FALSE,NA,NA
"set01",0.71929325263224,-0.00229443918752979,0.034438595005801,20.9528783534352,999,0.001,0.004,225,15,"coherent_weak","pcs3",TRUE,0.304451503125483,0.00825855279208354
"set02",0.64276693469075,0.0128568588788602,0.0380627650127452,16.5492463724316,999,0.001,0.004,225,15,"coherent_weak","pcs3",TRUE,0.611222931737565,0.00356729577719173
"set03",0.591794344584538,0.0170503961705591,0.0397364873713499,14.46388411343,999,0.001,0.004,225,15,"coherent_weak","pcs3",TRUE,0.860916055245075,0.00266776515898715
"set04",0.00767965270266734,-0.00520629252228213,0.0369842395286722,0.34841720119619,999,0.378,0.648,225,15,"coherent_weak","pcs3",FALSE,NA,NA
"set05",0.0484813069737394,0.00417559929488526,0.0385470827890898,1.14939197659321,999,0.136,0.3264,225,15,"coherent_weak","pcs3",FALSE,NA,NA
"set06",-0.00392815661508402,0.0247628701886468,0.0465741147180101,-0.616029461374519,999,0.739,0.739,225,15,"coherent_weak","pcs3",FALSE,NA,NA
"set07",-0.0180861603527617,-0.00359791135369695,0.0354833593080823,-0.408311086706061,999,0.674,0.739,225,15,"coherent_weak","pcs3",FALSE,NA,NA
"set08",0.118362007263309,0.00778015321382012,0.0411655384783067,2.68627250212609,999,0.014,0.042,225,15,"coherent_weak","pcs3",FALSE,NA,NA
"set09",0.0574410353633395,0.0210058662380554,0.0409462446156211,0.889829322989586,999,0.19,0.38,225,15,"coherent_weak","pcs3",FALSE,NA,NA
"set10",-0.0288651206136581,-0.0077693017641721,0.0383816758197298,-0.549632562907582,999,0.703,0.739,225,15,"coherent_weak","pcs3",FALSE,NA,NA
"set11",-0.0220119861217167,0.00106869405383893,0.0425808021209939,-0.542044278780178,999,0.71,0.739,225,15,"coherent_weak","pcs3",FALSE,NA,NA
"set12",0.00109109512667799,0.0207577399884359,0.0456560025094033,-0.430757047941448,999,0.653,0.739,225,15,"coherent_weak","pcs3",FALSE,NA,NA
"set01",0.37043190585108,-0.0176512247503438,0.0333660994202363,11.6310607875865,999,0.001,0.006,225,15,"coherent_weak","pcs10",TRUE,0.596332809372055,0.00825855279208354
"set02",0.281926838628294,-0.013998928125741,0.0358251647928549,8.26027649740374,999,0.001,0.006,225,15,"coherent_weak","pcs10",TRUE,0.793407655026356,0.00356729577719173
"set03",0.119930058407793,-0.0150011617513432,0.0351125097339859,3.84282471351043,999,0.002,0.008,225,15,"coherent_weak","pcs10",TRUE,0.900024845894472,0.00266776515898715
"set04",-0.00778845354449535,-0.0180607123448791,0.0351316738921847,0.292393093249931,999,0.391,0.7215,225,15,"coherent_weak","pcs10",FALSE,NA,NA
"set05",-0.0170137295484269,-0.0197587769587448,0.0340157194623716,0.080699378219958,999,0.465,0.7215,225,15,"coherent_weak","pcs10",FALSE,NA,NA
"set06",-0.0124726302030712,-0.0139994785159935,0.033041194420672,0.0462104454664331,999,0.481,0.7215,225,15,"coherent_weak","pcs10",FALSE,NA,NA
"set07",-0.0496082443477167,-0.016273691426945,0.0335192002376136,-0.994491297061594,999,0.85,0.85,225,15,"coherent_weak","pcs10",FALSE,NA,NA
"set08",0.0430359477646818,-0.0173229289576474,0.0342070514519334,1.76451562354456,999,0.059,0.177,225,15,"coherent_weak","pcs10",FALSE,NA,NA
"set09",0.0282587070832261,-0.0152168815844855,0.0344819510373017,1.26082159970243,999,0.123,0.2952,225,15,"coherent_weak","pcs10",FALSE,NA,NA
"set10",-0.0495328659814402,-0.0176567958525332,0.0365228878342399,-0.872769707411346,999,0.818,0.85,225,15,"coherent_weak","pcs10",FALSE,NA,NA
"set11",-0.0495215619514857,-0.0192118313905005,0.0338858690648451,-0.894465197365413,999,0.823,0.85,225,15,"coherent_weak","pcs10",FALSE,NA,NA
"set12",-0.0393302040551929,-0.0130111217658298,0.0342075275076936,-0.769394463936152,999,0.771,0.85,225,15,"coherent_weak","pcs10",FALSE,NA,NA
"set01",0.873489507556562,0.230163791475017,0.112341432940545,5.72652225668172,999,0.001,0.004,225,15,"coherent_strong","none",TRUE,0,0.00343642090978225
"set02",0.850052243258476,0.301170782896644,0.114550610850033,4.7916065771174,999,0.001,0.004,225,15,"coherent_strong","none",TRUE,-2.22044604925031e-16,0.0144361251026677
"set03",0.882293332941585,0.422955564692111,0.066680065974676,6.88868197016965,999,0.001,0.004,225,15,"coherent_strong","none",TRUE,-2.22044604925031e-16,0.0914335699637726
"set04",0.131912758004504,0.167667530756263,0.104933638322369,-0.340736996480725,999,0.66,0.773454545454545,225,15,"coherent_strong","none",FALSE,NA,NA
"set05",0.232177615079868,0.286023957098935,0.107732759176732,-0.499814006719481,999,0.693,0.773454545454545,225,15,"coherent_strong","none",FALSE,NA,NA
"set06",0.449469039635051,0.368370746781707,0.0886949708665198,0.914350521354717,999,0.211,0.633,225,15,"coherent_strong","none",FALSE,NA,NA
"set07",0.205952774926764,0.262578162608345,0.124445343376224,-0.455022149847666,999,0.709,0.773454545454545,225,15,"coherent_strong","none",FALSE,NA,NA
"set08",0.300236974112623,0.288016948720022,0.105535699071423,0.115790443424557,999,0.46,0.773454545454545,225,15,"coherent_strong","none",FALSE,NA,NA
"set09",0.378110070004438,0.347024328063876,0.0905730380554009,0.343211871965123,999,0.388,0.773454545454545,225,15,"coherent_strong","none",FALSE,NA,NA
"set10",0.197295091277685,0.182720367980171,0.106939612848702,0.136289284291072,999,0.449,0.773454545454545,225,15,"coherent_strong","none",FALSE,NA,NA
"set11",0.177368051653003,0.256937329632603,0.0992586623002361,-0.801635606763673,999,0.813,0.813,225,15,"coherent_strong","none",FALSE,NA,NA
"set12",0.326781429045364,0.330400909754429,0.0905196099064094,-0.0399855977374102,999,0.521,0.773454545454545,225,15,"coherent_strong","none",FALSE,NA,NA
"set01",0.867313722787684,0.196877588170161,0.111810944282088,5.99615841653283,999,0.001,0.004,225,15,"coherent_strong","libsize",TRUE,0.00343642090978225,0.00343642090978225
"set02",0.842013875079915,0.25700681018391,0.105989412520134,5.51948587114657,999,0.001,0.004,225,15,"coherent_strong","libsize",TRUE,0.0144361251026677,0.0144361251026677
"set03",0.825910104110803,0.358859270420883,0.0674775897784166,6.92156959404781,999,0.001,0.004,225,15,"coherent_strong","libsize",TRUE,0.0914335699637726,0.0914335699637726
"set04",0.118384269501381,0.158551021331582,0.108051105707688,-0.371738461787369,999,0.667,0.885818181818182,225,15,"coherent_strong","libsize",FALSE,NA,NA
"set05",0.168078116124977,0.247252079512138,0.102821766465153,-0.770011701889933,999,0.812,0.885818181818182,225,15,"coherent_strong","libsize",FALSE,NA,NA
"set06",0.346421507716019,0.319845543242309,0.0817491828596996,0.325091499927529,999,0.386,0.783428571428571,225,15,"coherent_strong","libsize",FALSE,NA,NA
"set07",0.158674858630127,0.227864774315501,0.126260877141057,-0.54799172358098,999,0.764,0.885818181818182,225,15,"coherent_strong","libsize",FALSE,NA,NA
"set08",0.287189624299933,0.248106322689882,0.100356250021925,0.38944561600809,999,0.362,0.783428571428571,225,15,"coherent_strong","libsize",FALSE,NA,NA
"set09",0.32835992643333,0.307708711624085,0.084469997859192,0.2444798784495,999,0.396,0.783428571428571,225,15,"coherent_strong","libsize",FALSE,NA,NA
"set10",0.181109058925167,0.169343183190196,0.103137425868637,0.114079594636741,999,0.457,0.783428571428571,225,15,"coherent_strong","libsize",FALSE,NA,NA
"set11",0.109110834626827,0.226263762817128,0.0924541479112308,-1.26714626479263,999,0.938,0.938,225,15,"coherent_strong","libsize",FALSE,NA,NA
"set12",0.266718782672608,0.297318843843534,0.0812525534628632,-0.376604301856343,999,0.663,0.885818181818182,225,15,"coherent_strong","libsize",FALSE,NA,NA
"set01",0.866723288116377,0.111222384957932,0.0528391257388478,14.2981340549129,999,0.001,0.004,225,15,"coherent_strong","pcs1",TRUE,0.136019518392162,0.00343642090978225
"set02",0.842683648227608,0.179521256849822,0.0599160037692011,11.0682013094918,999,0.001,0.004,225,15,"coherent_strong","pcs1",TRUE,0.0159880306210419,0.0144361251026677
"set03",0.827202088958295,0.313830649367386,0.044918553595909,11.4289396806772,999,0.001,0.004,225,15,"coherent_strong","pcs1",TRUE,0.38450211642673,0.0914335699637726
"set04",0.0571685571895711,0.0814699419852282,0.0541675037659696,-0.448634016820327,999,0.692,0.820363636363636,225,15,"coherent_strong","pcs1",FALSE,NA,NA
"set05",0.155971195970946,0.171519846459668,0.0580574790525105,-0.267814771541477,999,0.619,0.820363636363636,225,15,"coherent_strong","pcs1",FALSE,NA,NA
"set06",0.289663179775049,0.264946558852157,0.0590849455263119,0.418323495142853,999,0.332,0.664,225,15,"coherent_strong","pcs1",FALSE,NA,NA
"set07",0.11369949747867,0.130125090290295,0.0528383045428503,-0.31086525114189,999,0.624,0.820363636363636,225,15,"coherent_strong","pcs1",FALSE,NA,NA
"set08",0.282827901960781,0.172187436863588,0.0587596521466116,1.88293260860587,999,0.039,0.117,225,15,"coherent_strong","pcs1",FALSE,NA,NA
"set09",0.259257804079348,0.252322673122784,0.0574172297082372,0.120784840923274,999,0.454,0.778285714285714,225,15,"coherent_strong","pcs1",FALSE,NA,NA
"set10",0.0315268980062116,0.0918561490725583,0.0531677305338313,-1.13469675046518,999,0.881,0.881,225,15,"coherent_strong","pcs1",FALSE,NA,NA
"set11",0.117638980261952,0.161425512652734,0.0581039722408142,-0.753589310715404,999,0.752,0.820363636363636,225,15,"coherent_strong","pcs1",FALSE,NA,NA
"set12",0.274257984827434,0.236317903283661,0.0597091580178489,0.63541478063436,999,0.277,0.664,225,15,"coherent_strong","pcs1",FALSE,NA,NA
"set01",0.804386156683469,0.0451613818634843,0.0445092539075305,17.0576836987046,999,0.001,0.004,225,15,"coherent_strong","pcs3",TRUE,0.491030885312424,0.00343642090978225
"set02",0.742409572477761,0.0989702481952224,0.0467583082567965,13.7609624528923,999,0.001,0.004,225,15,"coherent_strong","pcs3",TRUE,0.926291334306062,0.0144361251026677
"set03",0.75046150632905,0.152206535879749,0.0504983463492712,11.8470210155294,999,0.001,0.004,225,15,"coherent_strong","pcs3",TRUE,0.969969659956311,0.0914335699637726
"set04",-0.00457100249235027,0.0247103320417843,0.0444853844534024,-0.65822370412031,999,0.754,0.967636363636364,225,15,"coherent_strong","pcs3",FALSE,NA,NA
"set05",0.0550615761887166,0.0940256718194972,0.0550225767109161,-0.708147418022509,999,0.752,0.967636363636364,225,15,"coherent_strong","pcs3",FALSE,NA,NA
"set06",0.136173012011444,0.171145924992039,0.0500025466486818,-0.699422635937218,999,0.778,0.967636363636364,225,15,"coherent_strong","pcs3",FALSE,NA,NA
"set07",0.0527050217313823,0.0597646710344727,0.0482008743770288,-0.146463096247376,999,0.558,0.967636363636364,225,15,"coherent_strong","pcs3",FALSE,NA,NA
"set08",0.178519726426669,0.0966012842350692,0.0461958534881868,1.77328560911962,999,0.047,0.141,225,15,"coherent_strong","pcs3",FALSE,NA,NA
"set09",0.0884850967167331,0.14790148299945,0.0502464789887951,-1.18249850493935,999,0.887,0.967636363636364,225,15,"coherent_strong","pcs3",FALSE,NA,NA
"set10",-0.00979403717804299,0.0329618797501482,0.0412853338100279,-1.03561998856374,999,0.842,0.967636363636364,225,15,"coherent_strong","pcs3",FALSE,NA,NA
"set11",-0.0314686220517123,0.0796262836195214,0.0500173388631743,-2.22112787677771,999,0.996,0.996,225,15,"coherent_strong","pcs3",FALSE,NA,NA
"set12",0.124661503415524,0.143332030662241,0.0523246837076492,-0.356820642261943,999,0.653,0.967636363636364,225,15,"coherent_strong","pcs3",FALSE,NA,NA
"set01",0.0129704007462897,-0.0245669550273598,0.03410907680455,1.10050928639154,999,0.148,0.956,225,15,"coherent_strong","pcs10",TRUE,0.935960195349458,0.00343642090978225
"set02",-0.00659031576275744,-0.0197249865941418,0.033112360561809,0.396669721171541,999,0.359,0.956,225,15,"coherent_strong","pcs10",TRUE,0.968216541970858,0.0144361251026677
"set03",0.0102510311811673,-0.021007066226894,0.0346639609754812,0.901746266970791,999,0.185,0.956,225,15,"coherent_strong","pcs10",TRUE,0.986298383255234,0.0914335699637726
"set04",-0.0520468946328859,-0.0230056027989238,0.0360154432557909,-0.806356640613957,999,0.801,0.956,225,15,"coherent_strong","pcs10",FALSE,NA,NA
"set05",-0.0165376930770727,-0.0229225503756619,0.0329729676422688,0.193639146098707,999,0.423,0.956,225,15,"coherent_strong","pcs10",FALSE,NA,NA
"set06",-0.0808348282829148,-0.0233546741319553,0.0351706141041295,-1.63432330128721,999,0.956,0.956,225,15,"coherent_strong","pcs10",FALSE,NA,NA
"set07",-0.00618201535360417,-0.0206795513604664,0.0325985016396886,0.444730134136334,999,0.33,0.956,225,15,"coherent_strong","pcs10",FALSE,NA,NA
"set08",-0.0574158772321061,-0.0213182823136804,0.0343288252425098,-1.05152432870687,999,0.866,0.956,225,15,"coherent_strong","pcs10",FALSE,NA,NA
"set09",-0.0589533132583476,-0.0218659183366254,0.0347172527050335,-1.068269866767,999,0.86,0.956,225,15,"coherent_strong","pcs10",FALSE,NA,NA
"set10",-0.0492346361758097,-0.0209039915713044,0.035358725147349,-0.801234899913503,999,0.802,0.956,225,15,"coherent_strong","pcs10",FALSE,NA,NA
"set11",-0.0637614695975606,-0.0224438664375525,0.0328304986222957,-1.25851281259398,999,0.899,0.956,225,15,"coherent_strong","pcs10",FALSE,NA,NA
"set12",-0.0550216986693513,-0.0197101593178827,0.0338326845335799,-1.04371083283152,999,0.861,0.956,225,15,"coherent_strong","pcs10",FALSE,NA,NA
"set01",0.756921859809933,0.133739689160659,0.120102656954034,5.18874591498656,999,0.001,0.004,225,16,"coherent_weak","none",TRUE,0,0.00606508176160525
"set02",0.794730926570824,0.160438744088378,0.104114941421398,6.0922301239665,999,0.001,0.004,225,16,"coherent_weak","none",TRUE,1.11022302462516e-16,0.000368720711039994
"set03",0.861353570314887,0.230663021454687,0.104593247217598,6.02993563770038,999,0.001,0.004,225,16,"coherent_weak","none",TRUE,0,0.0175630325330599
"set04",0.393417234575274,0.146385769411933,0.1183303257614,2.08764290619341,999,0.094,0.22,225,16,"coherent_weak","none",FALSE,NA,NA
"set05",0.702608462813588,0.196408943091969,0.115839198634245,4.36984652595804,999,0.003,0.009,225,16,"coherent_weak","none",FALSE,NA,NA
"set06",0.220314079269283,0.237906900983118,0.0941743615818763,-0.186811159835042,999,0.58,0.632727272727273,225,16,"coherent_weak","none",FALSE,NA,NA
"set07",0.240104664558621,0.16272407354827,0.119045660294695,0.650007659403941,999,0.304,0.405333333333333,225,16,"coherent_weak","none",FALSE,NA,NA
"set08",0.148002932338146,0.156937069319927,0.104548803901268,-0.0854542247103908,999,0.536,0.632727272727273,225,16,"coherent_weak","none",FALSE,NA,NA
"set09",0.271864446045969,0.204285773899784,0.0917566379432255,0.73649900062816,999,0.268,0.402,225,16,"coherent_weak","none",FALSE,NA,NA
"set10",0.3033504832499,0.117847997082555,0.109249205078483,1.69797561487137,999,0.147,0.252,225,16,"coherent_weak","none",FALSE,NA,NA
"set11",0.401048052604807,0.193973117002819,0.108373632695385,1.91075015621217,999,0.11,0.22,225,16,"coherent_weak","none",FALSE,NA,NA
"set12",0.157427452232143,0.209670300624852,0.102241234016451,-0.51097630907217,999,0.709,0.709,225,16,"coherent_weak","none",FALSE,NA,NA
"set01",0.749802188251239,0.139595313226579,0.119804987290126,5.09333449989817,999,0.002,0.008,225,16,"coherent_weak","libsize",TRUE,0.00606508176160525,0.00606508176160525
"set02",0.795799584795186,0.171714908178212,0.103589206857843,6.02461101447967,999,0.001,0.006,225,16,"coherent_weak","libsize",TRUE,0.000368720711039994,0.000368720711039994
"set03",0.859128669519036,0.244762443356254,0.0998383370507751,6.15361036963517,999,0.001,0.006,225,16,"coherent_weak","libsize",TRUE,0.0175630325330599,0.0175630325330599
"set04",0.397894710252168,0.148701497572987,0.11627377881167,2.1431591475392,999,0.095,0.224,225,16,"coherent_weak","libsize",FALSE,NA,NA
"set05",0.697252185303379,0.201444027704151,0.112998147793507,4.38775473121267,999,0.004,0.012,225,16,"coherent_weak","libsize",FALSE,NA,NA
"set06",0.210072927459738,0.251174391496592,0.0910934953134639,-0.451200866707538,999,0.69,0.752727272727273,225,16,"coherent_weak","libsize",FALSE,NA,NA
"set07",0.243580625264042,0.164096753641422,0.121227833673478,0.655656949514627,999,0.303,0.412,225,16,"coherent_weak","libsize",FALSE,NA,NA
"set08",0.164965309863009,0.165659724833208,0.101364709636712,-0.00685065811058286,999,0.506,0.6072,225,16,"coherent_weak","libsize",FALSE,NA,NA
"set09",0.275970883994517,0.225883546177941,0.0905827507851699,0.552945647845976,999,0.309,0.412,225,16,"coherent_weak","libsize",FALSE,NA,NA
"set10",0.298982967332545,0.120224328268212,0.109165228865366,1.63750528370894,999,0.15,0.257142857142857,225,16,"coherent_weak","libsize",FALSE,NA,NA
"set11",0.40058684394105,0.20474247807477,0.109286342706738,1.7920296444709,999,0.112,0.224,225,16,"coherent_weak","libsize",FALSE,NA,NA
"set12",0.161708136619201,0.225608339279692,0.0997047645515653,-0.640894173391721,999,0.777,0.777,225,16,"coherent_weak","libsize",FALSE,NA,NA
"set01",0.702308918362596,0.0484121770023836,0.042941373566323,15.227662439588,999,0.001,0.004,225,16,"coherent_weak","pcs1",TRUE,0.12201757960539,0.00606508176160525
"set02",0.797493030809403,0.0849529979072772,0.0500354943355836,14.2406913804665,999,0.001,0.004,225,16,"coherent_weak","pcs1",TRUE,0.0029060901817255,0.000368720711039994
"set03",0.820974734597057,0.163954003142013,0.0580023706771184,11.327480649239,999,0.001,0.004,225,16,"coherent_weak","pcs1",TRUE,0.279344709935992,0.0175630325330599
"set04",-0.043970328640855,0.0581942459286231,0.0477195628142734,-2.14093693538449,999,0.993,0.993,225,16,"coherent_weak","pcs1",FALSE,NA,NA
"set05",0.138429615594846,0.111318769428613,0.0507348886312482,0.534362977778096,999,0.305,0.61,225,16,"coherent_weak","pcs1",FALSE,NA,NA
"set06",0.215166372670159,0.176400389244612,0.0523212689324798,0.740922080379475,999,0.244,0.5856,225,16,"coherent_weak","pcs1",FALSE,NA,NA
"set07",0.0362931221003744,0.0666791510868382,0.048379843476998,-0.62807208131855,999,0.747,0.950181818181818,225,16,"coherent_weak","pcs1",FALSE,NA,NA
"set08",0.16333357825692,0.0887519650723202,0.0485064521836978,1.53756067135468,999,0.067,0.201,225,16,"coherent_weak","pcs1",FALSE,NA,NA
"set09",0.135838328887316,0.152041464959654,0.0524345090765873,-0.309016644909772,999,0.623,0.950181818181818,225,16,"coherent_weak","pcs1",FALSE,NA,NA
"set10",0.00482867086564603,0.0367857088340418,0.0454109496010734,-0.703729788721274,999,0.763,0.950181818181818,225,16,"coherent_weak","pcs1",FALSE,NA,NA
"set11",0.0541989093157377,0.107836987931167,0.05193210626633,-1.03285005118703,999,0.871,0.950181818181818,225,16,"coherent_weak","pcs1",FALSE,NA,NA
"set12",0.0985838893520949,0.150089226702466,0.0537448173360744,-0.958331238309004,999,0.846,0.950181818181818,225,16,"coherent_weak","pcs1",FALSE,NA,NA
"set01",0.633984166174618,-0.00504357451963211,0.0379658662526336,16.8316386209131,999,0.001,0.004,225,16,"coherent_weak","pcs3",TRUE,0.277142602799398,0.00606508176160525
"set02",0.663073077700627,0.00362883170911396,0.0375418564169279,17.5655737070627,999,0.001,0.004,225,16,"coherent_weak","pcs3",TRUE,0.628996590813202,0.000368720711039994
"set03",0.611222551578071,0.00475944906179803,0.0396375781969204,15.3002057669455,999,0.001,0.004,225,16,"coherent_weak","pcs3",TRUE,0.859427117574196,0.0175630325330599
"set04",-0.0686751225572952,-0.00194646052421129,0.0379730595175145,-1.75726325139291,999,0.969,0.969,225,16,"coherent_weak","pcs3",FALSE,NA,NA
"set05",0.0497225099773447,0.0013576304498515,0.0382444129025167,1.26462601611307,999,0.12,0.36,225,16,"coherent_weak","pcs3",FALSE,NA,NA
"set06",0.0362606631274994,0.00931412706143732,0.0414551068310367,0.650017286793907,999,0.275,0.55,225,16,"coherent_weak","pcs3",FALSE,NA,NA
"set07",-0.05559271668805,-0.0038515497259684,0.0390340337797539,-1.32553984182179,999,0.933,0.969,225,16,"coherent_weak","pcs3",FALSE,NA,NA
"set08",0.0255318865559556,-0.00323471292084676,0.0373729731155725,0.769716644909257,999,0.235,0.55,225,16,"coherent_weak","pcs3",FALSE,NA,NA
"set09",-0.0214129005759504,0.0125349985138487,0.0378408359680076,-0.897123391208912,999,0.814,0.969,225,16,"coherent_weak","pcs3",FALSE,NA,NA
"set10",0.00158989743968797,-0.00944999812979656,0.0362717706198676,0.30436605053511,999,0.396,0.678857142857143,225,16,"coherent_weak","pcs3",FALSE,NA,NA
"set11",-0.00302286069768042,0.00109019464657112,0.0381999852275436,-0.107671647508541,999,0.539,0.8085,225,16,"coherent_weak","pcs3",FALSE,NA,NA
"set12",-0.00236924722081814,0.0109946334258105,0.0404269870767766,-0.330568306296204,999,0.621,0.828,225,16,"coherent_weak","pcs3",FALSE,NA,NA
"set01",0.524404775961691,-0.0143487253433634,0.0328539594426286,16.3984344792857,999,0.001,0.004,225,16,"coherent_weak","pcs10",TRUE,0.430989677550326,0.00606508176160525
"set02",0.212015091422907,-0.0162600466424246,0.0330073684779966,6.91588419772103,999,0.001,0.004,225,16,"coherent_weak","pcs10",TRUE,0.807837328655014,0.000368720711039994
"set03",0.163296783943654,-0.0110267884085686,0.0353625376906289,4.92961149670032,999,0.001,0.004,225,16,"coherent_weak","pcs10",TRUE,0.902042938637991,0.0175630325330599
"set04",-0.0491131820295915,-0.0143269515101656,0.035678432939528,-0.974993228497051,999,0.859,0.937090909090909,225,16,"coherent_weak","pcs10",FALSE,NA,NA
"set05",0.0173098949209876,-0.0119825578364964,0.0347327467231631,0.84336701012906,999,0.205,0.492,225,16,"coherent_weak","pcs10",FALSE,NA,NA
"set06",0.00638956349001368,-0.0114064451325275,0.0360355191626663,0.493846322629875,999,0.315,0.54,225,16,"coherent_weak","pcs10",FALSE,NA,NA
"set07",-0.0704399779696449,-0.0137396634247315,0.0341719877657757,-1.65926298854937,999,0.96,0.96,225,16,"coherent_weak","pcs10",FALSE,NA,NA
"set08",0.0165544788476016,-0.0161035944229134,0.032667212483961,0.999720232834361,999,0.185,0.492,225,16,"coherent_weak","pcs10",FALSE,NA,NA
"set09",-0.0433748562181646,-0.00999863886318623,0.0335108711331206,-0.995981788190247,999,0.836,0.937090909090909,225,16,"coherent_weak","pcs10",FALSE,NA,NA
"set10",0.00258794799888635,-0.0169707492134624,0.0347681252677886,0.562546788522679,999,0.278,0.54,225,16,"coherent_weak","pcs10",FALSE,NA,NA
"set11",-0.0171884162368202,-0.0167832247602756,0.0326782181138694,-0.0123994360749028,999,0.502,0.669333333333333,225,16,"coherent_weak","pcs10",FALSE,NA,NA
"set12",0.00123829434585005,-0.0102319500451577,0.0351646124566595,0.326187140698475,999,0.361,0.5415,225,16,"coherent_weak","pcs10",FALSE,NA,NA
"set01",0.860614178530747,0.16982055784997,0.117319263906399,5.88815167841415,999,0.001,0.004,225,16,"coherent_strong","none",TRUE,0,0.00230330525871703
"set02",0.849591491138989,0.235886971221179,0.111470646405173,5.50552580171753,999,0.001,0.004,225,16,"coherent_strong","none",TRUE,1.11022302462516e-16,0.0239050647483322
"set03",0.906934844260068,0.369823983317695,0.0865528506738302,6.20558256326469,999,0.001,0.004,225,16,"coherent_strong","none",TRUE,0,0.142006830954907
"set04",0.474623504756214,0.203738539473049,0.122644812740876,2.20869484187229,999,0.058,0.1392,225,16,"coherent_strong","none",FALSE,NA,NA
"set05",0.705145042165498,0.253556533374649,0.105534416783452,4.27906385949401,999,0.003,0.009,225,16,"coherent_strong","none",FALSE,NA,NA
"set06",0.315815095684723,0.33434540522297,0.102510218877528,-0.180765486028133,999,0.584,0.637090909090909,225,16,"coherent_strong","none",FALSE,NA,NA
"set07",0.257236308313843,0.209477085938127,0.108404511321562,0.440564897101438,999,0.346,0.461333333333333,225,16,"coherent_strong","none",FALSE,NA,NA
"set08",0.24365355879831,0.231459462593936,0.116536576340166,0.104637501695432,999,0.467,0.5604,225,16,"coherent_strong","none",FALSE,NA,NA
"set09",0.444229071041312,0.296073323186408,0.103647250447357,1.42942284735428,999,0.12,0.205714285714286,225,16,"coherent_strong","none",FALSE,NA,NA
"set10",0.422772555719462,0.165372514283637,0.124795138792952,2.06258067361804,999,0.076,0.152,225,16,"coherent_strong","none",FALSE,NA,NA
"set11",0.359819315751674,0.26034413677923,0.107738755693411,0.923299868577634,999,0.217,0.3255,225,16,"coherent_strong","none",FALSE,NA,NA
"set12",0.240615079913528,0.295254369633957,0.0972016747676604,-0.562122924847043,999,0.727,0.727,225,16,"coherent_strong","none",FALSE,NA,NA
"set01",0.855268836262833,0.15699719285464,0.111525547225045,6.26109138921479,999,0.001,0.004,225,16,"coherent_strong","libsize",TRUE,0.00230330525871703,0.00230330525871703
"set02",0.837456786962024,0.201693803592538,0.0943174593507072,6.74067121555388,999,0.001,0.004,225,16,"coherent_strong","libsize",TRUE,0.0239050647483322,0.0239050647483322
"set03",0.804760510731885,0.306855615120069,0.0799209855461919,6.22996441058704,999,0.001,0.004,225,16,"coherent_strong","libsize",TRUE,0.142006830954907,0.142006830954907
"set04",0.432495276771397,0.177525215130778,0.115356220038209,2.21028446975956,999,0.065,0.156,225,16,"coherent_strong","libsize",FALSE,NA,NA
"set05",0.648142288089176,0.220208324994135,0.100655037186517,4.2514907853252,999,0.008,0.024,225,16,"coherent_strong","libsize",FALSE,NA,NA
"set06",0.244414091631236,0.284522728593533,0.0881830023086115,-0.454834105352071,999,0.706,0.770181818181818,225,16,"coherent_strong","libsize",FALSE,NA,NA
"set07",0.238982372190524,0.181776269421,0.103644456070575,0.551945612320745,999,0.325,0.433333333333333,225,16,"coherent_strong","libsize",FALSE,NA,NA
"set08",0.218827606477811,0.20645516653773,0.108022152141186,0.114536136290913,999,0.453,0.5436,225,16,"coherent_strong","libsize",FALSE,NA,NA
"set09",0.358660957054119,0.261400552738039,0.0872498163500348,1.11473477406398,999,0.194,0.291,225,16,"coherent_strong","libsize",FALSE,NA,NA
"set10",0.383730000128364,0.151458636000812,0.11471974429324,2.02468516259795,999,0.091,0.182,225,16,"coherent_strong","libsize",FALSE,NA,NA
"set11",0.374200579586231,0.222600516550057,0.100201510369108,1.51295187545309,999,0.141,0.241714285714286,225,16,"coherent_strong","libsize",FALSE,NA,NA
"set12",0.195772636749169,0.263286684173791,0.0863738264418676,-0.781649374652407,999,0.811,0.811,225,16,"coherent_strong","libsize",FALSE,NA,NA
"set01",0.850097914410592,0.0726868131199127,0.0503908096281109,15.4276366470007,999,0.001,0.004,225,16,"coherent_strong","pcs1",TRUE,0.137810812079549,0.00230330525871703
"set02",0.836349321156668,0.134550531439408,0.0558213677433766,12.5722249039756,999,0.001,0.004,225,16,"coherent_strong","pcs1",TRUE,0.0273307237348982,0.0239050647483322
"set03",0.796994764964398,0.246280671833846,0.0463773953668797,11.8746231601407,999,0.001,0.004,225,16,"coherent_strong","pcs1",TRUE,0.41238015197663,0.142006830954907
"set04",-0.0172381365918957,0.0914729160891758,0.0487546081370575,-2.22975954140512,999,0.991,0.991,225,16,"coherent_strong","pcs1",FALSE,NA,NA
"set05",0.135528220355546,0.145889518317917,0.0558008872205761,-0.185683391043828,999,0.571,0.6852,225,16,"coherent_strong","pcs1",FALSE,NA,NA
"set06",0.217377740400746,0.219142615249461,0.056544064711074,-0.0312123802512705,999,0.517,0.6852,225,16,"coherent_strong","pcs1",FALSE,NA,NA
"set07",0.0974650592489473,0.104429858339017,0.0520558360744957,-0.133794779131055,999,0.549,0.6852,225,16,"coherent_strong","pcs1",FALSE,NA,NA
"set08",0.209478202398303,0.124250417739136,0.0548746380054756,1.55313616193081,999,0.082,0.246,225,16,"coherent_strong","pcs1",FALSE,NA,NA
"set09",0.234826517215607,0.196884927532071,0.0508614502381051,0.745979312542488,999,0.24,0.576,225,16,"coherent_strong","pcs1",FALSE,NA,NA
"set10",0.0425654458346091,0.064535326290727,0.0498740680006522,-0.440507087888451,999,0.694,0.757090909090909,225,16,"coherent_strong","pcs1",FALSE,NA,NA
"set11",0.166852006415436,0.147054223295413,0.0556940619516253,0.355473858904708,999,0.374,0.6852,225,16,"coherent_strong","pcs1",FALSE,NA,NA
"set12",0.1886523856938,0.196604333481073,0.0563324503990849,-0.141161048932501,999,0.559,0.6852,225,16,"coherent_strong","pcs1",FALSE,NA,NA
"set01",0.795217035600151,0.0298095128278045,0.0438259333198238,17.4647170018426,999,0.001,0.004,225,16,"coherent_strong","pcs3",TRUE,0.513654265235242,0.00230330525871703
"set02",0.730777266781168,0.0727122370727173,0.0456043523464638,14.4298733750021,999,0.001,0.004,225,16,"coherent_strong","pcs3",TRUE,0.922861512818226,0.0239050647483322
"set03",0.75582240044059,0.132297387528822,0.0468176520885132,13.3181606743742,999,0.001,0.004,225,16,"coherent_strong","pcs3",TRUE,0.97588404478015,0.142006830954907
"set04",-0.0241851123824693,0.047073109297125,0.0463776623420367,-1.53647721944377,999,0.947,0.976,225,16,"coherent_strong","pcs3",FALSE,NA,NA
"set05",0.109912101028817,0.0888791048163429,0.0499292843824738,0.421255711404848,999,0.342,0.8208,225,16,"coherent_strong","pcs3",FALSE,NA,NA
"set06",0.146083489716985,0.157462865697523,0.0533664461575069,-0.213230911928292,999,0.576,0.976,225,16,"coherent_strong","pcs3",FALSE,NA,NA
"set07",0.0185328138223749,0.0518819779724952,0.0467555773884259,-0.713266010449817,999,0.76,0.976,225,16,"coherent_strong","pcs3",FALSE,NA,NA
"set08",0.121271242862922,0.0764085268162413,0.0430032018505192,1.04324129637197,999,0.151,0.453,225,16,"coherent_strong","pcs3",FALSE,NA,NA
"set09",0.101072554510296,0.147326515468782,0.0506163133719511,-0.913815287545566,999,0.813,0.976,225,16,"coherent_strong","pcs3",FALSE,NA,NA
"set10",-0.0204700969882919,0.023801293150803,0.0410582971197371,-1.07825685049693,999,0.869,0.976,225,16,"coherent_strong","pcs3",FALSE,NA,NA
"set11",0.00689221249173925,0.0965157837430518,0.0493505598476034,-1.81605986898779,999,0.976,0.976,225,16,"coherent_strong","pcs3",FALSE,NA,NA
"set12",0.072633917253687,0.139846691442566,0.0516384488953477,-1.30160327482134,999,0.91,0.976,225,16,"coherent_strong","pcs3",FALSE,NA,NA
"set01",0.0185980465687945,-0.0214148760574846,0.0348231661112441,1.14903172498607,999,0.12,0.48,225,16,"coherent_strong","pcs10",TRUE,0.929153415929678,0.00230330525871703
"set02",0.0273583493151133,-0.0222915402463521,0.0357328865174384,1.3894732388114,999,0.092,0.48,225,16,"coherent_strong","pcs10",TRUE,0.968296607470844,0.0239050647483322
"set03",0.00984307434783727,-0.0226662162827741,0.0347842048481731,0.934599217446786,999,0.162,0.486,225,16,"coherent_strong","pcs10",TRUE,0.98819477801832,0.142006830954907
"set04",-0.0607570485857947,-0.0200882690841406,0.0354990748590704,-1.1456292780335,999,0.888,0.888,225,16,"coherent_strong","pcs10",FALSE,NA,NA
"set05",-0.0518985370773501,-0.0223696438657723,0.0356616731399509,-0.828028822307198,999,0.804,0.888,225,16,"coherent_strong","pcs10",FALSE,NA,NA
"set06",-0.0305925637214292,-0.0228884746092755,0.0345129378724362,-0.223223219669936,999,0.581,0.888,225,16,"coherent_strong","pcs10",FALSE,NA,NA
"set07",-0.0508813977101491,-0.0217782708561012,0.0338380289231379,-0.86007157568648,999,0.798,0.888,225,16,"coherent_strong","pcs10",FALSE,NA,NA
"set08",0.0376667048143696,-0.0236389754551234,0.0366612124641295,1.67222184289394,999,0.046,0.48,225,16,"coherent_strong","pcs10",FALSE,NA,NA
"set09",-0.0211596938604398,-0.0201741089791907,0.0350668965800187,-0.0281058484602458,999,0.513,0.888,225,16,"coherent_strong","pcs10",FALSE,NA,NA
"set10",-0.0543227503219548,-0.021850397254253,0.0352634870064324,-0.920849179259513,999,0.837,0.888,225,16,"coherent_strong","pcs10",FALSE,NA,NA
"set11",-0.0542705823269282,-0.0213389290099872,0.0359595841334736,-0.915796278252449,999,0.832,0.888,225,16,"coherent_strong","pcs10",FALSE,NA,NA
"set12",-0.0340980235111717,-0.0191312907140531,0.0350765990089176,-0.426687113916419,999,0.679,0.888,225,16,"coherent_strong","pcs10",FALSE,NA,NA
"set01",0.749682216024529,0.121618643235632,0.110665532317942,5.67533142102882,999,0.001,0.004,225,17,"coherent_weak","none",TRUE,1.11022302462516e-16,0.00494308007397548
"set02",0.789326198789141,0.200909274177908,0.124243288108055,4.73600573175014,999,0.001,0.004,225,17,"coherent_weak","none",TRUE,0,2.8635408175437e-05
"set03",0.850817238141736,0.243973091590019,0.0919370072464173,6.60065151919948,999,0.001,0.004,225,17,"coherent_weak","none",TRUE,0,0.0345983725107398
"set04",0.0410491472421556,0.105807081116203,0.0920650783531353,-0.703393024069936,999,0.813,0.933818181818182,225,17,"coherent_weak","none",FALSE,NA,NA
"set05",0.0214466713856367,0.186070989349941,0.108523847447558,-1.51694140814401,999,0.995,0.995,225,17,"coherent_weak","none",FALSE,NA,NA
"set06",0.150715027254012,0.234234003168931,0.0966994138220985,-0.863696816906999,999,0.856,0.933818181818182,225,17,"coherent_weak","none",FALSE,NA,NA
"set07",0.096432046503029,0.158150888684286,0.119401361689945,-0.516902330992883,999,0.737,0.933818181818182,225,17,"coherent_weak","none",FALSE,NA,NA
"set08",0.1011024610343,0.170915622352622,0.107539062400497,-0.6491888599356,999,0.789,0.933818181818182,225,17,"coherent_weak","none",FALSE,NA,NA
"set09",0.272587845018021,0.237147688423409,0.095665842725434,0.37045778916438,999,0.367,0.734,225,17,"coherent_weak","none",FALSE,NA,NA
"set10",0.319170423561574,0.171352968786547,0.11713669431883,1.26192271033949,999,0.175,0.42,225,17,"coherent_weak","none",FALSE,NA,NA
"set11",0.113437177999898,0.177518926625963,0.108343827375742,-0.591466539241102,999,0.75,0.933818181818182,225,17,"coherent_weak","none",FALSE,NA,NA
"set12",0.377593184436401,0.237322491530677,0.0997415583150818,1.40634150173002,999,0.152,0.42,225,17,"coherent_weak","none",FALSE,NA,NA
"set01",0.745310677934833,0.125377027509972,0.108691062731925,5.70363040753279,999,0.001,0.004,225,17,"coherent_weak","libsize",TRUE,0.00494308007397548,0.00494308007397548
"set02",0.789605596513283,0.208430797799879,0.117301942759917,4.95451980623119,999,0.001,0.004,225,17,"coherent_weak","libsize",TRUE,2.8635408175437e-05,2.8635408175437e-05
"set03",0.840105376203282,0.265535850501363,0.0897686902109144,6.40055596613863,999,0.001,0.004,225,17,"coherent_weak","libsize",TRUE,0.0345983725107398,0.0345983725107398
"set04",0.0430970565742223,0.111752358159756,0.0920872332134191,-0.745546360660224,999,0.827,0.938181818181818,225,17,"coherent_weak","libsize",FALSE,NA,NA
"set05",0.036104809402519,0.194742876463556,0.105636990523878,-1.5017283839147,999,0.992,0.992,225,17,"coherent_weak","libsize",FALSE,NA,NA
"set06",0.17362565637629,0.257607741407244,0.0966834040965827,-0.868629790352226,999,0.86,0.938181818181818,225,17,"coherent_weak","libsize",FALSE,NA,NA
"set07",0.104547236612441,0.161845864610665,0.117829082229534,-0.48628595686254,999,0.718,0.938181818181818,225,17,"coherent_weak","libsize",FALSE,NA,NA
"set08",0.121966832893795,0.17973540795065,0.104418252719846,-0.553242115742432,999,0.741,0.938181818181818,225,17,"coherent_weak","libsize",FALSE,NA,NA
"set09",0.292690921330075,0.261851813611737,0.0932490732892227,0.330717578529567,999,0.38,0.76,225,17,"coherent_weak","libsize",FALSE,NA,NA
"set10",0.322153694065797,0.175238911610102,0.117036690705618,1.25528824824028,999,0.172,0.4128,225,17,"coherent_weak","libsize",FALSE,NA,NA
"set11",0.119847407806267,0.187266945209749,0.107072930949913,-0.629659959855021,999,0.767,0.938181818181818,225,17,"coherent_weak","libsize",FALSE,NA,NA
"set12",0.423012960221296,0.258060541991401,0.0969809326506597,1.70087473611002,999,0.117,0.351,225,17,"coherent_weak","libsize",FALSE,NA,NA
"set01",0.693472927438668,0.0444205613583456,0.0484825532750462,13.3873387896505,999,0.001,0.004,225,17,"coherent_weak","pcs1",TRUE,0.115987139781058,0.00494308007397548
"set02",0.789430530032855,0.112613098906027,0.049857840107591,13.5749448765989,999,0.001,0.004,225,17,"coherent_weak","pcs1",TRUE,0.00224945036956525,2.8635408175437e-05
"set03",0.829002606818674,0.197920793900015,0.0529001960411128,11.9296686996811,999,0.001,0.004,225,17,"coherent_weak","pcs1",TRUE,0.279257868445724,0.0345983725107398
"set04",-0.0163295501104883,0.0367719311347818,0.0452591228385179,-1.17327685370159,999,0.885,0.969,225,17,"coherent_weak","pcs1",FALSE,NA,NA
"set05",0.0163310218709938,0.114742568709426,0.056018340393125,-1.75677369496848,999,0.969,0.969,225,17,"coherent_weak","pcs1",FALSE,NA,NA
"set06",0.0880446867155136,0.187594477984642,0.0596491721877948,-1.66892158965281,999,0.956,0.969,225,17,"coherent_weak","pcs1",FALSE,NA,NA
"set07",0.030898110952633,0.0771003139257506,0.0513051012158907,-0.900538189734777,999,0.824,0.969,225,17,"coherent_weak","pcs1",FALSE,NA,NA
"set08",0.0891709685132629,0.09632803118529,0.0529240192115707,-0.135232788035538,999,0.559,0.969,225,17,"coherent_weak","pcs1",FALSE,NA,NA
"set09",0.155441252147911,0.190199852916379,0.0550792570503383,-0.631065170989904,999,0.734,0.969,225,17,"coherent_weak","pcs1",FALSE,NA,NA
"set10",0.0358788651185626,0.0788808315506703,0.0511994289139485,-0.839891525047703,999,0.823,0.969,225,17,"coherent_weak","pcs1",FALSE,NA,NA
"set11",0.102195862206508,0.103333200872918,0.0534308620635685,-0.021286174740287,999,0.509,0.969,225,17,"coherent_weak","pcs1",FALSE,NA,NA
"set12",0.246477964836173,0.18371872883912,0.0562060753206078,1.11659167872984,999,0.127,0.381,225,17,"coherent_weak","pcs1",FALSE,NA,NA
"set01",0.644224706025087,-0.0124175937705623,0.0361966841981821,18.1409517015547,999,0.001,0.004,225,17,"coherent_weak","pcs3",TRUE,0.274277040495188,0.00494308007397548
"set02",0.609415276489912,-0.00399405281987432,0.0367581340230805,16.6877167628973,999,0.001,0.004,225,17,"coherent_weak","pcs3",TRUE,0.573170734327052,2.8635408175437e-05
"set03",0.617041430996356,-0.00215844606413421,0.0371085880865978,16.6861610475587,999,0.001,0.004,225,17,"coherent_weak","pcs3",TRUE,0.844475877273717,0.0345983725107398
"set04",-0.032524489126033,-0.0127189311150401,0.0346117431457467,-0.572220761248388,999,0.704,0.819,225,17,"coherent_weak","pcs3",FALSE,NA,NA
"set05",-0.0210122442539783,-0.0054775411180765,0.0395918658201872,-0.392371079616584,999,0.655,0.819,225,17,"coherent_weak","pcs3",FALSE,NA,NA
"set06",-0.0329321947045433,0.000882848345012647,0.0400656334905245,-0.843991223988837,999,0.819,0.819,225,17,"coherent_weak","pcs3",FALSE,NA,NA
"set07",-0.0370076968886606,-0.00627590118633905,0.0386520306059317,-0.79508877594662,999,0.794,0.819,225,17,"coherent_weak","pcs3",FALSE,NA,NA
"set08",-0.0215650898191415,-0.00405424445272762,0.0363446201186826,-0.481800203420273,999,0.685,0.819,225,17,"coherent_weak","pcs3",FALSE,NA,NA
"set09",-0.0177010237070633,0.00762999215671724,0.0407855309967896,-0.621078486529315,999,0.729,0.819,225,17,"coherent_weak","pcs3",FALSE,NA,NA
"set10",0.00034113613949764,-0.00438016613240006,0.0369276269839677,0.127852847786495,999,0.442,0.819,225,17,"coherent_weak","pcs3",FALSE,NA,NA
"set11",0.0486206298866974,-0.00607301110635087,0.0371013950094067,1.47416669856164,999,0.081,0.243,225,17,"coherent_weak","pcs3",FALSE,NA,NA
"set12",-0.0111967009532985,0.0039254097804509,0.0380946312988128,-0.396961729728584,999,0.657,0.819,225,17,"coherent_weak","pcs3",FALSE,NA,NA
"set01",0.398358774556905,-0.0179641543684411,0.0341320820403378,12.1974079528266,999,0.001,0.004,225,17,"coherent_weak","pcs10",TRUE,0.538549762784206,0.00494308007397548
"set02",0.300563866539675,-0.0182104658907409,0.033296683365829,9.57375630864064,999,0.001,0.004,225,17,"coherent_weak","pcs10",TRUE,0.750757996223009,2.8635408175437e-05
"set03",0.261899524390302,-0.015968982459203,0.0342950764501384,8.10228568096352,999,0.001,0.004,225,17,"coherent_weak","pcs10",TRUE,0.88693236944364,0.0345983725107398
"set04",-0.0410781431558783,-0.0189767036652093,0.0346089030394629,-0.638605605773399,999,0.735,0.831272727272727,225,17,"coherent_weak","pcs10",FALSE,NA,NA
"set05",-0.0324617640122745,-0.0173116300880152,0.0378361560655435,-0.400414193714994,999,0.654,0.831272727272727,225,17,"coherent_weak","pcs10",FALSE,NA,NA
"set06",-0.0531922790485493,-0.0179669827844964,0.0368766287447883,-0.955220080117309,999,0.85,0.85,225,17,"coherent_weak","pcs10",FALSE,NA,NA
"set07",-0.0342963695586483,-0.0161288452334538,0.035270387438972,-0.515092848260586,999,0.705,0.831272727272727,225,17,"coherent_weak","pcs10",FALSE,NA,NA
"set08",-0.0385051196373348,-0.0136180042163778,0.0364996704553858,-0.681844934774876,999,0.743,0.831272727272727,225,17,"coherent_weak","pcs10",FALSE,NA,NA
"set09",-0.0365182194306434,-0.0136502218865687,0.033176135050413,-0.689290585215108,999,0.762,0.831272727272727,225,17,"coherent_weak","pcs10",FALSE,NA,NA
"set10",0.00636031503079706,-0.0178398027186994,0.033377372901131,0.725045611623809,999,0.247,0.5928,225,17,"coherent_weak","pcs10",FALSE,NA,NA
"set11",0.0279132309770191,-0.017208796217013,0.0358951266660749,1.25705162190381,999,0.107,0.321,225,17,"coherent_weak","pcs10",FALSE,NA,NA
"set12",-0.0314370092442191,-0.0133100302892713,0.0353252106454265,-0.513145671993175,999,0.715,0.831272727272727,225,17,"coherent_weak","pcs10",FALSE,NA,NA
"set01",0.868271438746636,0.183127086666027,0.110048868207073,6.22581915873418,999,0.001,0.004,225,17,"coherent_strong","none",TRUE,1.11022302462516e-16,0.00149001505696156
"set02",0.867321862429962,0.288422048977879,0.106249820911943,5.44847801608868,999,0.001,0.004,225,17,"coherent_strong","none",TRUE,0,0.0281888276347635
"set03",0.908657011568958,0.411133845833214,0.0833502549899073,5.96906591102795,999,0.001,0.004,225,17,"coherent_strong","none",TRUE,0,0.157216965143536
"set04",0.0965665695114355,0.15537072330171,0.106868539733139,-0.550247565252731,999,0.74,0.807272727272727,225,17,"coherent_strong","none",FALSE,NA,NA
"set05",0.245773527500995,0.256976592762593,0.108093216680987,-0.103642629996491,999,0.545,0.726,225,17,"coherent_strong","none",FALSE,NA,NA
"set06",0.403005141147758,0.325212743536109,0.102134840760147,0.761663669641757,999,0.241,0.4665,225,17,"coherent_strong","none",FALSE,NA,NA
"set07",0.119372441456399,0.224244108637905,0.126711157761637,-0.827643508543944,999,0.845,0.845,225,17,"coherent_strong","none",FALSE,NA,NA
"set08",0.310769984191405,0.242777231330737,0.101404591724846,0.670509606164194,999,0.281,0.4665,225,17,"coherent_strong","none",FALSE,NA,NA
"set09",0.430528386887337,0.344615456275811,0.0975265467983092,0.880918410750247,999,0.212,0.4665,225,17,"coherent_strong","none",FALSE,NA,NA
"set10",0.302821858452845,0.231019849152052,0.119722018695532,0.599739380300581,999,0.311,0.4665,225,17,"coherent_strong","none",FALSE,NA,NA
"set11",0.220305482162709,0.244832397535349,0.109960368652607,-0.22305232033303,999,0.605,0.726,225,17,"coherent_strong","none",FALSE,NA,NA
"set12",0.52986769158775,0.331450917432603,0.10539057739942,1.88268039753845,999,0.06,0.18,225,17,"coherent_strong","none",FALSE,NA,NA
"set01",0.864124480861776,0.165437023103967,0.106495171420419,6.56074306880589,999,0.001,0.004,225,17,"coherent_strong","libsize",TRUE,0.00149001505696156,0.00149001505696156
"set02",0.854700459956887,0.248635841112921,0.0963583054201854,6.28969777126245,999,0.001,0.004,225,17,"coherent_strong","libsize",TRUE,0.0281888276347635,0.0281888276347635
"set03",0.805547981665781,0.350149658783129,0.0705806036055569,6.4521738214038,999,0.001,0.004,225,17,"coherent_strong","libsize",TRUE,0.157216965143536,0.157216965143536
"set04",0.0817040837013626,0.147887356222647,0.102642151057886,-0.644796234677107,999,0.777,0.847636363636364,225,17,"coherent_strong","libsize",FALSE,NA,NA
"set05",0.219389035256239,0.228333994770437,0.100970114540265,-0.0885901690309636,999,0.529,0.6348,225,17,"coherent_strong","libsize",FALSE,NA,NA
"set06",0.339195509696965,0.294275332170283,0.0880996898231169,0.509878952092466,999,0.32,0.548571428571429,225,17,"coherent_strong","libsize",FALSE,NA,NA
"set07",0.0827137328079337,0.196447445997902,0.117135393317326,-0.970959416867771,999,0.909,0.909,225,17,"coherent_strong","libsize",FALSE,NA,NA
"set08",0.24109542946176,0.219345842537702,0.0942807987002169,0.23068946406802,999,0.419,0.6285,225,17,"coherent_strong","libsize",FALSE,NA,NA
"set09",0.410094864728067,0.305472133541182,0.0844673697259294,1.2386171314006,999,0.156,0.3744,225,17,"coherent_strong","libsize",FALSE,NA,NA
"set10",0.298221100364296,0.206819085016743,0.111458431598983,0.820054741810917,999,0.269,0.538,225,17,"coherent_strong","libsize",FALSE,NA,NA
"set11",0.2130384115073,0.218388911283942,0.0923166203014354,-0.0579581418727309,999,0.524,0.6348,225,17,"coherent_strong","libsize",FALSE,NA,NA
"set12",0.439901521402687,0.298012503864649,0.0877825598660636,1.61636910286654,999,0.107,0.321,225,17,"coherent_strong","libsize",FALSE,NA,NA
"set01",0.859346837303091,0.0837278693866047,0.0504281160041893,15.3806850101648,999,0.001,0.004,225,17,"coherent_strong","pcs1",TRUE,0.135040223087437,0.00149001505696156
"set02",0.853577071617256,0.179266383869916,0.0625896783259203,10.773512594777,999,0.001,0.004,225,17,"coherent_strong","pcs1",TRUE,0.0327368119086549,0.0281888276347635
"set03",0.82123066593618,0.300577416533697,0.0439985928190577,11.8334068442517,999,0.001,0.004,225,17,"coherent_strong","pcs1",TRUE,0.398967706216098,0.157216965143536
"set04",0.0501571294689093,0.0719213265199702,0.0505671733037713,-0.43040169400645,999,0.678,0.722,225,17,"coherent_strong","pcs1",FALSE,NA,NA
"set05",0.232612523905406,0.154118905802683,0.0606056905562965,1.29515260666506,999,0.112,0.214285714285714,225,17,"coherent_strong","pcs1",FALSE,NA,NA
"set06",0.330041676667465,0.235412665603263,0.0611614905537521,1.54719922957138,999,0.057,0.171,225,17,"coherent_strong","pcs1",FALSE,NA,NA
"set07",0.0814186013179634,0.114510079549804,0.0581419680316083,-0.569149606594859,999,0.722,0.722,225,17,"coherent_strong","pcs1",FALSE,NA,NA
"set08",0.178585980655293,0.150637886746485,0.0574150981585462,0.48677255295518,999,0.318,0.424,225,17,"coherent_strong","pcs1",FALSE,NA,NA
"set09",0.317382033451321,0.241027129996775,0.059419117756254,1.28502250349399,999,0.105,0.214285714285714,225,17,"coherent_strong","pcs1",FALSE,NA,NA
"set10",0.118982589588534,0.119791309244234,0.0583127603362331,-0.0138686567234456,999,0.505,0.606,225,17,"coherent_strong","pcs1",FALSE,NA,NA
"set11",0.2139515505803,0.14907368980948,0.057255513082748,1.13312862426114,999,0.125,0.214285714285714,225,17,"coherent_strong","pcs1",FALSE,NA,NA
"set12",0.293765858348613,0.233997772489581,0.0615629394018316,0.970845226686072,999,0.147,0.2205,225,17,"coherent_strong","pcs1",FALSE,NA,NA
"set01",0.784479478671865,0.0304927748695175,0.0446925408047596,16.8705267193502,999,0.001,0.004,225,17,"coherent_strong","pcs3",TRUE,0.540519281706453,0.00149001505696156
"set02",0.711669643167733,0.0977641272709643,0.0491373780156387,12.4936563709481,999,0.001,0.004,225,17,"coherent_strong","pcs3",TRUE,0.92108279798273,0.0281888276347635
"set03",0.793022264975053,0.158478973788867,0.0500222040107339,12.6852325629239,999,0.001,0.004,225,17,"coherent_strong","pcs3",TRUE,0.967647395152912,0.157216965143536
"set04",-0.0136629311833988,0.0241778010392851,0.0447993140028516,-0.844672135387503,999,0.786,0.909,225,17,"coherent_strong","pcs3",FALSE,NA,NA
"set05",0.10611944943135,0.0855764922814125,0.051852488341191,0.396180738998752,999,0.351,0.909,225,17,"coherent_strong","pcs3",FALSE,NA,NA
"set06",0.124717094433509,0.1578875893155,0.0518830846780814,-0.639331587314123,999,0.733,0.909,225,17,"coherent_strong","pcs3",FALSE,NA,NA
"set07",0.00591593411732874,0.0559046588166277,0.0458890650542609,-1.08933848707073,999,0.869,0.909,225,17,"coherent_strong","pcs3",FALSE,NA,NA
"set08",0.0904893911960899,0.0776090532923857,0.047923035141963,0.268771330228744,999,0.401,0.909,225,17,"coherent_strong","pcs3",FALSE,NA,NA
"set09",0.167330570011939,0.161226475452485,0.0567592479707543,0.10754361232197,999,0.463,0.909,225,17,"coherent_strong","pcs3",FALSE,NA,NA
"set10",0.00568852015544975,0.0591948482972647,0.0503196049686817,-1.06332965402087,999,0.871,0.909,225,17,"coherent_strong","pcs3",FALSE,NA,NA
"set11",0.0195652091617358,0.0810164352155442,0.0509696792836221,-1.20564278444566,999,0.909,0.909,225,17,"coherent_strong","pcs3",FALSE,NA,NA
"set12",0.145819917772551,0.159582559717985,0.0557197417162963,-0.246997590468173,999,0.612,0.909,225,17,"coherent_strong","pcs3",FALSE,NA,NA
"set01",-0.0158753566316249,-0.0249502960141904,0.0347076143766457,0.261468255469378,999,0.402,0.691,225,17,"coherent_strong","pcs10",TRUE,0.942009013989472,0.00149001505696156
"set02",-0.0117681496795926,-0.0210892590580975,0.0350289951698007,0.266096967193077,999,0.393,0.691,225,17,"coherent_strong","pcs10",TRUE,0.969768203420347,0.0281888276347635
"set03",0.0713436132623608,-0.0220905485093468,0.0341732921812877,2.73412819801041,999,0.009,0.108,225,17,"coherent_strong","pcs10",TRUE,0.985612537714737,0.157216965143536
"set04",-0.0272040120109913,-0.0221741335402258,0.0360511464811854,-0.139520624493607,999,0.558,0.691,225,17,"coherent_strong","pcs10",FALSE,NA,NA
"set05",0.00403805148986683,-0.0209926136209515,0.0352381466928417,0.710328648353775,999,0.232,0.691,225,17,"coherent_strong","pcs10",FALSE,NA,NA
"set06",-0.017478556534982,-0.0202335096932341,0.0352669028536864,0.078117241246891,999,0.466,0.691,225,17,"coherent_strong","pcs10",FALSE,NA,NA
"set07",-0.0337335815813143,-0.0205646923414163,0.0349116600637558,-0.377206045654917,999,0.659,0.691,225,17,"coherent_strong","pcs10",FALSE,NA,NA
"set08",-0.020160191543793,-0.0209250519101417,0.0354704662227354,0.0215633017492849,999,0.49,0.691,225,17,"coherent_strong","pcs10",FALSE,NA,NA
"set09",0.0182787327683951,-0.0249302833956493,0.0344809055021466,1.25312881244822,999,0.127,0.691,225,17,"coherent_strong","pcs10",FALSE,NA,NA
"set10",-0.00966008953352854,-0.0234351520608733,0.0335277245336664,0.410855872831834,999,0.346,0.691,225,17,"coherent_strong","pcs10",FALSE,NA,NA
"set11",-0.0302963126635929,-0.0222574969571729,0.0352673950908156,-0.227939026563194,999,0.589,0.691,225,17,"coherent_strong","pcs10",FALSE,NA,NA
"set12",-0.0391088812564925,-0.022860516517791,0.0365350610798496,-0.444733476787949,999,0.691,0.691,225,17,"coherent_strong","pcs10",FALSE,NA,NA
"set01",0.721296754325936,0.115412939788275,0.102358881253556,5.91921098704475,999,0.001,0.004,225,18,"coherent_weak","none",TRUE,0,0.0316790281525111
"set02",0.796068386842834,0.167787884753571,0.107978362208279,5.81857780799985,999,0.001,0.004,225,18,"coherent_weak","none",TRUE,0,0.00550303392872231
"set03",0.84651435219091,0.270799816141874,0.0975402297036859,5.90232909844461,999,0.001,0.004,225,18,"coherent_weak","none",TRUE,0,0.0267045774010999
"set04",0.0181140502476113,0.17742598009357,0.126054225323352,-1.26383649129805,999,0.977,0.977,225,18,"coherent_weak","none",FALSE,NA,NA
"set05",0.328338945769666,0.205527301445781,0.114260172341027,1.07484210646326,999,0.205,0.3075,225,18,"coherent_weak","none",FALSE,NA,NA
"set06",0.453854824590265,0.204245372010619,0.0971451585423593,2.56944819819102,999,0.052,0.1248,225,18,"coherent_weak","none",FALSE,NA,NA
"set07",0.678200179339427,0.185819800681929,0.126828116720948,3.88226515844948,999,0.008,0.024,225,18,"coherent_weak","none",FALSE,NA,NA
"set08",0.13907983267275,0.189944477559718,0.108427056367624,-0.469113951729084,999,0.707,0.8484,225,18,"coherent_weak","none",FALSE,NA,NA
"set09",0.128314671777586,0.244521422656825,0.0917002485509301,-1.26724575686071,999,0.949,0.977,225,18,"coherent_weak","none",FALSE,NA,NA
"set10",0.234513341136655,0.14279381036837,0.121937400671141,0.752185385808313,999,0.278,0.370666666666667,225,18,"coherent_weak","none",FALSE,NA,NA
"set11",0.354261634789777,0.217556764864325,0.118881654421209,1.14992401974062,999,0.189,0.3075,225,18,"coherent_weak","none",FALSE,NA,NA
"set12",0.389459372984065,0.232750884632173,0.0939234286484146,1.6684706958314,999,0.126,0.252,225,18,"coherent_weak","none",FALSE,NA,NA
"set01",0.70397573241698,0.122616179218132,0.101833541158441,5.70892013167173,999,0.001,0.004,225,18,"coherent_weak","libsize",TRUE,0.0316790281525111,0.0316790281525111
"set02",0.793817638016974,0.181629849582114,0.106471144074119,5.74980003979945,999,0.001,0.004,225,18,"coherent_weak","libsize",TRUE,0.00550303392872231,0.00550303392872231
"set03",0.843681075139032,0.29161105336202,0.0901030778476293,6.12709393468891,999,0.001,0.004,225,18,"coherent_weak","libsize",TRUE,0.0267045774010999,0.0267045774010999
"set04",0.0129751844327356,0.178323258291967,0.123418464073705,-1.33973530703223,999,0.984,0.984,225,18,"coherent_weak","libsize",FALSE,NA,NA
"set05",0.33042144201917,0.218140503363871,0.113069755861203,0.993023623338564,999,0.214,0.333,225,18,"coherent_weak","libsize",FALSE,NA,NA
"set06",0.450760892968846,0.233477941866841,0.0964349125616337,2.25315651075159,999,0.069,0.1656,225,18,"coherent_weak","libsize",FALSE,NA,NA
"set07",0.669485868916706,0.185954647297572,0.125669998052057,3.84762655458018,999,0.008,0.024,225,18,"coherent_weak","libsize",FALSE,NA,NA
"set08",0.146723932805754,0.205466478323353,0.108400456603423,-0.541903118844836,999,0.732,0.8784,225,18,"coherent_weak","libsize",FALSE,NA,NA
"set09",0.165945779574708,0.272461322075844,0.0898909244795607,-1.18494211866021,999,0.942,0.984,225,18,"coherent_weak","libsize",FALSE,NA,NA
"set10",0.250842505631245,0.147570270522359,0.118496708936425,0.87151985937679,999,0.262,0.349333333333333,225,18,"coherent_weak","libsize",FALSE,NA,NA
"set11",0.339182335664718,0.226462721772364,0.114273488533858,0.986402142251539,999,0.222,0.333,225,18,"coherent_weak","libsize",FALSE,NA,NA
"set12",0.397763927055847,0.259898002467706,0.0905919796465386,1.52183366702053,999,0.146,0.292,225,18,"coherent_weak","libsize",FALSE,NA,NA
"set01",0.654622305235037,0.0408981771215473,0.0459822703222717,13.3469731662255,999,0.001,0.004,225,18,"coherent_weak","pcs1",TRUE,0.138874505726836,0.0316790281525111
"set02",0.794105895523078,0.105718727712297,0.0508405551553942,13.5401190192893,999,0.001,0.004,225,18,"coherent_weak","pcs1",TRUE,0.00829680575221459,0.00550303392872231
"set03",0.818901525205795,0.22457934929988,0.0519992481097244,11.4294378767136,999,0.001,0.004,225,18,"coherent_weak","pcs1",TRUE,0.267534955362767,0.0267045774010999
"set04",0.0156986875137292,0.0791864403675731,0.0490641881910437,-1.29397336824648,999,0.918,0.969,225,18,"coherent_weak","pcs1",FALSE,NA,NA
"set05",0.223516895915789,0.130224575075298,0.0524368255563632,1.7791374639987,999,0.048,0.144,225,18,"coherent_weak","pcs1",FALSE,NA,NA
"set06",0.229242941956928,0.161041795661548,0.0543653246948851,1.25449717587718,999,0.114,0.2736,225,18,"coherent_weak","pcs1",FALSE,NA,NA
"set07",0.00777347971831163,0.0892620655666142,0.0467781884540019,-1.74202098331431,999,0.969,0.969,225,18,"coherent_weak","pcs1",FALSE,NA,NA
"set08",0.135796338668102,0.119961561619431,0.0493685070310329,0.320746524473938,999,0.396,0.594,225,18,"coherent_weak","pcs1",FALSE,NA,NA
"set09",0.10576843252195,0.202710832163613,0.0498834687714694,-1.9433772756619,999,0.966,0.969,225,18,"coherent_weak","pcs1",FALSE,NA,NA
"set10",-0.0188883865790204,0.0550126175352299,0.0491486369004073,-1.50362265924079,999,0.948,0.969,225,18,"coherent_weak","pcs1",FALSE,NA,NA
"set11",0.169360436729742,0.134687758753705,0.0541251760212499,0.640601666818122,999,0.264,0.452571428571429,225,18,"coherent_weak","pcs1",FALSE,NA,NA
"set12",0.229232733727336,0.195437956227676,0.0526318372881422,0.642097620773609,999,0.254,0.452571428571429,225,18,"coherent_weak","pcs1",FALSE,NA,NA
"set01",0.61916643337368,-0.00984319341359632,0.0350072247038863,17.9679946670393,999,0.001,0.004,225,18,"coherent_weak","pcs3",TRUE,0.287558424193523,0.0316790281525111
"set02",0.66484976102041,0.00696306272967246,0.0383358839576149,17.1611198275254,999,0.001,0.004,225,18,"coherent_weak","pcs3",TRUE,0.539397859002231,0.00550303392872231
"set03",0.489383902409798,0.0121366623851401,0.0405492752105075,11.7695627738616,999,0.001,0.004,225,18,"coherent_weak","pcs3",TRUE,0.861063086085681,0.0267045774010999
"set04",-0.0144066704467771,-0.00213984705651413,0.0357039519879245,-0.343570465096183,999,0.652,0.978,225,18,"coherent_weak","pcs3",FALSE,NA,NA
"set05",0.0748121869450474,0.00247435795394767,0.0380199602270388,1.90262768711828,999,0.043,0.1272,225,18,"coherent_weak","pcs3",FALSE,NA,NA
"set06",-0.0155205851654602,0.00733732061235071,0.0411258752099468,-0.555803509618257,999,0.736,0.981333333333333,225,18,"coherent_weak","pcs3",FALSE,NA,NA
"set07",-0.0514454994355432,-0.000384078103484745,0.0357202228434785,-1.42948216073016,999,0.928,0.997,225,18,"coherent_weak","pcs3",FALSE,NA,NA
"set08",0.0110618562057593,0.00416158102146632,0.0418921593400712,0.164715194752271,999,0.44,0.754285714285714,225,18,"coherent_weak","pcs3",FALSE,NA,NA
"set09",-0.0358437127723414,0.0177122003288322,0.0427170247999043,-1.25373696674899,999,0.911,0.997,225,18,"coherent_weak","pcs3",FALSE,NA,NA
"set10",-0.0987261182651865,-0.00791058831112993,0.0360111032482876,-2.52187580391265,999,0.997,0.997,225,18,"coherent_weak","pcs3",FALSE,NA,NA
"set11",0.0650880653338513,0.00699144351889666,0.0404988267614099,1.43452604583383,999,0.097,0.194,225,18,"coherent_weak","pcs3",FALSE,NA,NA
"set12",0.0839198129590568,0.0149029080401435,0.0408823021410018,1.68818538351574,999,0.053,0.1272,225,18,"coherent_weak","pcs3",FALSE,NA,NA
"set01",0.413456340567369,-0.0176928966521537,0.0353898156684184,12.1828619074803,999,0.001,0.004,225,18,"coherent_weak","pcs10",TRUE,0.510148038935119,0.0316790281525111
"set02",0.294630671823792,-0.0160129541987424,0.0342020325359464,9.08260717242603,999,0.001,0.004,225,18,"coherent_weak","pcs10",TRUE,0.759855637687119,0.00550303392872231
"set03",0.206928692873396,-0.0141410023750677,0.0335898561122308,6.5814421624738,999,0.001,0.004,225,18,"coherent_weak","pcs10",TRUE,0.890525596685803,0.0267045774010999
"set04",-0.0257188150740022,-0.0130607844494198,0.0336457031424332,-0.37621536904718,999,0.649,0.982909090909091,225,18,"coherent_weak","pcs10",FALSE,NA,NA
"set05",0.0195302187917131,-0.0132360933788234,0.034233788533301,0.957133685004305,999,0.174,0.348,225,18,"coherent_weak","pcs10",FALSE,NA,NA
"set06",-0.0511518890406364,-0.0121370012082411,0.0349911449650443,-1.11499317531252,999,0.88,0.982909090909091,225,18,"coherent_weak","pcs10",FALSE,NA,NA
"set07",-0.0446270535827251,-0.0128421839104043,0.0347870357929272,-0.913698708378687,999,0.825,0.982909090909091,225,18,"coherent_weak","pcs10",FALSE,NA,NA
"set08",-0.0513134208254684,-0.015742019917862,0.0335988843412982,-1.05870779952903,999,0.873,0.982909090909091,225,18,"coherent_weak","pcs10",FALSE,NA,NA
"set09",-0.0562887686531057,-0.010654181157827,0.0359100953063763,-1.27080106877844,999,0.901,0.982909090909091,225,18,"coherent_weak","pcs10",FALSE,NA,NA
"set10",-0.0905829762099732,-0.0160462542645185,0.0377735192418114,-1.97325331188497,999,0.989,0.989,225,18,"coherent_weak","pcs10",FALSE,NA,NA
"set11",0.0409075516746683,-0.0111913035400224,0.0365030889844576,1.42724510895156,999,0.082,0.2304,225,18,"coherent_weak","pcs10",FALSE,NA,NA
"set12",0.0341429998552194,-0.0127054371245563,0.0368857476695245,1.27009590261017,999,0.096,0.2304,225,18,"coherent_weak","pcs10",FALSE,NA,NA
"set01",0.889996690021823,0.150056547472672,0.106690022898034,6.93542022440398,999,0.001,0.003,225,18,"coherent_strong","none",TRUE,0,0.0236204851502759
"set02",0.860050580609286,0.243586491273055,0.104406708538347,5.90444903365395,999,0.001,0.003,225,18,"coherent_strong","none",TRUE,0,0.00978921609010608
"set03",0.89865988579114,0.407448741256748,0.0720022174625741,6.82216689770308,999,0.001,0.003,225,18,"coherent_strong","none",TRUE,0,0.155699901292004
"set04",0.12235444818373,0.242762736433056,0.126018071585657,-0.955484294706738,999,0.874,0.874,225,18,"coherent_strong","none",FALSE,NA,NA
"set05",0.191608707022966,0.265620605564105,0.103947816757249,-0.712010130178876,999,0.795,0.867272727272727,225,18,"coherent_strong","none",FALSE,NA,NA
"set06",0.551984455617444,0.29628675559034,0.102840403813756,2.48635449244417,999,0.017,0.0408,225,18,"coherent_strong","none",FALSE,NA,NA
"set07",0.756517296314814,0.256608801394271,0.121937979582971,4.09969475162895,999,0.001,0.003,225,18,"coherent_strong","none",FALSE,NA,NA
"set08",0.325037618831622,0.259581998027129,0.115413524994218,0.567139950086195,999,0.305,0.366,225,18,"coherent_strong","none",FALSE,NA,NA
"set09",0.471680214060435,0.311331533315267,0.100750676001265,1.59153950235682,999,0.096,0.192,225,18,"coherent_strong","none",FALSE,NA,NA
"set10",0.356272023206876,0.187037688083642,0.118404140544419,1.4292940630716,999,0.152,0.228,225,18,"coherent_strong","none",FALSE,NA,NA
"set11",0.385368323263534,0.283037806129641,0.115158644771215,0.888604735990014,999,0.22,0.293333333333333,225,18,"coherent_strong","none",FALSE,NA,NA
"set12",0.449989358770547,0.318668581213345,0.0889271983670641,1.47672230733224,999,0.121,0.207428571428571,225,18,"coherent_strong","none",FALSE,NA,NA
"set01",0.86545861321258,0.142498733455655,0.102107129139228,7.08040550989479,999,0.001,0.004,225,18,"coherent_strong","libsize",TRUE,0.0236204851502759,0.0236204851502759
"set02",0.858682537115209,0.224107016165738,0.0995866843332636,6.3720920642953,999,0.001,0.004,225,18,"coherent_strong","libsize",TRUE,0.00978921609010608,0.00978921609010608
"set03",0.793693526591725,0.350378832062194,0.063560558967934,6.97468212564305,999,0.001,0.004,225,18,"coherent_strong","libsize",TRUE,0.155699901292004,0.155699901292004
"set04",0.0843186705920974,0.213104484379713,0.120261745095107,-1.07087930318795,999,0.932,0.932,225,18,"coherent_strong","libsize",FALSE,NA,NA
"set05",0.200001495209535,0.240413807585127,0.094058816283825,-0.429649382931279,999,0.703,0.766909090909091,225,18,"coherent_strong","libsize",FALSE,NA,NA
"set06",0.479899838412903,0.283222548661053,0.093430613812249,2.10506258844748,999,0.047,0.1128,225,18,"coherent_strong","libsize",FALSE,NA,NA
"set07",0.71144896164313,0.222997892679358,0.113315475366349,4.31054158652742,999,0.003,0.009,225,18,"coherent_strong","libsize",FALSE,NA,NA
"set08",0.272745894467042,0.231802733236502,0.101394176409598,0.403801901453825,999,0.366,0.4392,225,18,"coherent_strong","libsize",FALSE,NA,NA
"set09",0.406716283035435,0.289301752614228,0.0888016829798435,1.3222106437764,999,0.138,0.231,225,18,"coherent_strong","libsize",FALSE,NA,NA
"set10",0.342021553624055,0.174901489058725,0.11174616368633,1.49553290289619,999,0.154,0.231,225,18,"coherent_strong","libsize",FALSE,NA,NA
"set11",0.300755576288791,0.256979967353199,0.101234238898332,0.432419005782765,999,0.322,0.429333333333333,225,18,"coherent_strong","libsize",FALSE,NA,NA
"set12",0.403076109413432,0.292202845328698,0.0793346036868994,1.39753977371973,999,0.141,0.231,225,18,"coherent_strong","libsize",FALSE,NA,NA
"set01",0.860596122540021,0.0673913966260458,0.0502506049762494,15.7849786343643,999,0.001,0.004,225,18,"coherent_strong","pcs1",TRUE,0.140454522382136,0.0236204851502759
"set02",0.8562928343482,0.151620080305016,0.057006849410184,12.3611945114318,999,0.001,0.004,225,18,"coherent_strong","pcs1",TRUE,0.0137184771938975,0.00978921609010608
"set03",0.806079151345117,0.30782066143887,0.0435176705899641,11.449567110358,999,0.001,0.004,225,18,"coherent_strong","pcs1",TRUE,0.399006632448888,0.155699901292004
"set04",0.0899299167178924,0.12088499384192,0.0583757574404049,-0.530272813258636,999,0.688,0.750545454545454,225,18,"coherent_strong","pcs1",FALSE,NA,NA
"set05",0.177894363503599,0.172483378829388,0.0561098068842801,0.0964356317491897,999,0.468,0.702,225,18,"coherent_strong","pcs1",FALSE,NA,NA
"set06",0.262419352184436,0.218959013249051,0.0615615261655931,0.705965911541593,999,0.24,0.411428571428571,225,18,"coherent_strong","pcs1",FALSE,NA,NA
"set07",0.0767493043742433,0.132707887257535,0.0555338050560212,-1.00764899554141,999,0.844,0.844,225,18,"coherent_strong","pcs1",FALSE,NA,NA
"set08",0.268926216102817,0.157261965659545,0.0572723608898181,1.94970573429117,999,0.027,0.0648,225,18,"coherent_strong","pcs1",FALSE,NA,NA
"set09",0.335595352174425,0.232318986986639,0.0559758297549103,1.84501713757492,999,0.039,0.078,225,18,"coherent_strong","pcs1",FALSE,NA,NA
"set10",0.203784139214307,0.0913072915028382,0.0604992486070556,1.85914453982741,999,0.021,0.063,225,18,"coherent_strong","pcs1",FALSE,NA,NA
"set11",0.156396312013112,0.184079911594329,0.0623962622011687,-0.443674005535206,999,0.672,0.750545454545454,225,18,"coherent_strong","pcs1",FALSE,NA,NA
"set12",0.233310950604663,0.241244826278409,0.0542853734806668,-0.146151258894276,999,0.564,0.750545454545454,225,18,"coherent_strong","pcs1",FALSE,NA,NA
"set01",0.80179458028584,0.0219445122784037,0.0430675409125724,18.1076061340614,999,0.001,0.004,225,18,"coherent_strong","pcs3",TRUE,0.468319175816515,0.0236204851502759
"set02",0.746312229906069,0.0790866988586033,0.0505354340979069,13.2031225803817,999,0.001,0.004,225,18,"coherent_strong","pcs3",TRUE,0.935073383499705,0.00978921609010608
"set03",0.751687590447288,0.161557736372403,0.0522354026953045,11.2975075068759,999,0.001,0.004,225,18,"coherent_strong","pcs3",TRUE,0.971281982416711,0.155699901292004
"set04",0.0485259551458647,0.0563346068177645,0.0471718398754185,-0.165536296496439,999,0.567,0.6804,225,18,"coherent_strong","pcs3",FALSE,NA,NA
"set05",0.04978693204259,0.0986475836644374,0.0474180930779376,-1.03042211211528,999,0.842,0.899,225,18,"coherent_strong","pcs3",FALSE,NA,NA
"set06",0.121938983992156,0.12258952246123,0.0506269298838419,-0.0128496527552827,999,0.508,0.677333333333333,225,18,"coherent_strong","pcs3",FALSE,NA,NA
"set07",0.0704324432270708,0.0707429276860242,0.0485938445330113,-0.00638937836545144,999,0.507,0.677333333333333,225,18,"coherent_strong","pcs3",FALSE,NA,NA
"set08",0.171074119874678,0.0904040215913634,0.0495865229701359,1.6268553117124,999,0.046,0.138,225,18,"coherent_strong","pcs3",FALSE,NA,NA
"set09",0.168975923093067,0.144366275507833,0.0506851840604989,0.485539276248065,999,0.333,0.666,225,18,"coherent_strong","pcs3",FALSE,NA,NA
"set10",0.0954339481232283,0.0341801237287386,0.0441736289699387,1.38666045382358,999,0.102,0.2448,225,18,"coherent_strong","pcs3",FALSE,NA,NA
"set11",0.0403538777819942,0.101844855620067,0.0531991916903024,-1.15586301002542,999,0.899,0.899,225,18,"coherent_strong","pcs3",FALSE,NA,NA
"set12",0.165604949770465,0.157611261069356,0.0531310192641837,0.15045238754714,999,0.437,0.677333333333333,225,18,"coherent_strong","pcs3",FALSE,NA,NA
"set01",-0.0544748896286272,-0.0226289445492514,0.0340720386605533,-0.934665089947942,999,0.848,0.930545454545454,225,18,"coherent_strong","pcs10",TRUE,0.940411328390075,0.0236204851502759
"set02",-0.0076179674486553,-0.0210531563576469,0.0353208999571542,0.380375044953245,999,0.357,0.637714285714286,225,18,"coherent_strong","pcs10",TRUE,0.96863889717618,0.00978921609010608
"set03",0.0424091717392217,-0.022080706506657,0.0334294602681058,1.92913309783248,999,0.027,0.324,225,18,"coherent_strong","pcs10",TRUE,0.987331624785592,0.155699901292004
"set04",-0.00501217135998889,-0.0252414905814392,0.0326787150806339,0.619036555492926,999,0.273,0.637714285714286,225,18,"coherent_strong","pcs10",FALSE,NA,NA
"set05",0.00505073159831854,-0.021580484405014,0.032896023292919,0.809557306249385,999,0.231,0.637714285714286,225,18,"coherent_strong","pcs10",FALSE,NA,NA
"set06",-0.0554213432188951,-0.0227973085516148,0.034088956859914,-0.957026488118904,999,0.853,0.930545454545454,225,18,"coherent_strong","pcs10",FALSE,NA,NA
"set07",-0.00169118583516064,-0.0245595189709111,0.0331306059139714,0.690247959700209,999,0.234,0.637714285714286,225,18,"coherent_strong","pcs10",FALSE,NA,NA
"set08",-0.022837919876331,-0.0239054547794831,0.0329839998969643,0.0323652348558952,999,0.493,0.7395,225,18,"coherent_strong","pcs10",FALSE,NA,NA
"set09",-0.0453157119911404,-0.0189755102115399,0.0348980562702605,-0.75477561201731,999,0.772,0.930545454545454,225,18,"coherent_strong","pcs10",FALSE,NA,NA
"set10",-0.0125199800206324,-0.0250982390114893,0.0345968389325374,0.363566712420865,999,0.372,0.637714285714286,225,18,"coherent_strong","pcs10",FALSE,NA,NA
"set11",-0.0881505890463844,-0.0230337994685388,0.0359104415509505,-1.81331074655421,999,0.978,0.978,225,18,"coherent_strong","pcs10",FALSE,NA,NA
"set12",0.0241827224735022,-0.0219099731945385,0.0320423791667914,1.43849167466975,999,0.09,0.54,225,18,"coherent_strong","pcs10",FALSE,NA,NA
"set01",0.714424796973973,0.145372970907563,0.118736448547445,4.79256229260578,999,0.002,0.008,225,19,"coherent_weak","none",TRUE,0,0.00132762276906806
"set02",0.782946410749753,0.178498628784375,0.10963715854959,5.51316533519954,999,0.001,0.006,225,19,"coherent_weak","none",TRUE,0,0.000270366133139355
"set03",0.849794926837526,0.312955357602068,0.106415001622159,5.04477339709661,999,0.001,0.006,225,19,"coherent_weak","none",TRUE,2.22044604925031e-16,0.0081649639694088
"set04",0.0870585035981225,0.156781156416654,0.126502678956641,-0.551155543847641,999,0.73,0.796363636363636,225,19,"coherent_weak","none",FALSE,NA,NA
"set05",0.197144603685519,0.19237484795701,0.119883712863365,0.0397865199082173,999,0.483,0.6216,225,19,"coherent_weak","none",FALSE,NA,NA
"set06",0.258021913230651,0.262215899155416,0.0959550568675976,-0.0437078155302634,999,0.518,0.6216,225,19,"coherent_weak","none",FALSE,NA,NA
"set07",0.196995322601931,0.163853378799935,0.129800661721195,0.255329544260593,999,0.404,0.6216,225,19,"coherent_weak","none",FALSE,NA,NA
"set08",0.381676422692904,0.222532149776076,0.117272299498287,1.35704913775611,999,0.166,0.42,225,19,"coherent_weak","none",FALSE,NA,NA
"set09",0.176269826007915,0.264020970083578,0.0867933060624761,-1.01103585122679,999,0.883,0.883,225,19,"coherent_weak","none",FALSE,NA,NA
"set10",0.314763604694379,0.157222889525999,0.114419823159994,1.37686557117021,999,0.175,0.42,225,19,"coherent_weak","none",FALSE,NA,NA
"set11",0.211740083040469,0.205674384340477,0.108181203223402,0.0560698025096417,999,0.476,0.6216,225,19,"coherent_weak","none",FALSE,NA,NA
"set12",0.264277067808426,0.252196979634956,0.0996895590675912,0.12117706494498,999,0.453,0.6216,225,19,"coherent_weak","none",FALSE,NA,NA
"set01",0.716425147282868,0.1522931749625,0.119202618562165,4.73254681084181,999,0.003,0.012,225,19,"coherent_weak","libsize",TRUE,0.00132762276906806,0.00132762276906806
"set02",0.784304911469114,0.187799831548781,0.106433248247191,5.60449943738399,999,0.001,0.006,225,19,"coherent_weak","libsize",TRUE,0.000270366133139355,0.000270366133139355
"set03",0.850643824221986,0.316337251365068,0.105683954023573,5.05570195393843,999,0.001,0.006,225,19,"coherent_weak","libsize",TRUE,0.0081649639694088,0.0081649639694088
"set04",0.0957570025966251,0.164113801358482,0.124735712726293,-0.548013053100936,999,0.727,0.793090909090909,225,19,"coherent_weak","libsize",FALSE,NA,NA
"set05",0.202851313362465,0.200304522203505,0.114379329993319,0.0222661835762442,999,0.494,0.733333333333333,225,19,"coherent_weak","libsize",FALSE,NA,NA
"set06",0.243948547216681,0.281112397939454,0.0932849555225489,-0.398390614162749,999,0.677,0.793090909090909,225,19,"coherent_weak","libsize",FALSE,NA,NA
"set07",0.188982419684647,0.167207974871758,0.127760342731287,0.170431953667237,999,0.437,0.733333333333333,225,19,"coherent_weak","libsize",FALSE,NA,NA
"set08",0.382264953644357,0.2297393199688,0.114781161032892,1.3288385681327,999,0.174,0.48,225,19,"coherent_weak","libsize",FALSE,NA,NA
"set09",0.170263765091944,0.285678839903896,0.0856447403523358,-1.3476026004299,999,0.953,0.953,225,19,"coherent_weak","libsize",FALSE,NA,NA
"set10",0.304818142282815,0.161502754764706,0.108742068799217,1.31793876188551,999,0.2,0.48,225,19,"coherent_weak","libsize",FALSE,NA,NA
"set11",0.239571596913417,0.212461996418181,0.105664299684821,0.256563480533155,999,0.403,0.733333333333333,225,19,"coherent_weak","libsize",FALSE,NA,NA
"set12",0.262338322930921,0.274688247357811,0.0960333049096807,-0.128600431261894,999,0.55,0.733333333333333,225,19,"coherent_weak","libsize",FALSE,NA,NA
"set01",0.690435716672544,0.0527108244828042,0.0464032421563081,13.7431106654483,999,0.001,0.004,225,19,"coherent_weak","pcs1",TRUE,0.118649056202684,0.00132762276906806
"set02",0.785246169812625,0.106123189607988,0.0515237423346117,13.1807774325513,999,0.001,0.004,225,19,"coherent_weak","pcs1",TRUE,0.00337490845497757,0.000270366133139355
"set03",0.837943655585754,0.239531945153622,0.0535525534543236,11.1742890269935,999,0.001,0.004,225,19,"coherent_weak","pcs1",TRUE,0.269522909859014,0.0081649639694088
"set04",0.0635598116559838,0.0541358346012945,0.051338720597652,0.183564704086535,999,0.431,0.6465,225,19,"coherent_weak","pcs1",FALSE,NA,NA
"set05",0.187170348312008,0.10853746477162,0.0514276835129392,1.52899913371762,999,0.075,0.15,225,19,"coherent_weak","pcs1",FALSE,NA,NA
"set06",0.17465681031732,0.208588912917697,0.0588127501009714,-0.576951469572857,999,0.722,0.787636363636364,225,19,"coherent_weak","pcs1",FALSE,NA,NA
"set07",0.0631433560694422,0.0691565425423524,0.0502023415072664,-0.119779004173338,999,0.553,0.737333333333333,225,19,"coherent_weak","pcs1",FALSE,NA,NA
"set08",0.229232854553799,0.134888527774038,0.0487615379334188,1.93481031932552,999,0.047,0.1272,225,19,"coherent_weak","pcs1",FALSE,NA,NA
"set09",0.16621881757595,0.218337500122321,0.0514262632208608,-1.01346431340999,999,0.858,0.858,225,19,"coherent_weak","pcs1",FALSE,NA,NA
"set10",0.0409630766801016,0.0654133884185568,0.0457033438834058,-0.534978617775335,999,0.705,0.787636363636364,225,19,"coherent_weak","pcs1",FALSE,NA,NA
"set11",0.212917137357747,0.127444347000451,0.0517957144292905,1.65019039314498,999,0.053,0.1272,225,19,"coherent_weak","pcs1",FALSE,NA,NA
"set12",0.254862559288439,0.196743737529919,0.053166896300982,1.09313926149657,999,0.137,0.234857142857143,225,19,"coherent_weak","pcs1",FALSE,NA,NA
"set01",0.613801213801268,-0.0132307786405074,0.0339882029794597,18.4485185292295,999,0.001,0.004,225,19,"coherent_weak","pcs3",TRUE,0.268712060622247,0.00132762276906806
"set02",0.64798697462033,-0.00592654985550929,0.0364704315835662,17.929963975817,999,0.001,0.004,225,19,"coherent_weak","pcs3",TRUE,0.598652846674399,0.000270366133139355
"set03",0.611513245608274,-0.00328099717440262,0.0363077720224343,16.9328551033867,999,0.001,0.004,225,19,"coherent_weak","pcs3",TRUE,0.812719770108132,0.0081649639694088
"set04",0.0488252778644223,-0.0091045538690458,0.0369402240685512,1.56820466562319,999,0.062,0.124,225,19,"coherent_weak","pcs3",FALSE,NA,NA
"set05",0.0815895225806487,-0.00505785339273531,0.0352034872121683,2.46132934078854,999,0.018,0.0432,225,19,"coherent_weak","pcs3",FALSE,NA,NA
"set06",0.00453292428890342,0.0012846596069524,0.0384054101181965,0.084578309981697,999,0.469,0.5628,225,19,"coherent_weak","pcs3",FALSE,NA,NA
"set07",-0.0277273660775836,-0.00855909212839042,0.0361536871304017,-0.530188632768095,999,0.684,0.684,225,19,"coherent_weak","pcs3",FALSE,NA,NA
"set08",0.0967685872118276,0.00207372977896438,0.0405874502741337,2.33310682965498,999,0.014,0.042,225,19,"coherent_weak","pcs3",FALSE,NA,NA
"set09",0.00851788975512517,0.00224542906757492,0.0392774294591511,0.159696313478805,999,0.446,0.5628,225,19,"coherent_weak","pcs3",FALSE,NA,NA
"set10",0.00238233350892912,-0.00883804878420444,0.0337547031860084,0.332409449175204,999,0.368,0.552,225,19,"coherent_weak","pcs3",FALSE,NA,NA
"set11",-0.00954702387444919,-0.00655707997657608,0.0368973476709575,-0.0810341145530778,999,0.525,0.572727272727273,225,19,"coherent_weak","pcs3",FALSE,NA,NA
"set12",0.0206784625703622,0.00040138449500333,0.0395257772698818,0.513008964679104,999,0.299,0.512571428571429,225,19,"coherent_weak","pcs3",FALSE,NA,NA
"set01",0.520176204157022,-0.0186010225417681,0.0330440972675323,16.3047948423808,999,0.001,0.004,225,19,"coherent_weak","pcs10",TRUE,0.392071883280715,0.00132762276906806
"set02",0.300789070621166,-0.0187339254234852,0.036939442359031,8.64991390338445,999,0.001,0.004,225,19,"coherent_weak","pcs10",TRUE,0.746752600502553,0.000270366133139355
"set03",0.283268091527523,-0.0153373630000549,0.0343064644671702,8.70405794258777,999,0.001,0.004,225,19,"coherent_weak","pcs10",TRUE,0.885238000100358,0.0081649639694088
"set04",0.0202163116986545,-0.0142828385679378,0.0342815569127647,1.00634724246572,999,0.169,0.338,225,19,"coherent_weak","pcs10",FALSE,NA,NA
"set05",0.0621585290603338,-0.0146432758274914,0.0339771407758362,2.26039634690053,999,0.022,0.0528,225,19,"coherent_weak","pcs10",FALSE,NA,NA
"set06",-0.0662818979191496,-0.0133384459193789,0.0333658905433408,-1.58675375173936,999,0.945,0.945,225,19,"coherent_weak","pcs10",FALSE,NA,NA
"set07",-0.0259651409708433,-0.0172279557346437,0.034838150891908,-0.250793598756385,999,0.59,0.667636363636364,225,19,"coherent_weak","pcs10",FALSE,NA,NA
"set08",0.0955121370969842,-0.0130588219170386,0.0358999402124065,3.02426573335914,999,0.004,0.012,225,19,"coherent_weak","pcs10",FALSE,NA,NA
"set09",-0.00209780682383703,-0.0133975143417918,0.0334871218178918,0.33743441969735,999,0.379,0.505333333333333,225,19,"coherent_weak","pcs10",FALSE,NA,NA
"set10",0.00189816970293068,-0.0152269599348698,0.0331863289395844,0.516029647900396,999,0.3,0.4755,225,19,"coherent_weak","pcs10",FALSE,NA,NA
"set11",-0.0269915291202104,-0.0176731767504698,0.033114670363495,-0.281396500930084,999,0.612,0.667636363636364,225,19,"coherent_weak","pcs10",FALSE,NA,NA
"set12",0.00249459688384287,-0.013811055912473,0.0356709912310811,0.457112410773387,999,0.317,0.4755,225,19,"coherent_weak","pcs10",FALSE,NA,NA
"set01",0.873218849765568,0.204237489582623,0.115388390713126,5.79764875867053,999,0.001,0.004,225,19,"coherent_strong","none",TRUE,0,0.000522343905787204
"set02",0.868042772050051,0.255883484139213,0.105965554084841,5.77696491277455,999,0.001,0.004,225,19,"coherent_strong","none",TRUE,0,0.0278733455121442
"set03",0.892396853625668,0.449394116387646,0.0742804272936864,5.96392284452671,999,0.001,0.004,225,19,"coherent_strong","none",TRUE,2.22044604925031e-16,0.0941914822290039
"set04",0.190900197636677,0.199071544964864,0.117065430852596,-0.0698015397771472,999,0.531,0.579272727272727,225,19,"coherent_strong","none",FALSE,NA,NA
"set05",0.254568331748487,0.26161581643941,0.109459652856716,-0.064384314283804,999,0.516,0.579272727272727,225,19,"coherent_strong","none",FALSE,NA,NA
"set06",0.433442822486997,0.356770040090201,0.0935804905303826,0.819324433567733,999,0.229,0.579,225,19,"coherent_strong","none",FALSE,NA,NA
"set07",0.255754230616183,0.21721716320478,0.126366041310035,0.304963794164079,999,0.386,0.579,225,19,"coherent_strong","none",FALSE,NA,NA
"set08",0.364663125503032,0.284430532735028,0.106959481012025,0.750121373148618,999,0.255,0.579,225,19,"coherent_strong","none",FALSE,NA,NA
"set09",0.358440635959885,0.352259003084898,0.0951175041799078,0.0649894352073664,999,0.472,0.579272727272727,225,19,"coherent_strong","none",FALSE,NA,NA
"set10",0.267502813955148,0.204155611500219,0.115915364751304,0.546495303628127,999,0.32,0.579,225,19,"coherent_strong","none",FALSE,NA,NA
"set11",0.146499628787134,0.27254140024021,0.109122328528619,-1.15505023722087,999,0.904,0.904,225,19,"coherent_strong","none",FALSE,NA,NA
"set12",0.381496926468547,0.344958867840105,0.0946321796095445,0.386106066448003,999,0.352,0.579,225,19,"coherent_strong","none",FALSE,NA,NA
"set01",0.869407347106585,0.185638914525666,0.109397679053471,6.25030108953875,999,0.001,0.004,225,19,"coherent_strong","libsize",TRUE,0.000522343905787204,0.000522343905787204
"set02",0.85925998266484,0.23049792462452,0.0958815881615497,6.55769340179187,999,0.001,0.004,225,19,"coherent_strong","libsize",TRUE,0.0278733455121442,0.0278733455121442
"set03",0.816427221226699,0.380163317987614,0.0746463424717584,5.84441097571713,999,0.001,0.004,225,19,"coherent_strong","libsize",TRUE,0.0941914822290039,0.0941914822290039
"set04",0.169008991157442,0.190831926482029,0.116420926815291,-0.187448562054572,999,0.575,0.766666666666667,225,19,"coherent_strong","libsize",FALSE,NA,NA
"set05",0.185305220268611,0.238699116185183,0.104544665552497,-0.510728076218875,999,0.739,0.806181818181818,225,19,"coherent_strong","libsize",FALSE,NA,NA
"set06",0.40149164754859,0.316604237081883,0.0807116256205948,1.05173709256881,999,0.21,0.6015,225,19,"coherent_strong","libsize",FALSE,NA,NA
"set07",0.232495274174182,0.198161076488268,0.123024328785788,0.279084617041046,999,0.401,0.6015,225,19,"coherent_strong","libsize",FALSE,NA,NA
"set08",0.336810783174904,0.253132871685632,0.100418752359291,0.833289694636693,999,0.253,0.6015,225,19,"coherent_strong","libsize",FALSE,NA,NA
"set09",0.279670729793513,0.315945313206416,0.0845556966637784,-0.429002241648398,999,0.692,0.806181818181818,225,19,"coherent_strong","libsize",FALSE,NA,NA
"set10",0.256103974953385,0.184191064435324,0.106642109663829,0.67433878366392,999,0.308,0.6015,225,19,"coherent_strong","libsize",FALSE,NA,NA
"set11",0.139784855790832,0.240366208999004,0.0988531790741323,-1.01748223122641,999,0.905,0.905,225,19,"coherent_strong","libsize",FALSE,NA,NA
"set12",0.332517886411732,0.31202978194151,0.0808527994594451,0.253400062919257,999,0.399,0.6015,225,19,"coherent_strong","libsize",FALSE,NA,NA
"set01",0.85534900930221,0.100309929187164,0.052210478901234,14.461447127182,999,0.001,0.004,225,19,"coherent_strong","pcs1",TRUE,0.125358641871131,0.000522343905787204
"set02",0.859843965982593,0.162860806040315,0.0516906590504121,13.4837352192112,999,0.001,0.004,225,19,"coherent_strong","pcs1",TRUE,0.0292565996954999,0.0278733455121442
"set03",0.804710449024071,0.314761860197192,0.0430435866069304,11.3826153313161,999,0.001,0.004,225,19,"coherent_strong","pcs1",TRUE,0.390071697451534,0.0941914822290039
"set04",0.162486250779844,0.097958812180719,0.0515809806219221,1.25099286250677,999,0.122,0.2928,225,19,"coherent_strong","pcs1",FALSE,NA,NA
"set05",0.163947201158623,0.15982725997679,0.058177271575715,0.0708170230443061,999,0.479,0.522545454545455,225,19,"coherent_strong","pcs1",FALSE,NA,NA
"set06",0.38882749152047,0.256694239070618,0.0541221457090564,2.44138976233793,999,0.005,0.015,225,19,"coherent_strong","pcs1",FALSE,NA,NA
"set07",0.114133306006113,0.10818665934133,0.0519132386091864,0.114549714564151,999,0.449,0.522545454545455,225,19,"coherent_strong","pcs1",FALSE,NA,NA
"set08",0.215033310812025,0.170507994391418,0.0564142276473982,0.789256864401302,999,0.221,0.378857142857143,225,19,"coherent_strong","pcs1",FALSE,NA,NA
"set09",0.268164780244813,0.257463586195497,0.0531940017634157,0.201172946094765,999,0.414,0.522545454545455,225,19,"coherent_strong","pcs1",FALSE,NA,NA
"set10",0.122999655224913,0.103809711088269,0.0550175400085721,0.348796840673985,999,0.364,0.522545454545455,225,19,"coherent_strong","pcs1",FALSE,NA,NA
"set11",0.115268956016917,0.166940649809444,0.0525425981464067,-0.98342479465036,999,0.828,0.828,225,19,"coherent_strong","pcs1",FALSE,NA,NA
"set12",0.295659587457539,0.251487645226398,0.0498691286999465,0.885757248676151,999,0.19,0.378857142857143,225,19,"coherent_strong","pcs1",FALSE,NA,NA
"set01",0.782983814016816,0.0482254809265228,0.0490810222986105,14.9703143634621,999,0.001,0.004,225,19,"coherent_strong","pcs3",TRUE,0.52691906081045,0.000522343905787204
"set02",0.76285795552315,0.0906671676740783,0.0505379584050632,13.3007111696409,999,0.001,0.004,225,19,"coherent_strong","pcs3",TRUE,0.919502035855778,0.0278733455121442
"set03",0.774444287971411,0.184449731951559,0.0525369480765588,11.2300881117055,999,0.001,0.004,225,19,"coherent_strong","pcs3",TRUE,0.963186420491618,0.0941914822290039
"set04",0.069791019275817,0.0449466879596309,0.0446950821119795,0.555862751385953,999,0.286,0.64,225,19,"coherent_strong","pcs3",FALSE,NA,NA
"set05",0.0747972446437202,0.0874703394009248,0.0495974931824023,-0.25551885678168,999,0.619,0.8316,225,19,"coherent_strong","pcs3",FALSE,NA,NA
"set06",0.264657405207708,0.174486508550981,0.0569343596864084,1.58376939959251,999,0.052,0.156,225,19,"coherent_strong","pcs3",FALSE,NA,NA
"set07",0.0691058811104224,0.0478942089772964,0.0433255990014423,0.48958750997118,999,0.32,0.64,225,19,"coherent_strong","pcs3",FALSE,NA,NA
"set08",0.0832793701564094,0.106040873051932,0.048856551073231,-0.465884357276998,999,0.684,0.8316,225,19,"coherent_strong","pcs3",FALSE,NA,NA
"set09",0.154048734475191,0.179689278340977,0.0469535731165835,-0.546082910498021,999,0.693,0.8316,225,19,"coherent_strong","pcs3",FALSE,NA,NA
"set10",-0.0365426173341101,0.0469734836466989,0.0477907109287041,-1.74753836797702,999,0.966,0.985,225,19,"coherent_strong","pcs3",FALSE,NA,NA
"set11",-0.00910992661384846,0.100461573768485,0.0550751962963101,-1.98948905770264,999,0.985,0.985,225,19,"coherent_strong","pcs3",FALSE,NA,NA
"set12",0.169234436697119,0.174148269282474,0.0518558546955598,-0.0947594560769179,999,0.533,0.8316,225,19,"coherent_strong","pcs3",FALSE,NA,NA
"set01",0.058781789248903,-0.0218996774054882,0.0378276133214431,2.13287224781521,999,0.016,0.084,225,19,"coherent_strong","pcs10",TRUE,0.935427672576645,0.000522343905787204
"set02",0.0483941512423043,-0.0220959303756216,0.034686001944663,2.0322342635621,999,0.021,0.084,225,19,"coherent_strong","pcs10",TRUE,0.968850572582086,0.0278733455121442
"set03",0.0325328452051531,-0.0235116139762254,0.0330863417532201,1.69388503568618,999,0.07,0.21,225,19,"coherent_strong","pcs10",TRUE,0.987695593354377,0.0941914822290039
"set04",0.0725466984769744,-0.0228616944829495,0.0341858644060316,2.79087261994436,999,0.006,0.072,225,19,"coherent_strong","pcs10",FALSE,NA,NA
"set05",-0.0216152768152012,-0.0240612859637981,0.0351092869909866,0.0696684369928906,999,0.472,0.708,225,19,"coherent_strong","pcs10",FALSE,NA,NA
"set06",-0.00405998496570096,-0.0186742872589431,0.0366300492312978,0.398970315353964,999,0.349,0.698,225,19,"coherent_strong","pcs10",FALSE,NA,NA
"set07",0.0039364301122687,-0.02321437071095,0.0340916528136249,0.796406116525033,999,0.229,0.5496,225,19,"coherent_strong","pcs10",FALSE,NA,NA
"set08",-0.0460005861654296,-0.0234326108395777,0.0324873626189948,-0.694669357759958,999,0.759,0.828,225,19,"coherent_strong","pcs10",FALSE,NA,NA
"set09",-0.0220048902986665,-0.025661575332102,0.0336816425446604,0.108566113680082,999,0.462,0.708,225,19,"coherent_strong","pcs10",FALSE,NA,NA
"set10",-0.0390168838428399,-0.0238182247672183,0.0348054806501547,-0.436674305072527,999,0.663,0.7956,225,19,"coherent_strong","pcs10",FALSE,NA,NA
"set11",-0.0886890277452862,-0.0224338541485516,0.0334488376918023,-1.98079150633604,999,0.984,0.984,225,19,"coherent_strong","pcs10",FALSE,NA,NA
"set12",-0.0293590990176584,-0.0209588481261984,0.032044329903595,-0.262144688833627,999,0.6,0.7956,225,19,"coherent_strong","pcs10",FALSE,NA,NA
"set01",0.797504965091148,0.148038093159292,0.117888196465056,5.50917641805104,999,0.001,0.004,225,20,"coherent_weak","none",TRUE,1.11022302462516e-16,0.000710223023803302
"set02",0.798047274161067,0.190323197201317,0.111347396433232,5.45791007627344,999,0.001,0.004,225,20,"coherent_weak","none",TRUE,1.11022302462516e-16,0.0043635480861699
"set03",0.850463568852849,0.290020480548947,0.0890392578379538,6.2943369241001,999,0.001,0.004,225,20,"coherent_weak","none",TRUE,0,0.0109267431744302
"set04",0.150364356764714,0.128025148662193,0.108782479817054,0.20535667269297,999,0.425,0.817090909090909,225,20,"coherent_weak","none",FALSE,NA,NA
"set05",0.0967474783376472,0.159185502942714,0.119655165625431,-0.521816373565716,999,0.749,0.817090909090909,225,20,"coherent_weak","none",FALSE,NA,NA
"set06",0.197180989434969,0.219168675880232,0.0977988647835101,-0.224825579457754,999,0.598,0.817090909090909,225,20,"coherent_weak","none",FALSE,NA,NA
"set07",0.199272812093312,0.146444743914548,0.121160327121633,0.43601787345564,999,0.373,0.817090909090909,225,20,"coherent_weak","none",FALSE,NA,NA
"set08",0.160820874740651,0.177869898411144,0.104433590087939,-0.163252298959914,999,0.564,0.817090909090909,225,20,"coherent_weak","none",FALSE,NA,NA
"set09",0.275684579112738,0.305210300162621,0.0962849896014703,-0.306649262487239,999,0.636,0.817090909090909,225,20,"coherent_weak","none",FALSE,NA,NA
"set10",0.313283642747918,0.124788102661682,0.110496069668584,1.70590266831751,999,0.145,0.435,225,20,"coherent_weak","none",FALSE,NA,NA
"set11",0.136331199914364,0.228573510031035,0.111230407661347,-0.829290407687014,999,0.86,0.86,225,20,"coherent_weak","none",FALSE,NA,NA
"set12",0.219438106035604,0.267355176245495,0.100744000774551,-0.475631996361965,999,0.7,0.817090909090909,225,20,"coherent_weak","none",FALSE,NA,NA
"set01",0.797129585877812,0.150489296347717,0.117409320259339,5.5075720402926,999,0.001,0.004,225,20,"coherent_weak","libsize",TRUE,0.000710223023803302,0.000710223023803302
"set02",0.79867273405159,0.197425318877054,0.105967654236389,5.67387680238059,999,0.001,0.004,225,20,"coherent_weak","libsize",TRUE,0.0043635480861699,0.0043635480861699
"set03",0.855897789916628,0.298287497005462,0.0873946068648937,6.38037417770178,999,0.001,0.004,225,20,"coherent_weak","libsize",TRUE,0.0109267431744302,0.0109267431744302
"set04",0.13122133751649,0.133525313539637,0.106567765612128,-0.0216198210585822,999,0.51,0.835636363636364,225,20,"coherent_weak","libsize",FALSE,NA,NA
"set05",0.106153144193217,0.172573306825462,0.113749554567685,-0.58391580419528,999,0.766,0.835636363636364,225,20,"coherent_weak","libsize",FALSE,NA,NA
"set06",0.190113716991437,0.244424111759078,0.0945460644974338,-0.574433161827853,999,0.743,0.835636363636364,225,20,"coherent_weak","libsize",FALSE,NA,NA
"set07",0.183604155687533,0.154185445510553,0.122129220793666,0.240881829801257,999,0.42,0.835636363636364,225,20,"coherent_weak","libsize",FALSE,NA,NA
"set08",0.148934753012588,0.18428463027292,0.100013974481665,-0.353449379884532,999,0.661,0.835636363636364,225,20,"coherent_weak","libsize",FALSE,NA,NA
"set09",0.270001078674337,0.310268177697398,0.0914744068405745,-0.44020071202254,999,0.697,0.835636363636364,225,20,"coherent_weak","libsize",FALSE,NA,NA
"set10",0.314004965817831,0.129829372391464,0.10972938385718,1.67845281685062,999,0.145,0.435,225,20,"coherent_weak","libsize",FALSE,NA,NA
"set11",0.16657425942254,0.226571567069839,0.112024568040511,-0.535572764945652,999,0.752,0.835636363636364,225,20,"coherent_weak","libsize",FALSE,NA,NA
"set12",0.199832710974799,0.284730709718928,0.0950634308170578,-0.893066850359201,999,0.868,0.868,225,20,"coherent_weak","libsize",FALSE,NA,NA
"set01",0.714459736454313,0.0573325818936419,0.0488707238728659,13.4462332964444,999,0.001,0.004,225,20,"coherent_weak","pcs1",TRUE,0.123178794487546,0.000710223023803302
"set02",0.799242668718468,0.117200932853837,0.0515008727861045,13.2433044134478,999,0.001,0.004,225,20,"coherent_weak","pcs1",TRUE,0.0083057863754793,0.0043635480861699
"set03",0.830931262662552,0.233972816739488,0.0534378354951945,11.1710820693092,999,0.001,0.004,225,20,"coherent_weak","pcs1",TRUE,0.258679798572416,0.0109267431744302
"set04",0.0997668488253255,0.0534642655565708,0.0480637706549337,0.963357278004192,999,0.184,0.4416,225,20,"coherent_weak","pcs1",FALSE,NA,NA
"set05",0.0514302191194869,0.0833955232375799,0.0523204887896241,-0.610951939815062,999,0.73,0.73,225,20,"coherent_weak","pcs1",FALSE,NA,NA
"set06",0.146543617452585,0.167863905564299,0.0564307305216495,-0.377813434535194,999,0.657,0.73,225,20,"coherent_weak","pcs1",FALSE,NA,NA
"set07",0.128002005877048,0.0572356605235948,0.0471095043855475,1.50216705262481,999,0.086,0.258,225,20,"coherent_weak","pcs1",FALSE,NA,NA
"set08",0.119475689390826,0.102924598141433,0.0480934577535825,0.344144339427543,999,0.38,0.73,225,20,"coherent_weak","pcs1",FALSE,NA,NA
"set09",0.215098092000698,0.241678419770133,0.05260551013245,-0.505276494848371,999,0.698,0.73,225,20,"coherent_weak","pcs1",FALSE,NA,NA
"set10",0.0414615448923491,0.0431609399857428,0.0468852116560979,-0.0362458658789631,999,0.516,0.73,225,20,"coherent_weak","pcs1",FALSE,NA,NA
"set11",0.149263482417893,0.145001336044366,0.0534221793914976,0.0797823380115801,999,0.469,0.73,225,20,"coherent_weak","pcs1",FALSE,NA,NA
"set12",0.172777596638569,0.204781024290979,0.0544851681920494,-0.58737870716677,999,0.72,0.73,225,20,"coherent_weak","pcs1",FALSE,NA,NA
"set01",0.639087941834043,-0.00843441412309327,0.0384662096460957,16.8335368083988,999,0.001,0.004,225,20,"coherent_weak","pcs3",TRUE,0.299864160242865,0.000710223023803302
"set02",0.595701489117193,0.0054277493614432,0.0401770234377996,14.6918235660137,999,0.001,0.004,225,20,"coherent_weak","pcs3",TRUE,0.60088359368553,0.0043635480861699
"set03",0.533176053488148,0.0021213753090459,0.0382730336809712,13.8754268241646,999,0.001,0.004,225,20,"coherent_weak","pcs3",TRUE,0.858817491101508,0.0109267431744302
"set04",0.00915507720324324,-0.0102602640342913,0.0370044389243505,0.524676006498195,999,0.304,0.722,225,20,"coherent_weak","pcs3",FALSE,NA,NA
"set05",-0.0359836606882253,-0.00638982046043205,0.038425642818221,-0.770158624744207,999,0.781,0.79,225,20,"coherent_weak","pcs3",FALSE,NA,NA
"set06",0.0170461402589408,0.00415135657946203,0.0437622287016712,0.294655552562988,999,0.361,0.722,225,20,"coherent_weak","pcs3",FALSE,NA,NA
"set07",0.033704385735616,-0.00831330310408385,0.0354997925871197,1.18360378406676,999,0.115,0.345,225,20,"coherent_weak","pcs3",FALSE,NA,NA
"set08",-0.0113699912096214,-0.00316269697420262,0.035638578532997,-0.230292412695971,999,0.592,0.789333333333333,225,20,"coherent_weak","pcs3",FALSE,NA,NA
"set09",-0.0109330088438324,0.0242289069164026,0.0414880901957902,-0.847518302103067,999,0.79,0.79,225,20,"coherent_weak","pcs3",FALSE,NA,NA
"set10",-0.0187876548209004,-0.00926443517464029,0.0348970103734493,-0.272895000011396,999,0.592,0.789333333333333,225,20,"coherent_weak","pcs3",FALSE,NA,NA
"set11",0.00798768325312267,0.00540595493847471,0.0373693467385559,0.069086792785282,999,0.482,0.789333333333333,225,20,"coherent_weak","pcs3",FALSE,NA,NA
"set12",-0.011106133930329,0.00933156475353989,0.0415018332978059,-0.492452912554814,999,0.695,0.79,225,20,"coherent_weak","pcs3",FALSE,NA,NA
"set01",0.408979671294397,-0.0180983648230388,0.0355097327885357,12.0270698363384,999,0.001,0.004,225,20,"coherent_weak","pcs10",TRUE,0.513859434076808,0.000710223023803302
"set02",0.244638751241503,-0.0132947983891273,0.0355054804117486,7.26461229757875,999,0.001,0.004,225,20,"coherent_weak","pcs10",TRUE,0.783739045173548,0.0043635480861699
"set03",0.24391856023468,-0.0150475427159766,0.0337367481530103,7.67608371073992,999,0.001,0.004,225,20,"coherent_weak","pcs10",TRUE,0.888903845180051,0.0109267431744302
"set04",0.0164334104813566,-0.0191989314334595,0.034591668377995,1.0300845141509,999,0.162,0.406,225,20,"coherent_weak","pcs10",FALSE,NA,NA
"set05",-0.0390853689006037,-0.0146825535890461,0.0364462618922854,-0.669556054436489,999,0.737,0.841,225,20,"coherent_weak","pcs10",FALSE,NA,NA
"set06",0.0132925022252552,-0.0197778455901592,0.0378208711878864,0.874394131513461,999,0.203,0.406,225,20,"coherent_weak","pcs10",FALSE,NA,NA
"set07",0.0157856297842984,-0.0179595920179502,0.0342425879325476,0.985475217840466,999,0.179,0.406,225,20,"coherent_weak","pcs10",FALSE,NA,NA
"set08",-0.0485696417111385,-0.016376375287505,0.0313889335378321,-1.02562472805366,999,0.841,0.841,225,20,"coherent_weak","pcs10",FALSE,NA,NA
"set09",-0.0400171041988469,-0.00508832452047315,0.0366803670606645,-0.95224727769507,999,0.829,0.841,225,20,"coherent_weak","pcs10",FALSE,NA,NA
"set10",-0.00989791202329602,-0.0169012849045641,0.0351439206407668,0.19927693762045,999,0.404,0.692571428571429,225,20,"coherent_weak","pcs10",FALSE,NA,NA
"set11",-0.0178480678505497,-0.0124079222890091,0.0358498399878739,-0.15174811277765,999,0.568,0.757333333333333,225,20,"coherent_weak","pcs10",FALSE,NA,NA
"set12",-0.0125534037454928,-0.0159358453256407,0.0361300634396329,0.0936184788548543,999,0.464,0.696,225,20,"coherent_weak","pcs10",FALSE,NA,NA
"set01",0.878584124107055,0.228133932272052,0.122716418428282,5.30043330929788,999,0.001,0.004,225,20,"coherent_strong","none",TRUE,1.11022302462516e-16,0.00179901417380435
"set02",0.862851124847662,0.323110128533313,0.107737198111023,5.00979240018981,999,0.001,0.004,225,20,"coherent_strong","none",TRUE,1.11022302462516e-16,0.0641832017491201
"set03",0.901132629230371,0.478223392193564,0.0670234897948776,6.30986596387479,999,0.001,0.004,225,20,"coherent_strong","none",TRUE,0,0.140840553060194
"set04",0.192246092781557,0.197802060662849,0.111142797904061,-0.0499894548820695,999,0.526,0.526,225,20,"coherent_strong","none",FALSE,NA,NA
"set05",0.312291036800449,0.256695161608376,0.105865482082056,0.525155830764369,999,0.307,0.4605,225,20,"coherent_strong","none",FALSE,NA,NA
"set06",0.494289834526304,0.357022116463298,0.0934929624872321,1.46821444535734,999,0.117,0.2808,225,20,"coherent_strong","none",FALSE,NA,NA
"set07",0.22104461697611,0.226054973302742,0.107637539554981,-0.046548410037488,999,0.52,0.526,225,20,"coherent_strong","none",FALSE,NA,NA
"set08",0.402464689389156,0.281655800322527,0.109350625333313,1.10478462010061,999,0.175,0.35,225,20,"coherent_strong","none",FALSE,NA,NA
"set09",0.511522179966657,0.43748701926747,0.0867341098073084,0.85358760081433,999,0.219,0.375428571428571,225,20,"coherent_strong","none",FALSE,NA,NA
"set10",0.392221066882494,0.194493662187585,0.11110018228135,1.779721694733,999,0.108,0.2808,225,20,"coherent_strong","none",FALSE,NA,NA
"set11",0.359290086277429,0.328261194662708,0.103092436402713,0.300981262034706,999,0.4,0.48,225,20,"coherent_strong","none",FALSE,NA,NA
"set12",0.425126655722072,0.394820005756543,0.0809829742741577,0.374234834385423,999,0.355,0.473333333333333,225,20,"coherent_strong","none",FALSE,NA,NA
"set01",0.878080776964612,0.184052377379565,0.114789261812466,6.04610909266841,999,0.001,0.004,225,20,"coherent_strong","libsize",TRUE,0.00179901417380435,0.00179901417380435
"set02",0.838185703399284,0.248078633137229,0.100366905830388,5.87949847990021,999,0.001,0.004,225,20,"coherent_strong","libsize",TRUE,0.0641832017491201,0.0641832017491201
"set03",0.813140374461629,0.368052402810334,0.0614012138849988,7.24884645578703,999,0.001,0.004,225,20,"coherent_strong","libsize",TRUE,0.140840553060194,0.140840553060194
"set04",0.153220588344064,0.166987995651033,0.103298498942705,-0.133277902853214,999,0.554,0.554,225,20,"coherent_strong","libsize",FALSE,NA,NA
"set05",0.228524438783049,0.211516925939808,0.0936884149663093,0.181532720447422,999,0.439,0.554,225,20,"coherent_strong","libsize",FALSE,NA,NA
"set06",0.372076835793038,0.297645613933453,0.076355577693174,0.974797442548052,999,0.214,0.42,225,20,"coherent_strong","libsize",FALSE,NA,NA
"set07",0.207319098793886,0.189952129675894,0.105446230251515,0.164699762870306,999,0.437,0.554,225,20,"coherent_strong","libsize",FALSE,NA,NA
"set08",0.317422406131101,0.233333569574467,0.106896716073408,0.786636293849187,999,0.245,0.42,225,20,"coherent_strong","libsize",FALSE,NA,NA
"set09",0.399391312581035,0.339463060386266,0.0774986728859769,0.773281011959272,999,0.243,0.42,225,20,"coherent_strong","libsize",FALSE,NA,NA
"set10",0.385406582749383,0.167202156211942,0.101501980183837,2.14975536577942,999,0.084,0.252,225,20,"coherent_strong","libsize",FALSE,NA,NA
"set11",0.255508535941246,0.258626686431876,0.090997496048259,-0.0342663328777259,999,0.521,0.554,225,20,"coherent_strong","libsize",FALSE,NA,NA
"set12",0.307537133105397,0.313976924259273,0.0734620564919953,-0.0876614603700547,999,0.534,0.554,225,20,"coherent_strong","libsize",FALSE,NA,NA
"set01",0.859594362625885,0.105329292894127,0.0552690462904653,13.6471518934438,999,0.001,0.004,225,20,"coherent_strong","pcs1",TRUE,0.151928129353437,0.00179901417380435
"set02",0.831955448218556,0.175868668907294,0.0590355434705803,11.1134198271286,999,0.001,0.004,225,20,"coherent_strong","pcs1",TRUE,0.0734152463427173,0.0641832017491201
"set03",0.827080239436151,0.327888336347156,0.0399748340147366,12.4876541802517,999,0.001,0.004,225,20,"coherent_strong","pcs1",TRUE,0.384201413991247,0.140840553060194
"set04",0.0678999350731853,0.0910940191276165,0.0520252849779071,-0.445823296581282,999,0.68,0.68,225,20,"coherent_strong","pcs1",FALSE,NA,NA
"set05",0.19134047711632,0.145276049926423,0.059561499907965,0.773392665750126,999,0.213,0.3195,225,20,"coherent_strong","pcs1",FALSE,NA,NA
"set06",0.347347269036051,0.235847946880129,0.0597861491307803,1.86496912373502,999,0.019,0.0456,225,20,"coherent_strong","pcs1",FALSE,NA,NA
"set07",0.145015745368793,0.109781068586191,0.0601702820005677,0.585582709788027,999,0.275,0.33,225,20,"coherent_strong","pcs1",FALSE,NA,NA
"set08",0.307679055889119,0.155402280404617,0.0613787236397834,2.48093747237524,999,0.008,0.024,225,20,"coherent_strong","pcs1",FALSE,NA,NA
"set09",0.383841688930705,0.288607027142381,0.0564279005187632,1.68772293338572,999,0.033,0.066,225,20,"coherent_strong","pcs1",FALSE,NA,NA
"set10",0.151580205506577,0.0891342502416391,0.0533448691784754,1.17060846200622,999,0.125,0.214285714285714,225,20,"coherent_strong","pcs1",FALSE,NA,NA
"set11",0.235331033822708,0.191951416798598,0.0661618645695941,0.655658925369008,999,0.25,0.33,225,20,"coherent_strong","pcs1",FALSE,NA,NA
"set12",0.288626925754823,0.263249825755916,0.0602454617754763,0.421228408763515,999,0.337,0.367636363636364,225,20,"coherent_strong","pcs1",FALSE,NA,NA
"set01",0.78139958843072,0.0385427681359424,0.0438933427810285,16.9241341221305,999,0.001,0.004,225,20,"coherent_strong","pcs3",TRUE,0.482344993082904,0.00179901417380435
"set02",0.758272531131826,0.0941397224513857,0.0496834438847981,13.3672860967605,999,0.001,0.004,225,20,"coherent_strong","pcs3",TRUE,0.935292355003702,0.0641832017491201
"set03",0.736132105079615,0.147097658381293,0.0513211632635639,11.4774180716304,999,0.001,0.004,225,20,"coherent_strong","pcs3",TRUE,0.971202201342145,0.140840553060194
"set04",0.00430677055002666,0.0276027520721128,0.0436040973341778,-0.534261295298649,999,0.716,0.789818181818182,225,20,"coherent_strong","pcs3",FALSE,NA,NA
"set05",0.0559798754487618,0.0599507412919626,0.0468059601664193,-0.084836756453288,999,0.537,0.789818181818182,225,20,"coherent_strong","pcs3",FALSE,NA,NA
"set06",0.207757157555587,0.12890916926426,0.0522936288205481,1.50779339796638,999,0.065,0.156,225,20,"coherent_strong","pcs3",FALSE,NA,NA
"set07",0.0210484691520356,0.0389287396520364,0.0441798827909724,-0.40471520906014,999,0.663,0.789818181818182,225,20,"coherent_strong","pcs3",FALSE,NA,NA
"set08",0.18732645109924,0.0779996560428137,0.0464171771082219,2.35530900126758,999,0.016,0.048,225,20,"coherent_strong","pcs3",FALSE,NA,NA
"set09",0.200490731073804,0.185115204855725,0.0529734951408216,0.290249419586249,999,0.392,0.672,225,20,"coherent_strong","pcs3",FALSE,NA,NA
"set10",0.0797269310733166,0.0283971111449244,0.0421585764734568,1.21754158280723,999,0.128,0.256,225,20,"coherent_strong","pcs3",FALSE,NA,NA
"set11",0.0713403274885678,0.0998874327024569,0.0494866723288216,-0.576864514635448,999,0.724,0.789818181818182,225,20,"coherent_strong","pcs3",FALSE,NA,NA
"set12",0.108280119627808,0.153001807702357,0.0538541445418421,-0.830422402119895,999,0.815,0.815,225,20,"coherent_strong","pcs3",FALSE,NA,NA
"set01",-0.0486484174288239,-0.0201985983790539,0.0358530913496647,-0.793510907394492,999,0.783,0.944,225,20,"coherent_strong","pcs10",TRUE,0.94926567399518,0.00179901417380435
"set02",-0.0126613864391733,-0.0224107665330604,0.0321787043995922,0.302976153819628,999,0.391,0.673714285714286,225,20,"coherent_strong","pcs10",TRUE,0.975325088756568,0.0641832017491201
"set03",0.0693251708451121,-0.0182288930351781,0.0351363615819391,2.49183637514975,999,0.013,0.078,225,20,"coherent_strong","pcs10",TRUE,0.988042808457973,0.140840553060194
"set04",-0.00223669118059627,-0.024122080430666,0.0345676806533433,0.633117086145988,999,0.257,0.6168,225,20,"coherent_strong","pcs10",FALSE,NA,NA
"set05",-0.0379880008387047,-0.0179508626618652,0.0363361483880411,-0.551438142613764,999,0.711,0.944,225,20,"coherent_strong","pcs10",FALSE,NA,NA
"set06",0.0880929494880966,-0.014253850643711,0.0356552239479501,2.87045736358898,999,0.003,0.036,225,20,"coherent_strong","pcs10",FALSE,NA,NA
"set07",-0.061886497364588,-0.0195478983008847,0.0343421333044704,-1.23284708868659,999,0.892,0.944,225,20,"coherent_strong","pcs10",FALSE,NA,NA
"set08",0.0454914784874409,-0.0203702394969948,0.0336878949176418,1.95505590792926,999,0.039,0.156,225,20,"coherent_strong","pcs10",FALSE,NA,NA
"set09",-0.00552654151348301,-0.0151409206550477,0.0353993137731273,0.27159789602654,999,0.393,0.673714285714286,225,20,"coherent_strong","pcs10",FALSE,NA,NA
"set10",0.0331830812488839,-0.0214680061003584,0.0330231133805411,1.65493443090819,999,0.055,0.165,225,20,"coherent_strong","pcs10",FALSE,NA,NA
"set11",-0.0614911375946663,-0.0180488030354891,0.0343861283175396,-1.26336801160072,999,0.901,0.944,225,20,"coherent_strong","pcs10",FALSE,NA,NA
"set12",-0.0696195133281674,-0.0183557359050338,0.035407413772322,-1.44782608955209,999,0.944,0.944,225,20,"coherent_strong","pcs10",FALSE,NA,NA
