"pathway","stat","stat_matched_med","stat_matched_mad","z_matched","n_matched","p_matched","p_adj_BH","arm","section_id","analysis"
"HALLMARK_ADIPOGENESIS",0.478925011802876,0.555146899247141,0.0400228097635887,-1.90446117837556,1999,0.9705,0.9995,"raw","GSM8452847_Pt-1A","full_section"
"HALLMARK_ALLOGRAFT_REJECTION",0.292803096955579,0.42690348560875,0.0503430565233289,-2.66373156327981,1999,0.9975,0.9995,"raw","GSM8452847_Pt-1A","full_section"
"HALLMARK_ANDROGEN_RESPONSE",0.473521028594486,0.438914152972491,0.0597819770596327,0.578884763002635,1999,0.289,0.7225,"raw","GSM8452847_Pt-1A","full_section"
"HALLMARK_ANGIOGENESIS",0.254290521114237,0.305672345739378,0.0876452201422279,-0.586247881421941,1999,0.722,0.9995,"raw","GSM8452847_Pt-1A","full_section"
"HALLMARK_APICAL_JUNCTION",0.424014041808582,0.521153308975796,0.0434432626331711,-2.23600303659153,1999,0.9865,0.9995,"raw","GSM8452847_Pt-1A","full_section"
"HALLMARK_APICAL_SURFACE",0.143912744373022,0.209502787093659,0.0668970686169688,-0.980462134988076,1999,0.8685,0.9995,"raw","GSM8452847_Pt-1A","full_section"
"HALLMARK_APOPTOSIS",0.474897761263094,0.521476277180266,0.0486279488683586,-0.957854834536933,1999,0.8275,0.9995,"raw","GSM8452847_Pt-1A","full_section"
"HALLMARK_BILE_ACID_METABOLISM",0.323649276200547,0.285913742967753,0.0509878164136694,0.7400892190919,1999,0.238,0.626315789473684,"raw","GSM8452847_Pt-1A","full_section"
"HALLMARK_CHOLESTEROL_HOMEOSTASIS",0.578551091358194,0.358250078143163,0.0605421686741289,3.63880280537705,1999,5e-04,0.00625,"raw","GSM8452847_Pt-1A","full_section"
"HALLMARK_COAGULATION",0.453821234594062,0.50523376821157,0.0596868929544933,-0.861370580249608,1999,0.8025,0.9995,"raw","GSM8452847_Pt-1A","full_section"
"HALLMARK_COMPLEMENT",0.346682508021705,0.49478233529395,0.04658194756756,-3.17933952970621,1999,0.9995,0.9995,"raw","GSM8452847_Pt-1A","full_section"
"HALLMARK_DNA_REPAIR",0.543872846593197,0.458898377098121,0.0452209828100392,1.87909382359137,1999,0.032,0.145454545454545,"raw","GSM8452847_Pt-1A","full_section"
"HALLMARK_E2F_TARGETS",0.564732182984031,0.415575193667335,0.0414753697254555,3.5962787144282,1999,5e-04,0.00625,"raw","GSM8452847_Pt-1A","full_section"
"HALLMARK_EPITHELIAL_MESENCHYMAL_TRANSITION",0.526257253899243,0.596036207075742,0.0426529121329364,-1.63597160632359,1999,0.9475,0.9995,"raw","GSM8452847_Pt-1A","full_section"
"HALLMARK_ESTROGEN_RESPONSE_EARLY",0.596484527477335,0.470143788067312,0.041970553736338,3.01022331522487,1999,0.0015,0.0125,"raw","GSM8452847_Pt-1A","full_section"
"HALLMARK_ESTROGEN_RESPONSE_LATE",0.641282091810521,0.487355109828852,0.0448000406515605,3.43586701581055,1999,0.001,0.01,"raw","GSM8452847_Pt-1A","full_section"
"HALLMARK_FATTY_ACID_METABOLISM",0.522875626404402,0.460188444451955,0.0484725762857054,1.29325046770689,1999,0.098,0.35,"raw","GSM8452847_Pt-1A","full_section"
"HALLMARK_G2M_CHECKPOINT",0.514568871950183,0.42889872065012,0.0422240461917,2.02894225037352,1999,0.024,0.12,"raw","GSM8452847_Pt-1A","full_section"
"HALLMARK_GLYCOLYSIS",0.720154314182132,0.500123261304282,0.0427611686179741,5.14558090878188,1999,5e-04,0.00625,"raw","GSM8452847_Pt-1A","full_section"
"HALLMARK_HEDGEHOG_SIGNALING",0.0786266331719449,0.177838513558655,0.0633766064036792,-1.56543377780086,1999,0.995,0.9995,"raw","GSM8452847_Pt-1A","full_section"
"HALLMARK_HEME_METABOLISM",0.450729472044262,0.45608728702586,0.0428201519794354,-0.125123679714445,1999,0.547,0.9995,"raw","GSM8452847_Pt-1A","full_section"
"HALLMARK_HYPOXIA",0.633177271880139,0.548923310573495,0.0422545400024546,1.99396233639628,1999,0.0155,0.0861111111111111,"raw","GSM8452847_Pt-1A","full_section"
"HALLMARK_IL2_STAT5_SIGNALING",0.373263049091626,0.469865013535555,0.0473915016661018,-2.03838158842361,1999,0.9905,0.9995,"raw","GSM8452847_Pt-1A","full_section"
"HALLMARK_IL6_JAK_STAT3_SIGNALING",0.296127796114616,0.340704845555226,0.0612475871182486,-0.727817233918884,1999,0.772,0.9995,"raw","GSM8452847_Pt-1A","full_section"
"HALLMARK_INFLAMMATORY_RESPONSE",0.295043732279751,0.424506396733121,0.045807206292347,-2.82625104065774,1999,0.998,0.9995,"raw","GSM8452847_Pt-1A","full_section"
"HALLMARK_INTERFERON_ALPHA_RESPONSE",0.295885944443705,0.360132395697931,0.0571072134799345,-1.12501464069508,1999,0.888,0.9995,"raw","GSM8452847_Pt-1A","full_section"
"HALLMARK_INTERFERON_GAMMA_RESPONSE",0.413323920983469,0.471794785458806,0.0436722693140172,-1.33885564899121,1999,0.9015,0.9995,"raw","GSM8452847_Pt-1A","full_section"
"HALLMARK_KRAS_SIGNALING_DN",0.229667678066848,0.21374787255727,0.038218419121298,0.416547985908347,1999,0.331,0.788095238095238,"raw","GSM8452847_Pt-1A","full_section"
"HALLMARK_KRAS_SIGNALING_UP",0.353124205990711,0.452737407217687,0.044394465093191,-2.24382028295357,1999,0.9925,0.9995,"raw","GSM8452847_Pt-1A","full_section"
"HALLMARK_MITOTIC_SPINDLE",0.448865137371541,0.471824794545713,0.0401117782926164,-0.572391904609183,1999,0.715,0.9995,"raw","GSM8452847_Pt-1A","full_section"
"HALLMARK_MTORC1_SIGNALING",0.636451457626994,0.523242818527103,0.0402712800182766,2.81115075181401,1999,0.004,0.0285714285714286,"raw","GSM8452847_Pt-1A","full_section"
"HALLMARK_MYC_TARGETS_V1",0.646591597970781,0.602404517123824,0.0404066724167658,1.09355901399648,1999,0.1255,0.418333333333333,"raw","GSM8452847_Pt-1A","full_section"
"HALLMARK_MYC_TARGETS_V2",0.382918426287882,0.270541932651872,0.0554352869415392,2.02716536408516,1999,0.0355,0.147916666666667,"raw","GSM8452847_Pt-1A","full_section"
"HALLMARK_MYOGENESIS",0.566726675409682,0.5051070245474,0.0463691984612663,1.32889187018739,1999,0.094,0.35,"raw","GSM8452847_Pt-1A","full_section"
"HALLMARK_NOTCH_SIGNALING",0.22334469058369,0.219821758920457,0.0652544470271759,0.0539876104040244,1999,0.477,0.954,"raw","GSM8452847_Pt-1A","full_section"
"HALLMARK_OXIDATIVE_PHOSPHORYLATION",0.678173713335821,0.59468491832981,0.0419088224288217,1.99215320706778,1999,0.0105,0.065625,"raw","GSM8452847_Pt-1A","full_section"
"HALLMARK_P53_PATHWAY",0.708866150993116,0.521837150406558,0.0401637671672591,4.65665981499417,1999,5e-04,0.00625,"raw","GSM8452847_Pt-1A","full_section"
"HALLMARK_PANCREAS_BETA_CELLS",0.152961171058823,0.142487896896581,0.0582626040775034,0.179759801815745,1999,0.439,0.919791666666667,"raw","GSM8452847_Pt-1A","full_section"
"HALLMARK_PEROXISOME",0.428626502924993,0.374438402750982,0.0595537171484801,0.90990290394316,1999,0.18,0.529411764705882,"raw","GSM8452847_Pt-1A","full_section"
"HALLMARK_PI3K_AKT_MTOR_SIGNALING",0.424601730665817,0.424433286704777,0.0588975017964873,0.00285995086212696,1999,0.499,0.959615384615385,"raw","GSM8452847_Pt-1A","full_section"
"HALLMARK_PROTEIN_SECRETION",0.4754418733046,0.454216682227862,0.0551742874005246,0.384693524406737,1999,0.3515,0.798863636363636,"raw","GSM8452847_Pt-1A","full_section"
"HALLMARK_REACTIVE_OXYGEN_SPECIES_PATHWAY",0.336817462081442,0.415041200060225,0.0839798338039197,-0.931458594707674,1999,0.8325,0.9995,"raw","GSM8452847_Pt-1A","full_section"
"HALLMARK_SPERMATOGENESIS",0.19896327186098,0.161150501347105,0.0334892472806231,1.12910183370273,1999,0.152,0.475,"raw","GSM8452847_Pt-1A","full_section"
"HALLMARK_TGF_BETA_SIGNALING",0.281461924093886,0.392365844800889,0.0729051312984065,-1.52120870961832,1999,0.9515,0.9995,"raw","GSM8452847_Pt-1A","full_section"
"HALLMARK_TNFA_SIGNALING_VIA_NFKB",0.527757607365005,0.522046508548714,0.0428725789665962,0.133210992992538,1999,0.4415,0.919791666666667,"raw","GSM8452847_Pt-1A","full_section"
"HALLMARK_UNFOLDED_PROTEIN_RESPONSE",0.510689055196175,0.466823398410892,0.054356849266806,0.806994102435412,1999,0.211,0.586111111111111,"raw","GSM8452847_Pt-1A","full_section"
"HALLMARK_UV_RESPONSE_DN",0.318880555201603,0.458720200823798,0.0494110979017246,-2.83012625828161,1999,0.9995,0.9995,"raw","GSM8452847_Pt-1A","full_section"
"HALLMARK_UV_RESPONSE_UP",0.425489663482807,0.471329970869777,0.0476038029636919,-0.962954733300047,1999,0.8405,0.9995,"raw","GSM8452847_Pt-1A","full_section"
"HALLMARK_WNT_BETA_CATENIN_SIGNALING",0.197474979329922,0.219535799402534,0.0572561199272471,-0.385300647348152,1999,0.648,0.9995,"raw","GSM8452847_Pt-1A","full_section"
"HALLMARK_XENOBIOTIC_METABOLISM",0.444364505910611,0.480881506171608,0.0446399284345958,-0.818034471414989,1999,0.803,0.9995,"raw","GSM8452847_Pt-1A","full_section"
"HALLMARK_ADIPOGENESIS",0.309755784174238,0.294851009435999,0.013543783834368,1.10048823286867,1999,0.134,0.335,"marker","GSM8452847_Pt-1A","full_section"
"HALLMARK_ALLOGRAFT_REJECTION",0.16377588509916,0.213975756330133,0.0167248748495873,-3.00150952891653,1999,0.999,0.9995,"marker","GSM8452847_Pt-1A","full_section"
"HALLMARK_ANDROGEN_RESPONSE",0.206017478636534,0.215202877027283,0.0165722829072609,-0.554262707325853,1999,0.7135,0.9995,"marker","GSM8452847_Pt-1A","full_section"
"HALLMARK_ANGIOGENESIS",0.0775188759914993,0.130911414195719,0.0200716247055588,-2.66010046458438,1999,0.996,0.9995,"marker","GSM8452847_Pt-1A","full_section"
"HALLMARK_APICAL_JUNCTION",0.260598832036703,0.272099210763214,0.0136025644398636,-0.845456662039999,1999,0.787,0.9995,"marker","GSM8452847_Pt-1A","full_section"
"HALLMARK_APICAL_SURFACE",0.0902450852518789,0.086697032601801,0.0186486273774581,0.190258112742747,1999,0.4245,0.849,"marker","GSM8452847_Pt-1A","full_section"
"HALLMARK_APOPTOSIS",0.269194373044752,0.268003296464583,0.0160530481890804,0.0741962875921948,1999,0.479,0.882142857142857,"marker","GSM8452847_Pt-1A","full_section"
"HALLMARK_BILE_ACID_METABOLISM",0.137169456679181,0.135838973136469,0.0176200204431827,0.0755097615807503,1999,0.4735,0.882142857142857,"marker","GSM8452847_Pt-1A","full_section"
"HALLMARK_CHOLESTEROL_HOMEOSTASIS",0.237052277351599,0.171025825002332,0.0169025007598163,3.90631263902896,1999,0.001,0.00555555555555556,"marker","GSM8452847_Pt-1A","full_section"
"HALLMARK_COAGULATION",0.232376623633561,0.2441966854143,0.0162233499957717,-0.728583294068151,1999,0.7695,0.9995,"marker","GSM8452847_Pt-1A","full_section"
"HALLMARK_COMPLEMENT",0.225998547533322,0.252922109899324,0.0153441354139948,-1.75464838126013,1999,0.962,0.9995,"marker","GSM8452847_Pt-1A","full_section"
"HALLMARK_DNA_REPAIR",0.266733492313947,0.237437579719391,0.0140308669895918,2.08796167879635,1999,0.0295,0.113461538461538,"marker","GSM8452847_Pt-1A","full_section"
"HALLMARK_E2F_TARGETS",0.373294709052789,0.216211211091807,0.0153934043626229,10.2045976484838,1999,5e-04,0.003125,"marker","GSM8452847_Pt-1A","full_section"
"HALLMARK_EPITHELIAL_MESENCHYMAL_TRANSITION",0.282521746446464,0.310458772187578,0.0136406750411248,-2.04806768410561,1999,0.981,0.9995,"marker","GSM8452847_Pt-1A","full_section"
"HALLMARK_ESTROGEN_RESPONSE_EARLY",0.217370969192802,0.247522617175851,0.0154489498964343,-1.95169562884064,1999,0.9785,0.9995,"marker","GSM8452847_Pt-1A","full_section"
"HALLMARK_ESTROGEN_RESPONSE_LATE",0.279791410686239,0.254175754194759,0.0154031996722089,1.6630087927573,1999,0.045,0.160714285714286,"marker","GSM8452847_Pt-1A","full_section"
"HALLMARK_FATTY_ACID_METABOLISM",0.283583391558302,0.236113326252584,0.0164273116123344,2.88970383139715,1999,0.0015,0.0075,"marker","GSM8452847_Pt-1A","full_section"
"HALLMARK_G2M_CHECKPOINT",0.34546322818882,0.222918452941403,0.0148698876309156,8.24113660365782,1999,5e-04,0.003125,"marker","GSM8452847_Pt-1A","full_section"
"HALLMARK_GLYCOLYSIS",0.281908254364594,0.265493526797838,0.0142958412968586,1.14821696924991,1999,0.131,0.335,"marker","GSM8452847_Pt-1A","full_section"
"HALLMARK_HEDGEHOG_SIGNALING",0.0270756686746169,0.0763639401300517,0.0169662007279662,-2.90508595564301,1999,0.9995,0.9995,"marker","GSM8452847_Pt-1A","full_section"
"HALLMARK_HEME_METABOLISM",0.223625502003743,0.238423624566831,0.0154635646984194,-0.956967093402527,1999,0.8285,0.9995,"marker","GSM8452847_Pt-1A","full_section"
"HALLMARK_HYPOXIA",0.314314525998534,0.292169628455088,0.0142508993790266,1.55392982256525,1999,0.0625,0.20625,"marker","GSM8452847_Pt-1A","full_section"
"HALLMARK_IL2_STAT5_SIGNALING",0.21208399750329,0.243533961228123,0.0154677495201246,-2.0332604742477,1999,0.9805,0.9995,"marker","GSM8452847_Pt-1A","full_section"
"HALLMARK_IL6_JAK_STAT3_SIGNALING",0.156800323702517,0.156521690808877,0.0179818728882621,0.0154952098355651,1999,0.494,0.882142857142857,"marker","GSM8452847_Pt-1A","full_section"
"HALLMARK_INFLAMMATORY_RESPONSE",0.187535919032435,0.215672222092295,0.0165630431296599,-1.69873995011674,1999,0.971,0.9995,"marker","GSM8452847_Pt-1A","full_section"
"HALLMARK_INTERFERON_ALPHA_RESPONSE",0.185947459437396,0.173203605795108,0.0170224198259462,0.748651118500959,1999,0.228,0.518181818181818,"marker","GSM8452847_Pt-1A","full_section"
"HALLMARK_INTERFERON_GAMMA_RESPONSE",0.233028498534706,0.24220086982622,0.0154047500505294,-0.595424869694577,1999,0.726,0.9995,"marker","GSM8452847_Pt-1A","full_section"
"HALLMARK_KRAS_SIGNALING_DN",0.175717213348007,0.104937139769686,0.0156633722146088,4.5188272747746,1999,5e-04,0.003125,"marker","GSM8452847_Pt-1A","full_section"
"HALLMARK_KRAS_SIGNALING_UP",0.208168165844253,0.234667143045099,0.015271347429049,-1.73520884938021,1999,0.9555,0.9995,"marker","GSM8452847_Pt-1A","full_section"
"HALLMARK_MITOTIC_SPINDLE",0.240077523100321,0.24771900993826,0.0142914517935362,-0.534689333759331,1999,0.714,0.9995,"marker","GSM8452847_Pt-1A","full_section"
"HALLMARK_MTORC1_SIGNALING",0.334711810194522,0.277991227980513,0.0144443394307621,3.92683808670483,1999,5e-04,0.003125,"marker","GSM8452847_Pt-1A","full_section"
"HALLMARK_MYC_TARGETS_V1",0.393453091870986,0.325004120242228,0.0130492224131883,5.24544447641417,1999,5e-04,0.003125,"marker","GSM8452847_Pt-1A","full_section"
"HALLMARK_MYC_TARGETS_V2",0.233445929371854,0.127365082662593,0.0176051248158799,6.02556629496748,1999,5e-04,0.003125,"marker","GSM8452847_Pt-1A","full_section"
"HALLMARK_MYOGENESIS",0.529033644908791,0.258668421528545,0.0150881045455921,17.9190979598051,1999,5e-04,0.003125,"marker","GSM8452847_Pt-1A","full_section"
"HALLMARK_NOTCH_SIGNALING",0.0848633180642105,0.0954400909954949,0.0179083120755256,-0.590606914078688,1999,0.713,0.9995,"marker","GSM8452847_Pt-1A","full_section"
"HALLMARK_OXIDATIVE_PHOSPHORYLATION",0.446797278698731,0.318979781397613,0.0128636950613396,9.93629720633376,1999,5e-04,0.003125,"marker","GSM8452847_Pt-1A","full_section"
"HALLMARK_P53_PATHWAY",0.274040883580017,0.281133646559737,0.0143696106537695,-0.493594652674887,1999,0.6805,0.9995,"marker","GSM8452847_Pt-1A","full_section"
"HALLMARK_PANCREAS_BETA_CELLS",0.0685150220346405,0.059798395014399,0.0163933665753171,0.531716714818411,1999,0.303,0.640625,"marker","GSM8452847_Pt-1A","full_section"
"HALLMARK_PEROXISOME",0.198411005452491,0.180380572006885,0.0170383063723194,1.05822920727017,1999,0.1435,0.341666666666667,"marker","GSM8452847_Pt-1A","full_section"
"HALLMARK_PI3K_AKT_MTOR_SIGNALING",0.2316500402608,0.206613408236452,0.0179161969872498,1.3974300484732,1999,0.0775,0.227941176470588,"marker","GSM8452847_Pt-1A","full_section"
"HALLMARK_PROTEIN_SECRETION",0.209837074605853,0.223771914144739,0.0161780228115265,-0.861343793442938,1999,0.794,0.9995,"marker","GSM8452847_Pt-1A","full_section"
"HALLMARK_REACTIVE_OXYGEN_SPECIES_PATHWAY",0.239119463650791,0.185970379991106,0.0209367798353614,2.53855101298425,1999,0.0065,0.0270833333333333,"marker","GSM8452847_Pt-1A","full_section"
"HALLMARK_SPERMATOGENESIS",0.131476657750715,0.0791392627222648,0.01542269141591,3.39353188214989,1999,0.0025,0.0113636363636364,"marker","GSM8452847_Pt-1A","full_section"
"HALLMARK_TGF_BETA_SIGNALING",0.152350825572424,0.180576741592591,0.0190930125482202,-1.47833747811569,1999,0.937,0.9995,"marker","GSM8452847_Pt-1A","full_section"
"HALLMARK_TNFA_SIGNALING_VIA_NFKB",0.25130318643273,0.275776740514237,0.0140226535233235,-1.74528694164771,1999,0.958,0.9995,"marker","GSM8452847_Pt-1A","full_section"
"HALLMARK_UNFOLDED_PROTEIN_RESPONSE",0.241797400043393,0.233411528819841,0.0165286096030835,0.507354909150251,1999,0.3075,0.640625,"marker","GSM8452847_Pt-1A","full_section"
"HALLMARK_UV_RESPONSE_DN",0.212806332506452,0.233546091897069,0.0166114887460851,-1.2485190043851,1999,0.904,0.9995,"marker","GSM8452847_Pt-1A","full_section"
"HALLMARK_UV_RESPONSE_UP",0.259306626292904,0.239088990178335,0.0154437228252491,1.3091167423385,1999,0.093,0.258333333333333,"marker","GSM8452847_Pt-1A","full_section"
"HALLMARK_WNT_BETA_CATENIN_SIGNALING",0.0895873236530559,0.0973838142180478,0.0174675825587493,-0.446340559076779,1999,0.677,0.9995,"marker","GSM8452847_Pt-1A","full_section"
"HALLMARK_XENOBIOTIC_METABOLISM",0.270804033439737,0.248297536914736,0.0154608573792602,1.4557081779431,1999,0.066,0.20625,"marker","GSM8452847_Pt-1A","full_section"
"HALLMARK_ADIPOGENESIS",0.25574639150227,0.279622291701595,0.0196966573156313,-1.21218031144692,1999,0.89,0.908163265306122,"label_transfer","GSM8452847_Pt-1A","full_section"
"HALLMARK_ALLOGRAFT_REJECTION",0.213386869318529,0.177856680602731,0.0206562929307256,1.72006607550323,1999,0.0455,0.091,"label_transfer","GSM8452847_Pt-1A","full_section"
"HALLMARK_ANDROGEN_RESPONSE",0.226709362515913,0.176890581789025,0.021437512409118,2.32390679366784,1999,0.0135,0.0306818181818182,"label_transfer","GSM8452847_Pt-1A","full_section"
"HALLMARK_ANGIOGENESIS",0.228607490396653,0.0994890211219763,0.0221693907271541,5.82417761785967,1999,5e-04,0.00277777777777778,"label_transfer","GSM8452847_Pt-1A","full_section"
"HALLMARK_APICAL_JUNCTION",0.29649467510338,0.24325033481146,0.020934063392331,2.54343073745662,1999,0.0035,0.0102941176470588,"label_transfer","GSM8452847_Pt-1A","full_section"
"HALLMARK_APICAL_SURFACE",0.0504631359469635,0.0628316343904124,0.0177933494600373,-0.695119177602159,1999,0.7755,0.853260869565217,"label_transfer","GSM8452847_Pt-1A","full_section"
"HALLMARK_APOPTOSIS",0.313568571799412,0.242085228271874,0.0205752083781406,3.47424639467968,1999,0.002,0.00666666666666667,"label_transfer","GSM8452847_Pt-1A","full_section"
"HALLMARK_BILE_ACID_METABOLISM",0.079683479753871,0.104426104870195,0.0178104970624865,-1.38921586688552,1999,0.917,0.917,"label_transfer","GSM8452847_Pt-1A","full_section"
"HALLMARK_CHOLESTEROL_HOMEOSTASIS",0.203392219410434,0.131555815691937,0.0217247004451369,3.30666947053703,1999,0.0015,0.00576923076923077,"label_transfer","GSM8452847_Pt-1A","full_section"
"HALLMARK_COAGULATION",0.317594823840053,0.213402761870283,0.0232468121352726,4.48199354661963,1999,5e-04,0.00277777777777778,"label_transfer","GSM8452847_Pt-1A","full_section"
"HALLMARK_COMPLEMENT",0.274112901533021,0.223815579892298,0.0201823239362802,2.49214717787316,1999,0.0055,0.0152777777777778,"label_transfer","GSM8452847_Pt-1A","full_section"
"HALLMARK_DNA_REPAIR",0.205352448873879,0.198917673730661,0.0191592821181107,0.33585679795048,1999,0.371,0.493421052631579,"label_transfer","GSM8452847_Pt-1A","full_section"
"HALLMARK_E2F_TARGETS",0.350929953585549,0.183582645398866,0.0189995387023509,8.80796690953219,1999,5e-04,0.00277777777777778,"label_transfer","GSM8452847_Pt-1A","full_section"
"HALLMARK_EPITHELIAL_MESENCHYMAL_TRANSITION",0.458069771260589,0.295478512233992,0.0198080105611132,8.20835886193411,1999,5e-04,0.00277777777777778,"label_transfer","GSM8452847_Pt-1A","full_section"
"HALLMARK_ESTROGEN_RESPONSE_EARLY",0.247023518954085,0.214474121761649,0.0200960705206393,1.61968963828062,1999,0.052,0.1,"label_transfer","GSM8452847_Pt-1A","full_section"
"HALLMARK_ESTROGEN_RESPONSE_LATE",0.258853691948975,0.225194981434431,0.021328646883551,1.57809872788986,1999,0.057,0.105555555555556,"label_transfer","GSM8452847_Pt-1A","full_section"
"HALLMARK_FATTY_ACID_METABOLISM",0.19831497322996,0.201422828705268,0.0202834324935924,-0.153221377904813,1999,0.561,0.697619047619048,"label_transfer","GSM8452847_Pt-1A","full_section"
"HALLMARK_G2M_CHECKPOINT",0.35374409764655,0.189282658034954,0.0176086708407592,9.33979861960471,1999,5e-04,0.00277777777777778,"label_transfer","GSM8452847_Pt-1A","full_section"
"HALLMARK_GLYCOLYSIS",0.312536604696979,0.236793480146385,0.0200075325860873,3.78573041051869,1999,5e-04,0.00277777777777778,"label_transfer","GSM8452847_Pt-1A","full_section"
"HALLMARK_HEDGEHOG_SIGNALING",0.039886966635242,0.0553839813153681,0.0185621692442775,-0.834870885842376,1999,0.8215,0.856770833333333,"label_transfer","GSM8452847_Pt-1A","full_section"
"HALLMARK_HEME_METABOLISM",0.189645314108526,0.202578549998676,0.0201373224073713,-0.642252014866449,1999,0.7415,0.842613636363637,"label_transfer","GSM8452847_Pt-1A","full_section"
"HALLMARK_HYPOXIA",0.340226995507903,0.272861449421281,0.0203925722755458,3.30343544582675,1999,0.001,0.005,"label_transfer","GSM8452847_Pt-1A","full_section"
"HALLMARK_IL2_STAT5_SIGNALING",0.221458758647664,0.212924406433992,0.0201893436044588,0.422715685109591,1999,0.346,0.493421052631579,"label_transfer","GSM8452847_Pt-1A","full_section"
"HALLMARK_IL6_JAK_STAT3_SIGNALING",0.146667485844517,0.118387928444123,0.0189261387754037,1.49420638493605,1999,0.076,0.135344827586207,"label_transfer","GSM8452847_Pt-1A","full_section"
"HALLMARK_INFLAMMATORY_RESPONSE",0.202796415306593,0.180748133351136,0.0197708385444376,1.11519204943689,1999,0.122,0.19296875,"label_transfer","GSM8452847_Pt-1A","full_section"
"HALLMARK_INTERFERON_ALPHA_RESPONSE",0.179051934066166,0.134782721961803,0.0196608702336652,2.25164052141296,1999,0.02,0.0434782608695652,"label_transfer","GSM8452847_Pt-1A","full_section"
"HALLMARK_INTERFERON_GAMMA_RESPONSE",0.233461780141549,0.211438118443757,0.0199299593547852,1.10505301620213,1999,0.1475,0.223484848484848,"label_transfer","GSM8452847_Pt-1A","full_section"
"HALLMARK_KRAS_SIGNALING_DN",0.162028780422524,0.0785306987033003,0.0170511972096677,4.89690434592372,1999,5e-04,0.00277777777777778,"label_transfer","GSM8452847_Pt-1A","full_section"
"HALLMARK_KRAS_SIGNALING_UP",0.249802992785061,0.201461722200344,0.0197599776588117,2.44642334214181,1999,0.0085,0.02125,"label_transfer","GSM8452847_Pt-1A","full_section"
"HALLMARK_MITOTIC_SPINDLE",0.253448476825504,0.215377815446228,0.0191161761841989,1.99154166672438,1999,0.0245,0.0510416666666667,"label_transfer","GSM8452847_Pt-1A","full_section"
"HALLMARK_MTORC1_SIGNALING",0.313413459219048,0.253287250410195,0.0194732270235662,3.08763456288415,1999,0.002,0.00666666666666667,"label_transfer","GSM8452847_Pt-1A","full_section"
"HALLMARK_MYC_TARGETS_V1",0.344767159436369,0.325941176397344,0.0197105156903483,0.955123819933499,1999,0.18,0.264705882352941,"label_transfer","GSM8452847_Pt-1A","full_section"
"HALLMARK_MYC_TARGETS_V2",0.172262275716359,0.0917335460084316,0.0181297138479803,4.44180919694432,1999,0.0015,0.00576923076923077,"label_transfer","GSM8452847_Pt-1A","full_section"
"HALLMARK_MYOGENESIS",0.560499401190092,0.231351620450016,0.0206621365012854,15.9299973998139,1999,5e-04,0.00277777777777778,"label_transfer","GSM8452847_Pt-1A","full_section"
"HALLMARK_NOTCH_SIGNALING",0.0941907393518217,0.0674531472711885,0.0184526890055045,1.44898080017809,1999,0.082,0.136666666666667,"label_transfer","GSM8452847_Pt-1A","full_section"
"HALLMARK_OXIDATIVE_PHOSPHORYLATION",0.383185829543307,0.320498732252467,0.0198117518379288,3.16413701340778,1999,0.0015,0.00576923076923077,"label_transfer","GSM8452847_Pt-1A","full_section"
"HALLMARK_P53_PATHWAY",0.349988887303764,0.25431094211392,0.0190682728566842,5.01765135777914,1999,5e-04,0.00277777777777778,"label_transfer","GSM8452847_Pt-1A","full_section"
"HALLMARK_PANCREAS_BETA_CELLS",0.0655339292507675,0.0436711215440848,0.0170193728653797,1.28458362594285,1999,0.1235,0.19296875,"label_transfer","GSM8452847_Pt-1A","full_section"
"HALLMARK_PEROXISOME",0.147541220201995,0.141522994180542,0.0198857975808745,0.302639408702487,1999,0.392,0.502564102564103,"label_transfer","GSM8452847_Pt-1A","full_section"
"HALLMARK_PI3K_AKT_MTOR_SIGNALING",0.176952921752468,0.168983894113632,0.0223134308964816,0.357140400138659,1999,0.36,0.493421052631579,"label_transfer","GSM8452847_Pt-1A","full_section"
"HALLMARK_PROTEIN_SECRETION",0.172164436224106,0.18404131087635,0.0223507300272655,-0.531386430678328,1999,0.7045,0.819186046511628,"label_transfer","GSM8452847_Pt-1A","full_section"
"HALLMARK_REACTIVE_OXYGEN_SPECIES_PATHWAY",0.134361737019841,0.153560443519834,0.0247297569378812,-0.776340283012796,1999,0.785,0.853260869565217,"label_transfer","GSM8452847_Pt-1A","full_section"
"HALLMARK_SPERMATOGENESIS",0.0988829017230763,0.057877436159181,0.0156083983889153,2.62714114172127,1999,0.01,0.0238095238095238,"label_transfer","GSM8452847_Pt-1A","full_section"
"HALLMARK_TGF_BETA_SIGNALING",0.17435789472914,0.14017019280998,0.0234069275431903,1.46058049934475,1999,0.0785,0.135344827586207,"label_transfer","GSM8452847_Pt-1A","full_section"
"HALLMARK_TNFA_SIGNALING_VIA_NFKB",0.301523365337045,0.249826035325386,0.0202194576445765,2.55681091552552,1999,0.0065,0.0171052631578947,"label_transfer","GSM8452847_Pt-1A","full_section"
"HALLMARK_UNFOLDED_PROTEIN_RESPONSE",0.178820649724278,0.198508232433375,0.0218716165210152,-0.900143009099515,1999,0.8225,0.856770833333333,"label_transfer","GSM8452847_Pt-1A","full_section"
"HALLMARK_UV_RESPONSE_DN",0.259586977774444,0.198266160390794,0.02020963742672,3.03423639370073,1999,0.003,0.009375,"label_transfer","GSM8452847_Pt-1A","full_section"
"HALLMARK_UV_RESPONSE_UP",0.201114328616956,0.204600762557232,0.0202879921796254,-0.171847165032782,1999,0.5755,0.697619047619048,"label_transfer","GSM8452847_Pt-1A","full_section"
"HALLMARK_WNT_BETA_CATENIN_SIGNALING",0.0650337643983102,0.0690042653437613,0.0170800436765676,-0.232464332096427,1999,0.586,0.697619047619048,"label_transfer","GSM8452847_Pt-1A","full_section"
"HALLMARK_XENOBIOTIC_METABOLISM",0.223849541905222,0.217166846995302,0.0200627774226585,0.33308922135439,1999,0.375,0.493421052631579,"label_transfer","GSM8452847_Pt-1A","full_section"
"HALLMARK_ADIPOGENESIS",0.478925011802876,0.555146899247141,0.0400228097635887,-1.90446117837556,1999,0.9705,0.9995,"raw","GSM8452847_Pt-1A","RCTD_intersection"
"HALLMARK_ALLOGRAFT_REJECTION",0.292803096955579,0.42690348560875,0.0503430565233289,-2.66373156327981,1999,0.9975,0.9995,"raw","GSM8452847_Pt-1A","RCTD_intersection"
"HALLMARK_ANDROGEN_RESPONSE",0.473521028594486,0.438914152972491,0.0597819770596327,0.578884763002635,1999,0.289,0.7225,"raw","GSM8452847_Pt-1A","RCTD_intersection"
"HALLMARK_ANGIOGENESIS",0.254290521114237,0.305672345739378,0.0876452201422279,-0.586247881421941,1999,0.722,0.9995,"raw","GSM8452847_Pt-1A","RCTD_intersection"
"HALLMARK_APICAL_JUNCTION",0.424014041808582,0.521153308975796,0.0434432626331711,-2.23600303659153,1999,0.9865,0.9995,"raw","GSM8452847_Pt-1A","RCTD_intersection"
"HALLMARK_APICAL_SURFACE",0.143912744373022,0.209502787093659,0.0668970686169688,-0.980462134988076,1999,0.8685,0.9995,"raw","GSM8452847_Pt-1A","RCTD_intersection"
"HALLMARK_APOPTOSIS",0.474897761263094,0.521476277180266,0.0486279488683586,-0.957854834536933,1999,0.8275,0.9995,"raw","GSM8452847_Pt-1A","RCTD_intersection"
"HALLMARK_BILE_ACID_METABOLISM",0.323649276200547,0.285913742967753,0.0509878164136694,0.7400892190919,1999,0.238,0.626315789473684,"raw","GSM8452847_Pt-1A","RCTD_intersection"
"HALLMARK_CHOLESTEROL_HOMEOSTASIS",0.578551091358194,0.358250078143163,0.0605421686741289,3.63880280537705,1999,5e-04,0.00625,"raw","GSM8452847_Pt-1A","RCTD_intersection"
"HALLMARK_COAGULATION",0.453821234594062,0.50523376821157,0.0596868929544933,-0.861370580249608,1999,0.8025,0.9995,"raw","GSM8452847_Pt-1A","RCTD_intersection"
"HALLMARK_COMPLEMENT",0.346682508021705,0.49478233529395,0.04658194756756,-3.17933952970621,1999,0.9995,0.9995,"raw","GSM8452847_Pt-1A","RCTD_intersection"
"HALLMARK_DNA_REPAIR",0.543872846593197,0.458898377098121,0.0452209828100392,1.87909382359137,1999,0.032,0.145454545454545,"raw","GSM8452847_Pt-1A","RCTD_intersection"
"HALLMARK_E2F_TARGETS",0.564732182984031,0.415575193667335,0.0414753697254555,3.5962787144282,1999,5e-04,0.00625,"raw","GSM8452847_Pt-1A","RCTD_intersection"
"HALLMARK_EPITHELIAL_MESENCHYMAL_TRANSITION",0.526257253899243,0.596036207075742,0.0426529121329364,-1.63597160632359,1999,0.9475,0.9995,"raw","GSM8452847_Pt-1A","RCTD_intersection"
"HALLMARK_ESTROGEN_RESPONSE_EARLY",0.596484527477335,0.470143788067312,0.041970553736338,3.01022331522487,1999,0.0015,0.0125,"raw","GSM8452847_Pt-1A","RCTD_intersection"
"HALLMARK_ESTROGEN_RESPONSE_LATE",0.641282091810521,0.487355109828852,0.0448000406515605,3.43586701581055,1999,0.001,0.01,"raw","GSM8452847_Pt-1A","RCTD_intersection"
"HALLMARK_FATTY_ACID_METABOLISM",0.522875626404402,0.460188444451955,0.0484725762857054,1.29325046770689,1999,0.098,0.35,"raw","GSM8452847_Pt-1A","RCTD_intersection"
"HALLMARK_G2M_CHECKPOINT",0.514568871950183,0.42889872065012,0.0422240461917,2.02894225037352,1999,0.024,0.12,"raw","GSM8452847_Pt-1A","RCTD_intersection"
"HALLMARK_GLYCOLYSIS",0.720154314182132,0.500123261304282,0.0427611686179741,5.14558090878188,1999,5e-04,0.00625,"raw","GSM8452847_Pt-1A","RCTD_intersection"
"HALLMARK_HEDGEHOG_SIGNALING",0.0786266331719449,0.177838513558655,0.0633766064036792,-1.56543377780086,1999,0.995,0.9995,"raw","GSM8452847_Pt-1A","RCTD_intersection"
"HALLMARK_HEME_METABOLISM",0.450729472044262,0.45608728702586,0.0428201519794354,-0.125123679714445,1999,0.547,0.9995,"raw","GSM8452847_Pt-1A","RCTD_intersection"
"HALLMARK_HYPOXIA",0.633177271880139,0.548923310573495,0.0422545400024546,1.99396233639628,1999,0.0155,0.0861111111111111,"raw","GSM8452847_Pt-1A","RCTD_intersection"
"HALLMARK_IL2_STAT5_SIGNALING",0.373263049091626,0.469865013535555,0.0473915016661018,-2.03838158842361,1999,0.9905,0.9995,"raw","GSM8452847_Pt-1A","RCTD_intersection"
"HALLMARK_IL6_JAK_STAT3_SIGNALING",0.296127796114616,0.340704845555226,0.0612475871182486,-0.727817233918884,1999,0.772,0.9995,"raw","GSM8452847_Pt-1A","RCTD_intersection"
"HALLMARK_INFLAMMATORY_RESPONSE",0.295043732279751,0.424506396733121,0.045807206292347,-2.82625104065774,1999,0.998,0.9995,"raw","GSM8452847_Pt-1A","RCTD_intersection"
"HALLMARK_INTERFERON_ALPHA_RESPONSE",0.295885944443705,0.360132395697931,0.0571072134799345,-1.12501464069508,1999,0.888,0.9995,"raw","GSM8452847_Pt-1A","RCTD_intersection"
"HALLMARK_INTERFERON_GAMMA_RESPONSE",0.413323920983469,0.471794785458806,0.0436722693140172,-1.33885564899121,1999,0.9015,0.9995,"raw","GSM8452847_Pt-1A","RCTD_intersection"
"HALLMARK_KRAS_SIGNALING_DN",0.229667678066848,0.21374787255727,0.038218419121298,0.416547985908347,1999,0.331,0.788095238095238,"raw","GSM8452847_Pt-1A","RCTD_intersection"
"HALLMARK_KRAS_SIGNALING_UP",0.353124205990711,0.452737407217687,0.044394465093191,-2.24382028295357,1999,0.9925,0.9995,"raw","GSM8452847_Pt-1A","RCTD_intersection"
"HALLMARK_MITOTIC_SPINDLE",0.448865137371541,0.471824794545713,0.0401117782926164,-0.572391904609183,1999,0.715,0.9995,"raw","GSM8452847_Pt-1A","RCTD_intersection"
"HALLMARK_MTORC1_SIGNALING",0.636451457626994,0.523242818527103,0.0402712800182766,2.81115075181401,1999,0.004,0.0285714285714286,"raw","GSM8452847_Pt-1A","RCTD_intersection"
"HALLMARK_MYC_TARGETS_V1",0.646591597970781,0.602404517123824,0.0404066724167658,1.09355901399648,1999,0.1255,0.418333333333333,"raw","GSM8452847_Pt-1A","RCTD_intersection"
"HALLMARK_MYC_TARGETS_V2",0.382918426287882,0.270541932651872,0.0554352869415392,2.02716536408516,1999,0.0355,0.147916666666667,"raw","GSM8452847_Pt-1A","RCTD_intersection"
"HALLMARK_MYOGENESIS",0.566726675409682,0.5051070245474,0.0463691984612663,1.32889187018739,1999,0.094,0.35,"raw","GSM8452847_Pt-1A","RCTD_intersection"
"HALLMARK_NOTCH_SIGNALING",0.22334469058369,0.219821758920457,0.0652544470271759,0.0539876104040244,1999,0.477,0.954,"raw","GSM8452847_Pt-1A","RCTD_intersection"
"HALLMARK_OXIDATIVE_PHOSPHORYLATION",0.678173713335821,0.59468491832981,0.0419088224288217,1.99215320706778,1999,0.0105,0.065625,"raw","GSM8452847_Pt-1A","RCTD_intersection"
"HALLMARK_P53_PATHWAY",0.708866150993116,0.521837150406558,0.0401637671672591,4.65665981499417,1999,5e-04,0.00625,"raw","GSM8452847_Pt-1A","RCTD_intersection"
"HALLMARK_PANCREAS_BETA_CELLS",0.152961171058823,0.142487896896581,0.0582626040775034,0.179759801815745,1999,0.439,0.919791666666667,"raw","GSM8452847_Pt-1A","RCTD_intersection"
"HALLMARK_PEROXISOME",0.428626502924993,0.374438402750982,0.0595537171484801,0.90990290394316,1999,0.18,0.529411764705882,"raw","GSM8452847_Pt-1A","RCTD_intersection"
"HALLMARK_PI3K_AKT_MTOR_SIGNALING",0.424601730665817,0.424433286704777,0.0588975017964873,0.00285995086212696,1999,0.499,0.959615384615385,"raw","GSM8452847_Pt-1A","RCTD_intersection"
"HALLMARK_PROTEIN_SECRETION",0.4754418733046,0.454216682227862,0.0551742874005246,0.384693524406737,1999,0.3515,0.798863636363636,"raw","GSM8452847_Pt-1A","RCTD_intersection"
"HALLMARK_REACTIVE_OXYGEN_SPECIES_PATHWAY",0.336817462081442,0.415041200060225,0.0839798338039197,-0.931458594707674,1999,0.8325,0.9995,"raw","GSM8452847_Pt-1A","RCTD_intersection"
"HALLMARK_SPERMATOGENESIS",0.19896327186098,0.161150501347105,0.0334892472806231,1.12910183370273,1999,0.152,0.475,"raw","GSM8452847_Pt-1A","RCTD_intersection"
"HALLMARK_TGF_BETA_SIGNALING",0.281461924093886,0.392365844800889,0.0729051312984065,-1.52120870961832,1999,0.9515,0.9995,"raw","GSM8452847_Pt-1A","RCTD_intersection"
"HALLMARK_TNFA_SIGNALING_VIA_NFKB",0.527757607365005,0.522046508548714,0.0428725789665962,0.133210992992538,1999,0.4415,0.919791666666667,"raw","GSM8452847_Pt-1A","RCTD_intersection"
"HALLMARK_UNFOLDED_PROTEIN_RESPONSE",0.510689055196175,0.466823398410892,0.054356849266806,0.806994102435412,1999,0.211,0.586111111111111,"raw","GSM8452847_Pt-1A","RCTD_intersection"
"HALLMARK_UV_RESPONSE_DN",0.318880555201603,0.458720200823798,0.0494110979017246,-2.83012625828161,1999,0.9995,0.9995,"raw","GSM8452847_Pt-1A","RCTD_intersection"
"HALLMARK_UV_RESPONSE_UP",0.425489663482807,0.471329970869777,0.0476038029636919,-0.962954733300047,1999,0.8405,0.9995,"raw","GSM8452847_Pt-1A","RCTD_intersection"
"HALLMARK_WNT_BETA_CATENIN_SIGNALING",0.197474979329922,0.219535799402534,0.0572561199272471,-0.385300647348152,1999,0.648,0.9995,"raw","GSM8452847_Pt-1A","RCTD_intersection"
"HALLMARK_XENOBIOTIC_METABOLISM",0.444364505910611,0.480881506171608,0.0446399284345958,-0.818034471414989,1999,0.803,0.9995,"raw","GSM8452847_Pt-1A","RCTD_intersection"
"HALLMARK_ADIPOGENESIS",0.347039608067482,0.292802034107829,0.0169145142622387,3.20656999774083,1999,0.0015,0.00833333333333333,"RCTD","GSM8452847_Pt-1A","RCTD_intersection"
"HALLMARK_ALLOGRAFT_REJECTION",0.199832920419627,0.208907445721558,0.0200117582245343,-0.453459671065042,1999,0.6785,0.848125,"RCTD","GSM8452847_Pt-1A","RCTD_intersection"
"HALLMARK_ANDROGEN_RESPONSE",0.229270783644561,0.204825378975964,0.0196531056358215,1.24384436340894,1999,0.118,0.295,"RCTD","GSM8452847_Pt-1A","RCTD_intersection"
"HALLMARK_ANGIOGENESIS",0.133333205175991,0.114165429151823,0.022522514357078,0.85104956401747,1999,0.209,0.401923076923077,"RCTD","GSM8452847_Pt-1A","RCTD_intersection"
"HALLMARK_APICAL_JUNCTION",0.256570664898589,0.269657918371526,0.0181550945279125,-0.720858459470788,1999,0.765,0.910714285714286,"RCTD","GSM8452847_Pt-1A","RCTD_intersection"
"HALLMARK_APICAL_SURFACE",0.0720751427965111,0.0775897390986695,0.0192388805836682,-0.286638106524748,1999,0.6145,0.808552631578948,"RCTD","GSM8452847_Pt-1A","RCTD_intersection"
"HALLMARK_APOPTOSIS",0.275156194685966,0.263217615384803,0.0191181141339775,0.624464276000128,1999,0.2815,0.502678571428571,"RCTD","GSM8452847_Pt-1A","RCTD_intersection"
"HALLMARK_BILE_ACID_METABOLISM",0.136442637611639,0.131229975172503,0.0191992002940319,0.271504143886445,1999,0.3955,0.61796875,"RCTD","GSM8452847_Pt-1A","RCTD_intersection"
"HALLMARK_CHOLESTEROL_HOMEOSTASIS",0.222607118860672,0.1604124102711,0.02063849560115,3.01352917342032,1999,0.002,0.00909090909090909,"RCTD","GSM8452847_Pt-1A","RCTD_intersection"
"HALLMARK_COAGULATION",0.260765376312149,0.233186984677445,0.0214130926763467,1.2879219294263,1999,0.11,0.289473684210526,"RCTD","GSM8452847_Pt-1A","RCTD_intersection"
"HALLMARK_COMPLEMENT",0.242458594125689,0.250243033242223,0.01897236548182,-0.410304088016512,1999,0.655,0.83974358974359,"RCTD","GSM8452847_Pt-1A","RCTD_intersection"
"HALLMARK_DNA_REPAIR",0.261631165582551,0.233470102364055,0.018989461658444,1.48298375830856,1999,0.062,0.182352941176471,"RCTD","GSM8452847_Pt-1A","RCTD_intersection"
"HALLMARK_E2F_TARGETS",0.411361525522193,0.219502091443559,0.0181314819328721,10.5815638671429,1999,5e-04,0.00357142857142857,"RCTD","GSM8452847_Pt-1A","RCTD_intersection"
"HALLMARK_EPITHELIAL_MESENCHYMAL_TRANSITION",0.315767517498641,0.311011258016047,0.0176138353316045,0.270029746108719,1999,0.3915,0.61796875,"RCTD","GSM8452847_Pt-1A","RCTD_intersection"
"HALLMARK_ESTROGEN_RESPONSE_EARLY",0.222694671377386,0.246718088588548,0.0185181302850141,-1.29729172661688,1999,0.911,0.948958333333333,"RCTD","GSM8452847_Pt-1A","RCTD_intersection"
"HALLMARK_ESTROGEN_RESPONSE_LATE",0.306832078829205,0.251754711134721,0.0188725691231097,2.91838208858601,1999,0.004,0.0166666666666667,"RCTD","GSM8452847_Pt-1A","RCTD_intersection"
"HALLMARK_FATTY_ACID_METABOLISM",0.28410111374336,0.231966349297179,0.0189133795032425,2.75650178950003,1999,0.005,0.0192307692307692,"RCTD","GSM8452847_Pt-1A","RCTD_intersection"
"HALLMARK_G2M_CHECKPOINT",0.389249975515727,0.225160582861179,0.0173649927925055,9.44943626612774,1999,5e-04,0.00357142857142857,"RCTD","GSM8452847_Pt-1A","RCTD_intersection"
"HALLMARK_GLYCOLYSIS",0.290555354859092,0.264628744848392,0.0180548636115862,1.43599035520061,1999,0.085,0.236111111111111,"RCTD","GSM8452847_Pt-1A","RCTD_intersection"
"HALLMARK_HEDGEHOG_SIGNALING",0.0184424710847399,0.0688821737153345,0.0196627668988919,-2.56523931194227,1999,0.9995,0.9995,"RCTD","GSM8452847_Pt-1A","RCTD_intersection"
"HALLMARK_HEME_METABOLISM",0.214978237161966,0.235923713539943,0.0192836501722131,-1.08617798969197,1999,0.856,0.940217391304348,"RCTD","GSM8452847_Pt-1A","RCTD_intersection"
"HALLMARK_HYPOXIA",0.266612638966323,0.293308624735869,0.0189940411891432,-1.40549267550314,1999,0.9305,0.949489795918367,"RCTD","GSM8452847_Pt-1A","RCTD_intersection"
"HALLMARK_IL2_STAT5_SIGNALING",0.218058270771099,0.242148354778956,0.0186638167090281,-1.29073727970142,1999,0.903,0.948958333333333,"RCTD","GSM8452847_Pt-1A","RCTD_intersection"
"HALLMARK_IL6_JAK_STAT3_SIGNALING",0.155707002014167,0.147611907885164,0.0204407470138241,0.396027313655819,1999,0.349,0.601724137931034,"RCTD","GSM8452847_Pt-1A","RCTD_intersection"
"HALLMARK_INFLAMMATORY_RESPONSE",0.193084354517979,0.212992623617675,0.0190320809271882,-1.04603743415443,1999,0.8525,0.940217391304348,"RCTD","GSM8452847_Pt-1A","RCTD_intersection"
"HALLMARK_INTERFERON_ALPHA_RESPONSE",0.188802161277895,0.166440482422435,0.0204501277134795,1.0934737997123,1999,0.1455,0.344,"RCTD","GSM8452847_Pt-1A","RCTD_intersection"
"HALLMARK_INTERFERON_GAMMA_RESPONSE",0.247235290813137,0.241821563896792,0.0190600064137421,0.28403594410344,1999,0.382,0.61796875,"RCTD","GSM8452847_Pt-1A","RCTD_intersection"
"HALLMARK_KRAS_SIGNALING_DN",0.174570165152226,0.104748377309888,0.0180911945472466,3.85943491238197,1999,0.001,0.00625,"RCTD","GSM8452847_Pt-1A","RCTD_intersection"
"HALLMARK_KRAS_SIGNALING_UP",0.246186524519735,0.232924792960164,0.0185731697643079,0.714026293188586,1999,0.241,0.446296296296296,"RCTD","GSM8452847_Pt-1A","RCTD_intersection"
"HALLMARK_MITOTIC_SPINDLE",0.244785847139196,0.249098691159681,0.0185985626578409,-0.231891254169933,1999,0.599,0.808552631578948,"RCTD","GSM8452847_Pt-1A","RCTD_intersection"
"HALLMARK_MTORC1_SIGNALING",0.355263839106844,0.278103219167419,0.0176259337561283,4.37767558910727,1999,5e-04,0.00357142857142857,"RCTD","GSM8452847_Pt-1A","RCTD_intersection"
"HALLMARK_MYC_TARGETS_V1",0.428362850998217,0.324459114158458,0.0172904444857483,6.00931554567045,1999,5e-04,0.00357142857142857,"RCTD","GSM8452847_Pt-1A","RCTD_intersection"
"HALLMARK_MYC_TARGETS_V2",0.257209885577173,0.118254091301183,0.0196561449818127,7.06933096009223,1999,5e-04,0.00357142857142857,"RCTD","GSM8452847_Pt-1A","RCTD_intersection"
"HALLMARK_MYOGENESIS",0.464322103024762,0.256115769967412,0.0192066401157096,10.8403308336606,1999,5e-04,0.00357142857142857,"RCTD","GSM8452847_Pt-1A","RCTD_intersection"
"HALLMARK_NOTCH_SIGNALING",0.0814614957751688,0.0845265393868399,0.0188015474391808,-0.16302081632301,1999,0.5585,0.775694444444444,"RCTD","GSM8452847_Pt-1A","RCTD_intersection"
"HALLMARK_OXIDATIVE_PHOSPHORYLATION",0.495488431254603,0.316288414692814,0.0170483275012779,10.5112959936015,1999,5e-04,0.00357142857142857,"RCTD","GSM8452847_Pt-1A","RCTD_intersection"
"HALLMARK_P53_PATHWAY",0.296867237365671,0.279410807308528,0.0182776010305107,0.955072278249397,1999,0.167,0.344,"RCTD","GSM8452847_Pt-1A","RCTD_intersection"
"HALLMARK_PANCREAS_BETA_CELLS",0.070485964938326,0.0528601266374523,0.0173322664859463,1.01693787798413,1999,0.1665,0.344,"RCTD","GSM8452847_Pt-1A","RCTD_intersection"
"HALLMARK_PEROXISOME",0.20674182794408,0.171059960511831,0.0198534948552941,1.79725875430609,1999,0.043,0.134375,"RCTD","GSM8452847_Pt-1A","RCTD_intersection"
"HALLMARK_PI3K_AKT_MTOR_SIGNALING",0.217896592433434,0.196541330445123,0.0215008664667253,0.993227971596418,1999,0.172,0.344,"RCTD","GSM8452847_Pt-1A","RCTD_intersection"
"HALLMARK_PROTEIN_SECRETION",0.191523191837364,0.212366810791174,0.0198799790665694,-1.04847288239155,1999,0.865,0.940217391304348,"RCTD","GSM8452847_Pt-1A","RCTD_intersection"
"HALLMARK_REACTIVE_OXYGEN_SPECIES_PATHWAY",0.225664675117287,0.167863118510368,0.0245888050900657,2.35072653572224,1999,0.0155,0.0516666666666667,"RCTD","GSM8452847_Pt-1A","RCTD_intersection"
"HALLMARK_SPERMATOGENESIS",0.140751239821962,0.0780826346842942,0.0175621242309524,3.56839550350163,1999,0.002,0.00909090909090909,"RCTD","GSM8452847_Pt-1A","RCTD_intersection"
"HALLMARK_TGF_BETA_SIGNALING",0.168405001232487,0.164929226557305,0.0226950009497694,0.153151554515274,1999,0.442,0.658823529411765,"RCTD","GSM8452847_Pt-1A","RCTD_intersection"
"HALLMARK_TNFA_SIGNALING_VIA_NFKB",0.264779462495405,0.274694005810584,0.0179609881661959,-0.552004334251442,1999,0.7055,0.860365853658537,"RCTD","GSM8452847_Pt-1A","RCTD_intersection"
"HALLMARK_UNFOLDED_PROTEIN_RESPONSE",0.22683832788378,0.22395370969468,0.019499492205963,0.14793299018412,1999,0.448,0.658823529411765,"RCTD","GSM8452847_Pt-1A","RCTD_intersection"
"HALLMARK_UV_RESPONSE_DN",0.231213036405394,0.22947051983776,0.0206855767716017,0.084238239372002,1999,0.464,0.662857142857143,"RCTD","GSM8452847_Pt-1A","RCTD_intersection"
"HALLMARK_UV_RESPONSE_UP",0.284214440805992,0.233473678732759,0.0195634573428533,2.59365004784134,1999,0.007,0.025,"RCTD","GSM8452847_Pt-1A","RCTD_intersection"
"HALLMARK_WNT_BETA_CATENIN_SIGNALING",0.0701340775016708,0.0897939963971866,0.0181022262106495,-1.08604978563078,1999,0.8615,0.940217391304348,"RCTD","GSM8452847_Pt-1A","RCTD_intersection"
"HALLMARK_XENOBIOTIC_METABOLISM",0.264761895254801,0.245298474891185,0.01876731090917,1.03709159281346,1999,0.163,0.344,"RCTD","GSM8452847_Pt-1A","RCTD_intersection"
"HALLMARK_ADIPOGENESIS",0.489623035872767,0.564633456027561,0.0402990772958298,-1.86134336536175,1999,0.9575,1,"raw","GSM8452847_Pt-1A","label_malignant_subset"
"HALLMARK_ALLOGRAFT_REJECTION",0.299664037768922,0.433969250721063,0.0511511589981645,-2.62565336900695,1999,0.999,1,"raw","GSM8452847_Pt-1A","label_malignant_subset"
"HALLMARK_ANDROGEN_RESPONSE",0.483877395879195,0.444563808019797,0.0572698663277812,0.686462015371036,1999,0.251,0.6275,"raw","GSM8452847_Pt-1A","label_malignant_subset"
"HALLMARK_ANGIOGENESIS",0.254392902893102,0.313663126423816,0.0913377576159938,-0.648912619246696,1999,0.736,1,"raw","GSM8452847_Pt-1A","label_malignant_subset"
"HALLMARK_APICAL_JUNCTION",0.431110143420405,0.531164438371511,0.0458792744662149,-2.18081685282066,1999,0.987,1,"raw","GSM8452847_Pt-1A","label_malignant_subset"
"HALLMARK_APICAL_SURFACE",0.142891548103218,0.208403099675377,0.0655976569255414,-0.998687371509619,1999,0.8805,1,"raw","GSM8452847_Pt-1A","label_malignant_subset"
"HALLMARK_APOPTOSIS",0.480818340541825,0.534268292032149,0.049406107705647,-1.08184906628891,1999,0.84,1,"raw","GSM8452847_Pt-1A","label_malignant_subset"
"HALLMARK_BILE_ACID_METABOLISM",0.329748339329279,0.288461008163635,0.0531988434878767,0.776094524969375,1999,0.2305,0.606578947368421,"raw","GSM8452847_Pt-1A","label_malignant_subset"
"HALLMARK_CHOLESTEROL_HOMEOSTASIS",0.583210865775506,0.368773046568728,0.0632528023592487,3.39017104710814,1999,5e-04,0.005,"raw","GSM8452847_Pt-1A","label_malignant_subset"
"HALLMARK_COAGULATION",0.454300430998985,0.513824884950196,0.0589671180915776,-1.00945163809377,1999,0.8385,1,"raw","GSM8452847_Pt-1A","label_malignant_subset"
"HALLMARK_COMPLEMENT",0.352575250763781,0.5056126160889,0.0465420023830996,-3.28815602013485,1999,0.9995,1,"raw","GSM8452847_Pt-1A","label_malignant_subset"
"HALLMARK_DNA_REPAIR",0.549989971816578,0.468058483329494,0.0445782754439779,1.83792413840792,1999,0.035,0.145833333333333,"raw","GSM8452847_Pt-1A","label_malignant_subset"
"HALLMARK_E2F_TARGETS",0.578515269491372,0.422069502148682,0.0408575986953602,3.82904948744471,1999,5e-04,0.005,"raw","GSM8452847_Pt-1A","label_malignant_subset"
"HALLMARK_EPITHELIAL_MESENCHYMAL_TRANSITION",0.523610051546777,0.607249508531182,0.0389450713995378,-2.14762623301796,1999,0.977,1,"raw","GSM8452847_Pt-1A","label_malignant_subset"
"HALLMARK_ESTROGEN_RESPONSE_EARLY",0.604834760819739,0.480383844893413,0.0437582528690066,2.84405586984651,1999,0.0015,0.0107142857142857,"raw","GSM8452847_Pt-1A","label_malignant_subset"
"HALLMARK_ESTROGEN_RESPONSE_LATE",0.645510989823728,0.492694706306446,0.0434588733653911,3.51634250231115,1999,5e-04,0.005,"raw","GSM8452847_Pt-1A","label_malignant_subset"
"HALLMARK_FATTY_ACID_METABOLISM",0.534649049263219,0.472157507343188,0.0478412815820776,1.3062263353631,1999,0.089,0.342307692307692,"raw","GSM8452847_Pt-1A","label_malignant_subset"
"HALLMARK_G2M_CHECKPOINT",0.52484215354172,0.436649974960864,0.0431828681579947,2.04229552928685,1999,0.0155,0.0861111111111111,"raw","GSM8452847_Pt-1A","label_malignant_subset"
"HALLMARK_GLYCOLYSIS",0.726718537230294,0.509323772425626,0.0444467219825063,4.89113156399321,1999,5e-04,0.005,"raw","GSM8452847_Pt-1A","label_malignant_subset"
"HALLMARK_HEDGEHOG_SIGNALING",0.0813487174667068,0.182328265686001,0.0610649562911621,-1.65364153767369,1999,0.996,1,"raw","GSM8452847_Pt-1A","label_malignant_subset"
"HALLMARK_HEME_METABOLISM",0.459899944521938,0.466439594348615,0.0425529070907685,-0.153682798045441,1999,0.557,1,"raw","GSM8452847_Pt-1A","label_malignant_subset"
"HALLMARK_HYPOXIA",0.643435134355121,0.557587815942546,0.0432213740108597,1.98622372326722,1999,0.02,0.1,"raw","GSM8452847_Pt-1A","label_malignant_subset"
"HALLMARK_IL2_STAT5_SIGNALING",0.378304743989345,0.478756431861868,0.0474366301602706,-2.11759746704465,1999,0.985,1,"raw","GSM8452847_Pt-1A","label_malignant_subset"
"HALLMARK_IL6_JAK_STAT3_SIGNALING",0.294254643842031,0.344683068447918,0.0638022599353696,-0.790386181570528,1999,0.7965,1,"raw","GSM8452847_Pt-1A","label_malignant_subset"
"HALLMARK_INFLAMMATORY_RESPONSE",0.299780770843399,0.430115135118868,0.0476455383559941,-2.73549987622445,1999,0.9995,1,"raw","GSM8452847_Pt-1A","label_malignant_subset"
"HALLMARK_INTERFERON_ALPHA_RESPONSE",0.301381024011187,0.365279945706835,0.0552922936200758,-1.15565691911264,1999,0.8805,1,"raw","GSM8452847_Pt-1A","label_malignant_subset"
"HALLMARK_INTERFERON_GAMMA_RESPONSE",0.414854277213267,0.477755871678555,0.0460796705095719,-1.36506172395965,1999,0.9155,1,"raw","GSM8452847_Pt-1A","label_malignant_subset"
"HALLMARK_KRAS_SIGNALING_DN",0.231591494907219,0.214153372785704,0.0373366494592353,0.467051071107863,1999,0.3185,0.758333333333333,"raw","GSM8452847_Pt-1A","label_malignant_subset"
"HALLMARK_KRAS_SIGNALING_UP",0.359122530202615,0.461755657204378,0.0437851373022619,-2.34401747545647,1999,0.9905,1,"raw","GSM8452847_Pt-1A","label_malignant_subset"
"HALLMARK_MITOTIC_SPINDLE",0.459509401050888,0.47959865903593,0.0400804917530602,-0.501222841995407,1999,0.689,1,"raw","GSM8452847_Pt-1A","label_malignant_subset"
"HALLMARK_MTORC1_SIGNALING",0.648361165385437,0.533228993163515,0.0428022262431718,2.68986411052133,1999,0.0015,0.0107142857142857,"raw","GSM8452847_Pt-1A","label_malignant_subset"
"HALLMARK_MYC_TARGETS_V1",0.660196511684245,0.612272802809672,0.038726126623628,1.23750328403185,1999,0.102,0.364285714285714,"raw","GSM8452847_Pt-1A","label_malignant_subset"
"HALLMARK_MYC_TARGETS_V2",0.388755929356641,0.2747877252497,0.0583763674377641,1.95230037614868,1999,0.03,0.136363636363636,"raw","GSM8452847_Pt-1A","label_malignant_subset"
"HALLMARK_MYOGENESIS",0.565360326066809,0.51621786901563,0.0447704990748026,1.09765265223137,1999,0.1425,0.475,"raw","GSM8452847_Pt-1A","label_malignant_subset"
"HALLMARK_NOTCH_SIGNALING",0.222874575083136,0.226922220447962,0.0666775838485941,-0.0607047396021076,1999,0.528,1,"raw","GSM8452847_Pt-1A","label_malignant_subset"
"HALLMARK_OXIDATIVE_PHOSPHORYLATION",0.688711253195525,0.603151975847316,0.040294822703162,2.12333177337681,1999,0.01,0.0625,"raw","GSM8452847_Pt-1A","label_malignant_subset"
"HALLMARK_P53_PATHWAY",0.714722332592775,0.531237731255519,0.0422731068969958,4.34045696675053,1999,5e-04,0.005,"raw","GSM8452847_Pt-1A","label_malignant_subset"
"HALLMARK_PANCREAS_BETA_CELLS",0.154811760371301,0.144449142951856,0.0575856843195869,0.179951276812733,1999,0.4385,0.913541666666667,"raw","GSM8452847_Pt-1A","label_malignant_subset"
"HALLMARK_PEROXISOME",0.438160677048852,0.381164753145717,0.0591742976214208,0.963187163923403,1999,0.1805,0.530882352941176,"raw","GSM8452847_Pt-1A","label_malignant_subset"
"HALLMARK_PI3K_AKT_MTOR_SIGNALING",0.428938555384857,0.427968690476306,0.0582889970178021,0.016638901991301,1999,0.494,0.988,"raw","GSM8452847_Pt-1A","label_malignant_subset"
"HALLMARK_PROTEIN_SECRETION",0.484802520757093,0.460705153869571,0.0577350314127215,0.417378605291834,1999,0.343,0.779545454545455,"raw","GSM8452847_Pt-1A","label_malignant_subset"
"HALLMARK_REACTIVE_OXYGEN_SPECIES_PATHWAY",0.338636429642288,0.418509451943633,0.0798700261405419,-1.00003751295633,1999,0.841,1,"raw","GSM8452847_Pt-1A","label_malignant_subset"
"HALLMARK_SPERMATOGENESIS",0.201731396687223,0.16125912680605,0.035873413247941,1.12819679581218,1999,0.1535,0.4796875,"raw","GSM8452847_Pt-1A","label_malignant_subset"
"HALLMARK_TGF_BETA_SIGNALING",0.282142051645572,0.399973471392336,0.075196163679954,-1.5669871171656,1999,0.9525,1,"raw","GSM8452847_Pt-1A","label_malignant_subset"
"HALLMARK_TNFA_SIGNALING_VIA_NFKB",0.539018685232022,0.530384747332884,0.0441336522231207,0.195631620412645,1999,0.43,0.913541666666667,"raw","GSM8452847_Pt-1A","label_malignant_subset"
"HALLMARK_UNFOLDED_PROTEIN_RESPONSE",0.520704583348193,0.472429296075158,0.0557837941980548,0.865399852538505,1999,0.201,0.558333333333333,"raw","GSM8452847_Pt-1A","label_malignant_subset"
"HALLMARK_UV_RESPONSE_DN",0.325562006551854,0.473307990158848,0.0483401303363224,-3.05638364189471,1999,1,1,"raw","GSM8452847_Pt-1A","label_malignant_subset"
"HALLMARK_UV_RESPONSE_UP",0.43281506661957,0.480171260981172,0.0480529048902394,-0.985501177707602,1999,0.8315,1,"raw","GSM8452847_Pt-1A","label_malignant_subset"
"HALLMARK_WNT_BETA_CATENIN_SIGNALING",0.200848229308468,0.223969674721636,0.0601352275162712,-0.384490861149757,1999,0.6455,1,"raw","GSM8452847_Pt-1A","label_malignant_subset"
"HALLMARK_XENOBIOTIC_METABOLISM",0.448907971051143,0.492577337074537,0.0484179209283023,-0.901925675166031,1999,0.8145,1,"raw","GSM8452847_Pt-1A","label_malignant_subset"
"HALLMARK_ADIPOGENESIS",0.512099559472242,0.455062763798571,0.0225852874818873,2.52539604463363,1999,0.005,0.0277777777777778,"raw","GSM8452847_Pt-1A","RCTD_malignant_subset"
"HALLMARK_ALLOGRAFT_REJECTION",0.335947083706484,0.335512823051868,0.0292857861943274,0.0148283761868239,1999,0.4945,0.686805555555556,"raw","GSM8452847_Pt-1A","RCTD_malignant_subset"
"HALLMARK_ANDROGEN_RESPONSE",0.38082223984923,0.351453437538051,0.0324048462434763,0.906308954238321,1999,0.1845,0.448809523809524,"raw","GSM8452847_Pt-1A","RCTD_malignant_subset"
"HALLMARK_ANGIOGENESIS",0.250672622047368,0.221176601174319,0.0411110832318363,0.717471264542292,1999,0.239,0.478,"raw","GSM8452847_Pt-1A","RCTD_malignant_subset"
"HALLMARK_APICAL_JUNCTION",0.406243368747491,0.418323895207172,0.0246073334808207,-0.490931960145013,1999,0.683,0.832926829268293,"raw","GSM8452847_Pt-1A","RCTD_malignant_subset"
"HALLMARK_APICAL_SURFACE",0.153585395930634,0.140151887670945,0.0334168687632697,0.401997815978935,1999,0.351,0.566129032258064,"raw","GSM8452847_Pt-1A","RCTD_malignant_subset"
"HALLMARK_APOPTOSIS",0.445675517174063,0.433837450357162,0.0252249914367152,0.469299141155344,1999,0.311,0.518333333333333,"raw","GSM8452847_Pt-1A","RCTD_malignant_subset"
"HALLMARK_BILE_ACID_METABOLISM",0.262928659686772,0.237751069378964,0.031204566338465,0.806855959307868,1999,0.2155,0.451041666666667,"raw","GSM8452847_Pt-1A","RCTD_malignant_subset"
"HALLMARK_CHOLESTEROL_HOMEOSTASIS",0.389590474182452,0.313144944330621,0.0330873798277919,2.31041352472462,1999,0.011,0.05,"raw","GSM8452847_Pt-1A","RCTD_malignant_subset"
"HALLMARK_COAGULATION",0.459149746985755,0.377897857172429,0.0301288361421957,2.69681475347574,1999,0.003,0.0214285714285714,"raw","GSM8452847_Pt-1A","RCTD_malignant_subset"
"HALLMARK_COMPLEMENT",0.403017916240391,0.398773944830187,0.0269765046137255,0.157321026981542,1999,0.4315,0.634558823529412,"raw","GSM8452847_Pt-1A","RCTD_malignant_subset"
"HALLMARK_DNA_REPAIR",0.417540350138313,0.398162824741956,0.0247960494443682,0.781476317017025,1999,0.2165,0.451041666666667,"raw","GSM8452847_Pt-1A","RCTD_malignant_subset"
"HALLMARK_E2F_TARGETS",0.539036842950136,0.371870436956448,0.0263424297217581,6.3458992871722,1999,5e-04,0.00416666666666667,"raw","GSM8452847_Pt-1A","RCTD_malignant_subset"
"HALLMARK_EPITHELIAL_MESENCHYMAL_TRANSITION",0.506872582990982,0.468513511354239,0.0231400717077863,1.65769026652737,1999,0.046,0.14375,"raw","GSM8452847_Pt-1A","RCTD_malignant_subset"
"HALLMARK_ESTROGEN_RESPONSE_EARLY",0.362812020220326,0.396781299522681,0.0268361932906399,-1.26580096269477,1999,0.8975,0.997222222222222,"raw","GSM8452847_Pt-1A","RCTD_malignant_subset"
"HALLMARK_ESTROGEN_RESPONSE_LATE",0.455984222942886,0.413228340142315,0.026479795029321,1.61466064043274,1999,0.042,0.14,"raw","GSM8452847_Pt-1A","RCTD_malignant_subset"
"HALLMARK_FATTY_ACID_METABOLISM",0.465372453246,0.390597312896213,0.0269222307857175,2.77744964542298,1999,0.0045,0.0277777777777778,"raw","GSM8452847_Pt-1A","RCTD_malignant_subset"
"HALLMARK_G2M_CHECKPOINT",0.511574773328969,0.37100682410967,0.0261835967447271,5.36855003496061,1999,5e-04,0.00416666666666667,"raw","GSM8452847_Pt-1A","RCTD_malignant_subset"
"HALLMARK_GLYCOLYSIS",0.46146250454067,0.445428533594992,0.0245065314797286,0.654273370302968,1999,0.25,0.480769230769231,"raw","GSM8452847_Pt-1A","RCTD_malignant_subset"
"HALLMARK_HEDGEHOG_SIGNALING",0.0812096592578782,0.129778840661042,0.0325183684240357,-1.49359219902508,1999,0.9495,0.999,"raw","GSM8452847_Pt-1A","RCTD_malignant_subset"
"HALLMARK_HEME_METABOLISM",0.331892681536069,0.391615249282737,0.0261948347106723,-2.2799368045768,1999,0.988,0.999,"raw","GSM8452847_Pt-1A","RCTD_malignant_subset"
"HALLMARK_HYPOXIA",0.399744557027433,0.470616950857047,0.0232180976047014,-3.05246342901338,1999,0.999,0.999,"raw","GSM8452847_Pt-1A","RCTD_malignant_subset"
"HALLMARK_IL2_STAT5_SIGNALING",0.378206078427496,0.386424679999362,0.0264335076529382,-0.310916041857677,1999,0.632,0.81025641025641,"raw","GSM8452847_Pt-1A","RCTD_malignant_subset"
"HALLMARK_IL6_JAK_STAT3_SIGNALING",0.243557489416247,0.219749623283311,0.0311757425410126,0.763666369826359,1999,0.214,0.451041666666667,"raw","GSM8452847_Pt-1A","RCTD_malignant_subset"
"HALLMARK_INFLAMMATORY_RESPONSE",0.300526877132904,0.329857497119933,0.0284513246419673,-1.0309052515525,1999,0.84,0.954545454545455,"raw","GSM8452847_Pt-1A","RCTD_malignant_subset"
"HALLMARK_INTERFERON_ALPHA_RESPONSE",0.33599397155145,0.281892455339746,0.0328585483625547,1.64649745371458,1999,0.049,0.144117647058824,"raw","GSM8452847_Pt-1A","RCTD_malignant_subset"
"HALLMARK_INTERFERON_GAMMA_RESPONSE",0.410707385395719,0.363078277541784,0.0261042017605415,1.82457629966414,1999,0.0355,0.126785714285714,"raw","GSM8452847_Pt-1A","RCTD_malignant_subset"
"HALLMARK_KRAS_SIGNALING_DN",0.163762099638488,0.175939920875255,0.0280597697403637,-0.433995765091714,1999,0.683,0.832926829268293,"raw","GSM8452847_Pt-1A","RCTD_malignant_subset"
"HALLMARK_KRAS_SIGNALING_UP",0.362205293119542,0.356178061706761,0.0276410613569776,0.218053544867199,1999,0.4245,0.634558823529412,"raw","GSM8452847_Pt-1A","RCTD_malignant_subset"
"HALLMARK_MITOTIC_SPINDLE",0.363171326457248,0.400455053863539,0.0238799106427502,-1.56130095979276,1999,0.942,0.999,"raw","GSM8452847_Pt-1A","RCTD_malignant_subset"
"HALLMARK_MTORC1_SIGNALING",0.504767970199328,0.452649638423187,0.0227390095709918,2.29202294908344,1999,0.0075,0.0375,"raw","GSM8452847_Pt-1A","RCTD_malignant_subset"
"HALLMARK_MYC_TARGETS_V1",0.581938167116576,0.507981394680405,0.018497711798988,3.99815789324912,1999,5e-04,0.00416666666666667,"raw","GSM8452847_Pt-1A","RCTD_malignant_subset"
"HALLMARK_MYC_TARGETS_V2",0.377190291362434,0.231717099164757,0.0326683777916453,4.45302772991934,1999,5e-04,0.00416666666666667,"raw","GSM8452847_Pt-1A","RCTD_malignant_subset"
"HALLMARK_MYOGENESIS",0.44357248782345,0.382675184461443,0.028417644931226,2.14293983577406,1999,0.0125,0.0520833333333333,"raw","GSM8452847_Pt-1A","RCTD_malignant_subset"
"HALLMARK_NOTCH_SIGNALING",0.199671086913204,0.177406373546528,0.0370357431139919,0.60116826326792,1999,0.2755,0.507758620689655,"raw","GSM8452847_Pt-1A","RCTD_malignant_subset"
"HALLMARK_OXIDATIVE_PHOSPHORYLATION",0.649703239133314,0.493665747443132,0.0190706689755135,8.18206702085446,1999,5e-04,0.00416666666666667,"raw","GSM8452847_Pt-1A","RCTD_malignant_subset"
"HALLMARK_P53_PATHWAY",0.436616958699371,0.449076715545995,0.0231529258784178,-0.538150422631386,1999,0.7035,0.8375,"raw","GSM8452847_Pt-1A","RCTD_malignant_subset"
"HALLMARK_PANCREAS_BETA_CELLS",0.128829681925827,0.109001741162115,0.0333825657131808,0.593960959564107,1999,0.293,0.507758620689655,"raw","GSM8452847_Pt-1A","RCTD_malignant_subset"
"HALLMARK_PEROXISOME",0.358287082935503,0.321358742247797,0.0325879478197119,1.13319012574855,1999,0.123,0.323684210526316,"raw","GSM8452847_Pt-1A","RCTD_malignant_subset"
"HALLMARK_PI3K_AKT_MTOR_SIGNALING",0.368304100926712,0.360251617205261,0.033010253912058,0.243938860419058,1999,0.408,0.634558823529412,"raw","GSM8452847_Pt-1A","RCTD_malignant_subset"
"HALLMARK_PROTEIN_SECRETION",0.356473947949038,0.376536565328356,0.0288497737000996,-0.695416802498133,1999,0.78,0.906976744186047,"raw","GSM8452847_Pt-1A","RCTD_malignant_subset"
"HALLMARK_REACTIVE_OXYGEN_SPECIES_PATHWAY",0.38237748453781,0.329293998267202,0.0390887708752612,1.35802393070905,1999,0.0965,0.268055555555556,"raw","GSM8452847_Pt-1A","RCTD_malignant_subset"
"HALLMARK_SPERMATOGENESIS",0.261270035070669,0.141100650900949,0.0285428986988085,4.21013245493306,1999,5e-04,0.00416666666666667,"raw","GSM8452847_Pt-1A","RCTD_malignant_subset"
"HALLMARK_TGF_BETA_SIGNALING",0.309218113649627,0.306660117666143,0.0361466746660006,0.0707671177810976,1999,0.465,0.664285714285714,"raw","GSM8452847_Pt-1A","RCTD_malignant_subset"
"HALLMARK_TNFA_SIGNALING_VIA_NFKB",0.365927939767054,0.434343020910208,0.0235519174026674,-2.90486247779577,1999,0.997,0.999,"raw","GSM8452847_Pt-1A","RCTD_malignant_subset"
"HALLMARK_UNFOLDED_PROTEIN_RESPONSE",0.388950819513871,0.393034158363885,0.0295679261834825,-0.138100278818151,1999,0.5555,0.750675675675676,"raw","GSM8452847_Pt-1A","RCTD_malignant_subset"
"HALLMARK_UV_RESPONSE_DN",0.376938412858498,0.361446043348257,0.0279657497474868,0.553976548103545,1999,0.2945,0.507758620689655,"raw","GSM8452847_Pt-1A","RCTD_malignant_subset"
"HALLMARK_UV_RESPONSE_UP",0.412348359679656,0.389914442027304,0.0271273662443761,0.826984730115558,1999,0.1885,0.448809523809524,"raw","GSM8452847_Pt-1A","RCTD_malignant_subset"
"HALLMARK_WNT_BETA_CATENIN_SIGNALING",0.163996809743042,0.174241941257024,0.0330056796178944,-0.310405107017645,1999,0.63,0.81025641025641,"raw","GSM8452847_Pt-1A","RCTD_malignant_subset"
"HALLMARK_XENOBIOTIC_METABOLISM",0.447268354130093,0.395996416636717,0.0253050932551591,2.02615090078446,1999,0.02,0.0769230769230769,"raw","GSM8452847_Pt-1A","RCTD_malignant_subset"
"HALLMARK_ADIPOGENESIS",0.555936362601653,0.676241630707699,0.0140502561119833,-8.56249645182188,1999,1,1,"raw","GSM8452865_Pt-6C","full_section"
"HALLMARK_ALLOGRAFT_REJECTION",0.566782590073005,0.596885228569156,0.0207829979014231,-1.44842619139609,1999,0.917,1,"raw","GSM8452865_Pt-6C","full_section"
"HALLMARK_ANDROGEN_RESPONSE",0.602703258716857,0.601040872908795,0.0222559991812744,0.0746938294938629,1999,0.476,1,"raw","GSM8452865_Pt-6C","full_section"
"HALLMARK_ANGIOGENESIS",0.50746783649776,0.469829831926361,0.0430279978502644,0.87473288211963,1999,0.1635,0.8625,"raw","GSM8452865_Pt-6C","full_section"
"HALLMARK_APICAL_JUNCTION",0.688205777047617,0.678446243026543,0.0172583225797462,0.565497253628081,1999,0.279,0.9828125,"raw","GSM8452865_Pt-6C","full_section"
"HALLMARK_APICAL_SURFACE",0.352312484086892,0.33441169616134,0.037077019587462,0.482800077372068,1999,0.3085,0.9828125,"raw","GSM8452865_Pt-6C","full_section"
"HALLMARK_APOPTOSIS",0.658526626305185,0.67347393376402,0.0180702667794027,-0.827176911182761,1999,0.788,1,"raw","GSM8452865_Pt-6C","full_section"
"HALLMARK_BILE_ACID_METABOLISM",0.349774561990344,0.426967899804425,0.027449578290431,-2.81218665719868,1999,0.9925,1,"raw","GSM8452865_Pt-6C","full_section"
"HALLMARK_CHOLESTEROL_HOMEOSTASIS",0.537183312104709,0.533014952625362,0.0284287200060159,0.146624944016667,1999,0.4365,1,"raw","GSM8452865_Pt-6C","full_section"
"HALLMARK_COAGULATION",0.661843323557033,0.64838317440628,0.0215313075107671,0.625143138382222,1999,0.2585,0.9828125,"raw","GSM8452865_Pt-6C","full_section"
"HALLMARK_COMPLEMENT",0.648149316957926,0.656623539301446,0.017308581954521,-0.489596569250235,1999,0.6795,1,"raw","GSM8452865_Pt-6C","full_section"
"HALLMARK_DNA_REPAIR",0.608446976384474,0.605370573636929,0.0192724407180871,0.159627044262085,1999,0.436,1,"raw","GSM8452865_Pt-6C","full_section"
"HALLMARK_E2F_TARGETS",0.52606773135937,0.561514653663284,0.0184923785761674,-1.9168395324546,1999,0.963,1,"raw","GSM8452865_Pt-6C","full_section"
"HALLMARK_EPITHELIAL_MESENCHYMAL_TRANSITION",0.692872745983529,0.71920374601624,0.0132340311259055,-1.98964319958177,1999,0.958,1,"raw","GSM8452865_Pt-6C","full_section"
"HALLMARK_ESTROGEN_RESPONSE_EARLY",0.669347572011813,0.635513458175944,0.0174544606356397,1.93842219144736,1999,0.017,0.2125,"raw","GSM8452865_Pt-6C","full_section"
"HALLMARK_ESTROGEN_RESPONSE_LATE",0.653145754710068,0.637597846979388,0.0170836742031147,0.910103268525496,1999,0.1725,0.8625,"raw","GSM8452865_Pt-6C","full_section"
"HALLMARK_FATTY_ACID_METABOLISM",0.516873529862259,0.59891981682712,0.0189894009453366,-4.32063587477258,1999,0.9995,1,"raw","GSM8452865_Pt-6C","full_section"
"HALLMARK_G2M_CHECKPOINT",0.570864899696578,0.59934928918663,0.0175446457318327,-1.62353745555375,1999,0.927,1,"raw","GSM8452865_Pt-6C","full_section"
"HALLMARK_GLYCOLYSIS",0.744371306033014,0.662097939685556,0.0165573758475544,4.96898585288863,1999,5e-04,0.0125,"raw","GSM8452865_Pt-6C","full_section"
"HALLMARK_HEDGEHOG_SIGNALING",0.333061466845176,0.30575843059596,0.0386234908369292,0.70690234511664,1999,0.235,0.979166666666667,"raw","GSM8452865_Pt-6C","full_section"
"HALLMARK_HEME_METABOLISM",0.604118677290449,0.625016726355117,0.0172784090041734,-1.20948919889671,1999,0.8725,1,"raw","GSM8452865_Pt-6C","full_section"
"HALLMARK_HYPOXIA",0.774326521872939,0.705592879905092,0.0147200868686413,4.66937746911483,1999,5e-04,0.0125,"raw","GSM8452865_Pt-6C","full_section"
"HALLMARK_IL2_STAT5_SIGNALING",0.645691446351039,0.649814698903728,0.0173072755318425,-0.238238106575635,1999,0.598,1,"raw","GSM8452865_Pt-6C","full_section"
"HALLMARK_IL6_JAK_STAT3_SIGNALING",0.430455385850932,0.517779349820665,0.0276202929288669,-3.16158717775464,1999,0.9935,1,"raw","GSM8452865_Pt-6C","full_section"
"HALLMARK_INFLAMMATORY_RESPONSE",0.59258232916488,0.605104641143429,0.0182883123933034,-0.68471664904051,1999,0.7395,1,"raw","GSM8452865_Pt-6C","full_section"
"HALLMARK_INTERFERON_ALPHA_RESPONSE",0.511113526961761,0.531054958522386,0.0256110446690408,-0.778626245759139,1999,0.7705,1,"raw","GSM8452865_Pt-6C","full_section"
"HALLMARK_INTERFERON_GAMMA_RESPONSE",0.590898334738023,0.63000379123402,0.0184143871778128,-2.12363605252715,1999,0.9775,1,"raw","GSM8452865_Pt-6C","full_section"
"HALLMARK_KRAS_SIGNALING_DN",0.385093288700584,0.348359545926718,0.0291628591337446,1.25960704351381,1999,0.1015,0.634375,"raw","GSM8452865_Pt-6C","full_section"
"HALLMARK_KRAS_SIGNALING_UP",0.64272585894839,0.643978661413921,0.0172426652192829,-0.0726571240349469,1999,0.5255,1,"raw","GSM8452865_Pt-6C","full_section"
"HALLMARK_MITOTIC_SPINDLE",0.62906298745476,0.652605359774894,0.0158295467310472,-1.48724235255325,1999,0.9205,1,"raw","GSM8452865_Pt-6C","full_section"
"HALLMARK_MTORC1_SIGNALING",0.703047887761066,0.680504482780259,0.0149404300920338,1.5088859451795,1999,0.064,0.457142857142857,"raw","GSM8452865_Pt-6C","full_section"
"HALLMARK_MYC_TARGETS_V1",0.697068455738803,0.718779033360991,0.0131289636066901,-1.65363986622102,1999,0.935,1,"raw","GSM8452865_Pt-6C","full_section"
"HALLMARK_MYC_TARGETS_V2",0.381460447531022,0.367081769142745,0.031006533919219,0.463730593872168,1999,0.3145,0.9828125,"raw","GSM8452865_Pt-6C","full_section"
"HALLMARK_MYOGENESIS",0.580326797221476,0.64889102300847,0.0179624780641866,-3.81708055770416,1999,0.999,1,"raw","GSM8452865_Pt-6C","full_section"
"HALLMARK_NOTCH_SIGNALING",0.37048291565978,0.35844324723521,0.0343459990280007,0.350540638365326,1999,0.359,1,"raw","GSM8452865_Pt-6C","full_section"
"HALLMARK_OXIDATIVE_PHOSPHORYLATION",0.660205531392215,0.702845808069389,0.0136186122485449,-3.13102949837861,1999,0.9995,1,"raw","GSM8452865_Pt-6C","full_section"
"HALLMARK_P53_PATHWAY",0.701926687763374,0.674434331085045,0.0154369081489132,1.78094968326058,1999,0.0285,0.283333333333333,"raw","GSM8452865_Pt-6C","full_section"
"HALLMARK_PANCREAS_BETA_CELLS",0.217523783515486,0.225182135967578,0.0394075467107877,-0.194337204198388,1999,0.5725,1,"raw","GSM8452865_Pt-6C","full_section"
"HALLMARK_PEROXISOME",0.525698169146373,0.530832235149779,0.0265533928069176,-0.193348776208686,1999,0.5725,1,"raw","GSM8452865_Pt-6C","full_section"
"HALLMARK_PI3K_AKT_MTOR_SIGNALING",0.578292973781256,0.595638049540244,0.0245173611565648,-0.707460955860012,1999,0.7415,1,"raw","GSM8452865_Pt-6C","full_section"
"HALLMARK_PROTEIN_SECRETION",0.661105819044839,0.609823286510687,0.0219189763336792,2.33964085518695,1999,0.005,0.0833333333333333,"raw","GSM8452865_Pt-6C","full_section"
"HALLMARK_REACTIVE_OXYGEN_SPECIES_PATHWAY",0.450937843655698,0.535496938786452,0.0350308293163976,-2.41384793854059,1999,0.9785,1,"raw","GSM8452865_Pt-6C","full_section"
"HALLMARK_SPERMATOGENESIS",0.286926034885916,0.316258531168189,0.027552568913716,-1.06460114024689,1999,0.85,1,"raw","GSM8452865_Pt-6C","full_section"
"HALLMARK_TGF_BETA_SIGNALING",0.587603982093579,0.58585836595516,0.0300521590464097,0.0580862138964373,1999,0.473,1,"raw","GSM8452865_Pt-6C","full_section"
"HALLMARK_TNFA_SIGNALING_VIA_NFKB",0.698266158078089,0.685671578774682,0.0156105160939156,0.806800955691381,1999,0.2025,0.920454545454546,"raw","GSM8452865_Pt-6C","full_section"
"HALLMARK_UNFOLDED_PROTEIN_RESPONSE",0.647288714804173,0.610992214760968,0.0217564477790071,1.66831002983072,1999,0.034,0.283333333333333,"raw","GSM8452865_Pt-6C","full_section"
"HALLMARK_UV_RESPONSE_DN",0.624295516637435,0.628497657218959,0.0191525646256386,-0.219403545355948,1999,0.5955,1,"raw","GSM8452865_Pt-6C","full_section"
"HALLMARK_UV_RESPONSE_UP",0.573022222432325,0.621702927779699,0.0190802833489055,-2.55136176214942,1999,0.9895,1,"raw","GSM8452865_Pt-6C","full_section"
"HALLMARK_WNT_BETA_CATENIN_SIGNALING",0.323999121401559,0.348214888694599,0.0355121989459115,-0.681899967104893,1999,0.7455,1,"raw","GSM8452865_Pt-6C","full_section"
"HALLMARK_XENOBIOTIC_METABOLISM",0.58443871647803,0.625509679317489,0.0175834610312688,-2.33577239238755,1999,0.9775,1,"raw","GSM8452865_Pt-6C","full_section"
"HALLMARK_ADIPOGENESIS",0.355526945726457,0.353439951620254,0.0148104622174104,0.140913502601535,1999,0.451,0.777586206896552,"marker","GSM8452865_Pt-6C","full_section"
"HALLMARK_ALLOGRAFT_REJECTION",0.276542917475565,0.292255467909038,0.016535827730352,-0.950212513682182,1999,0.827,0.933888888888889,"marker","GSM8452865_Pt-6C","full_section"
"HALLMARK_ANDROGEN_RESPONSE",0.28855456386186,0.290861786655436,0.0187896482064468,-0.122792229435377,1999,0.5425,0.843125,"marker","GSM8452865_Pt-6C","full_section"
"HALLMARK_ANGIOGENESIS",0.176805064953386,0.195772849009802,0.0274294120541455,-0.691512600378521,1999,0.7495,0.892261904761905,"marker","GSM8452865_Pt-6C","full_section"
"HALLMARK_APICAL_JUNCTION",0.337079806251313,0.350591580589378,0.0166934550009331,-0.809405502773977,1999,0.7935,0.922674418604651,"marker","GSM8452865_Pt-6C","full_section"
"HALLMARK_APICAL_SURFACE",0.126440833180095,0.132876765955498,0.0200034315507209,-0.321741435167477,1999,0.6375,0.843125,"marker","GSM8452865_Pt-6C","full_section"
"HALLMARK_APOPTOSIS",0.339435333804849,0.343982676209888,0.0173550594901107,-0.262018255116295,1999,0.6085,0.843125,"marker","GSM8452865_Pt-6C","full_section"
"HALLMARK_BILE_ACID_METABOLISM",0.167872453370244,0.193432087676286,0.0189693595297691,-1.34741683112341,1999,0.912,0.970212765957447,"marker","GSM8452865_Pt-6C","full_section"
"HALLMARK_CHOLESTEROL_HOMEOSTASIS",0.271961324460096,0.243643614535245,0.0203527802947324,1.39134356656816,1999,0.084,0.247058823529412,"marker","GSM8452865_Pt-6C","full_section"
"HALLMARK_COAGULATION",0.309685941028202,0.318331552656203,0.0212050251044749,-0.407715227188137,1999,0.662,0.843125,"marker","GSM8452865_Pt-6C","full_section"
"HALLMARK_COMPLEMENT",0.33798600099549,0.333550267802591,0.0157706743620033,0.281264649252158,1999,0.3805,0.741346153846154,"marker","GSM8452865_Pt-6C","full_section"
"HALLMARK_DNA_REPAIR",0.320022226525074,0.30476436703159,0.0159652404025993,0.955692436112648,1999,0.1715,0.408333333333333,"marker","GSM8452865_Pt-6C","full_section"
"HALLMARK_E2F_TARGETS",0.27430177001111,0.285002454235737,0.0158985653845201,-0.673059736260577,1999,0.7435,0.892261904761905,"marker","GSM8452865_Pt-6C","full_section"
"HALLMARK_EPITHELIAL_MESENCHYMAL_TRANSITION",0.380833762792608,0.385809568568427,0.0162146774022035,-0.306870476198435,1999,0.6145,0.843125,"marker","GSM8452865_Pt-6C","full_section"
"HALLMARK_ESTROGEN_RESPONSE_EARLY",0.338781421727258,0.325255294622899,0.0145187146229104,0.931633925982316,1999,0.1835,0.417045454545455,"marker","GSM8452865_Pt-6C","full_section"
"HALLMARK_ESTROGEN_RESPONSE_LATE",0.321871712061662,0.323531570778618,0.0157282225381539,-0.105533776173976,1999,0.536,0.843125,"marker","GSM8452865_Pt-6C","full_section"
"HALLMARK_FATTY_ACID_METABOLISM",0.290790033067921,0.29653181111083,0.0169676461240087,-0.338395673798497,1999,0.643,0.843125,"marker","GSM8452865_Pt-6C","full_section"
"HALLMARK_G2M_CHECKPOINT",0.280524599791909,0.303937040812193,0.015518167931071,-1.50871166778693,1999,0.935,0.973958333333333,"marker","GSM8452865_Pt-6C","full_section"
"HALLMARK_GLYCOLYSIS",0.425217667284342,0.341324383829057,0.0147410658526513,5.69112737802443,1999,5e-04,0.00416666666666667,"marker","GSM8452865_Pt-6C","full_section"
"HALLMARK_HEDGEHOG_SIGNALING",0.111843553064181,0.118817800122711,0.0204938765528753,-0.340308825445313,1999,0.624,0.843125,"marker","GSM8452865_Pt-6C","full_section"
"HALLMARK_HEME_METABOLISM",0.342258826847647,0.31782042557152,0.0149223929542146,1.6376998884234,1999,0.049,0.153125,"marker","GSM8452865_Pt-6C","full_section"
"HALLMARK_HYPOXIA",0.553955677132024,0.372454314539321,0.014741968939694,12.3118806812837,1999,5e-04,0.00416666666666667,"marker","GSM8452865_Pt-6C","full_section"
"HALLMARK_IL2_STAT5_SIGNALING",0.357929985102888,0.329607802565999,0.0162529129653759,1.74259116487145,1999,0.032,0.123076923076923,"marker","GSM8452865_Pt-6C","full_section"
"HALLMARK_IL6_JAK_STAT3_SIGNALING",0.214649475201189,0.234716433304861,0.0204389385109558,-0.981800404796701,1999,0.8405,0.933888888888889,"marker","GSM8452865_Pt-6C","full_section"
"HALLMARK_INFLAMMATORY_RESPONSE",0.333777519188195,0.300906734083029,0.0156970520737721,2.09407377580718,1999,0.0195,0.0886363636363636,"marker","GSM8452865_Pt-6C","full_section"
"HALLMARK_INTERFERON_ALPHA_RESPONSE",0.251313022381139,0.246119490300485,0.0185822481475043,0.279488899267114,1999,0.3855,0.741346153846154,"marker","GSM8452865_Pt-6C","full_section"
"HALLMARK_INTERFERON_GAMMA_RESPONSE",0.32132409024812,0.317153707960069,0.0150178902203121,0.277694285074111,1999,0.383,0.741346153846154,"marker","GSM8452865_Pt-6C","full_section"
"HALLMARK_KRAS_SIGNALING_DN",0.19379229776552,0.155049123706256,0.0175954878184534,2.20188121290004,1999,0.011,0.0611111111111111,"marker","GSM8452865_Pt-6C","full_section"
"HALLMARK_KRAS_SIGNALING_UP",0.340341298125132,0.327968037882144,0.015880301261464,0.779157777882571,1999,0.2085,0.453260869565217,"marker","GSM8452865_Pt-6C","full_section"
"HALLMARK_MITOTIC_SPINDLE",0.291850603636071,0.337887887971617,0.014821674628602,-3.10607846205892,1999,0.9985,0.9985,"marker","GSM8452865_Pt-6C","full_section"
"HALLMARK_MTORC1_SIGNALING",0.44738870837004,0.353863483024412,0.0144066122048797,6.49182639301902,1999,5e-04,0.00416666666666667,"marker","GSM8452865_Pt-6C","full_section"
"HALLMARK_MYC_TARGETS_V1",0.422050259659691,0.386326114839258,0.0150169797909962,2.3789167540768,1999,0.009,0.05625,"marker","GSM8452865_Pt-6C","full_section"
"HALLMARK_MYC_TARGETS_V2",0.19918794254984,0.157607688438616,0.0187673824905271,2.21555958228124,1999,0.0135,0.0675,"marker","GSM8452865_Pt-6C","full_section"
"HALLMARK_MYOGENESIS",0.354978811201902,0.324712912606933,0.0161726735176552,1.87142209739957,1999,0.0345,0.123214285714286,"marker","GSM8452865_Pt-6C","full_section"
"HALLMARK_NOTCH_SIGNALING",0.149138633372147,0.149583068152634,0.0199380990212566,-0.0222907299243264,1999,0.5075,0.843125,"marker","GSM8452865_Pt-6C","full_section"
"HALLMARK_OXIDATIVE_PHOSPHORYLATION",0.431229271510921,0.374400565194173,0.0141230582862136,4.02382438456848,1999,5e-04,0.00416666666666667,"marker","GSM8452865_Pt-6C","full_section"
"HALLMARK_P53_PATHWAY",0.379092919109755,0.352511501605162,0.0148818768669994,1.7861602902748,1999,0.028,0.116666666666667,"marker","GSM8452865_Pt-6C","full_section"
"HALLMARK_PANCREAS_BETA_CELLS",0.0875213073440347,0.0844405473605265,0.0191479539693373,0.160892385078928,1999,0.435,0.776785714285714,"marker","GSM8452865_Pt-6C","full_section"
"HALLMARK_PEROXISOME",0.238994868287646,0.247322188166727,0.0186877004201594,-0.445604311491287,1999,0.6745,0.843125,"marker","GSM8452865_Pt-6C","full_section"
"HALLMARK_PI3K_AKT_MTOR_SIGNALING",0.288540494752893,0.283975812892271,0.0192954572771578,0.236567695445379,1999,0.406,0.751851851851852,"marker","GSM8452865_Pt-6C","full_section"
"HALLMARK_PROTEIN_SECRETION",0.359921447205151,0.299951266306821,0.0183418727917691,3.26957784404881,1999,0.002,0.0142857142857143,"marker","GSM8452865_Pt-6C","full_section"
"HALLMARK_REACTIVE_OXYGEN_SPECIES_PATHWAY",0.265709343048192,0.236491949887507,0.0259730793091026,1.12491063585384,1999,0.132,0.347368421052632,"marker","GSM8452865_Pt-6C","full_section"
"HALLMARK_SPERMATOGENESIS",0.106260195244857,0.140548640436443,0.0182696172158432,-1.87680151075368,1999,0.9735,0.993367346938776,"marker","GSM8452865_Pt-6C","full_section"
"HALLMARK_TGF_BETA_SIGNALING",0.238138720821003,0.271093478203076,0.0246343734054918,-1.33775504818507,1999,0.9085,0.970212765957447,"marker","GSM8452865_Pt-6C","full_section"
"HALLMARK_TNFA_SIGNALING_VIA_NFKB",0.485574532908721,0.358527693280772,0.0147724067147692,8.60028037956265,1999,5e-04,0.00416666666666667,"marker","GSM8452865_Pt-6C","full_section"
"HALLMARK_UNFOLDED_PROTEIN_RESPONSE",0.425654680985298,0.298354334822767,0.0185145820819509,6.87568023944924,1999,5e-04,0.00416666666666667,"marker","GSM8452865_Pt-6C","full_section"
"HALLMARK_UV_RESPONSE_DN",0.330151501789506,0.313990221774903,0.0166548053072216,0.970367393463045,1999,0.171,0.408333333333333,"marker","GSM8452865_Pt-6C","full_section"
"HALLMARK_UV_RESPONSE_UP",0.33853116675776,0.309056095299917,0.0164841377764451,1.78808693894566,1999,0.044,0.146666666666667,"marker","GSM8452865_Pt-6C","full_section"
"HALLMARK_WNT_BETA_CATENIN_SIGNALING",0.14114391165519,0.144804558985673,0.0189544887306073,-0.19312825486935,1999,0.576,0.843125,"marker","GSM8452865_Pt-6C","full_section"
"HALLMARK_XENOBIOTIC_METABOLISM",0.334482284688765,0.315433115599095,0.0160719396790172,1.18524393882213,1999,0.1115,0.309722222222222,"marker","GSM8452865_Pt-6C","full_section"
"HALLMARK_ADIPOGENESIS",0.449603666945732,0.483921261384811,0.0123797964625591,-2.77206451195442,1999,0.9985,0.9985,"label_transfer","GSM8452865_Pt-6C","full_section"
"HALLMARK_ALLOGRAFT_REJECTION",0.450680232310109,0.414097149694588,0.0167801761054082,2.18013698936868,1999,0.0125,0.0681818181818182,"label_transfer","GSM8452865_Pt-6C","full_section"
"HALLMARK_ANDROGEN_RESPONSE",0.423140914850515,0.414361299744033,0.0170449310571001,0.515086571900496,1999,0.2985,0.4975,"label_transfer","GSM8452865_Pt-6C","full_section"
"HALLMARK_ANGIOGENESIS",0.405223510966444,0.307685256670551,0.0276661252549433,3.52554806273298,1999,5e-04,0.00416666666666667,"label_transfer","GSM8452865_Pt-6C","full_section"
"HALLMARK_APICAL_JUNCTION",0.514200556618866,0.488094726122559,0.0145562617601832,1.79344332538154,1999,0.0245,0.0838235294117647,"label_transfer","GSM8452865_Pt-6C","full_section"
"HALLMARK_APICAL_SURFACE",0.225618587650423,0.204364010712851,0.0233036148920353,0.912072098515348,1999,0.1835,0.382291666666667,"label_transfer","GSM8452865_Pt-6C","full_section"
"HALLMARK_APOPTOSIS",0.500396464225767,0.481894876569364,0.0146260483885962,1.26497514330858,1999,0.111,0.241304347826087,"label_transfer","GSM8452865_Pt-6C","full_section"
"HALLMARK_BILE_ACID_METABOLISM",0.24407345728155,0.276843611132813,0.0190103313084526,-1.72380761384695,1999,0.9465,0.9985,"label_transfer","GSM8452865_Pt-6C","full_section"
"HALLMARK_CHOLESTEROL_HOMEOSTASIS",0.371284085045213,0.354998353853948,0.0198312803231256,0.821214310216488,1999,0.2065,0.397115384615385,"label_transfer","GSM8452865_Pt-6C","full_section"
"HALLMARK_COAGULATION",0.525212331794973,0.457702818368411,0.0172556131044008,3.91232192203851,1999,5e-04,0.00416666666666667,"label_transfer","GSM8452865_Pt-6C","full_section"
"HALLMARK_COMPLEMENT",0.493515344737604,0.466556279543756,0.014238155660986,1.89343801512991,1999,0.027,0.0838235294117647,"label_transfer","GSM8452865_Pt-6C","full_section"
"HALLMARK_DNA_REPAIR",0.450971324486411,0.42118044639563,0.0153950984292791,1.93508851064726,1999,0.02,0.0788461538461539,"label_transfer","GSM8452865_Pt-6C","full_section"
"HALLMARK_E2F_TARGETS",0.397581181414549,0.390960280722961,0.015487570679503,0.427497690154177,1999,0.3255,0.525,"label_transfer","GSM8452865_Pt-6C","full_section"
"HALLMARK_EPITHELIAL_MESENCHYMAL_TRANSITION",0.582689641424399,0.52574655312645,0.0123138496847115,4.62431244135193,1999,5e-04,0.00416666666666667,"label_transfer","GSM8452865_Pt-6C","full_section"
"HALLMARK_ESTROGEN_RESPONSE_EARLY",0.446777923310871,0.449569499500565,0.0135958643113956,-0.205325393498826,1999,0.587,0.755128205128205,"label_transfer","GSM8452865_Pt-6C","full_section"
"HALLMARK_ESTROGEN_RESPONSE_LATE",0.445750829752679,0.450445071027221,0.0141780101414771,-0.331093096118559,1999,0.6305,0.788125,"label_transfer","GSM8452865_Pt-6C","full_section"
"HALLMARK_FATTY_ACID_METABOLISM",0.380342366540423,0.416413741070439,0.0158767688983941,-2.27195941194717,1999,0.9865,0.9985,"label_transfer","GSM8452865_Pt-6C","full_section"
"HALLMARK_G2M_CHECKPOINT",0.422042453596324,0.419094836529826,0.0143330493189347,0.205651777295195,1999,0.4165,0.6125,"label_transfer","GSM8452865_Pt-6C","full_section"
"HALLMARK_GLYCOLYSIS",0.533850227942639,0.473149659479827,0.0141661061432605,4.28491554764261,1999,5e-04,0.00416666666666667,"label_transfer","GSM8452865_Pt-6C","full_section"
"HALLMARK_HEDGEHOG_SIGNALING",0.207502537447425,0.187106322089147,0.0249140240693972,0.818664030405705,1999,0.2005,0.397115384615385,"label_transfer","GSM8452865_Pt-6C","full_section"
"HALLMARK_HEME_METABOLISM",0.417871078966682,0.439224706130386,0.0138399215284556,-1.54290088421383,1999,0.931,0.9985,"label_transfer","GSM8452865_Pt-6C","full_section"
"HALLMARK_HYPOXIA",0.6023103164208,0.514325032339719,0.0123584220790108,7.11945938717476,1999,5e-04,0.00416666666666667,"label_transfer","GSM8452865_Pt-6C","full_section"
"HALLMARK_IL2_STAT5_SIGNALING",0.461108750332992,0.462999913890174,0.0145480747117118,-0.129994077887184,1999,0.554,0.748648648648649,"label_transfer","GSM8452865_Pt-6C","full_section"
"HALLMARK_IL6_JAK_STAT3_SIGNALING",0.298424259777172,0.344520820550988,0.0194660563467608,-2.36804825552076,1999,0.975,0.9985,"label_transfer","GSM8452865_Pt-6C","full_section"
"HALLMARK_INFLAMMATORY_RESPONSE",0.430356849087015,0.422379014249961,0.014804721186986,0.538870995021987,1999,0.298,0.4975,"label_transfer","GSM8452865_Pt-6C","full_section"
"HALLMARK_INTERFERON_ALPHA_RESPONSE",0.363619919885709,0.356848044209194,0.018694620907592,0.362236587197342,1999,0.347,0.5421875,"label_transfer","GSM8452865_Pt-6C","full_section"
"HALLMARK_INTERFERON_GAMMA_RESPONSE",0.446161638719088,0.444292187639221,0.0149526694872739,0.125024570459374,1999,0.452,0.627777777777778,"label_transfer","GSM8452865_Pt-6C","full_section"
"HALLMARK_KRAS_SIGNALING_DN",0.250036276796057,0.223524670268035,0.0201074298340453,1.31849802519928,1999,0.095,0.226190476190476,"label_transfer","GSM8452865_Pt-6C","full_section"
"HALLMARK_KRAS_SIGNALING_UP",0.48151285224979,0.456561116761022,0.0143647848191308,1.73700725788373,1999,0.036,0.1,"label_transfer","GSM8452865_Pt-6C","full_section"
"HALLMARK_MITOTIC_SPINDLE",0.444558973630427,0.46487679405928,0.0135548210948284,-1.49893682009606,1999,0.921,0.9985,"label_transfer","GSM8452865_Pt-6C","full_section"
"HALLMARK_MTORC1_SIGNALING",0.531952136815948,0.489981639225495,0.0127486567756025,3.29215056371848,1999,5e-04,0.00416666666666667,"label_transfer","GSM8452865_Pt-6C","full_section"
"HALLMARK_MYC_TARGETS_V1",0.546558407207587,0.523197754658137,0.0110776637309933,2.10880679507272,1999,0.0265,0.0838235294117647,"label_transfer","GSM8452865_Pt-6C","full_section"
"HALLMARK_MYC_TARGETS_V2",0.261964544729073,0.232986864857532,0.0220586028918111,1.31366796046266,1999,0.078,0.205263157894737,"label_transfer","GSM8452865_Pt-6C","full_section"
"HALLMARK_MYOGENESIS",0.485530711575681,0.457967582556573,0.0146354526880474,1.8833123652963,1999,0.0285,0.0838235294117647,"label_transfer","GSM8452865_Pt-6C","full_section"
"HALLMARK_NOTCH_SIGNALING",0.247237490562164,0.219264381937232,0.0215319973770484,1.29914137249291,1999,0.0945,0.226190476190476,"label_transfer","GSM8452865_Pt-6C","full_section"
"HALLMARK_OXIDATIVE_PHOSPHORYLATION",0.534334002809399,0.508506455209133,0.0120878098533127,2.13666064520265,1999,0.015,0.0681818181818182,"label_transfer","GSM8452865_Pt-6C","full_section"
"HALLMARK_P53_PATHWAY",0.499334164109226,0.484342110234152,0.0127955632049186,1.17166033530366,1999,0.109,0.241304347826087,"label_transfer","GSM8452865_Pt-6C","full_section"
"HALLMARK_PANCREAS_BETA_CELLS",0.146042714857103,0.133403593640349,0.0238793530248424,0.529290772811371,1999,0.288,0.4975,"label_transfer","GSM8452865_Pt-6C","full_section"
"HALLMARK_PEROXISOME",0.363583283058368,0.356478903420382,0.0197727203402835,0.359302084676287,1999,0.369,0.559090909090909,"label_transfer","GSM8452865_Pt-6C","full_section"
"HALLMARK_PI3K_AKT_MTOR_SIGNALING",0.398968085435962,0.410766168605379,0.0185353315268338,-0.636518594357866,1999,0.741,0.903658536585366,"label_transfer","GSM8452865_Pt-6C","full_section"
"HALLMARK_PROTEIN_SECRETION",0.458367680137379,0.420937306914501,0.0158753175827367,2.35777161797258,1999,0.014,0.0681818181818182,"label_transfer","GSM8452865_Pt-6C","full_section"
"HALLMARK_REACTIVE_OXYGEN_SPECIES_PATHWAY",0.338701187592511,0.360134457925964,0.0249789424824663,-0.858053552447161,1999,0.799,0.951190476190476,"label_transfer","GSM8452865_Pt-6C","full_section"
"HALLMARK_SPERMATOGENESIS",0.169898890291534,0.199351604079556,0.0194018340489492,-1.51803760993493,1999,0.9305,0.9985,"label_transfer","GSM8452865_Pt-6C","full_section"
"HALLMARK_TGF_BETA_SIGNALING",0.396166110988145,0.401757616766934,0.0225622558263222,-0.247825652799543,1999,0.589,0.755128205128205,"label_transfer","GSM8452865_Pt-6C","full_section"
"HALLMARK_TNFA_SIGNALING_VIA_NFKB",0.521512279628045,0.495550707079278,0.0132239295478023,1.96322677422923,1999,0.0205,0.0788461538461539,"label_transfer","GSM8452865_Pt-6C","full_section"
"HALLMARK_UNFOLDED_PROTEIN_RESPONSE",0.48273125816155,0.424918567836108,0.0166000702950912,3.48267744038033,1999,0.0015,0.0107142857142857,"label_transfer","GSM8452865_Pt-6C","full_section"
"HALLMARK_UV_RESPONSE_DN",0.48876114049838,0.442181878231783,0.0148261407805385,3.14169836615467,1999,0.0035,0.021875,"label_transfer","GSM8452865_Pt-6C","full_section"
"HALLMARK_UV_RESPONSE_UP",0.413413212844689,0.434259037268605,0.0161834933922138,-1.28809175613127,1999,0.902,0.9985,"label_transfer","GSM8452865_Pt-6C","full_section"
"HALLMARK_WNT_BETA_CATENIN_SIGNALING",0.228868658116074,0.215075621603822,0.0222350501356624,0.620328554606223,1999,0.282,0.4975,"label_transfer","GSM8452865_Pt-6C","full_section"
"HALLMARK_XENOBIOTIC_METABOLISM",0.440720755069615,0.438718954143532,0.014449902389054,0.138533871868869,1999,0.4425,0.627777777777778,"label_transfer","GSM8452865_Pt-6C","full_section"
"HALLMARK_ADIPOGENESIS",0.555936362601653,0.676241630707699,0.0140502561119833,-8.56249645182188,1999,1,1,"raw","GSM8452865_Pt-6C","RCTD_intersection"
"HALLMARK_ALLOGRAFT_REJECTION",0.566782590073005,0.596885228569156,0.0207829979014231,-1.44842619139609,1999,0.917,1,"raw","GSM8452865_Pt-6C","RCTD_intersection"
"HALLMARK_ANDROGEN_RESPONSE",0.602703258716857,0.601040872908795,0.0222559991812744,0.0746938294938629,1999,0.476,1,"raw","GSM8452865_Pt-6C","RCTD_intersection"
"HALLMARK_ANGIOGENESIS",0.50746783649776,0.469829831926361,0.0430279978502644,0.87473288211963,1999,0.1635,0.8625,"raw","GSM8452865_Pt-6C","RCTD_intersection"
"HALLMARK_APICAL_JUNCTION",0.688205777047617,0.678446243026543,0.0172583225797462,0.565497253628081,1999,0.279,0.9828125,"raw","GSM8452865_Pt-6C","RCTD_intersection"
"HALLMARK_APICAL_SURFACE",0.352312484086892,0.33441169616134,0.037077019587462,0.482800077372068,1999,0.3085,0.9828125,"raw","GSM8452865_Pt-6C","RCTD_intersection"
"HALLMARK_APOPTOSIS",0.658526626305185,0.67347393376402,0.0180702667794027,-0.827176911182761,1999,0.788,1,"raw","GSM8452865_Pt-6C","RCTD_intersection"
"HALLMARK_BILE_ACID_METABOLISM",0.349774561990344,0.426967899804425,0.027449578290431,-2.81218665719868,1999,0.9925,1,"raw","GSM8452865_Pt-6C","RCTD_intersection"
"HALLMARK_CHOLESTEROL_HOMEOSTASIS",0.537183312104709,0.533014952625362,0.0284287200060159,0.146624944016667,1999,0.4365,1,"raw","GSM8452865_Pt-6C","RCTD_intersection"
"HALLMARK_COAGULATION",0.661843323557033,0.64838317440628,0.0215313075107671,0.625143138382222,1999,0.2585,0.9828125,"raw","GSM8452865_Pt-6C","RCTD_intersection"
"HALLMARK_COMPLEMENT",0.648149316957926,0.656623539301446,0.017308581954521,-0.489596569250235,1999,0.6795,1,"raw","GSM8452865_Pt-6C","RCTD_intersection"
"HALLMARK_DNA_REPAIR",0.608446976384474,0.605370573636929,0.0192724407180871,0.159627044262085,1999,0.436,1,"raw","GSM8452865_Pt-6C","RCTD_intersection"
"HALLMARK_E2F_TARGETS",0.52606773135937,0.561514653663284,0.0184923785761674,-1.9168395324546,1999,0.963,1,"raw","GSM8452865_Pt-6C","RCTD_intersection"
"HALLMARK_EPITHELIAL_MESENCHYMAL_TRANSITION",0.692872745983529,0.71920374601624,0.0132340311259055,-1.98964319958177,1999,0.958,1,"raw","GSM8452865_Pt-6C","RCTD_intersection"
"HALLMARK_ESTROGEN_RESPONSE_EARLY",0.669347572011813,0.635513458175944,0.0174544606356397,1.93842219144736,1999,0.017,0.2125,"raw","GSM8452865_Pt-6C","RCTD_intersection"
"HALLMARK_ESTROGEN_RESPONSE_LATE",0.653145754710068,0.637597846979388,0.0170836742031147,0.910103268525496,1999,0.1725,0.8625,"raw","GSM8452865_Pt-6C","RCTD_intersection"
"HALLMARK_FATTY_ACID_METABOLISM",0.516873529862259,0.59891981682712,0.0189894009453366,-4.32063587477258,1999,0.9995,1,"raw","GSM8452865_Pt-6C","RCTD_intersection"
"HALLMARK_G2M_CHECKPOINT",0.570864899696578,0.59934928918663,0.0175446457318327,-1.62353745555375,1999,0.927,1,"raw","GSM8452865_Pt-6C","RCTD_intersection"
"HALLMARK_GLYCOLYSIS",0.744371306033014,0.662097939685556,0.0165573758475544,4.96898585288863,1999,5e-04,0.0125,"raw","GSM8452865_Pt-6C","RCTD_intersection"
"HALLMARK_HEDGEHOG_SIGNALING",0.333061466845176,0.30575843059596,0.0386234908369292,0.70690234511664,1999,0.235,0.979166666666667,"raw","GSM8452865_Pt-6C","RCTD_intersection"
"HALLMARK_HEME_METABOLISM",0.604118677290449,0.625016726355117,0.0172784090041734,-1.20948919889671,1999,0.8725,1,"raw","GSM8452865_Pt-6C","RCTD_intersection"
"HALLMARK_HYPOXIA",0.774326521872939,0.705592879905092,0.0147200868686413,4.66937746911483,1999,5e-04,0.0125,"raw","GSM8452865_Pt-6C","RCTD_intersection"
"HALLMARK_IL2_STAT5_SIGNALING",0.645691446351039,0.649814698903728,0.0173072755318425,-0.238238106575635,1999,0.598,1,"raw","GSM8452865_Pt-6C","RCTD_intersection"
"HALLMARK_IL6_JAK_STAT3_SIGNALING",0.430455385850932,0.517779349820665,0.0276202929288669,-3.16158717775464,1999,0.9935,1,"raw","GSM8452865_Pt-6C","RCTD_intersection"
"HALLMARK_INFLAMMATORY_RESPONSE",0.59258232916488,0.605104641143429,0.0182883123933034,-0.68471664904051,1999,0.7395,1,"raw","GSM8452865_Pt-6C","RCTD_intersection"
"HALLMARK_INTERFERON_ALPHA_RESPONSE",0.511113526961761,0.531054958522386,0.0256110446690408,-0.778626245759139,1999,0.7705,1,"raw","GSM8452865_Pt-6C","RCTD_intersection"
"HALLMARK_INTERFERON_GAMMA_RESPONSE",0.590898334738023,0.63000379123402,0.0184143871778128,-2.12363605252715,1999,0.9775,1,"raw","GSM8452865_Pt-6C","RCTD_intersection"
"HALLMARK_KRAS_SIGNALING_DN",0.385093288700584,0.348359545926718,0.0291628591337446,1.25960704351381,1999,0.1015,0.634375,"raw","GSM8452865_Pt-6C","RCTD_intersection"
"HALLMARK_KRAS_SIGNALING_UP",0.64272585894839,0.643978661413921,0.0172426652192829,-0.0726571240349469,1999,0.5255,1,"raw","GSM8452865_Pt-6C","RCTD_intersection"
"HALLMARK_MITOTIC_SPINDLE",0.62906298745476,0.652605359774894,0.0158295467310472,-1.48724235255325,1999,0.9205,1,"raw","GSM8452865_Pt-6C","RCTD_intersection"
"HALLMARK_MTORC1_SIGNALING",0.703047887761066,0.680504482780259,0.0149404300920338,1.5088859451795,1999,0.064,0.457142857142857,"raw","GSM8452865_Pt-6C","RCTD_intersection"
"HALLMARK_MYC_TARGETS_V1",0.697068455738803,0.718779033360991,0.0131289636066901,-1.65363986622102,1999,0.935,1,"raw","GSM8452865_Pt-6C","RCTD_intersection"
"HALLMARK_MYC_TARGETS_V2",0.381460447531022,0.367081769142745,0.031006533919219,0.463730593872168,1999,0.3145,0.9828125,"raw","GSM8452865_Pt-6C","RCTD_intersection"
"HALLMARK_MYOGENESIS",0.580326797221476,0.64889102300847,0.0179624780641866,-3.81708055770416,1999,0.999,1,"raw","GSM8452865_Pt-6C","RCTD_intersection"
"HALLMARK_NOTCH_SIGNALING",0.37048291565978,0.35844324723521,0.0343459990280007,0.350540638365326,1999,0.359,1,"raw","GSM8452865_Pt-6C","RCTD_intersection"
"HALLMARK_OXIDATIVE_PHOSPHORYLATION",0.660205531392215,0.702845808069389,0.0136186122485449,-3.13102949837861,1999,0.9995,1,"raw","GSM8452865_Pt-6C","RCTD_intersection"
"HALLMARK_P53_PATHWAY",0.701926687763374,0.674434331085045,0.0154369081489132,1.78094968326058,1999,0.0285,0.283333333333333,"raw","GSM8452865_Pt-6C","RCTD_intersection"
"HALLMARK_PANCREAS_BETA_CELLS",0.217523783515486,0.225182135967578,0.0394075467107877,-0.194337204198388,1999,0.5725,1,"raw","GSM8452865_Pt-6C","RCTD_intersection"
"HALLMARK_PEROXISOME",0.525698169146373,0.530832235149779,0.0265533928069176,-0.193348776208686,1999,0.5725,1,"raw","GSM8452865_Pt-6C","RCTD_intersection"
"HALLMARK_PI3K_AKT_MTOR_SIGNALING",0.578292973781256,0.595638049540244,0.0245173611565648,-0.707460955860012,1999,0.7415,1,"raw","GSM8452865_Pt-6C","RCTD_intersection"
"HALLMARK_PROTEIN_SECRETION",0.661105819044839,0.609823286510687,0.0219189763336792,2.33964085518695,1999,0.005,0.0833333333333333,"raw","GSM8452865_Pt-6C","RCTD_intersection"
"HALLMARK_REACTIVE_OXYGEN_SPECIES_PATHWAY",0.450937843655698,0.535496938786452,0.0350308293163976,-2.41384793854059,1999,0.9785,1,"raw","GSM8452865_Pt-6C","RCTD_intersection"
"HALLMARK_SPERMATOGENESIS",0.286926034885916,0.316258531168189,0.027552568913716,-1.06460114024689,1999,0.85,1,"raw","GSM8452865_Pt-6C","RCTD_intersection"
"HALLMARK_TGF_BETA_SIGNALING",0.587603982093579,0.58585836595516,0.0300521590464097,0.0580862138964373,1999,0.473,1,"raw","GSM8452865_Pt-6C","RCTD_intersection"
"HALLMARK_TNFA_SIGNALING_VIA_NFKB",0.698266158078089,0.685671578774682,0.0156105160939156,0.806800955691381,1999,0.2025,0.920454545454546,"raw","GSM8452865_Pt-6C","RCTD_intersection"
"HALLMARK_UNFOLDED_PROTEIN_RESPONSE",0.647288714804173,0.610992214760968,0.0217564477790071,1.66831002983072,1999,0.034,0.283333333333333,"raw","GSM8452865_Pt-6C","RCTD_intersection"
"HALLMARK_UV_RESPONSE_DN",0.624295516637435,0.628497657218959,0.0191525646256386,-0.219403545355948,1999,0.5955,1,"raw","GSM8452865_Pt-6C","RCTD_intersection"
"HALLMARK_UV_RESPONSE_UP",0.573022222432325,0.621702927779699,0.0190802833489055,-2.55136176214942,1999,0.9895,1,"raw","GSM8452865_Pt-6C","RCTD_intersection"
"HALLMARK_WNT_BETA_CATENIN_SIGNALING",0.323999121401559,0.348214888694599,0.0355121989459115,-0.681899967104893,1999,0.7455,1,"raw","GSM8452865_Pt-6C","RCTD_intersection"
"HALLMARK_XENOBIOTIC_METABOLISM",0.58443871647803,0.625509679317489,0.0175834610312688,-2.33577239238755,1999,0.9775,1,"raw","GSM8452865_Pt-6C","RCTD_intersection"
"HALLMARK_ADIPOGENESIS",0.368956883169226,0.368415116489137,0.0145332859168571,0.0372776454814158,1999,0.483,1,"RCTD","GSM8452865_Pt-6C","RCTD_intersection"
"HALLMARK_ALLOGRAFT_REJECTION",0.270694462485513,0.304322472413419,0.0181996007559789,-1.84773338595672,1999,0.9725,1,"RCTD","GSM8452865_Pt-6C","RCTD_intersection"
"HALLMARK_ANDROGEN_RESPONSE",0.285745587083664,0.292912654941035,0.0184434705142986,-0.388596487402642,1999,0.651,1,"RCTD","GSM8452865_Pt-6C","RCTD_intersection"
"HALLMARK_ANGIOGENESIS",0.171645391664406,0.178266467313396,0.0230470265393379,-0.287285461215083,1999,0.6025,1,"RCTD","GSM8452865_Pt-6C","RCTD_intersection"
"HALLMARK_APICAL_JUNCTION",0.3593164843187,0.355389054999601,0.0158150263673186,0.248335300105117,1999,0.4095,1,"RCTD","GSM8452865_Pt-6C","RCTD_intersection"
"HALLMARK_APICAL_SURFACE",0.165686706862247,0.129385473063458,0.020099629358784,1.8060648358635,1999,0.0335,0.186111111111111,"RCTD","GSM8452865_Pt-6C","RCTD_intersection"
"HALLMARK_APOPTOSIS",0.339444516253135,0.346062712856389,0.016185460727085,-0.408897634416996,1999,0.665,1,"RCTD","GSM8452865_Pt-6C","RCTD_intersection"
"HALLMARK_BILE_ACID_METABOLISM",0.203442282562304,0.20319662770245,0.0199522639907403,0.0123121295892918,1999,0.4975,1,"RCTD","GSM8452865_Pt-6C","RCTD_intersection"
"HALLMARK_CHOLESTEROL_HOMEOSTASIS",0.221957498319954,0.245184206156538,0.0205929125586686,-1.12789814313115,1999,0.877,1,"RCTD","GSM8452865_Pt-6C","RCTD_intersection"
"HALLMARK_COAGULATION",0.367172450049456,0.309111678934748,0.0177985242563858,3.2621115255596,1999,5e-04,0.00833333333333333,"RCTD","GSM8452865_Pt-6C","RCTD_intersection"
"HALLMARK_COMPLEMENT",0.335889294648123,0.343476321768654,0.0161320867318926,-0.470306616039428,1999,0.6805,1,"RCTD","GSM8452865_Pt-6C","RCTD_intersection"
"HALLMARK_DNA_REPAIR",0.345944193174515,0.319213720805542,0.0168688649991076,1.58460408393728,1999,0.053,0.220833333333333,"RCTD","GSM8452865_Pt-6C","RCTD_intersection"
"HALLMARK_E2F_TARGETS",0.34216156444902,0.307285560298268,0.016558985369325,2.10616794283538,1999,0.02,0.153571428571429,"RCTD","GSM8452865_Pt-6C","RCTD_intersection"
"HALLMARK_EPITHELIAL_MESENCHYMAL_TRANSITION",0.33716549755227,0.384623368653752,0.0140371892725768,-3.38086707957953,1999,1,1,"RCTD","GSM8452865_Pt-6C","RCTD_intersection"
"HALLMARK_ESTROGEN_RESPONSE_EARLY",0.34248177338264,0.342511122512853,0.0161124685549659,-0.00182151667898327,1999,0.501,1,"RCTD","GSM8452865_Pt-6C","RCTD_intersection"
"HALLMARK_ESTROGEN_RESPONSE_LATE",0.347504954248009,0.336147088624385,0.0158890906182512,0.71482162802813,1999,0.2505,0.736764705882353,"RCTD","GSM8452865_Pt-6C","RCTD_intersection"
"HALLMARK_FATTY_ACID_METABOLISM",0.306131208222836,0.310698972358261,0.0165835337649097,-0.27543973438819,1999,0.607,1,"RCTD","GSM8452865_Pt-6C","RCTD_intersection"
"HALLMARK_G2M_CHECKPOINT",0.359373779129888,0.321101614566308,0.0161546931087778,2.36910502142468,1999,0.012,0.12,"RCTD","GSM8452865_Pt-6C","RCTD_intersection"
"HALLMARK_GLYCOLYSIS",0.327999930462449,0.356274874984201,0.0155446770214886,-1.81894705709649,1999,0.9695,1,"RCTD","GSM8452865_Pt-6C","RCTD_intersection"
"HALLMARK_HEDGEHOG_SIGNALING",0.129716848110033,0.113944507653256,0.0203720275123134,0.774215548611619,1999,0.2415,0.736764705882353,"RCTD","GSM8452865_Pt-6C","RCTD_intersection"
"HALLMARK_HEME_METABOLISM",0.312632631510262,0.334258595655239,0.0146888422340489,-1.4722715242218,1999,0.918,1,"RCTD","GSM8452865_Pt-6C","RCTD_intersection"
"HALLMARK_HYPOXIA",0.383778624519196,0.383509109610817,0.0147510203131078,0.0182709333088728,1999,0.4935,1,"RCTD","GSM8452865_Pt-6C","RCTD_intersection"
"HALLMARK_IL2_STAT5_SIGNALING",0.328476375958536,0.341235620843207,0.0159181315316226,-0.801554181112573,1999,0.794,1,"RCTD","GSM8452865_Pt-6C","RCTD_intersection"
"HALLMARK_IL6_JAK_STAT3_SIGNALING",0.225473561898273,0.23445990836044,0.0204618329926841,-0.439176024229075,1999,0.689,1,"RCTD","GSM8452865_Pt-6C","RCTD_intersection"
"HALLMARK_INFLAMMATORY_RESPONSE",0.272531162694096,0.316658097973079,0.0161508447126834,-2.73217506972435,1999,0.9945,1,"RCTD","GSM8452865_Pt-6C","RCTD_intersection"
"HALLMARK_INTERFERON_ALPHA_RESPONSE",0.325446142449748,0.25135387493456,0.0186577344488891,3.97112884836882,1999,5e-04,0.00833333333333333,"RCTD","GSM8452865_Pt-6C","RCTD_intersection"
"HALLMARK_INTERFERON_GAMMA_RESPONSE",0.358953794034649,0.334049332386786,0.0159208414376556,1.56426792801038,1999,0.0605,0.232692307692308,"RCTD","GSM8452865_Pt-6C","RCTD_intersection"
"HALLMARK_KRAS_SIGNALING_DN",0.202467270777094,0.165992288318249,0.0186003221664075,1.96098659649665,1999,0.0285,0.178125,"RCTD","GSM8452865_Pt-6C","RCTD_intersection"
"HALLMARK_KRAS_SIGNALING_UP",0.31756979104987,0.342472075370843,0.0161115907411671,-1.54561301370103,1999,0.9315,1,"RCTD","GSM8452865_Pt-6C","RCTD_intersection"
"HALLMARK_MITOTIC_SPINDLE",0.341327952789175,0.353696747037965,0.015290964859011,-0.808895603569516,1999,0.7855,1,"RCTD","GSM8452865_Pt-6C","RCTD_intersection"
"HALLMARK_MTORC1_SIGNALING",0.347775880245024,0.371245731422677,0.0147875357978887,-1.5871374039888,1999,0.944,1,"RCTD","GSM8452865_Pt-6C","RCTD_intersection"
"HALLMARK_MYC_TARGETS_V1",0.414707532787172,0.390126825646095,0.0134856190510405,1.82273479979253,1999,0.04,0.193181818181818,"RCTD","GSM8452865_Pt-6C","RCTD_intersection"
"HALLMARK_MYC_TARGETS_V2",0.230866574805684,0.165323770088783,0.0201446174977403,3.25361376180279,1999,5e-04,0.00833333333333333,"RCTD","GSM8452865_Pt-6C","RCTD_intersection"
"HALLMARK_MYOGENESIS",0.339215132411902,0.331015384386125,0.0161180485168286,0.508730819194132,1999,0.3105,0.8625,"RCTD","GSM8452865_Pt-6C","RCTD_intersection"
"HALLMARK_NOTCH_SIGNALING",0.146706328343681,0.146916295275705,0.0199285205923683,-0.0105360019601218,1999,0.5065,1,"RCTD","GSM8452865_Pt-6C","RCTD_intersection"
"HALLMARK_OXIDATIVE_PHOSPHORYLATION",0.426937681371188,0.385057395288658,0.0139093081788584,3.01095392696718,1999,0.0015,0.01875,"RCTD","GSM8452865_Pt-6C","RCTD_intersection"
"HALLMARK_P53_PATHWAY",0.339656364143128,0.366359898749881,0.0149963306373166,-1.78067123568912,1999,0.962,1,"RCTD","GSM8452865_Pt-6C","RCTD_intersection"
"HALLMARK_PANCREAS_BETA_CELLS",0.102426241894843,0.0813100472342233,0.0193941723873969,1.0887907067559,1999,0.1395,0.465,"RCTD","GSM8452865_Pt-6C","RCTD_intersection"
"HALLMARK_PEROXISOME",0.279894848919114,0.253570249873216,0.0184709784895569,1.42518703385323,1999,0.0825,0.294642857142857,"RCTD","GSM8452865_Pt-6C","RCTD_intersection"
"HALLMARK_PI3K_AKT_MTOR_SIGNALING",0.257801278676716,0.285431741336237,0.0202994660228347,-1.36114233883983,1999,0.917,1,"RCTD","GSM8452865_Pt-6C","RCTD_intersection"
"HALLMARK_PROTEIN_SECRETION",0.337730062016851,0.301839799372953,0.0176340562475718,2.03528117070854,1999,0.0215,0.153571428571429,"RCTD","GSM8452865_Pt-6C","RCTD_intersection"
"HALLMARK_REACTIVE_OXYGEN_SPECIES_PATHWAY",0.212322525562704,0.22420250026398,0.0205313717541499,-0.578625473423367,1999,0.7155,1,"RCTD","GSM8452865_Pt-6C","RCTD_intersection"
"HALLMARK_SPERMATOGENESIS",0.120852350857879,0.150872598751534,0.0197047756596741,-1.52350112541964,1999,0.9355,1,"RCTD","GSM8452865_Pt-6C","RCTD_intersection"
"HALLMARK_TGF_BETA_SIGNALING",0.231059064469476,0.253842513153194,0.0209328023580568,-1.08840891410553,1999,0.8655,1,"RCTD","GSM8452865_Pt-6C","RCTD_intersection"
"HALLMARK_TNFA_SIGNALING_VIA_NFKB",0.372972433239575,0.370137868696227,0.0145306049354479,0.195075466984375,1999,0.4275,1,"RCTD","GSM8452865_Pt-6C","RCTD_intersection"
"HALLMARK_UNFOLDED_PROTEIN_RESPONSE",0.33637803583667,0.304718807696823,0.0178441378397489,1.77420889841618,1999,0.0425,0.193181818181818,"RCTD","GSM8452865_Pt-6C","RCTD_intersection"
"HALLMARK_UV_RESPONSE_DN",0.309112869282414,0.324899634452939,0.0169237712879299,-0.932816031482527,1999,0.82,1,"RCTD","GSM8452865_Pt-6C","RCTD_intersection"
"HALLMARK_UV_RESPONSE_UP",0.299190279249072,0.319856751510012,0.0169937374840046,-1.21612283821567,1999,0.8855,1,"RCTD","GSM8452865_Pt-6C","RCTD_intersection"
"HALLMARK_WNT_BETA_CATENIN_SIGNALING",0.121043088238888,0.145386697252163,0.019263887568645,-1.26369139803838,1999,0.8955,1,"RCTD","GSM8452865_Pt-6C","RCTD_intersection"
"HALLMARK_XENOBIOTIC_METABOLISM",0.320025314522623,0.32955756203477,0.0161834799948951,-0.58901098621274,1999,0.719,1,"RCTD","GSM8452865_Pt-6C","RCTD_intersection"
"HALLMARK_ADIPOGENESIS",0.555936362601653,0.676075252731697,0.0141365656382685,-8.49844956718639,1999,1,1,"raw","GSM8452865_Pt-6C","label_malignant_subset"
"HALLMARK_ALLOGRAFT_REJECTION",0.566782590073005,0.595512217111679,0.0207746099327216,-1.3829201670556,1999,0.907,1,"raw","GSM8452865_Pt-6C","label_malignant_subset"
"HALLMARK_ANDROGEN_RESPONSE",0.602703258716857,0.600730544630346,0.0238532463905363,0.0827021217243485,1999,0.4655,1,"raw","GSM8452865_Pt-6C","label_malignant_subset"
"HALLMARK_ANGIOGENESIS",0.50746783649776,0.470184279718008,0.0422800764788502,0.88182330508324,1999,0.162,0.831818181818182,"raw","GSM8452865_Pt-6C","label_malignant_subset"
"HALLMARK_APICAL_JUNCTION",0.688205777047617,0.679222621573669,0.0154189309758948,0.582605596198095,1999,0.2675,0.955357142857143,"raw","GSM8452865_Pt-6C","label_malignant_subset"
"HALLMARK_APICAL_SURFACE",0.352312484086892,0.333454969449657,0.0365236557869541,0.516309614438177,1999,0.3055,0.98125,"raw","GSM8452865_Pt-6C","label_malignant_subset"
"HALLMARK_APOPTOSIS",0.658526626305185,0.673364915032953,0.0170516926512376,-0.870194474604861,1999,0.7955,1,"raw","GSM8452865_Pt-6C","label_malignant_subset"
"HALLMARK_BILE_ACID_METABOLISM",0.349774561990344,0.426061340994173,0.0277961034520893,-2.74451342200968,1999,0.994,1,"raw","GSM8452865_Pt-6C","label_malignant_subset"
"HALLMARK_CHOLESTEROL_HOMEOSTASIS",0.537183312104709,0.533168183016752,0.0276096384844453,0.145424906241308,1999,0.445,1,"raw","GSM8452865_Pt-6C","label_malignant_subset"
"HALLMARK_COAGULATION",0.661843323557033,0.647694419356984,0.0224358787413017,0.630637398391831,1999,0.2605,0.955357142857143,"raw","GSM8452865_Pt-6C","label_malignant_subset"
"HALLMARK_COMPLEMENT",0.648149316957926,0.65615951883956,0.0169293470666731,-0.473154803317983,1999,0.691,1,"raw","GSM8452865_Pt-6C","label_malignant_subset"
"HALLMARK_DNA_REPAIR",0.608446976384474,0.606570912530078,0.0186950862255897,0.10035063929408,1999,0.4635,1,"raw","GSM8452865_Pt-6C","label_malignant_subset"
"HALLMARK_E2F_TARGETS",0.52606773135937,0.561837862431584,0.0195692281382315,-1.82787644047805,1999,0.9645,1,"raw","GSM8452865_Pt-6C","label_malignant_subset"
"HALLMARK_EPITHELIAL_MESENCHYMAL_TRANSITION",0.692872745983529,0.719608975267776,0.0142025345706387,-1.8824970396143,1999,0.962,1,"raw","GSM8452865_Pt-6C","label_malignant_subset"
"HALLMARK_ESTROGEN_RESPONSE_EARLY",0.669347572011813,0.635218072451774,0.0172605690511359,1.97731021839006,1999,0.0115,0.14375,"raw","GSM8452865_Pt-6C","label_malignant_subset"
"HALLMARK_ESTROGEN_RESPONSE_LATE",0.653145754710068,0.638082073426502,0.0172602487483953,0.872738365660324,1999,0.178,0.831818181818182,"raw","GSM8452865_Pt-6C","label_malignant_subset"
"HALLMARK_FATTY_ACID_METABOLISM",0.516873529862259,0.599579940700284,0.0202997206291439,-4.0742635009117,1999,0.9995,1,"raw","GSM8452865_Pt-6C","label_malignant_subset"
"HALLMARK_G2M_CHECKPOINT",0.570864899696578,0.599124229555892,0.0187338873405428,-1.50846054241806,1999,0.919,1,"raw","GSM8452865_Pt-6C","label_malignant_subset"
"HALLMARK_GLYCOLYSIS",0.744371306033014,0.663214642057308,0.0161134389590972,5.03658245652691,1999,5e-04,0.0125,"raw","GSM8452865_Pt-6C","label_malignant_subset"
"HALLMARK_HEDGEHOG_SIGNALING",0.333061466845176,0.306248707260789,0.0382802604658869,0.700433049777208,1999,0.2245,0.935416666666667,"raw","GSM8452865_Pt-6C","label_malignant_subset"
"HALLMARK_HEME_METABOLISM",0.604118677290449,0.624983116679829,0.0174459584092619,-1.1959468720448,1999,0.8595,1,"raw","GSM8452865_Pt-6C","label_malignant_subset"
"HALLMARK_HYPOXIA",0.774326521872939,0.705992010616152,0.0146643741962389,4.65989958673542,1999,5e-04,0.0125,"raw","GSM8452865_Pt-6C","label_malignant_subset"
"HALLMARK_IL2_STAT5_SIGNALING",0.645691446351039,0.649934376888767,0.0192831467429785,-0.220033099072503,1999,0.5875,1,"raw","GSM8452865_Pt-6C","label_malignant_subset"
"HALLMARK_IL6_JAK_STAT3_SIGNALING",0.430455385850932,0.517900562124317,0.0288284347979601,-3.03329601090838,1999,0.9915,1,"raw","GSM8452865_Pt-6C","label_malignant_subset"
"HALLMARK_INFLAMMATORY_RESPONSE",0.59258232916488,0.605012037247224,0.0192463399974488,-0.645821911282443,1999,0.7325,1,"raw","GSM8452865_Pt-6C","label_malignant_subset"
"HALLMARK_INTERFERON_ALPHA_RESPONSE",0.511113526961761,0.533158805079907,0.0251341666334695,-0.877104001084707,1999,0.789,1,"raw","GSM8452865_Pt-6C","label_malignant_subset"
"HALLMARK_INTERFERON_GAMMA_RESPONSE",0.590898334738023,0.630455983922121,0.0170393429362969,-2.32154780451265,1999,0.9845,1,"raw","GSM8452865_Pt-6C","label_malignant_subset"
"HALLMARK_KRAS_SIGNALING_DN",0.385093288700584,0.349195120461007,0.0289033007897519,1.24200929508731,1999,0.104,0.65,"raw","GSM8452865_Pt-6C","label_malignant_subset"
"HALLMARK_KRAS_SIGNALING_UP",0.64272585894839,0.643565278320186,0.0170019400624066,-0.0493719757106783,1999,0.514,1,"raw","GSM8452865_Pt-6C","label_malignant_subset"
"HALLMARK_MITOTIC_SPINDLE",0.62906298745476,0.652482851228881,0.0154215759995124,-1.5186426974041,1999,0.9115,1,"raw","GSM8452865_Pt-6C","label_malignant_subset"
"HALLMARK_MTORC1_SIGNALING",0.703047887761066,0.680325673949752,0.0155316119196462,1.4629655910068,1999,0.055,0.392857142857143,"raw","GSM8452865_Pt-6C","label_malignant_subset"
"HALLMARK_MYC_TARGETS_V1",0.697068455738803,0.718959798690493,0.0135031015426652,-1.62120849661987,1999,0.9375,1,"raw","GSM8452865_Pt-6C","label_malignant_subset"
"HALLMARK_MYC_TARGETS_V2",0.381460447531022,0.366746637402853,0.0306364629377729,0.480271177454595,1999,0.314,0.98125,"raw","GSM8452865_Pt-6C","label_malignant_subset"
"HALLMARK_MYOGENESIS",0.580326797221476,0.648418548816527,0.0183106114774067,-3.71870440695379,1999,0.9975,1,"raw","GSM8452865_Pt-6C","label_malignant_subset"
"HALLMARK_NOTCH_SIGNALING",0.37048291565978,0.35910697590429,0.0332656495972214,0.341972572104539,1999,0.359,1,"raw","GSM8452865_Pt-6C","label_malignant_subset"
"HALLMARK_OXIDATIVE_PHOSPHORYLATION",0.660205531392215,0.702482542585293,0.014307500740338,-2.9548844316243,1999,0.9965,1,"raw","GSM8452865_Pt-6C","label_malignant_subset"
"HALLMARK_P53_PATHWAY",0.701926687763374,0.674613498437093,0.0151155192549232,1.80696335108603,1999,0.0265,0.2625,"raw","GSM8452865_Pt-6C","label_malignant_subset"
"HALLMARK_PANCREAS_BETA_CELLS",0.217523783515486,0.224930046205512,0.0386226759068419,-0.191759439658957,1999,0.579,1,"raw","GSM8452865_Pt-6C","label_malignant_subset"
"HALLMARK_PEROXISOME",0.525698169146373,0.532202497655338,0.0258974796553984,-0.251156815084468,1999,0.5935,1,"raw","GSM8452865_Pt-6C","label_malignant_subset"
"HALLMARK_PI3K_AKT_MTOR_SIGNALING",0.578292973781256,0.595490854018077,0.024022955253576,-0.715893613224819,1999,0.76,1,"raw","GSM8452865_Pt-6C","label_malignant_subset"
"HALLMARK_PROTEIN_SECRETION",0.661105819044839,0.61047746540711,0.0219740431494395,2.30400720037814,1999,0.0035,0.0583333333333333,"raw","GSM8452865_Pt-6C","label_malignant_subset"
"HALLMARK_REACTIVE_OXYGEN_SPECIES_PATHWAY",0.450937843655698,0.534994569750216,0.0358697950692861,-2.34338462018403,1999,0.9775,1,"raw","GSM8452865_Pt-6C","label_malignant_subset"
"HALLMARK_SPERMATOGENESIS",0.286926034885916,0.316867152815215,0.0278115984084986,-1.07656947614166,1999,0.856,1,"raw","GSM8452865_Pt-6C","label_malignant_subset"
"HALLMARK_TGF_BETA_SIGNALING",0.587603982093579,0.585163904735544,0.0313991300817623,0.077711622955218,1999,0.4705,1,"raw","GSM8452865_Pt-6C","label_malignant_subset"
"HALLMARK_TNFA_SIGNALING_VIA_NFKB",0.698266158078089,0.684477178662448,0.0156110817845781,0.883281479523246,1999,0.183,0.831818181818182,"raw","GSM8452865_Pt-6C","label_malignant_subset"
"HALLMARK_UNFOLDED_PROTEIN_RESPONSE",0.647288714804173,0.611924467655775,0.0210603526872148,1.67918589368484,1999,0.0315,0.2625,"raw","GSM8452865_Pt-6C","label_malignant_subset"
"HALLMARK_UV_RESPONSE_DN",0.624295516637435,0.628609787742972,0.0192634876039934,-0.223961060127198,1999,0.592,1,"raw","GSM8452865_Pt-6C","label_malignant_subset"
"HALLMARK_UV_RESPONSE_UP",0.573022222432325,0.622498604574423,0.0192255223444858,-2.57347401311509,1999,0.9915,1,"raw","GSM8452865_Pt-6C","label_malignant_subset"
"HALLMARK_WNT_BETA_CATENIN_SIGNALING",0.323999121401559,0.351984974871265,0.0335084788182793,-0.835187225939936,1999,0.7745,1,"raw","GSM8452865_Pt-6C","label_malignant_subset"
"HALLMARK_XENOBIOTIC_METABOLISM",0.58443871647803,0.625296647351215,0.0176280822438858,-2.31777514467615,1999,0.9765,1,"raw","GSM8452865_Pt-6C","label_malignant_subset"
"HALLMARK_ADIPOGENESIS",0.560650659877051,0.564496816348141,0.01506302974108,-0.255337507606547,1999,0.6,0.789473684210526,"raw","GSM8452865_Pt-6C","RCTD_malignant_subset"
"HALLMARK_ALLOGRAFT_REJECTION",0.500025232660886,0.491388911059927,0.0192431854394412,0.448798959410182,1999,0.3195,0.623076923076923,"raw","GSM8452865_Pt-6C","RCTD_malignant_subset"
"HALLMARK_ANDROGEN_RESPONSE",0.490213543024162,0.491935492621559,0.0200077558584727,-0.086064104819048,1999,0.533,0.761428571428571,"raw","GSM8452865_Pt-6C","RCTD_malignant_subset"
"HALLMARK_ANGIOGENESIS",0.384883320320572,0.35415297263932,0.0339759115048708,0.904474562127547,1999,0.1735,0.477631578947368,"raw","GSM8452865_Pt-6C","RCTD_malignant_subset"
"HALLMARK_APICAL_JUNCTION",0.584351234274728,0.568768471249019,0.0163864213446511,0.950955837028791,1999,0.1615,0.477631578947368,"raw","GSM8452865_Pt-6C","RCTD_malignant_subset"
"HALLMARK_APICAL_SURFACE",0.296481496547588,0.26131976473988,0.0295934872874871,1.18815776816458,1999,0.106,0.441666666666667,"raw","GSM8452865_Pt-6C","RCTD_malignant_subset"
"HALLMARK_APOPTOSIS",0.557765621363122,0.5646136926775,0.0175145320534786,-0.390993678476144,1999,0.653,0.837179487179487,"raw","GSM8452865_Pt-6C","RCTD_malignant_subset"
"HALLMARK_BILE_ACID_METABOLISM",0.338393898374333,0.345094486028218,0.0256842304660507,-0.260883333169794,1999,0.5965,0.789473684210526,"raw","GSM8452865_Pt-6C","RCTD_malignant_subset"
"HALLMARK_CHOLESTEROL_HOMEOSTASIS",0.45466244378946,0.431828228354525,0.0248833799637213,0.917649269039275,1999,0.18,0.477631578947368,"raw","GSM8452865_Pt-6C","RCTD_malignant_subset"
"HALLMARK_COAGULATION",0.569213759597532,0.533971039457113,0.0208498444049354,1.69031094218026,1999,0.0365,0.441666666666667,"raw","GSM8452865_Pt-6C","RCTD_malignant_subset"
"HALLMARK_COMPLEMENT",0.561922730740242,0.54794247881269,0.0172137906667007,0.812154173258091,1999,0.2085,0.496428571428571,"raw","GSM8452865_Pt-6C","RCTD_malignant_subset"
"HALLMARK_DNA_REPAIR",0.518480497137739,0.516968482424563,0.0179919363932626,0.0840384647948149,1999,0.4685,0.699264705882353,"raw","GSM8452865_Pt-6C","RCTD_malignant_subset"
"HALLMARK_E2F_TARGETS",0.444283320425265,0.487613597121757,0.0188945394848167,-2.29326979529251,1999,0.987,0.999,"raw","GSM8452865_Pt-6C","RCTD_malignant_subset"
"HALLMARK_EPITHELIAL_MESENCHYMAL_TRANSITION",0.554790353674683,0.599683348413554,0.0150082747092068,-2.99121621963189,1999,0.999,0.999,"raw","GSM8452865_Pt-6C","RCTD_malignant_subset"
"HALLMARK_ESTROGEN_RESPONSE_EARLY",0.541412055066688,0.537321652858055,0.0174802190911079,0.234001770075841,1999,0.4075,0.670161290322581,"raw","GSM8452865_Pt-6C","RCTD_malignant_subset"
"HALLMARK_ESTROGEN_RESPONSE_LATE",0.542206779853677,0.540975825237358,0.017753426555987,0.0693361708195641,1999,0.4755,0.699264705882353,"raw","GSM8452865_Pt-6C","RCTD_malignant_subset"
"HALLMARK_FATTY_ACID_METABOLISM",0.50921163799639,0.494341081823439,0.0188228948130073,0.790024930845096,1999,0.207,0.496428571428571,"raw","GSM8452865_Pt-6C","RCTD_malignant_subset"
"HALLMARK_G2M_CHECKPOINT",0.461557023035903,0.514631872535769,0.0170465191223156,-3.11353004792553,1999,0.9965,0.999,"raw","GSM8452865_Pt-6C","RCTD_malignant_subset"
"HALLMARK_GLYCOLYSIS",0.606323176522261,0.561822399687647,0.0159737545417333,2.78586832659471,1999,0.0035,0.0583333333333333,"raw","GSM8452865_Pt-6C","RCTD_malignant_subset"
"HALLMARK_HEDGEHOG_SIGNALING",0.241346557439727,0.234424157999985,0.0314417012604051,0.22016618574198,1999,0.408,0.670161290322581,"raw","GSM8452865_Pt-6C","RCTD_malignant_subset"
"HALLMARK_HEME_METABOLISM",0.53656472914892,0.529851334537939,0.0175115323469132,0.383369911780749,1999,0.3605,0.649107142857143,"raw","GSM8452865_Pt-6C","RCTD_malignant_subset"
"HALLMARK_HYPOXIA",0.652802987638675,0.595477117480184,0.0149941654603452,3.82321178928559,1999,5e-04,0.0125,"raw","GSM8452865_Pt-6C","RCTD_malignant_subset"
"HALLMARK_IL2_STAT5_SIGNALING",0.565404111643208,0.543061730294836,0.0174710626397467,1.27882211912757,1999,0.1005,0.441666666666667,"raw","GSM8452865_Pt-6C","RCTD_malignant_subset"
"HALLMARK_IL6_JAK_STAT3_SIGNALING",0.369110637901945,0.414752508406495,0.0248863317909123,-1.83401358175323,1999,0.96,0.999,"raw","GSM8452865_Pt-6C","RCTD_malignant_subset"
"HALLMARK_INFLAMMATORY_RESPONSE",0.520071127962744,0.506766623412634,0.0187950327611306,0.707873442903729,1999,0.253,0.55,"raw","GSM8452865_Pt-6C","RCTD_malignant_subset"
"HALLMARK_INTERFERON_ALPHA_RESPONSE",0.473195995771151,0.43873703135276,0.0229533160111248,1.50126301584005,1999,0.0615,0.441666666666667,"raw","GSM8452865_Pt-6C","RCTD_malignant_subset"
"HALLMARK_INTERFERON_GAMMA_RESPONSE",0.557298493346438,0.533301897774768,0.017683567570835,1.35699968208034,1999,0.078,0.441666666666667,"raw","GSM8452865_Pt-6C","RCTD_malignant_subset"
"HALLMARK_KRAS_SIGNALING_DN",0.325530862589962,0.293072051849189,0.0246407486758658,1.31728183943392,1999,0.097,0.441666666666667,"raw","GSM8452865_Pt-6C","RCTD_malignant_subset"
"HALLMARK_KRAS_SIGNALING_UP",0.555796803018731,0.537247659499862,0.0169352137065886,1.09530023300811,1999,0.132,0.441666666666667,"raw","GSM8452865_Pt-6C","RCTD_malignant_subset"
"HALLMARK_MITOTIC_SPINDLE",0.509818810868455,0.557262729917937,0.0159218485563355,-2.9797996684627,1999,0.9965,0.999,"raw","GSM8452865_Pt-6C","RCTD_malignant_subset"
"HALLMARK_MTORC1_SIGNALING",0.600593083410005,0.575921903993578,0.0157423357188099,1.56718671594259,1999,0.055,0.441666666666667,"raw","GSM8452865_Pt-6C","RCTD_malignant_subset"
"HALLMARK_MYC_TARGETS_V1",0.611083941772318,0.606323594012794,0.0137504960040016,0.346194621498636,1999,0.3635,0.649107142857143,"raw","GSM8452865_Pt-6C","RCTD_malignant_subset"
"HALLMARK_MYC_TARGETS_V2",0.33280589580791,0.30810877172037,0.026880247021818,0.91878337529762,1999,0.1815,0.477631578947368,"raw","GSM8452865_Pt-6C","RCTD_malignant_subset"
"HALLMARK_MYOGENESIS",0.53515135820305,0.532463862091691,0.0178665474674169,0.150420562017376,1999,0.448,0.699264705882353,"raw","GSM8452865_Pt-6C","RCTD_malignant_subset"
"HALLMARK_NOTCH_SIGNALING",0.265196847480001,0.300535774371548,0.0298040603955658,-1.18570847134657,1999,0.866,0.999,"raw","GSM8452865_Pt-6C","RCTD_malignant_subset"
"HALLMARK_OXIDATIVE_PHOSPHORYLATION",0.645147528235747,0.590418252060651,0.0154969255724225,3.53162154127458,1999,5e-04,0.0125,"raw","GSM8452865_Pt-6C","RCTD_malignant_subset"
"HALLMARK_P53_PATHWAY",0.579338853543094,0.572286733366919,0.0156122752271452,0.451703552081479,1999,0.324,0.623076923076923,"raw","GSM8452865_Pt-6C","RCTD_malignant_subset"
"HALLMARK_PANCREAS_BETA_CELLS",0.207052667832083,0.169109159284111,0.0296001692976614,1.28186795711905,1999,0.1075,0.441666666666667,"raw","GSM8452865_Pt-6C","RCTD_malignant_subset"
"HALLMARK_PEROXISOME",0.454374351713717,0.441125307219907,0.0222478854609723,0.595519269327977,1999,0.2755,0.573958333333333,"raw","GSM8452865_Pt-6C","RCTD_malignant_subset"
"HALLMARK_PI3K_AKT_MTOR_SIGNALING",0.450116362363727,0.495231556009948,0.0205208084455499,-2.19850956486092,1999,0.976,0.999,"raw","GSM8452865_Pt-6C","RCTD_malignant_subset"
"HALLMARK_PROTEIN_SECRETION",0.535744787270589,0.507858229965742,0.0190617826475203,1.46295642021048,1999,0.0675,0.441666666666667,"raw","GSM8452865_Pt-6C","RCTD_malignant_subset"
"HALLMARK_REACTIVE_OXYGEN_SPECIES_PATHWAY",0.396716361259421,0.434064502813754,0.0270285931482445,-1.38180116698964,1999,0.904,0.999,"raw","GSM8452865_Pt-6C","RCTD_malignant_subset"
"HALLMARK_SPERMATOGENESIS",0.252490799514904,0.270175795442569,0.0271494667254757,-0.651393860015305,1999,0.738,0.901829268292683,"raw","GSM8452865_Pt-6C","RCTD_malignant_subset"
"HALLMARK_TGF_BETA_SIGNALING",0.450395119919803,0.471343128192142,0.0263144977756127,-0.796063388743527,1999,0.7865,0.936309523809524,"raw","GSM8452865_Pt-6C","RCTD_malignant_subset"
"HALLMARK_TNFA_SIGNALING_VIA_NFKB",0.582002174053938,0.578450586404182,0.0153173998678861,0.231866222752442,1999,0.4155,0.670161290322581,"raw","GSM8452865_Pt-6C","RCTD_malignant_subset"
"HALLMARK_UNFOLDED_PROTEIN_RESPONSE",0.525985430405453,0.51185008843563,0.0199804400044986,0.707458993227382,1999,0.2435,0.55,"raw","GSM8452865_Pt-6C","RCTD_malignant_subset"
"HALLMARK_UV_RESPONSE_DN",0.543321838235208,0.520825911879546,0.0191162491937309,1.17679604025244,1999,0.115,0.441666666666667,"raw","GSM8452865_Pt-6C","RCTD_malignant_subset"
"HALLMARK_UV_RESPONSE_UP",0.504016771322055,0.516490603381793,0.019143475273999,-0.651597052322062,1999,0.7395,0.901829268292683,"raw","GSM8452865_Pt-6C","RCTD_malignant_subset"
"HALLMARK_WNT_BETA_CATENIN_SIGNALING",0.260197563490913,0.268331267763301,0.0292138210452302,-0.278419733584179,1999,0.599,0.789473684210526,"raw","GSM8452865_Pt-6C","RCTD_malignant_subset"
"HALLMARK_XENOBIOTIC_METABOLISM",0.540132642942543,0.520576027131288,0.0177926388132284,1.09914083102249,1999,0.1325,0.441666666666667,"raw","GSM8452865_Pt-6C","RCTD_malignant_subset"
"HALLMARK_ADIPOGENESIS",0.571854268534792,0.566844723440805,0.0180148074897252,0.278079302087714,1999,0.396,0.752777777777778,"raw","GSM8452893_Pt-13C","full_section"
"HALLMARK_ALLOGRAFT_REJECTION",0.502478636202096,0.507928400613202,0.0209149746319782,-0.260567584087473,1999,0.598,0.851351351351351,"raw","GSM8452893_Pt-13C","full_section"
"HALLMARK_ANDROGEN_RESPONSE",0.471691035778813,0.477401981689339,0.0263339050034887,-0.216866655734127,1999,0.5745,0.851351351351351,"raw","GSM8452893_Pt-13C","full_section"
"HALLMARK_ANGIOGENESIS",0.282188108757279,0.30548126736736,0.0368713900374725,-0.631740723265607,1999,0.7485,0.891071428571429,"raw","GSM8452893_Pt-13C","full_section"
"HALLMARK_APICAL_JUNCTION",0.498005791292368,0.526003045028077,0.0197476037226662,-1.41775448448838,1999,0.9335,0.972395833333333,"raw","GSM8452893_Pt-13C","full_section"
"HALLMARK_APICAL_SURFACE",0.198277599970456,0.226350572290972,0.0306902800339361,-0.91471867605882,1999,0.8325,0.926666666666667,"raw","GSM8452893_Pt-13C","full_section"
"HALLMARK_APOPTOSIS",0.528656648856138,0.555734873488398,0.0224966698602381,-1.20365479870955,1999,0.8965,0.956914893617021,"raw","GSM8452893_Pt-13C","full_section"
"HALLMARK_BILE_ACID_METABOLISM",0.389935039670664,0.351684178800697,0.0244870753727205,1.56208368242208,1999,0.077,0.291071428571429,"raw","GSM8452893_Pt-13C","full_section"
"HALLMARK_CHOLESTEROL_HOMEOSTASIS",0.464694030031962,0.425213072272446,0.0269956418946222,1.46249375783064,1999,0.1,0.305882352941176,"raw","GSM8452893_Pt-13C","full_section"
"HALLMARK_COAGULATION",0.551111808059772,0.488313965497162,0.0260409989664259,2.41149898448879,1999,0.0195,0.108333333333333,"raw","GSM8452893_Pt-13C","full_section"
"HALLMARK_COMPLEMENT",0.560550156616499,0.537304658274199,0.020091168731472,1.15700080234192,1999,0.142,0.394444444444444,"raw","GSM8452893_Pt-13C","full_section"
"HALLMARK_DNA_REPAIR",0.574757922510894,0.508595423764259,0.0195723383952932,3.3804084831553,1999,0.0045,0.028125,"raw","GSM8452893_Pt-13C","full_section"
"HALLMARK_E2F_TARGETS",0.7419186031111,0.541110314166866,0.0179228427081007,11.2040423617328,1999,5e-04,0.005,"raw","GSM8452893_Pt-13C","full_section"
"HALLMARK_EPITHELIAL_MESENCHYMAL_TRANSITION",0.549132413417155,0.567788293358172,0.020212351865519,-0.922994021929898,1999,0.834,0.926666666666667,"raw","GSM8452893_Pt-13C","full_section"
"HALLMARK_ESTROGEN_RESPONSE_EARLY",0.531647418039497,0.5052429351905,0.0189236401904728,1.39531731650078,1999,0.092,0.305882352941176,"raw","GSM8452893_Pt-13C","full_section"
"HALLMARK_ESTROGEN_RESPONSE_LATE",0.523508454625477,0.528908737965541,0.0184792645110311,-0.292234755167918,1999,0.606,0.851351351351351,"raw","GSM8452893_Pt-13C","full_section"
"HALLMARK_FATTY_ACID_METABOLISM",0.540167038802647,0.497023005986573,0.020665994886094,2.08768235228325,1999,0.029,0.131818181818182,"raw","GSM8452893_Pt-13C","full_section"
"HALLMARK_G2M_CHECKPOINT",0.677839006953132,0.529064898709443,0.016344141130962,9.10259566725436,1999,5e-04,0.005,"raw","GSM8452893_Pt-13C","full_section"
"HALLMARK_GLYCOLYSIS",0.553787758083717,0.523710660468077,0.01806966453229,1.66450780322421,1999,0.0595,0.247916666666667,"raw","GSM8452893_Pt-13C","full_section"
"HALLMARK_HEDGEHOG_SIGNALING",0.184418425238205,0.193528228067802,0.029044464836906,-0.31365022150523,1999,0.63,0.851351351351351,"raw","GSM8452893_Pt-13C","full_section"
"HALLMARK_HEME_METABOLISM",0.503682821100142,0.500929835539659,0.0175922990817505,0.156488105829116,1999,0.4385,0.783035714285714,"raw","GSM8452893_Pt-13C","full_section"
"HALLMARK_HYPOXIA",0.550464299274215,0.559272249111188,0.0195900862381409,-0.449612611700753,1999,0.674,0.864102564102564,"raw","GSM8452893_Pt-13C","full_section"
"HALLMARK_IL2_STAT5_SIGNALING",0.543859875342969,0.526121752874266,0.0184562163774342,0.961092030238191,1999,0.175,0.426190476190476,"raw","GSM8452893_Pt-13C","full_section"
"HALLMARK_IL6_JAK_STAT3_SIGNALING",0.405326609885152,0.422053448408744,0.0262751116732936,-0.636603898456226,1999,0.742,0.891071428571429,"raw","GSM8452893_Pt-13C","full_section"
"HALLMARK_INFLAMMATORY_RESPONSE",0.525561530439272,0.500969715324371,0.0179578416198841,1.36941931193289,1999,0.104,0.305882352941176,"raw","GSM8452893_Pt-13C","full_section"
"HALLMARK_INTERFERON_ALPHA_RESPONSE",0.503317753009026,0.465520502133163,0.0249957045465701,1.51214984980487,1999,0.0815,0.291071428571429,"raw","GSM8452893_Pt-13C","full_section"
"HALLMARK_INTERFERON_GAMMA_RESPONSE",0.532118727984551,0.556068053489619,0.0184380981500416,-1.29890432897029,1999,0.8995,0.956914893617021,"raw","GSM8452893_Pt-13C","full_section"
"HALLMARK_KRAS_SIGNALING_DN",0.351400648626954,0.319963498969508,0.0289791984535358,1.08481777740858,1999,0.151,0.397368421052632,"raw","GSM8452893_Pt-13C","full_section"
"HALLMARK_KRAS_SIGNALING_UP",0.49437099096824,0.49792044539268,0.0177567440648568,-0.199893314420441,1999,0.586,0.851351351351351,"raw","GSM8452893_Pt-13C","full_section"
"HALLMARK_MITOTIC_SPINDLE",0.469627077214405,0.527838598779977,0.0162581693861227,-3.58044747739303,1999,1,1,"raw","GSM8452893_Pt-13C","full_section"
"HALLMARK_MTORC1_SIGNALING",0.57821633500485,0.573742024438596,0.0188148764208566,0.237807066396352,1999,0.4065,0.752777777777778,"raw","GSM8452893_Pt-13C","full_section"
"HALLMARK_MYC_TARGETS_V1",0.77427127186913,0.625748190452489,0.0194698593905645,7.62835922115694,1999,5e-04,0.005,"raw","GSM8452893_Pt-13C","full_section"
"HALLMARK_MYC_TARGETS_V2",0.588854815446164,0.353898537814937,0.0252495058359335,9.30538122836653,1999,5e-04,0.005,"raw","GSM8452893_Pt-13C","full_section"
"HALLMARK_MYOGENESIS",0.582723045153376,0.504957513582402,0.0214021091488909,3.63354522818161,1999,0.0015,0.0107142857142857,"raw","GSM8452893_Pt-13C","full_section"
"HALLMARK_NOTCH_SIGNALING",0.240715199816047,0.225168219483347,0.0278684268527046,0.557870755133461,1999,0.304,0.633333333333333,"raw","GSM8452893_Pt-13C","full_section"
"HALLMARK_OXIDATIVE_PHOSPHORYLATION",0.718887342166985,0.611153872056397,0.0197144938673328,5.46468353869864,1999,5e-04,0.005,"raw","GSM8452893_Pt-13C","full_section"
"HALLMARK_P53_PATHWAY",0.525194348145466,0.558016786400735,0.0195185411240659,-1.68160304843687,1999,0.961,0.980612244897959,"raw","GSM8452893_Pt-13C","full_section"
"HALLMARK_PANCREAS_BETA_CELLS",0.143872385147905,0.161200642063372,0.0342522371634246,-0.505901463685128,1999,0.71,0.8875,"raw","GSM8452893_Pt-13C","full_section"
"HALLMARK_PEROXISOME",0.45895830309717,0.433625285722053,0.0237368345737043,1.06724497305892,1999,0.179,0.426190476190476,"raw","GSM8452893_Pt-13C","full_section"
"HALLMARK_PI3K_AKT_MTOR_SIGNALING",0.438227898295876,0.457839944185849,0.0247027760844645,-0.793920724655195,1999,0.7965,0.926162790697674,"raw","GSM8452893_Pt-13C","full_section"
"HALLMARK_PROTEIN_SECRETION",0.469868328637728,0.471300012129943,0.0243011470100418,-0.0589142352672929,1999,0.521,0.851351351351351,"raw","GSM8452893_Pt-13C","full_section"
"HALLMARK_REACTIVE_OXYGEN_SPECIES_PATHWAY",0.402305794848956,0.412326621080093,0.037681505538516,-0.265934868788464,1999,0.6175,0.851351351351351,"raw","GSM8452893_Pt-13C","full_section"
"HALLMARK_SPERMATOGENESIS",0.390390404599245,0.286096350325444,0.0260273168598944,4.00709972661486,1999,0.001,0.00833333333333333,"raw","GSM8452893_Pt-13C","full_section"
"HALLMARK_TGF_BETA_SIGNALING",0.425885284401938,0.404921333476973,0.0324420847576339,0.646196170239393,1999,0.285,0.619565217391304,"raw","GSM8452893_Pt-13C","full_section"
"HALLMARK_TNFA_SIGNALING_VIA_NFKB",0.576378217358175,0.58531426054514,0.0205892151152531,-0.434015727988818,1999,0.6575,0.864102564102564,"raw","GSM8452893_Pt-13C","full_section"
"HALLMARK_UNFOLDED_PROTEIN_RESPONSE",0.550641572726983,0.496838299373428,0.02424194492514,2.2194289080229,1999,0.028,0.131818181818182,"raw","GSM8452893_Pt-13C","full_section"
"HALLMARK_UV_RESPONSE_DN",0.464909287569593,0.469236718659208,0.0196187528957363,-0.220576257451881,1999,0.596,0.851351351351351,"raw","GSM8452893_Pt-13C","full_section"
"HALLMARK_UV_RESPONSE_UP",0.529872859034901,0.528885746929791,0.0232662121494528,0.0424268505233737,1999,0.482,0.831034482758621,"raw","GSM8452893_Pt-13C","full_section"
"HALLMARK_WNT_BETA_CATENIN_SIGNALING",0.264170809200459,0.254266284355088,0.0276460727191226,0.358261549334619,1999,0.3715,0.743,"raw","GSM8452893_Pt-13C","full_section"
"HALLMARK_XENOBIOTIC_METABOLISM",0.516950444850634,0.504090446271027,0.0195909546145837,0.656425316305608,1999,0.25,0.568181818181818,"raw","GSM8452893_Pt-13C","full_section"
"HALLMARK_ADIPOGENESIS",0.41217880878586,0.418920365733414,0.0178432992963424,-0.377820090084755,1999,0.6455,1,"marker","GSM8452893_Pt-13C","full_section"
"HALLMARK_ALLOGRAFT_REJECTION",0.26972930017164,0.375844075209202,0.0224839208222378,-4.71958498148634,1999,1,1,"marker","GSM8452893_Pt-13C","full_section"
"HALLMARK_ANDROGEN_RESPONSE",0.316282619345854,0.336871624050211,0.0245933241152306,-0.837178602123412,1999,0.7835,1,"marker","GSM8452893_Pt-13C","full_section"
"HALLMARK_ANGIOGENESIS",0.116370023291538,0.197343668045414,0.0324665028626108,-2.49406734986315,1999,0.9965,1,"marker","GSM8452893_Pt-13C","full_section"
"HALLMARK_APICAL_JUNCTION",0.270337068073365,0.387425866757406,0.020987594013922,-5.57895290934116,1999,1,1,"marker","GSM8452893_Pt-13C","full_section"
"HALLMARK_APICAL_SURFACE",0.115906699882007,0.147967299917372,0.0300129669244012,-1.06822494810733,1999,0.8755,1,"marker","GSM8452893_Pt-13C","full_section"
"HALLMARK_APOPTOSIS",0.329200569768695,0.405945428862749,0.0201449882187538,-3.80962541455391,1999,0.9995,1,"marker","GSM8452893_Pt-13C","full_section"
"HALLMARK_BILE_ACID_METABOLISM",0.256718319264387,0.248498696870578,0.0293288514415591,0.280257220784349,1999,0.3915,1,"marker","GSM8452893_Pt-13C","full_section"
"HALLMARK_CHOLESTEROL_HOMEOSTASIS",0.276837597170963,0.291648060359138,0.0263403544723621,-0.562272736447627,1999,0.7215,1,"marker","GSM8452893_Pt-13C","full_section"
"HALLMARK_COAGULATION",0.23177165717641,0.35066110164184,0.0243298098730909,-4.88657515556353,1999,1,1,"marker","GSM8452893_Pt-13C","full_section"
"HALLMARK_COMPLEMENT",0.256627047445034,0.398908565810655,0.019885329157968,-7.15509998528787,1999,1,1,"marker","GSM8452893_Pt-13C","full_section"
"HALLMARK_DNA_REPAIR",0.435079184915599,0.368587553384282,0.0205834450928305,3.23034512597101,1999,0.0015,0.0125,"marker","GSM8452893_Pt-13C","full_section"
"HALLMARK_E2F_TARGETS",0.485073690297847,0.399330786609064,0.0197991264346536,4.33064074679126,1999,5e-04,0.005,"marker","GSM8452893_Pt-13C","full_section"
"HALLMARK_EPITHELIAL_MESENCHYMAL_TRANSITION",0.32095868725844,0.42212327146117,0.0192267746995585,-5.26165130572073,1999,1,1,"marker","GSM8452893_Pt-13C","full_section"
"HALLMARK_ESTROGEN_RESPONSE_EARLY",0.340721228118167,0.373655334600711,0.0228412214639692,-1.44187151000203,1999,0.9405,1,"marker","GSM8452893_Pt-13C","full_section"
"HALLMARK_ESTROGEN_RESPONSE_LATE",0.36552385226165,0.389001200371122,0.0210249616193161,-1.11664166311261,1999,0.8645,1,"marker","GSM8452893_Pt-13C","full_section"
"HALLMARK_FATTY_ACID_METABOLISM",0.377903515529303,0.360576661899733,0.0215933072175407,0.80241777950044,1999,0.2085,0.721666666666667,"marker","GSM8452893_Pt-13C","full_section"
"HALLMARK_G2M_CHECKPOINT",0.447527872617032,0.3900256809211,0.0195926429495147,2.93488692894065,1999,0.002,0.0142857142857143,"marker","GSM8452893_Pt-13C","full_section"
"HALLMARK_GLYCOLYSIS",0.390201978284708,0.386211226162523,0.0187599343213674,0.212727403722282,1999,0.4205,1,"marker","GSM8452893_Pt-13C","full_section"
"HALLMARK_HEDGEHOG_SIGNALING",0.113206067108936,0.125214695511477,0.0273488466981288,-0.439090852169717,1999,0.6805,1,"marker","GSM8452893_Pt-13C","full_section"
"HALLMARK_HEME_METABOLISM",0.330470429909369,0.366741983493041,0.0199448927695966,-1.81858854809004,1999,0.968,1,"marker","GSM8452893_Pt-13C","full_section"
"HALLMARK_HYPOXIA",0.341950664112642,0.414646436873877,0.0190000477852277,-3.82608368057661,1999,0.9995,1,"marker","GSM8452893_Pt-13C","full_section"
"HALLMARK_IL2_STAT5_SIGNALING",0.299144666838702,0.391412516652215,0.0201824443341825,-4.57168855693269,1999,1,1,"marker","GSM8452893_Pt-13C","full_section"
"HALLMARK_IL6_JAK_STAT3_SIGNALING",0.192800301996137,0.293114179535237,0.0252582527899178,-3.97152876619961,1999,1,1,"marker","GSM8452893_Pt-13C","full_section"
"HALLMARK_INFLAMMATORY_RESPONSE",0.239687453304131,0.373949646290595,0.0211549207507215,-6.34661762946503,1999,1,1,"marker","GSM8452893_Pt-13C","full_section"
"HALLMARK_INTERFERON_ALPHA_RESPONSE",0.346116296445973,0.327644524563703,0.0239552266688984,0.771095683525808,1999,0.2165,0.721666666666667,"marker","GSM8452893_Pt-13C","full_section"
"HALLMARK_INTERFERON_GAMMA_RESPONSE",0.341134303591755,0.411141693462927,0.019177587595905,-3.65047947355592,1999,1,1,"marker","GSM8452893_Pt-13C","full_section"
"HALLMARK_KRAS_SIGNALING_DN",0.270434742024886,0.236356062284972,0.034770337333644,0.980107826188367,1999,0.177,0.721666666666667,"marker","GSM8452893_Pt-13C","full_section"
"HALLMARK_KRAS_SIGNALING_UP",0.274584898440692,0.367535512792492,0.0211400147140159,-4.39690395722256,1999,1,1,"marker","GSM8452893_Pt-13C","full_section"
"HALLMARK_MITOTIC_SPINDLE",0.337040984853462,0.390279912403201,0.0184576717581557,-2.8843793652477,1999,0.9985,1,"marker","GSM8452893_Pt-13C","full_section"
"HALLMARK_MTORC1_SIGNALING",0.422286359307236,0.425563410734157,0.0174185066903943,-0.188136186710479,1999,0.5745,1,"marker","GSM8452893_Pt-13C","full_section"
"HALLMARK_MYC_TARGETS_V1",0.539167245950109,0.465330921766449,0.0167524546696565,4.40749285042977,1999,5e-04,0.005,"marker","GSM8452893_Pt-13C","full_section"
"HALLMARK_MYC_TARGETS_V2",0.357853316488791,0.236090492872358,0.0264103368628116,4.61042296616398,1999,5e-04,0.005,"marker","GSM8452893_Pt-13C","full_section"
"HALLMARK_MYOGENESIS",0.389483337340452,0.369979936328544,0.0218958891727538,0.890733454943507,1999,0.206,0.721666666666667,"marker","GSM8452893_Pt-13C","full_section"
"HALLMARK_NOTCH_SIGNALING",0.164626183604806,0.142420064917373,0.025175168799633,0.88206434142186,1999,0.207,0.721666666666667,"marker","GSM8452893_Pt-13C","full_section"
"HALLMARK_OXIDATIVE_PHOSPHORYLATION",0.55377185301807,0.452223666723742,0.0171190681741125,5.93187580430869,1999,5e-04,0.005,"marker","GSM8452893_Pt-13C","full_section"
"HALLMARK_P53_PATHWAY",0.35544887166957,0.412671462460282,0.0189946849373845,-3.0125580381746,1999,0.9985,1,"marker","GSM8452893_Pt-13C","full_section"
"HALLMARK_PANCREAS_BETA_CELLS",0.0881100944221674,0.102049176071668,0.0280668599004924,-0.49663844473233,1999,0.6925,1,"marker","GSM8452893_Pt-13C","full_section"
"HALLMARK_PEROXISOME",0.324572207974374,0.304271650243592,0.024260028140941,0.836790362024468,1999,0.2,0.721666666666667,"marker","GSM8452893_Pt-13C","full_section"
"HALLMARK_PI3K_AKT_MTOR_SIGNALING",0.286595468682736,0.32289076336331,0.0249087486240425,-1.45713039335669,1999,0.9315,1,"marker","GSM8452893_Pt-13C","full_section"
"HALLMARK_PROTEIN_SECRETION",0.319713725438783,0.331671435995061,0.0238784360684514,-0.500774444440139,1999,0.68,1,"marker","GSM8452893_Pt-13C","full_section"
"HALLMARK_REACTIVE_OXYGEN_SPECIES_PATHWAY",0.260729883089426,0.277377292797417,0.0310304103422649,-0.536486934087243,1999,0.6935,1,"marker","GSM8452893_Pt-13C","full_section"
"HALLMARK_SPERMATOGENESIS",0.330084983104107,0.201277331430468,0.0288888641845181,4.45873021697642,1999,5e-04,0.005,"marker","GSM8452893_Pt-13C","full_section"
"HALLMARK_TGF_BETA_SIGNALING",0.184944471284713,0.27206012471781,0.0277664589138172,-3.13744196562807,1999,0.999,1,"marker","GSM8452893_Pt-13C","full_section"
"HALLMARK_TNFA_SIGNALING_VIA_NFKB",0.418817945883577,0.434391575884885,0.0190014408268199,-0.81960258399592,1999,0.799,1,"marker","GSM8452893_Pt-13C","full_section"
"HALLMARK_UNFOLDED_PROTEIN_RESPONSE",0.394705369263507,0.351991518207862,0.0225840797567621,1.8913257266042,1999,0.0305,0.190625,"marker","GSM8452893_Pt-13C","full_section"
"HALLMARK_UV_RESPONSE_DN",0.260907316292735,0.339105983459953,0.0224102849428463,-3.48940976728546,1999,1,1,"marker","GSM8452893_Pt-13C","full_section"
"HALLMARK_UV_RESPONSE_UP",0.363463753159481,0.384558498548156,0.0213566065924923,-0.987738632414116,1999,0.8295,1,"marker","GSM8452893_Pt-13C","full_section"
"HALLMARK_WNT_BETA_CATENIN_SIGNALING",0.18891519105251,0.165514659809307,0.0272378644513692,0.859117692026912,1999,0.2,0.721666666666667,"marker","GSM8452893_Pt-13C","full_section"
"HALLMARK_XENOBIOTIC_METABOLISM",0.321754736333632,0.370140009092906,0.0219090582803993,-2.2084597220028,1999,0.987,1,"marker","GSM8452893_Pt-13C","full_section"
"HALLMARK_ADIPOGENESIS",0.510474456672029,0.558983906522101,0.0275985303850934,-1.75768235385001,1999,0.956,1,"label_transfer","GSM8452893_Pt-13C","full_section"
"HALLMARK_ALLOGRAFT_REJECTION",0.40124926395453,0.492923014254287,0.0312387704255622,-2.93461455271432,1999,0.999,1,"label_transfer","GSM8452893_Pt-13C","full_section"
"HALLMARK_ANDROGEN_RESPONSE",0.396904846623028,0.4629207514234,0.0419162366245055,-1.57494828058532,1999,0.9455,1,"label_transfer","GSM8452893_Pt-13C","full_section"
"HALLMARK_ANGIOGENESIS",0.21247152703198,0.285463266470351,0.0552576029832792,-1.32093568120313,1999,0.937,1,"label_transfer","GSM8452893_Pt-13C","full_section"
"HALLMARK_APICAL_JUNCTION",0.342101706302827,0.512755722280297,0.0297291161304413,-5.74029901288344,1999,1,1,"label_transfer","GSM8452893_Pt-13C","full_section"
"HALLMARK_APICAL_SURFACE",0.139869181758482,0.203639715743281,0.0412816674217157,-1.54476642945032,1999,0.9515,1,"label_transfer","GSM8452893_Pt-13C","full_section"
"HALLMARK_APOPTOSIS",0.396954866603652,0.549942319094062,0.0323604545180198,-4.72760518259159,1999,1,1,"label_transfer","GSM8452893_Pt-13C","full_section"
"HALLMARK_BILE_ACID_METABOLISM",0.323517685924855,0.323086014339284,0.0348432146324971,0.0123889712853496,1999,0.4965,1,"label_transfer","GSM8452893_Pt-13C","full_section"
"HALLMARK_CHOLESTEROL_HOMEOSTASIS",0.396118918824753,0.4052746551491,0.0441794496199453,-0.207239709935488,1999,0.5935,1,"label_transfer","GSM8452893_Pt-13C","full_section"
"HALLMARK_COAGULATION",0.306869617745554,0.476759201578166,0.0395502096205977,-4.29554193169521,1999,1,1,"label_transfer","GSM8452893_Pt-13C","full_section"
"HALLMARK_COMPLEMENT",0.41730575917448,0.526821277781067,0.0304254967822759,-3.59946525738849,1999,1,1,"label_transfer","GSM8452893_Pt-13C","full_section"
"HALLMARK_DNA_REPAIR",0.581231579192886,0.49240476517858,0.0314400964224341,2.82527167922182,1999,0.004,0.0285714285714286,"label_transfer","GSM8452893_Pt-13C","full_section"
"HALLMARK_E2F_TARGETS",0.727080109680672,0.523550783335731,0.0297493321608488,6.84147547395342,1999,5e-04,0.00416666666666667,"label_transfer","GSM8452893_Pt-13C","full_section"
"HALLMARK_EPITHELIAL_MESENCHYMAL_TRANSITION",0.410398118994225,0.562878089043262,0.0289631972891093,-5.26461110377381,1999,1,1,"label_transfer","GSM8452893_Pt-13C","full_section"
"HALLMARK_ESTROGEN_RESPONSE_EARLY",0.422292992383249,0.486394265422345,0.030079073783292,-2.13109198444475,1999,0.986,1,"label_transfer","GSM8452893_Pt-13C","full_section"
"HALLMARK_ESTROGEN_RESPONSE_LATE",0.447371276860169,0.515288919362462,0.0300220897288889,-2.26225566293403,1999,0.9875,1,"label_transfer","GSM8452893_Pt-13C","full_section"
"HALLMARK_FATTY_ACID_METABOLISM",0.47808003146076,0.479956916465008,0.0322669784326431,-0.0581673616625005,1999,0.526,1,"label_transfer","GSM8452893_Pt-13C","full_section"
"HALLMARK_G2M_CHECKPOINT",0.674136355523329,0.509918105932688,0.0272061176801329,6.03607804396731,1999,5e-04,0.00416666666666667,"label_transfer","GSM8452893_Pt-13C","full_section"
"HALLMARK_GLYCOLYSIS",0.546838619965404,0.507496998174206,0.028591981695514,1.37596694801223,1999,0.085,0.472222222222222,"label_transfer","GSM8452893_Pt-13C","full_section"
"HALLMARK_HEDGEHOG_SIGNALING",0.151833453714544,0.172175959741042,0.0383558085744392,-0.530363112721708,1999,0.7095,1,"label_transfer","GSM8452893_Pt-13C","full_section"
"HALLMARK_HEME_METABOLISM",0.418063559590502,0.479477556612572,0.0272735803703689,-2.25177612136297,1999,0.9885,1,"label_transfer","GSM8452893_Pt-13C","full_section"
"HALLMARK_HYPOXIA",0.399102863600147,0.551996111359668,0.0278824370527832,-5.48349656344905,1999,1,1,"label_transfer","GSM8452893_Pt-13C","full_section"
"HALLMARK_IL2_STAT5_SIGNALING",0.403374085074326,0.51175594909886,0.0290695744233928,-3.7283608781461,1999,1,1,"label_transfer","GSM8452893_Pt-13C","full_section"
"HALLMARK_IL6_JAK_STAT3_SIGNALING",0.291065047550986,0.400361187316976,0.042634544326914,-2.56355829507471,1999,0.999,1,"label_transfer","GSM8452893_Pt-13C","full_section"
"HALLMARK_INFLAMMATORY_RESPONSE",0.379681713227872,0.481441964716593,0.0294024424613749,-3.46094551914862,1999,0.9995,1,"label_transfer","GSM8452893_Pt-13C","full_section"
"HALLMARK_INTERFERON_ALPHA_RESPONSE",0.426176017249012,0.449517653036131,0.0417055223500813,-0.559677339398517,1999,0.7125,1,"label_transfer","GSM8452893_Pt-13C","full_section"
"HALLMARK_INTERFERON_GAMMA_RESPONSE",0.42961956411851,0.546679564382473,0.0289373203923239,-4.04529509563766,1999,1,1,"label_transfer","GSM8452893_Pt-13C","full_section"
"HALLMARK_KRAS_SIGNALING_DN",0.304422515283356,0.289017692108838,0.0362767996605746,0.424646697576794,1999,0.337,1,"label_transfer","GSM8452893_Pt-13C","full_section"
"HALLMARK_KRAS_SIGNALING_UP",0.350247915791964,0.478856682896999,0.0280983569980361,-4.57709207388974,1999,1,1,"label_transfer","GSM8452893_Pt-13C","full_section"
"HALLMARK_MITOTIC_SPINDLE",0.446370378283242,0.509540004391986,0.0261409731165991,-2.41649864475137,1999,0.992,1,"label_transfer","GSM8452893_Pt-13C","full_section"
"HALLMARK_MTORC1_SIGNALING",0.576493802708142,0.567252952343833,0.0281879602169839,0.327829693712319,1999,0.3625,1,"label_transfer","GSM8452893_Pt-13C","full_section"
"HALLMARK_MYC_TARGETS_V1",0.769364555855163,0.627232575571797,0.0266380151474826,5.33568208804016,1999,5e-04,0.00416666666666667,"label_transfer","GSM8452893_Pt-13C","full_section"
"HALLMARK_MYC_TARGETS_V2",0.583907350627129,0.327053673132587,0.0421351262191568,6.09595130102549,1999,5e-04,0.00416666666666667,"label_transfer","GSM8452893_Pt-13C","full_section"
"HALLMARK_MYOGENESIS",0.381121007992659,0.491198440104983,0.0330605894791562,-3.32956652759397,1999,1,1,"label_transfer","GSM8452893_Pt-13C","full_section"
"HALLMARK_NOTCH_SIGNALING",0.212276308231024,0.198779467471505,0.0384419465803144,0.351096704515735,1999,0.379,1,"label_transfer","GSM8452893_Pt-13C","full_section"
"HALLMARK_OXIDATIVE_PHOSPHORYLATION",0.725257537413935,0.611167371653208,0.0278021393841436,4.10364699580624,1999,5e-04,0.00416666666666667,"label_transfer","GSM8452893_Pt-13C","full_section"
"HALLMARK_P53_PATHWAY",0.457838733310546,0.549888157430489,0.0289133452893895,-3.18363106028146,1999,0.998,1,"label_transfer","GSM8452893_Pt-13C","full_section"
"HALLMARK_PANCREAS_BETA_CELLS",0.119463492894055,0.143143009649905,0.0418080190525507,-0.566386958590069,1999,0.728,1,"label_transfer","GSM8452893_Pt-13C","full_section"
"HALLMARK_PEROXISOME",0.423699674914384,0.413371113157444,0.0381155758023091,0.270980079390904,1999,0.395,1,"label_transfer","GSM8452893_Pt-13C","full_section"
"HALLMARK_PI3K_AKT_MTOR_SIGNALING",0.396344608619661,0.439407398147208,0.040437036764669,-1.06493435159849,1999,0.865,1,"label_transfer","GSM8452893_Pt-13C","full_section"
"HALLMARK_PROTEIN_SECRETION",0.451199118673567,0.452510541223027,0.0404399094242502,-0.0324289190587009,1999,0.512,1,"label_transfer","GSM8452893_Pt-13C","full_section"
"HALLMARK_REACTIVE_OXYGEN_SPECIES_PATHWAY",0.381859711319367,0.398172315221223,0.0558458357466274,-0.292100631743917,1999,0.6215,1,"label_transfer","GSM8452893_Pt-13C","full_section"
"HALLMARK_SPERMATOGENESIS",0.392789014971831,0.255021922161831,0.0338115497172445,4.0745571842197,1999,5e-04,0.00416666666666667,"label_transfer","GSM8452893_Pt-13C","full_section"
"HALLMARK_TGF_BETA_SIGNALING",0.240018062040755,0.387921431331086,0.0526544648871411,-2.80894259598584,1999,0.999,1,"label_transfer","GSM8452893_Pt-13C","full_section"
"HALLMARK_TNFA_SIGNALING_VIA_NFKB",0.483548285922137,0.583083136203642,0.0298498874020258,-3.33451342515785,1999,0.999,1,"label_transfer","GSM8452893_Pt-13C","full_section"
"HALLMARK_UNFOLDED_PROTEIN_RESPONSE",0.556001567460227,0.482893944455289,0.0385247480285168,1.8976794592095,1999,0.024,0.15,"label_transfer","GSM8452893_Pt-13C","full_section"
"HALLMARK_UV_RESPONSE_DN",0.309019344673847,0.446011316686324,0.0324070363272295,-4.22722925444966,1999,1,1,"label_transfer","GSM8452893_Pt-13C","full_section"
"HALLMARK_UV_RESPONSE_UP",0.435410654591627,0.519347445584179,0.035466873565355,-2.36662503780834,1999,0.9925,1,"label_transfer","GSM8452893_Pt-13C","full_section"
"HALLMARK_WNT_BETA_CATENIN_SIGNALING",0.249457407134483,0.228152111406464,0.0405087294163463,0.525943322216923,1999,0.3075,1,"label_transfer","GSM8452893_Pt-13C","full_section"
"HALLMARK_XENOBIOTIC_METABOLISM",0.404673397253845,0.487077284000108,0.03175818440451,-2.59472914750632,1999,0.9985,1,"label_transfer","GSM8452893_Pt-13C","full_section"
"HALLMARK_ADIPOGENESIS",0.571854268534792,0.566844723440805,0.0180148074897252,0.278079302087714,1999,0.396,0.752777777777778,"raw","GSM8452893_Pt-13C","RCTD_intersection"
"HALLMARK_ALLOGRAFT_REJECTION",0.502478636202096,0.507928400613202,0.0209149746319782,-0.260567584087473,1999,0.598,0.851351351351351,"raw","GSM8452893_Pt-13C","RCTD_intersection"
"HALLMARK_ANDROGEN_RESPONSE",0.471691035778813,0.477401981689339,0.0263339050034887,-0.216866655734127,1999,0.5745,0.851351351351351,"raw","GSM8452893_Pt-13C","RCTD_intersection"
"HALLMARK_ANGIOGENESIS",0.282188108757279,0.30548126736736,0.0368713900374725,-0.631740723265607,1999,0.7485,0.891071428571429,"raw","GSM8452893_Pt-13C","RCTD_intersection"
"HALLMARK_APICAL_JUNCTION",0.498005791292368,0.526003045028077,0.0197476037226662,-1.41775448448838,1999,0.9335,0.972395833333333,"raw","GSM8452893_Pt-13C","RCTD_intersection"
"HALLMARK_APICAL_SURFACE",0.198277599970456,0.226350572290972,0.0306902800339361,-0.91471867605882,1999,0.8325,0.926666666666667,"raw","GSM8452893_Pt-13C","RCTD_intersection"
"HALLMARK_APOPTOSIS",0.528656648856138,0.555734873488398,0.0224966698602381,-1.20365479870955,1999,0.8965,0.956914893617021,"raw","GSM8452893_Pt-13C","RCTD_intersection"
"HALLMARK_BILE_ACID_METABOLISM",0.389935039670664,0.351684178800697,0.0244870753727205,1.56208368242208,1999,0.077,0.291071428571429,"raw","GSM8452893_Pt-13C","RCTD_intersection"
"HALLMARK_CHOLESTEROL_HOMEOSTASIS",0.464694030031962,0.425213072272446,0.0269956418946222,1.46249375783064,1999,0.1,0.305882352941176,"raw","GSM8452893_Pt-13C","RCTD_intersection"
"HALLMARK_COAGULATION",0.551111808059772,0.488313965497162,0.0260409989664259,2.41149898448879,1999,0.0195,0.108333333333333,"raw","GSM8452893_Pt-13C","RCTD_intersection"
"HALLMARK_COMPLEMENT",0.560550156616499,0.537304658274199,0.020091168731472,1.15700080234192,1999,0.142,0.394444444444444,"raw","GSM8452893_Pt-13C","RCTD_intersection"
"HALLMARK_DNA_REPAIR",0.574757922510894,0.508595423764259,0.0195723383952932,3.3804084831553,1999,0.0045,0.028125,"raw","GSM8452893_Pt-13C","RCTD_intersection"
"HALLMARK_E2F_TARGETS",0.7419186031111,0.541110314166866,0.0179228427081007,11.2040423617328,1999,5e-04,0.005,"raw","GSM8452893_Pt-13C","RCTD_intersection"
"HALLMARK_EPITHELIAL_MESENCHYMAL_TRANSITION",0.549132413417155,0.567788293358172,0.020212351865519,-0.922994021929898,1999,0.834,0.926666666666667,"raw","GSM8452893_Pt-13C","RCTD_intersection"
"HALLMARK_ESTROGEN_RESPONSE_EARLY",0.531647418039497,0.5052429351905,0.0189236401904728,1.39531731650078,1999,0.092,0.305882352941176,"raw","GSM8452893_Pt-13C","RCTD_intersection"
"HALLMARK_ESTROGEN_RESPONSE_LATE",0.523508454625477,0.528908737965541,0.0184792645110311,-0.292234755167918,1999,0.606,0.851351351351351,"raw","GSM8452893_Pt-13C","RCTD_intersection"
"HALLMARK_FATTY_ACID_METABOLISM",0.540167038802647,0.497023005986573,0.020665994886094,2.08768235228325,1999,0.029,0.131818181818182,"raw","GSM8452893_Pt-13C","RCTD_intersection"
"HALLMARK_G2M_CHECKPOINT",0.677839006953132,0.529064898709443,0.016344141130962,9.10259566725436,1999,5e-04,0.005,"raw","GSM8452893_Pt-13C","RCTD_intersection"
"HALLMARK_GLYCOLYSIS",0.553787758083717,0.523710660468077,0.01806966453229,1.66450780322421,1999,0.0595,0.247916666666667,"raw","GSM8452893_Pt-13C","RCTD_intersection"
"HALLMARK_HEDGEHOG_SIGNALING",0.184418425238205,0.193528228067802,0.029044464836906,-0.31365022150523,1999,0.63,0.851351351351351,"raw","GSM8452893_Pt-13C","RCTD_intersection"
"HALLMARK_HEME_METABOLISM",0.503682821100142,0.500929835539659,0.0175922990817505,0.156488105829116,1999,0.4385,0.783035714285714,"raw","GSM8452893_Pt-13C","RCTD_intersection"
"HALLMARK_HYPOXIA",0.550464299274215,0.559272249111188,0.0195900862381409,-0.449612611700753,1999,0.674,0.864102564102564,"raw","GSM8452893_Pt-13C","RCTD_intersection"
"HALLMARK_IL2_STAT5_SIGNALING",0.543859875342969,0.526121752874266,0.0184562163774342,0.961092030238191,1999,0.175,0.426190476190476,"raw","GSM8452893_Pt-13C","RCTD_intersection"
"HALLMARK_IL6_JAK_STAT3_SIGNALING",0.405326609885152,0.422053448408744,0.0262751116732936,-0.636603898456226,1999,0.742,0.891071428571429,"raw","GSM8452893_Pt-13C","RCTD_intersection"
"HALLMARK_INFLAMMATORY_RESPONSE",0.525561530439272,0.500969715324371,0.0179578416198841,1.36941931193289,1999,0.104,0.305882352941176,"raw","GSM8452893_Pt-13C","RCTD_intersection"
"HALLMARK_INTERFERON_ALPHA_RESPONSE",0.503317753009026,0.465520502133163,0.0249957045465701,1.51214984980487,1999,0.0815,0.291071428571429,"raw","GSM8452893_Pt-13C","RCTD_intersection"
"HALLMARK_INTERFERON_GAMMA_RESPONSE",0.532118727984551,0.556068053489619,0.0184380981500416,-1.29890432897029,1999,0.8995,0.956914893617021,"raw","GSM8452893_Pt-13C","RCTD_intersection"
"HALLMARK_KRAS_SIGNALING_DN",0.351400648626954,0.319963498969508,0.0289791984535358,1.08481777740858,1999,0.151,0.397368421052632,"raw","GSM8452893_Pt-13C","RCTD_intersection"
"HALLMARK_KRAS_SIGNALING_UP",0.49437099096824,0.49792044539268,0.0177567440648568,-0.199893314420441,1999,0.586,0.851351351351351,"raw","GSM8452893_Pt-13C","RCTD_intersection"
"HALLMARK_MITOTIC_SPINDLE",0.469627077214405,0.527838598779977,0.0162581693861227,-3.58044747739303,1999,1,1,"raw","GSM8452893_Pt-13C","RCTD_intersection"
"HALLMARK_MTORC1_SIGNALING",0.57821633500485,0.573742024438596,0.0188148764208566,0.237807066396352,1999,0.4065,0.752777777777778,"raw","GSM8452893_Pt-13C","RCTD_intersection"
"HALLMARK_MYC_TARGETS_V1",0.77427127186913,0.625748190452489,0.0194698593905645,7.62835922115694,1999,5e-04,0.005,"raw","GSM8452893_Pt-13C","RCTD_intersection"
"HALLMARK_MYC_TARGETS_V2",0.588854815446164,0.353898537814937,0.0252495058359335,9.30538122836653,1999,5e-04,0.005,"raw","GSM8452893_Pt-13C","RCTD_intersection"
"HALLMARK_MYOGENESIS",0.582723045153376,0.504957513582402,0.0214021091488909,3.63354522818161,1999,0.0015,0.0107142857142857,"raw","GSM8452893_Pt-13C","RCTD_intersection"
"HALLMARK_NOTCH_SIGNALING",0.240715199816047,0.225168219483347,0.0278684268527046,0.557870755133461,1999,0.304,0.633333333333333,"raw","GSM8452893_Pt-13C","RCTD_intersection"
"HALLMARK_OXIDATIVE_PHOSPHORYLATION",0.718887342166985,0.611153872056397,0.0197144938673328,5.46468353869864,1999,5e-04,0.005,"raw","GSM8452893_Pt-13C","RCTD_intersection"
"HALLMARK_P53_PATHWAY",0.525194348145466,0.558016786400735,0.0195185411240659,-1.68160304843687,1999,0.961,0.980612244897959,"raw","GSM8452893_Pt-13C","RCTD_intersection"
"HALLMARK_PANCREAS_BETA_CELLS",0.143872385147905,0.161200642063372,0.0342522371634246,-0.505901463685128,1999,0.71,0.8875,"raw","GSM8452893_Pt-13C","RCTD_intersection"
"HALLMARK_PEROXISOME",0.45895830309717,0.433625285722053,0.0237368345737043,1.06724497305892,1999,0.179,0.426190476190476,"raw","GSM8452893_Pt-13C","RCTD_intersection"
"HALLMARK_PI3K_AKT_MTOR_SIGNALING",0.438227898295876,0.457839944185849,0.0247027760844645,-0.793920724655195,1999,0.7965,0.926162790697674,"raw","GSM8452893_Pt-13C","RCTD_intersection"
"HALLMARK_PROTEIN_SECRETION",0.469868328637728,0.471300012129943,0.0243011470100418,-0.0589142352672929,1999,0.521,0.851351351351351,"raw","GSM8452893_Pt-13C","RCTD_intersection"
"HALLMARK_REACTIVE_OXYGEN_SPECIES_PATHWAY",0.402305794848956,0.412326621080093,0.037681505538516,-0.265934868788464,1999,0.6175,0.851351351351351,"raw","GSM8452893_Pt-13C","RCTD_intersection"
"HALLMARK_SPERMATOGENESIS",0.390390404599245,0.286096350325444,0.0260273168598944,4.00709972661486,1999,0.001,0.00833333333333333,"raw","GSM8452893_Pt-13C","RCTD_intersection"
"HALLMARK_TGF_BETA_SIGNALING",0.425885284401938,0.404921333476973,0.0324420847576339,0.646196170239393,1999,0.285,0.619565217391304,"raw","GSM8452893_Pt-13C","RCTD_intersection"
"HALLMARK_TNFA_SIGNALING_VIA_NFKB",0.576378217358175,0.58531426054514,0.0205892151152531,-0.434015727988818,1999,0.6575,0.864102564102564,"raw","GSM8452893_Pt-13C","RCTD_intersection"
"HALLMARK_UNFOLDED_PROTEIN_RESPONSE",0.550641572726983,0.496838299373428,0.02424194492514,2.2194289080229,1999,0.028,0.131818181818182,"raw","GSM8452893_Pt-13C","RCTD_intersection"
"HALLMARK_UV_RESPONSE_DN",0.464909287569593,0.469236718659208,0.0196187528957363,-0.220576257451881,1999,0.596,0.851351351351351,"raw","GSM8452893_Pt-13C","RCTD_intersection"
"HALLMARK_UV_RESPONSE_UP",0.529872859034901,0.528885746929791,0.0232662121494528,0.0424268505233737,1999,0.482,0.831034482758621,"raw","GSM8452893_Pt-13C","RCTD_intersection"
"HALLMARK_WNT_BETA_CATENIN_SIGNALING",0.264170809200459,0.254266284355088,0.0276460727191226,0.358261549334619,1999,0.3715,0.743,"raw","GSM8452893_Pt-13C","RCTD_intersection"
"HALLMARK_XENOBIOTIC_METABOLISM",0.516950444850634,0.504090446271027,0.0195909546145837,0.656425316305608,1999,0.25,0.568181818181818,"raw","GSM8452893_Pt-13C","RCTD_intersection"
"HALLMARK_ADIPOGENESIS",0.455749296700737,0.434832558130806,0.0140740600936816,1.48619079574069,1999,0.062,0.238461538461538,"RCTD","GSM8452893_Pt-13C","RCTD_intersection"
"HALLMARK_ALLOGRAFT_REJECTION",0.343874853875299,0.37396767934369,0.0163960697927267,-1.83536822231263,1999,0.9745,1,"RCTD","GSM8452893_Pt-13C","RCTD_intersection"
"HALLMARK_ANDROGEN_RESPONSE",0.354231645671119,0.345018096797272,0.0183785838907832,0.501319847524667,1999,0.312,0.826315789473684,"RCTD","GSM8452893_Pt-13C","RCTD_intersection"
"HALLMARK_ANGIOGENESIS",0.179851782341561,0.194987979945183,0.0244028416784974,-0.620263730062217,1999,0.739,1,"RCTD","GSM8452893_Pt-13C","RCTD_intersection"
"HALLMARK_APICAL_JUNCTION",0.342140410656737,0.393273806404247,0.0160721461800583,-3.18149145575553,1999,0.9995,1,"RCTD","GSM8452893_Pt-13C","RCTD_intersection"
"HALLMARK_APICAL_SURFACE",0.141938099480822,0.138147938973576,0.0203347454574395,0.186388391985449,1999,0.431,0.872727272727273,"RCTD","GSM8452893_Pt-13C","RCTD_intersection"
"HALLMARK_APOPTOSIS",0.408208240653194,0.416478080380087,0.015888741030425,-0.52048426688166,1999,0.7035,1,"RCTD","GSM8452893_Pt-13C","RCTD_intersection"
"HALLMARK_BILE_ACID_METABOLISM",0.267216517938153,0.237208736787921,0.018530970347789,1.61933134569025,1999,0.0485,0.202083333333333,"RCTD","GSM8452893_Pt-13C","RCTD_intersection"
"HALLMARK_CHOLESTEROL_HOMEOSTASIS",0.319679776859512,0.300652063620302,0.0199991312677424,0.95142698872631,1999,0.1605,0.5015625,"RCTD","GSM8452893_Pt-13C","RCTD_intersection"
"HALLMARK_COAGULATION",0.355285128685017,0.350539470438256,0.0186330602423683,0.254690221844011,1999,0.402,0.872727272727273,"RCTD","GSM8452893_Pt-13C","RCTD_intersection"
"HALLMARK_COMPLEMENT",0.375978526384659,0.403134200396635,0.0157620591201842,-1.72285066341379,1999,0.962,1,"RCTD","GSM8452893_Pt-13C","RCTD_intersection"
"HALLMARK_DNA_REPAIR",0.426885950069738,0.380193433192176,0.0171139612809192,2.72832900058155,1999,0.003,0.0214285714285714,"RCTD","GSM8452893_Pt-13C","RCTD_intersection"
"HALLMARK_E2F_TARGETS",0.468928592670753,0.411678219602377,0.0143886157862788,3.9788659255862,1999,5e-04,0.00833333333333333,"RCTD","GSM8452893_Pt-13C","RCTD_intersection"
"HALLMARK_EPITHELIAL_MESENCHYMAL_TRANSITION",0.434735951078776,0.427584172246183,0.0158093209610643,0.452377357016536,1999,0.314,0.826315789473684,"RCTD","GSM8452893_Pt-13C","RCTD_intersection"
"HALLMARK_ESTROGEN_RESPONSE_EARLY",0.375471677643988,0.376120910385041,0.0156910350755322,-0.0413760301935218,1999,0.526,0.872727272727273,"RCTD","GSM8452893_Pt-13C","RCTD_intersection"
"HALLMARK_ESTROGEN_RESPONSE_LATE",0.394398789734741,0.397362439716066,0.0155287025960367,-0.190849812661197,1999,0.576,0.872727272727273,"RCTD","GSM8452893_Pt-13C","RCTD_intersection"
"HALLMARK_FATTY_ACID_METABOLISM",0.412518086216349,0.36826116598366,0.0172305743469899,2.56851102821311,1999,0.002,0.02,"RCTD","GSM8452893_Pt-13C","RCTD_intersection"
"HALLMARK_G2M_CHECKPOINT",0.445159891675207,0.402062605491183,0.0146413671227174,2.94352882642732,1999,0.002,0.02,"RCTD","GSM8452893_Pt-13C","RCTD_intersection"
"HALLMARK_GLYCOLYSIS",0.397945943817007,0.396257845743139,0.0140550616548834,0.120106059675809,1999,0.452,0.872727272727273,"RCTD","GSM8452893_Pt-13C","RCTD_intersection"
"HALLMARK_HEDGEHOG_SIGNALING",0.126716803886073,0.116864622082084,0.0186383550415618,0.528597174054229,1999,0.305,0.826315789473684,"RCTD","GSM8452893_Pt-13C","RCTD_intersection"
"HALLMARK_HEME_METABOLISM",0.344616885406617,0.374869278870554,0.015093339297798,-2.00435389856708,1999,0.9715,1,"RCTD","GSM8452893_Pt-13C","RCTD_intersection"
"HALLMARK_HYPOXIA",0.404702390887383,0.423805702270107,0.0147910495817877,-1.29154535498588,1999,0.9125,1,"RCTD","GSM8452893_Pt-13C","RCTD_intersection"
"HALLMARK_IL2_STAT5_SIGNALING",0.389883152976226,0.392339977344753,0.0151148878523535,-0.162543340878559,1999,0.5735,0.872727272727273,"RCTD","GSM8452893_Pt-13C","RCTD_intersection"
"HALLMARK_IL6_JAK_STAT3_SIGNALING",0.239481022156413,0.297610259364923,0.0197101640294315,-2.94920108841866,1999,0.998,1,"RCTD","GSM8452893_Pt-13C","RCTD_intersection"
"HALLMARK_INFLAMMATORY_RESPONSE",0.30233994985502,0.370707233242991,0.0151138820269222,-4.52347605110254,1999,1,1,"RCTD","GSM8452893_Pt-13C","RCTD_intersection"
"HALLMARK_INTERFERON_ALPHA_RESPONSE",0.390064880416098,0.335966065036815,0.0181544236103236,2.97992470267792,1999,0.003,0.0214285714285714,"RCTD","GSM8452893_Pt-13C","RCTD_intersection"
"HALLMARK_INTERFERON_GAMMA_RESPONSE",0.403343939308535,0.421291577829644,0.0149169493159328,-1.20317084552533,1999,0.8845,1,"RCTD","GSM8452893_Pt-13C","RCTD_intersection"
"HALLMARK_KRAS_SIGNALING_DN",0.207065134687204,0.202088286228874,0.0175712569283362,0.283238044872226,1999,0.383,0.872727272727273,"RCTD","GSM8452893_Pt-13C","RCTD_intersection"
"HALLMARK_KRAS_SIGNALING_UP",0.337822269359345,0.370189731734558,0.0154397468263505,-2.09637261149725,1999,0.982,1,"RCTD","GSM8452893_Pt-13C","RCTD_intersection"
"HALLMARK_MITOTIC_SPINDLE",0.366027400082453,0.402690349913065,0.0143601666789678,-2.55310057677186,1999,0.9955,1,"RCTD","GSM8452893_Pt-13C","RCTD_intersection"
"HALLMARK_MTORC1_SIGNALING",0.457466161936598,0.441334910161532,0.0140095081159601,1.15145026089028,1999,0.126,0.42,"RCTD","GSM8452893_Pt-13C","RCTD_intersection"
"HALLMARK_MYC_TARGETS_V1",0.51369100242229,0.485902729790996,0.0134261972662984,2.06970537376554,1999,0.0235,0.1175,"RCTD","GSM8452893_Pt-13C","RCTD_intersection"
"HALLMARK_MYC_TARGETS_V2",0.340801858664162,0.243289554275931,0.0212928594160945,4.57957771113283,1999,5e-04,0.00833333333333333,"RCTD","GSM8452893_Pt-13C","RCTD_intersection"
"HALLMARK_MYOGENESIS",0.358527216938238,0.369598823936303,0.0170318818881911,-0.65005188920093,1999,0.748,1,"RCTD","GSM8452893_Pt-13C","RCTD_intersection"
"HALLMARK_NOTCH_SIGNALING",0.146705197516077,0.142968029676066,0.0200548065271713,0.186347738381165,1999,0.4255,0.872727272727273,"RCTD","GSM8452893_Pt-13C","RCTD_intersection"
"HALLMARK_OXIDATIVE_PHOSPHORYLATION",0.532493645512507,0.473383250436354,0.0133762622912126,4.41905173427897,1999,5e-04,0.00833333333333333,"RCTD","GSM8452893_Pt-13C","RCTD_intersection"
"HALLMARK_P53_PATHWAY",0.396950155989334,0.424548123951638,0.0149399088564821,-1.84726481449247,1999,0.966,1,"RCTD","GSM8452893_Pt-13C","RCTD_intersection"
"HALLMARK_PANCREAS_BETA_CELLS",0.0913380394058738,0.0924834516541563,0.0195212036584644,-0.0586752880776276,1999,0.522,0.872727272727273,"RCTD","GSM8452893_Pt-13C","RCTD_intersection"
"HALLMARK_PEROXISOME",0.311112154720725,0.309635221242279,0.0187376324542905,0.0788217765530813,1999,0.47,0.872727272727273,"RCTD","GSM8452893_Pt-13C","RCTD_intersection"
"HALLMARK_PI3K_AKT_MTOR_SIGNALING",0.308591834255222,0.328900580201068,0.0186434430591462,-1.08932378431478,1999,0.8635,1,"RCTD","GSM8452893_Pt-13C","RCTD_intersection"
"HALLMARK_PROTEIN_SECRETION",0.345713487858532,0.344352471706197,0.0183751599307748,0.0740682615804149,1999,0.48,0.872727272727273,"RCTD","GSM8452893_Pt-13C","RCTD_intersection"
"HALLMARK_REACTIVE_OXYGEN_SPECIES_PATHWAY",0.279162256723794,0.282204570337701,0.0226062525469306,-0.134578413984842,1999,0.5575,0.872727272727273,"RCTD","GSM8452893_Pt-13C","RCTD_intersection"
"HALLMARK_SPERMATOGENESIS",0.208258485131956,0.184335721368002,0.0181985849650005,1.31453977383197,1999,0.105,0.375,"RCTD","GSM8452893_Pt-13C","RCTD_intersection"
"HALLMARK_TGF_BETA_SIGNALING",0.256258865516294,0.278466364813587,0.0215889305056519,-1.02865212760209,1999,0.843,1,"RCTD","GSM8452893_Pt-13C","RCTD_intersection"
"HALLMARK_TNFA_SIGNALING_VIA_NFKB",0.479877268339175,0.445313982120823,0.0149360951003636,2.3140778085639,1999,0.0085,0.053125,"RCTD","GSM8452893_Pt-13C","RCTD_intersection"
"HALLMARK_UNFOLDED_PROTEIN_RESPONSE",0.405231340483615,0.365235824531287,0.0180192275132495,2.2196021401539,1999,0.013,0.0722222222222222,"RCTD","GSM8452893_Pt-13C","RCTD_intersection"
"HALLMARK_UV_RESPONSE_DN",0.311785216171882,0.343702704859284,0.0172255789722293,-1.85291238911963,1999,0.971,1,"RCTD","GSM8452893_Pt-13C","RCTD_intersection"
"HALLMARK_UV_RESPONSE_UP",0.42116581482771,0.393473851610714,0.0166038908922532,1.66779963784969,1999,0.041,0.186363636363636,"RCTD","GSM8452893_Pt-13C","RCTD_intersection"
"HALLMARK_WNT_BETA_CATENIN_SIGNALING",0.170288967497374,0.16312322995228,0.0196672716074227,0.364348328946112,1999,0.3505,0.872727272727273,"RCTD","GSM8452893_Pt-13C","RCTD_intersection"
"HALLMARK_XENOBIOTIC_METABOLISM",0.372836010502882,0.373552703756282,0.0164395317998212,-0.0435957217107424,1999,0.5165,0.872727272727273,"RCTD","GSM8452893_Pt-13C","RCTD_intersection"
"HALLMARK_ADIPOGENESIS",0.571854268534792,0.565801036131893,0.0177008883427151,0.341973367985833,1999,0.3755,0.722115384615385,"raw","GSM8452893_Pt-13C","label_malignant_subset"
"HALLMARK_ALLOGRAFT_REJECTION",0.502478636202096,0.507977830085201,0.020904868267541,-0.26305805005444,1999,0.609,0.847222222222222,"raw","GSM8452893_Pt-13C","label_malignant_subset"
"HALLMARK_ANDROGEN_RESPONSE",0.471691035778813,0.475890590144054,0.0266538673768768,-0.157558912778448,1999,0.562,0.847222222222222,"raw","GSM8452893_Pt-13C","label_malignant_subset"
"HALLMARK_ANGIOGENESIS",0.282188108757279,0.303593724211259,0.036599168204617,-0.584866173304999,1999,0.7395,0.901829268292683,"raw","GSM8452893_Pt-13C","label_malignant_subset"
"HALLMARK_APICAL_JUNCTION",0.498005791292368,0.527198098703223,0.0207012406689068,-1.41017187702678,1999,0.9415,0.980729166666667,"raw","GSM8452893_Pt-13C","label_malignant_subset"
"HALLMARK_APICAL_SURFACE",0.198277599970456,0.226108616619261,0.0311349779483898,-0.893882651689639,1999,0.824,0.916666666666667,"raw","GSM8452893_Pt-13C","label_malignant_subset"
"HALLMARK_APOPTOSIS",0.528656648856138,0.555401737910712,0.0234565118402649,-1.14019890240727,1999,0.88,0.953723404255319,"raw","GSM8452893_Pt-13C","label_malignant_subset"
"HALLMARK_BILE_ACID_METABOLISM",0.389935039670664,0.351624038428597,0.0251239408856111,1.52488024934048,1999,0.0795,0.283928571428571,"raw","GSM8452893_Pt-13C","label_malignant_subset"
"HALLMARK_CHOLESTEROL_HOMEOSTASIS",0.464694030031962,0.425938928327122,0.0275824047700533,1.40506609296506,1999,0.111,0.326470588235294,"raw","GSM8452893_Pt-13C","label_malignant_subset"
"HALLMARK_COAGULATION",0.551111808059772,0.486877493966854,0.0257112239632471,2.49829857126746,1999,0.0195,0.108333333333333,"raw","GSM8452893_Pt-13C","label_malignant_subset"
"HALLMARK_COMPLEMENT",0.560550156616499,0.536285540810058,0.0195262980563003,1.24266339356695,1999,0.1285,0.356944444444444,"raw","GSM8452893_Pt-13C","label_malignant_subset"
"HALLMARK_DNA_REPAIR",0.574757922510894,0.509116140419703,0.0199130608283488,3.29641849924655,1999,0.0035,0.025,"raw","GSM8452893_Pt-13C","label_malignant_subset"
"HALLMARK_E2F_TARGETS",0.7419186031111,0.540681553807225,0.0173291625004873,11.612624054868,1999,5e-04,0.005,"raw","GSM8452893_Pt-13C","label_malignant_subset"
"HALLMARK_EPITHELIAL_MESENCHYMAL_TRANSITION",0.549132413417155,0.568080538560779,0.0207079719423496,-0.91501597531497,1999,0.825,0.916666666666667,"raw","GSM8452893_Pt-13C","label_malignant_subset"
"HALLMARK_ESTROGEN_RESPONSE_EARLY",0.531647418039497,0.50495542436924,0.0178290664773498,1.49710551049698,1999,0.0745,0.283928571428571,"raw","GSM8452893_Pt-13C","label_malignant_subset"
"HALLMARK_ESTROGEN_RESPONSE_LATE",0.523508454625477,0.52820931079294,0.0190033811724492,-0.247369461508167,1999,0.5955,0.847222222222222,"raw","GSM8452893_Pt-13C","label_malignant_subset"
"HALLMARK_FATTY_ACID_METABOLISM",0.540167038802647,0.497045678681238,0.0199920991905766,2.15692007679389,1999,0.031,0.147727272727273,"raw","GSM8452893_Pt-13C","label_malignant_subset"
"HALLMARK_G2M_CHECKPOINT",0.677839006953132,0.529660501644034,0.0164361494815231,9.015402632817,1999,5e-04,0.005,"raw","GSM8452893_Pt-13C","label_malignant_subset"
"HALLMARK_GLYCOLYSIS",0.553787758083717,0.524701092612618,0.0181058714762956,1.60647696572792,1999,0.071,0.283928571428571,"raw","GSM8452893_Pt-13C","label_malignant_subset"
"HALLMARK_HEDGEHOG_SIGNALING",0.184418425238205,0.19504524055852,0.0297380319665232,-0.357347632562829,1999,0.648,0.847435897435898,"raw","GSM8452893_Pt-13C","label_malignant_subset"
"HALLMARK_HEME_METABOLISM",0.503682821100142,0.500673839770855,0.017413648514944,0.172794421956123,1999,0.43,0.767857142857143,"raw","GSM8452893_Pt-13C","label_malignant_subset"
"HALLMARK_HYPOXIA",0.550464299274215,0.556952261357671,0.0197151441444807,-0.329085196431243,1999,0.6385,0.847435897435898,"raw","GSM8452893_Pt-13C","label_malignant_subset"
"HALLMARK_IL2_STAT5_SIGNALING",0.543859875342969,0.525301144700168,0.0179704372285131,1.0327367334922,1999,0.1645,0.41125,"raw","GSM8452893_Pt-13C","label_malignant_subset"
"HALLMARK_IL6_JAK_STAT3_SIGNALING",0.405326609885152,0.422632983763614,0.0257294753566385,-0.672628323686229,1999,0.759,0.903571428571429,"raw","GSM8452893_Pt-13C","label_malignant_subset"
"HALLMARK_INFLAMMATORY_RESPONSE",0.525561530439272,0.501001446041153,0.0187169094027577,1.31218695723884,1999,0.1075,0.326470588235294,"raw","GSM8452893_Pt-13C","label_malignant_subset"
"HALLMARK_INTERFERON_ALPHA_RESPONSE",0.503317753009026,0.466336052941398,0.0252560444189253,1.46427126331453,1999,0.0915,0.305,"raw","GSM8452893_Pt-13C","label_malignant_subset"
"HALLMARK_INTERFERON_GAMMA_RESPONSE",0.532118727984551,0.555620558701974,0.0189582813430217,-1.23966040445294,1999,0.8965,0.953723404255319,"raw","GSM8452893_Pt-13C","label_malignant_subset"
"HALLMARK_KRAS_SIGNALING_DN",0.351400648626954,0.321268676658806,0.0274336902241739,1.09835649968798,1999,0.154,0.405263157894737,"raw","GSM8452893_Pt-13C","label_malignant_subset"
"HALLMARK_KRAS_SIGNALING_UP",0.49437099096824,0.498205421122028,0.0182258446533252,-0.210384222334989,1999,0.5825,0.847222222222222,"raw","GSM8452893_Pt-13C","label_malignant_subset"
"HALLMARK_MITOTIC_SPINDLE",0.469627077214405,0.528095253733985,0.0160023071593874,-3.65373417328016,1999,1,1,"raw","GSM8452893_Pt-13C","label_malignant_subset"
"HALLMARK_MTORC1_SIGNALING",0.57821633500485,0.572958556034447,0.0182892358616931,0.287479422878182,1999,0.393,0.727777777777778,"raw","GSM8452893_Pt-13C","label_malignant_subset"
"HALLMARK_MYC_TARGETS_V1",0.77427127186913,0.626104717850018,0.0200259436105708,7.39873021218843,1999,5e-04,0.005,"raw","GSM8452893_Pt-13C","label_malignant_subset"
"HALLMARK_MYC_TARGETS_V2",0.588854815446164,0.356312714009627,0.0261169822919826,8.90386564713961,1999,5e-04,0.005,"raw","GSM8452893_Pt-13C","label_malignant_subset"
"HALLMARK_MYOGENESIS",0.582723045153376,0.504727616368867,0.0220219850569004,3.54170746111143,1999,0.004,0.025,"raw","GSM8452893_Pt-13C","label_malignant_subset"
"HALLMARK_NOTCH_SIGNALING",0.240715199816047,0.22599666330161,0.0278046416640287,0.529355374986847,1999,0.31,0.645833333333333,"raw","GSM8452893_Pt-13C","label_malignant_subset"
"HALLMARK_OXIDATIVE_PHOSPHORYLATION",0.718887342166985,0.611343913743826,0.0194465174329089,5.5302153094603,1999,5e-04,0.005,"raw","GSM8452893_Pt-13C","label_malignant_subset"
"HALLMARK_P53_PATHWAY",0.525194348145466,0.557345308639953,0.0186011936957717,-1.72843533701795,1999,0.974,0.993877551020408,"raw","GSM8452893_Pt-13C","label_malignant_subset"
"HALLMARK_PANCREAS_BETA_CELLS",0.143872385147905,0.161160350962127,0.0337175683483245,-0.512728724551714,1999,0.713,0.89125,"raw","GSM8452893_Pt-13C","label_malignant_subset"
"HALLMARK_PEROXISOME",0.45895830309717,0.434714924249605,0.0247456246465047,0.979703652418807,1999,0.1775,0.422619047619048,"raw","GSM8452893_Pt-13C","label_malignant_subset"
"HALLMARK_PI3K_AKT_MTOR_SIGNALING",0.438227898295876,0.457428657848309,0.0248776902490034,-0.771806359844919,1999,0.8,0.916666666666667,"raw","GSM8452893_Pt-13C","label_malignant_subset"
"HALLMARK_PROTEIN_SECRETION",0.469868328637728,0.471562296052299,0.0225033942800688,-0.0752760847314249,1999,0.529,0.847222222222222,"raw","GSM8452893_Pt-13C","label_malignant_subset"
"HALLMARK_REACTIVE_OXYGEN_SPECIES_PATHWAY",0.402305794848956,0.412298845911723,0.0364462609885909,-0.274185905267365,1999,0.61,0.847222222222222,"raw","GSM8452893_Pt-13C","label_malignant_subset"
"HALLMARK_SPERMATOGENESIS",0.390390404599245,0.287432577562458,0.025272023305939,4.07398433399641,1999,0.001,0.00833333333333333,"raw","GSM8452893_Pt-13C","label_malignant_subset"
"HALLMARK_TGF_BETA_SIGNALING",0.425885284401938,0.407378966983751,0.0339871991388133,0.544508458687696,1999,0.2915,0.633695652173913,"raw","GSM8452893_Pt-13C","label_malignant_subset"
"HALLMARK_TNFA_SIGNALING_VIA_NFKB",0.576378217358175,0.584919375237731,0.0199800393090718,-0.42748453831509,1999,0.661,0.847435897435898,"raw","GSM8452893_Pt-13C","label_malignant_subset"
"HALLMARK_UNFOLDED_PROTEIN_RESPONSE",0.550641572726983,0.496511341330609,0.0243479558541961,2.22319408333594,1999,0.0325,0.147727272727273,"raw","GSM8452893_Pt-13C","label_malignant_subset"
"HALLMARK_UV_RESPONSE_DN",0.464909287569593,0.469389121269748,0.0205652127394871,-0.217835514609263,1999,0.586,0.847222222222222,"raw","GSM8452893_Pt-13C","label_malignant_subset"
"HALLMARK_UV_RESPONSE_UP",0.529872859034901,0.528801087123613,0.0224889478871799,0.0476577168778546,1999,0.4765,0.821551724137931,"raw","GSM8452893_Pt-13C","label_malignant_subset"
"HALLMARK_WNT_BETA_CATENIN_SIGNALING",0.264170809200459,0.254876090496939,0.0279818485402113,0.332169573792189,1999,0.369,0.722115384615385,"raw","GSM8452893_Pt-13C","label_malignant_subset"
"HALLMARK_XENOBIOTIC_METABOLISM",0.516950444850634,0.503685036510171,0.0198460636098355,0.668415087306734,1999,0.265,0.602272727272727,"raw","GSM8452893_Pt-13C","label_malignant_subset"
"HALLMARK_ADIPOGENESIS",0.548466335190018,0.530273313042268,0.0187474941858244,0.970424205358916,1999,0.155,0.3875,"raw","GSM8452893_Pt-13C","RCTD_malignant_subset"
"HALLMARK_ALLOGRAFT_REJECTION",0.476400634569214,0.458425731001777,0.0211779844063863,0.848754216761814,1999,0.1925,0.401041666666667,"raw","GSM8452893_Pt-13C","RCTD_malignant_subset"
"HALLMARK_ANDROGEN_RESPONSE",0.443035048396066,0.439081540528748,0.0266559056800328,0.148316396177793,1999,0.432,0.69140625,"raw","GSM8452893_Pt-13C","RCTD_malignant_subset"
"HALLMARK_ANGIOGENESIS",0.232110237417174,0.250776982954295,0.0345558279585403,-0.540190950120384,1999,0.708,0.866071428571429,"raw","GSM8452893_Pt-13C","RCTD_malignant_subset"
"HALLMARK_APICAL_JUNCTION",0.425997735449336,0.480910356989511,0.0217744935594451,-2.52187824209373,1999,0.9945,0.9945,"raw","GSM8452893_Pt-13C","RCTD_malignant_subset"
"HALLMARK_APICAL_SURFACE",0.186097636632017,0.18607298636005,0.0312700512724663,0.000788302895706115,1999,0.499,0.693055555555556,"raw","GSM8452893_Pt-13C","RCTD_malignant_subset"
"HALLMARK_APOPTOSIS",0.511021631891416,0.52090815249358,0.021144747929728,-0.467563890334421,1999,0.674,0.866071428571429,"raw","GSM8452893_Pt-13C","RCTD_malignant_subset"
"HALLMARK_BILE_ACID_METABOLISM",0.354956610441114,0.303735782136781,0.0268114776231899,1.91040676773557,1999,0.021,0.0807692307692308,"raw","GSM8452893_Pt-13C","RCTD_malignant_subset"
"HALLMARK_CHOLESTEROL_HOMEOSTASIS",0.431468804148032,0.36893793597453,0.0279563477653089,2.23673237643356,1999,0.0115,0.0638888888888889,"raw","GSM8452893_Pt-13C","RCTD_malignant_subset"
"HALLMARK_COAGULATION",0.418563806216644,0.432428410846983,0.0248669903341655,-0.557550569812627,1999,0.7275,0.866071428571429,"raw","GSM8452893_Pt-13C","RCTD_malignant_subset"
"HALLMARK_COMPLEMENT",0.500340011543576,0.499231742083127,0.0203714514593532,0.0544030680710418,1999,0.4825,0.693055555555556,"raw","GSM8452893_Pt-13C","RCTD_malignant_subset"
"HALLMARK_DNA_REPAIR",0.535447054569627,0.486008316261795,0.0222905076490944,2.21792787701903,1999,0.0105,0.0638888888888889,"raw","GSM8452893_Pt-13C","RCTD_malignant_subset"
"HALLMARK_E2F_TARGETS",0.596551078880982,0.536781617720157,0.0179605767316376,3.32781413725658,1999,0.001,0.0125,"raw","GSM8452893_Pt-13C","RCTD_malignant_subset"
"HALLMARK_EPITHELIAL_MESENCHYMAL_TRANSITION",0.468567083275184,0.516863293479171,0.0202068319731111,-2.39009312633736,1999,0.993,0.9945,"raw","GSM8452893_Pt-13C","RCTD_malignant_subset"
"HALLMARK_ESTROGEN_RESPONSE_EARLY",0.504556942860787,0.457214659154592,0.0212899117283847,2.22369563153593,1999,0.01,0.0638888888888889,"raw","GSM8452893_Pt-13C","RCTD_malignant_subset"
"HALLMARK_ESTROGEN_RESPONSE_LATE",0.502992454368199,0.484459544747475,0.0207740502687254,0.892118262013883,1999,0.185,0.401041666666667,"raw","GSM8452893_Pt-13C","RCTD_malignant_subset"
"HALLMARK_FATTY_ACID_METABOLISM",0.503652550948638,0.455429364626202,0.0224020333003947,2.15262541912149,1999,0.016,0.08,"raw","GSM8452893_Pt-13C","RCTD_malignant_subset"
"HALLMARK_G2M_CHECKPOINT",0.54172740628896,0.520634235239784,0.0196975151998931,1.07085441159048,1999,0.136,0.357894736842105,"raw","GSM8452893_Pt-13C","RCTD_malignant_subset"
"HALLMARK_GLYCOLYSIS",0.481756325578121,0.500662201356574,0.0190093541725673,-0.994556448726496,1999,0.8235,0.888829787234043,"raw","GSM8452893_Pt-13C","RCTD_malignant_subset"
"HALLMARK_HEDGEHOG_SIGNALING",0.143107927611926,0.163948991947854,0.0300555347784106,-0.693418516409129,1999,0.7585,0.881976744186047,"raw","GSM8452893_Pt-13C","RCTD_malignant_subset"
"HALLMARK_HEME_METABOLISM",0.468904204667448,0.454746569704196,0.020294016266477,0.697626077428484,1999,0.235,0.435185185185185,"raw","GSM8452893_Pt-13C","RCTD_malignant_subset"
"HALLMARK_HYPOXIA",0.519498153699282,0.519416239372014,0.01993385764312,0.00410930632368094,1999,0.4975,0.693055555555556,"raw","GSM8452893_Pt-13C","RCTD_malignant_subset"
"HALLMARK_IL2_STAT5_SIGNALING",0.509629762313869,0.476769971695271,0.0205860611357302,1.59621553642263,1999,0.0545,0.181666666666667,"raw","GSM8452893_Pt-13C","RCTD_malignant_subset"
"HALLMARK_IL6_JAK_STAT3_SIGNALING",0.339471551952953,0.364280784768788,0.0278351980025683,-0.891289970832837,1999,0.811,0.888829787234043,"raw","GSM8452893_Pt-13C","RCTD_malignant_subset"
"HALLMARK_INFLAMMATORY_RESPONSE",0.444738053646698,0.441766912880422,0.0211854394643885,0.140244471740645,1999,0.4425,0.69140625,"raw","GSM8452893_Pt-13C","RCTD_malignant_subset"
"HALLMARK_INTERFERON_ALPHA_RESPONSE",0.443152099930611,0.420251892030473,0.0252876379484635,0.905589045003284,1999,0.181,0.401041666666667,"raw","GSM8452893_Pt-13C","RCTD_malignant_subset"
"HALLMARK_INTERFERON_GAMMA_RESPONSE",0.503739034127399,0.514709828871371,0.0194284082763133,-0.564678000788534,1999,0.714,0.866071428571429,"raw","GSM8452893_Pt-13C","RCTD_malignant_subset"
"HALLMARK_KRAS_SIGNALING_DN",0.30170356895346,0.261496683404175,0.0279903726375115,1.43645410048603,1999,0.0865,0.2703125,"raw","GSM8452893_Pt-13C","RCTD_malignant_subset"
"HALLMARK_KRAS_SIGNALING_UP",0.4262630249911,0.446846380746396,0.0220698653231669,-0.932645281423142,1999,0.8355,0.888829787234043,"raw","GSM8452893_Pt-13C","RCTD_malignant_subset"
"HALLMARK_MITOTIC_SPINDLE",0.453887577562551,0.494827096289836,0.0183779415679253,-2.22764440598372,1999,0.9865,0.9945,"raw","GSM8452893_Pt-13C","RCTD_malignant_subset"
"HALLMARK_MTORC1_SIGNALING",0.572873170744446,0.5507544669443,0.0182146835110303,1.21433368780479,1999,0.1065,0.295833333333333,"raw","GSM8452893_Pt-13C","RCTD_malignant_subset"
"HALLMARK_MYC_TARGETS_V1",0.668733951930718,0.619362408803468,0.0163549769156604,3.01874734411729,1999,5e-04,0.00833333333333333,"raw","GSM8452893_Pt-13C","RCTD_malignant_subset"
"HALLMARK_MYC_TARGETS_V2",0.474855489517341,0.337876124541467,0.028144498208459,4.86700327578425,1999,5e-04,0.00833333333333333,"raw","GSM8452893_Pt-13C","RCTD_malignant_subset"
"HALLMARK_MYOGENESIS",0.483468744247173,0.436272000734964,0.0231945358724561,2.03482163953348,1999,0.018,0.0807692307692308,"raw","GSM8452893_Pt-13C","RCTD_malignant_subset"
"HALLMARK_NOTCH_SIGNALING",0.194378690418408,0.181892181148621,0.0284162311759714,0.439414684954594,1999,0.331,0.570689655172414,"raw","GSM8452893_Pt-13C","RCTD_malignant_subset"
"HALLMARK_OXIDATIVE_PHOSPHORYLATION",0.656169387876497,0.597340530334797,0.0174194810258536,3.3771877276015,1999,5e-04,0.00833333333333333,"raw","GSM8452893_Pt-13C","RCTD_malignant_subset"
"HALLMARK_P53_PATHWAY",0.5147173609252,0.526408208152828,0.0196393086552242,-0.595277941442124,1999,0.7225,0.866071428571429,"raw","GSM8452893_Pt-13C","RCTD_malignant_subset"
"HALLMARK_PANCREAS_BETA_CELLS",0.104082012546781,0.127289884751171,0.0315641728487791,-0.735259951704608,1999,0.779,0.885227272727273,"raw","GSM8452893_Pt-13C","RCTD_malignant_subset"
"HALLMARK_PEROXISOME",0.416237030505736,0.393325756753512,0.0259426309035199,0.88315151371616,1999,0.1925,0.401041666666667,"raw","GSM8452893_Pt-13C","RCTD_malignant_subset"
"HALLMARK_PI3K_AKT_MTOR_SIGNALING",0.423670627810172,0.422590288623197,0.0262570543560295,0.0411447214271223,1999,0.485,0.693055555555556,"raw","GSM8452893_Pt-13C","RCTD_malignant_subset"
"HALLMARK_PROTEIN_SECRETION",0.457548718243718,0.438397730805561,0.0241003533920944,0.7946351294765,1999,0.217,0.434,"raw","GSM8452893_Pt-13C","RCTD_malignant_subset"
"HALLMARK_REACTIVE_OXYGEN_SPECIES_PATHWAY",0.392726666724937,0.37788024379413,0.0368048986668585,0.40338170919015,1999,0.3495,0.5825,"raw","GSM8452893_Pt-13C","RCTD_malignant_subset"
"HALLMARK_SPERMATOGENESIS",0.306787112697835,0.248464713670513,0.0264738845646398,2.20301629271365,1999,0.02,0.0807692307692308,"raw","GSM8452893_Pt-13C","RCTD_malignant_subset"
"HALLMARK_TGF_BETA_SIGNALING",0.342815671023642,0.347411261366845,0.031842568415013,-0.144322225622856,1999,0.5505,0.743918918918919,"raw","GSM8452893_Pt-13C","RCTD_malignant_subset"
"HALLMARK_TNFA_SIGNALING_VIA_NFKB",0.573983901117252,0.549273130156643,0.0188762448564893,1.30909358023683,1999,0.093,0.273529411764706,"raw","GSM8452893_Pt-13C","RCTD_malignant_subset"
"HALLMARK_UNFOLDED_PROTEIN_RESPONSE",0.53683455578023,0.470921069854074,0.0240229234910935,2.74377454311889,1999,0.005,0.05,"raw","GSM8452893_Pt-13C","RCTD_malignant_subset"
"HALLMARK_UV_RESPONSE_DN",0.420685666518152,0.405459809418131,0.0218839774818723,0.69575364499591,1999,0.246,0.439285714285714,"raw","GSM8452893_Pt-13C","RCTD_malignant_subset"
"HALLMARK_UV_RESPONSE_UP",0.539102571252711,0.48474225573423,0.0235180772592813,2.31142686194839,1999,0.0115,0.0638888888888889,"raw","GSM8452893_Pt-13C","RCTD_malignant_subset"
"HALLMARK_WNT_BETA_CATENIN_SIGNALING",0.235341910185815,0.212156869235399,0.0297187887936311,0.780147573018983,1999,0.2305,0.435185185185185,"raw","GSM8452893_Pt-13C","RCTD_malignant_subset"
"HALLMARK_XENOBIOTIC_METABOLISM",0.495865038806488,0.458497309179848,0.0220180283300515,1.69714240832536,1999,0.037,0.132142857142857,"raw","GSM8452893_Pt-13C","RCTD_malignant_subset"
"HALLMARK_ADIPOGENESIS",0.736148757943242,0.678649335411321,0.0205014849248015,2.80464672402152,1999,0.002,0.00434782608695652,"raw","GSM8641021_C1_D8_ROI1_s1","full_section"
"HALLMARK_ALLOGRAFT_REJECTION",0.493399971253041,0.658816796218218,0.0242773235189589,-6.8136351536444,1999,1,1,"raw","GSM8641021_C1_D8_ROI1_s1","full_section"
"HALLMARK_ANDROGEN_RESPONSE",0.717277528015489,0.608757823941068,0.0313960773261893,3.45647333413526,1999,5e-04,0.00178571428571429,"raw","GSM8641021_C1_D8_ROI1_s1","full_section"
"HALLMARK_ANGIOGENESIS",0.780659582871222,0.490760079371747,0.0538793132842531,5.38053449141121,1999,5e-04,0.00178571428571429,"raw","GSM8641021_C1_D8_ROI1_s1","full_section"
"HALLMARK_APICAL_JUNCTION",0.814778300652141,0.669137756793503,0.0232486458654878,6.26447427094405,1999,5e-04,0.00178571428571429,"raw","GSM8641021_C1_D8_ROI1_s1","full_section"
"HALLMARK_APICAL_SURFACE",0.495920064294049,0.37174139809492,0.0516655406221305,2.40351043855986,1999,0.0105,0.021875,"raw","GSM8641021_C1_D8_ROI1_s1","full_section"
"HALLMARK_APOPTOSIS",0.761286475512138,0.68151294902138,0.0224318570716856,3.55626046634595,1999,5e-04,0.00178571428571429,"raw","GSM8641021_C1_D8_ROI1_s1","full_section"
"HALLMARK_BILE_ACID_METABOLISM",0.476419925919533,0.441666812258514,0.0358062355424232,0.970588310514914,1999,0.162,0.238235294117647,"raw","GSM8641021_C1_D8_ROI1_s1","full_section"
"HALLMARK_CHOLESTEROL_HOMEOSTASIS",0.658966867693414,0.543858940005258,0.036560234188241,3.14844612579585,1999,0.001,0.00277777777777778,"raw","GSM8641021_C1_D8_ROI1_s1","full_section"
"HALLMARK_COAGULATION",0.846108852683226,0.632138763883518,0.0308606975531214,6.93341712161219,1999,5e-04,0.00178571428571429,"raw","GSM8641021_C1_D8_ROI1_s1","full_section"
"HALLMARK_COMPLEMENT",0.727826345607955,0.664457848993475,0.0246200330670041,2.57385911879244,1999,0.002,0.00434782608695652,"raw","GSM8641021_C1_D8_ROI1_s1","full_section"
"HALLMARK_DNA_REPAIR",0.616880476587293,0.63222757233069,0.0250579602045952,-0.612463888444622,1999,0.7125,0.86890243902439,"raw","GSM8641021_C1_D8_ROI1_s1","full_section"
"HALLMARK_E2F_TARGETS",0.489183283697356,0.611976500327225,0.0256435159330648,-4.78847038566736,1999,1,1,"raw","GSM8641021_C1_D8_ROI1_s1","full_section"
"HALLMARK_EPITHELIAL_MESENCHYMAL_TRANSITION",0.896378710695915,0.700474580890607,0.0189309949066569,10.3483272153023,1999,5e-04,0.00178571428571429,"raw","GSM8641021_C1_D8_ROI1_s1","full_section"
"HALLMARK_ESTROGEN_RESPONSE_EARLY",0.78056915739907,0.649812872951131,0.0232330198207499,5.6280365383736,1999,5e-04,0.00178571428571429,"raw","GSM8641021_C1_D8_ROI1_s1","full_section"
"HALLMARK_ESTROGEN_RESPONSE_LATE",0.790346959299686,0.639628449775332,0.0237987952833668,6.33303105177312,1999,5e-04,0.00178571428571429,"raw","GSM8641021_C1_D8_ROI1_s1","full_section"
"HALLMARK_FATTY_ACID_METABOLISM",0.665748168816159,0.607896725641108,0.0280322705794153,2.0637444623388,1999,0.011,0.022,"raw","GSM8641021_C1_D8_ROI1_s1","full_section"
"HALLMARK_G2M_CHECKPOINT",0.542819344538405,0.628282935631057,0.0247415817043815,-3.45424929229633,1999,1,1,"raw","GSM8641021_C1_D8_ROI1_s1","full_section"
"HALLMARK_GLYCOLYSIS",0.761779826109074,0.645826685283861,0.0235618385000349,4.92122636461674,1999,5e-04,0.00178571428571429,"raw","GSM8641021_C1_D8_ROI1_s1","full_section"
"HALLMARK_HEDGEHOG_SIGNALING",0.520588473448862,0.311865642940095,0.0526401032064139,3.96509158977741,1999,5e-04,0.00178571428571429,"raw","GSM8641021_C1_D8_ROI1_s1","full_section"
"HALLMARK_HEME_METABOLISM",0.675978359889186,0.639496184445463,0.0236076850048315,1.54535166985907,1999,0.064,0.106451612903226,"raw","GSM8641021_C1_D8_ROI1_s1","full_section"
"HALLMARK_HYPOXIA",0.78395926620718,0.690333700793651,0.0219301475041562,4.26926291288215,1999,5e-04,0.00178571428571429,"raw","GSM8641021_C1_D8_ROI1_s1","full_section"
"HALLMARK_IL2_STAT5_SIGNALING",0.703762654718388,0.672236660034451,0.0210587061704934,1.49705278323841,1999,0.063,0.106451612903226,"raw","GSM8641021_C1_D8_ROI1_s1","full_section"
"HALLMARK_IL6_JAK_STAT3_SIGNALING",0.540918760107004,0.570159974810544,0.0343858903513652,-0.850384108270705,1999,0.814,0.944318181818182,"raw","GSM8641021_C1_D8_ROI1_s1","full_section"
"HALLMARK_INFLAMMATORY_RESPONSE",0.666632991397675,0.656370688200527,0.0221034195877578,0.464285770643005,1999,0.3215,0.434459459459459,"raw","GSM8641021_C1_D8_ROI1_s1","full_section"
"HALLMARK_INTERFERON_ALPHA_RESPONSE",0.569268200153457,0.591265295872882,0.0322149212578014,-0.682823203055261,1999,0.7685,0.914880952380952,"raw","GSM8641021_C1_D8_ROI1_s1","full_section"
"HALLMARK_INTERFERON_GAMMA_RESPONSE",0.612271282540109,0.685048739659464,0.0213997585534559,-3.40085412354347,1999,1,1,"raw","GSM8641021_C1_D8_ROI1_s1","full_section"
"HALLMARK_KRAS_SIGNALING_DN",0.46910702167243,0.355028935079024,0.0332893610296022,3.42686320989951,1999,0.002,0.00434782608695652,"raw","GSM8641021_C1_D8_ROI1_s1","full_section"
"HALLMARK_KRAS_SIGNALING_UP",0.731412960533899,0.654749537289345,0.0232127917442555,3.30263692920631,1999,0.001,0.00277777777777778,"raw","GSM8641021_C1_D8_ROI1_s1","full_section"
"HALLMARK_MITOTIC_SPINDLE",0.705308872096187,0.665119367579052,0.0222331143412235,1.80764169609014,1999,0.033,0.0611111111111111,"raw","GSM8641021_C1_D8_ROI1_s1","full_section"
"HALLMARK_MTORC1_SIGNALING",0.711438613731797,0.685243433076379,0.0212852792942231,1.23067122086239,1999,0.102,0.159375,"raw","GSM8641021_C1_D8_ROI1_s1","full_section"
"HALLMARK_MYC_TARGETS_V1",0.656347081400845,0.708745233360311,0.020832917922292,-2.5151614456945,1999,0.9945,1,"raw","GSM8641021_C1_D8_ROI1_s1","full_section"
"HALLMARK_MYC_TARGETS_V2",0.397762951026811,0.455253937474323,0.0401985708413414,-1.43017488543118,1999,0.94,1,"raw","GSM8641021_C1_D8_ROI1_s1","full_section"
"HALLMARK_MYOGENESIS",0.788542281471835,0.639625998920294,0.0251655218610222,5.91747245989723,1999,5e-04,0.00178571428571429,"raw","GSM8641021_C1_D8_ROI1_s1","full_section"
"HALLMARK_NOTCH_SIGNALING",0.513007408566803,0.350929802038305,0.0474126827730062,3.4184441176734,1999,0.0015,0.00375,"raw","GSM8641021_C1_D8_ROI1_s1","full_section"
"HALLMARK_OXIDATIVE_PHOSPHORYLATION",0.705392059586409,0.697846250568408,0.0215390660247229,0.350331300778774,1999,0.358,0.471052631578947,"raw","GSM8641021_C1_D8_ROI1_s1","full_section"
"HALLMARK_P53_PATHWAY",0.753473154501847,0.68959226545128,0.0214507629893748,2.97802409556289,1999,0.001,0.00277777777777778,"raw","GSM8641021_C1_D8_ROI1_s1","full_section"
"HALLMARK_PANCREAS_BETA_CELLS",0.219208217565317,0.186268603992037,0.0455928485594785,0.722473252144112,1999,0.2685,0.383571428571429,"raw","GSM8641021_C1_D8_ROI1_s1","full_section"
"HALLMARK_PEROXISOME",0.567844239210891,0.533067317799786,0.0334059824183084,1.04103872700495,1999,0.151,0.228787878787879,"raw","GSM8641021_C1_D8_ROI1_s1","full_section"
"HALLMARK_PI3K_AKT_MTOR_SIGNALING",0.596651222112336,0.597184117026258,0.0336569998385111,-0.0158331080155205,1999,0.5055,0.648076923076923,"raw","GSM8641021_C1_D8_ROI1_s1","full_section"
"HALLMARK_PROTEIN_SECRETION",0.709862881512535,0.602247278892736,0.0328758078411411,3.2733979691026,1999,5e-04,0.00178571428571429,"raw","GSM8641021_C1_D8_ROI1_s1","full_section"
"HALLMARK_REACTIVE_OXYGEN_SPECIES_PATHWAY",0.544053870852436,0.516980032383121,0.0459464185031618,0.589248070934012,1999,0.2835,0.39375,"raw","GSM8641021_C1_D8_ROI1_s1","full_section"
"HALLMARK_SPERMATOGENESIS",0.286424742885052,0.320692527792562,0.0365873212965114,-0.936602727206978,1999,0.831,0.944318181818182,"raw","GSM8641021_C1_D8_ROI1_s1","full_section"
"HALLMARK_TGF_BETA_SIGNALING",0.699066498592569,0.55847186405522,0.0412950674892168,3.40463505899492,1999,0.001,0.00277777777777778,"raw","GSM8641021_C1_D8_ROI1_s1","full_section"
"HALLMARK_TNFA_SIGNALING_VIA_NFKB",0.754916392069805,0.720631796639387,0.0190812850582308,1.79676553889274,1999,0.0345,0.0616071428571429,"raw","GSM8641021_C1_D8_ROI1_s1","full_section"
"HALLMARK_UNFOLDED_PROTEIN_RESPONSE",0.61967746679313,0.629931241854774,0.030470802596879,-0.33651148600513,1999,0.6175,0.771875,"raw","GSM8641021_C1_D8_ROI1_s1","full_section"
"HALLMARK_UV_RESPONSE_DN",0.756288108308264,0.641190366610982,0.0251170067033709,4.58246251460507,1999,5e-04,0.00178571428571429,"raw","GSM8641021_C1_D8_ROI1_s1","full_section"
"HALLMARK_UV_RESPONSE_UP",0.702176084095953,0.651807973252412,0.0268426087179833,1.87642383692,1999,0.021,0.0403846153846154,"raw","GSM8641021_C1_D8_ROI1_s1","full_section"
"HALLMARK_WNT_BETA_CATENIN_SIGNALING",0.423435398604008,0.352068861140788,0.0450384201370526,1.58457017910598,1999,0.066,0.106451612903226,"raw","GSM8641021_C1_D8_ROI1_s1","full_section"
"HALLMARK_XENOBIOTIC_METABOLISM",0.712512022218782,0.634901960505408,0.0248221639292948,3.12664366952228,1999,0.0015,0.00375,"raw","GSM8641021_C1_D8_ROI1_s1","full_section"
"HALLMARK_ADIPOGENESIS",0.376743114287726,0.341237209754138,0.0161925409715256,2.19273211017499,1999,0.017,0.0354166666666667,"marker","GSM8641021_C1_D8_ROI1_s1","full_section"
"HALLMARK_ALLOGRAFT_REJECTION",0.273386129536934,0.316327028558909,0.0177269766862028,-2.42234757692196,1999,0.996,0.9965,"marker","GSM8641021_C1_D8_ROI1_s1","full_section"
"HALLMARK_ANDROGEN_RESPONSE",0.354810624592748,0.273544056828267,0.0186591826986894,4.35531229190382,1999,5e-04,0.0025,"marker","GSM8641021_C1_D8_ROI1_s1","full_section"
"HALLMARK_ANGIOGENESIS",0.194262498451181,0.170286875137879,0.024691502498467,0.971007062643956,1999,0.171,0.244285714285714,"marker","GSM8641021_C1_D8_ROI1_s1","full_section"
"HALLMARK_APICAL_JUNCTION",0.313493371571656,0.327461194039284,0.0163824330941259,-0.8526097672657,1999,0.7985,0.867934782608696,"marker","GSM8641021_C1_D8_ROI1_s1","full_section"
"HALLMARK_APICAL_SURFACE",0.138072163991078,0.125664298903838,0.0195467751287317,0.634778115854073,1999,0.2625,0.345394736842105,"marker","GSM8641021_C1_D8_ROI1_s1","full_section"
"HALLMARK_APOPTOSIS",0.416778756314956,0.326695717702203,0.0176583320358486,5.10144663889397,1999,5e-04,0.0025,"marker","GSM8641021_C1_D8_ROI1_s1","full_section"
"HALLMARK_BILE_ACID_METABOLISM",0.1885612542492,0.180532871552857,0.0185861347271232,0.431955477253011,1999,0.33,0.423076923076923,"marker","GSM8641021_C1_D8_ROI1_s1","full_section"
"HALLMARK_CHOLESTEROL_HOMEOSTASIS",0.264557688000695,0.22262110892777,0.0206017687025436,2.03558149197877,1999,0.031,0.0574074074074074,"marker","GSM8641021_C1_D8_ROI1_s1","full_section"
"HALLMARK_COAGULATION",0.282154987005619,0.276532171746338,0.0197656888379949,0.2844735291225,1999,0.393,0.474418604651163,"marker","GSM8641021_C1_D8_ROI1_s1","full_section"
"HALLMARK_COMPLEMENT",0.352729985633149,0.319897414995355,0.016915710020876,1.94095137580833,1999,0.029,0.0557692307692308,"marker","GSM8641021_C1_D8_ROI1_s1","full_section"
"HALLMARK_DNA_REPAIR",0.298733775727603,0.301398372805792,0.0183541048037926,-0.145177174625165,1999,0.5585,0.634659090909091,"marker","GSM8641021_C1_D8_ROI1_s1","full_section"
"HALLMARK_E2F_TARGETS",0.23478546374522,0.284062445138131,0.0163467842443988,-3.01447554798404,1999,0.9965,0.9965,"marker","GSM8641021_C1_D8_ROI1_s1","full_section"
"HALLMARK_EPITHELIAL_MESENCHYMAL_TRANSITION",0.358114722895118,0.354401954037223,0.0161583148134698,0.22977450933189,1999,0.405,0.474418604651163,"marker","GSM8641021_C1_D8_ROI1_s1","full_section"
"HALLMARK_ESTROGEN_RESPONSE_EARLY",0.358132274530152,0.313420543683581,0.0166639266420904,2.68314496378284,1999,0.0045,0.0140625,"marker","GSM8641021_C1_D8_ROI1_s1","full_section"
"HALLMARK_ESTROGEN_RESPONSE_LATE",0.349283067296458,0.302692993500773,0.0161964789355098,2.8765556996181,1999,0.0035,0.0125,"marker","GSM8641021_C1_D8_ROI1_s1","full_section"
"HALLMARK_FATTY_ACID_METABOLISM",0.296770424486935,0.28086919283252,0.018198733376519,0.87375485565012,1999,0.1825,0.253472222222222,"marker","GSM8641021_C1_D8_ROI1_s1","full_section"
"HALLMARK_G2M_CHECKPOINT",0.30825961144563,0.291713933731837,0.0171372720288411,0.965479084766075,1999,0.1605,0.236029411764706,"marker","GSM8641021_C1_D8_ROI1_s1","full_section"
"HALLMARK_GLYCOLYSIS",0.316299695077932,0.312242425872997,0.016628339065506,0.243997262080832,1999,0.408,0.474418604651163,"marker","GSM8641021_C1_D8_ROI1_s1","full_section"
"HALLMARK_HEDGEHOG_SIGNALING",0.155592586337206,0.098604635136187,0.0182517019402229,3.1223362833594,1999,0.004,0.0133333333333333,"marker","GSM8641021_C1_D8_ROI1_s1","full_section"
"HALLMARK_HEME_METABOLISM",0.349150068727156,0.311112630881357,0.0163491757983669,2.32656607983862,1999,0.0145,0.0329545454545455,"marker","GSM8641021_C1_D8_ROI1_s1","full_section"
"HALLMARK_HYPOXIA",0.414204206627806,0.335220076093306,0.0161975606411905,4.87629787498014,1999,5e-04,0.0025,"marker","GSM8641021_C1_D8_ROI1_s1","full_section"
"HALLMARK_IL2_STAT5_SIGNALING",0.370209620218911,0.32806699143475,0.0172020108539231,2.44986642213109,1999,0.005,0.0147058823529412,"marker","GSM8641021_C1_D8_ROI1_s1","full_section"
"HALLMARK_IL6_JAK_STAT3_SIGNALING",0.284062619147274,0.234959213939318,0.0203781954886845,2.40960517015466,1999,0.012,0.03,"marker","GSM8641021_C1_D8_ROI1_s1","full_section"
"HALLMARK_INFLAMMATORY_RESPONSE",0.368706436013554,0.315360137766618,0.0165487150019778,3.22359157436458,1999,0.001,0.00416666666666667,"marker","GSM8641021_C1_D8_ROI1_s1","full_section"
"HALLMARK_INTERFERON_ALPHA_RESPONSE",0.284889684035737,0.259909465285131,0.0195641774853053,1.27683460086012,1999,0.1265,0.19765625,"marker","GSM8641021_C1_D8_ROI1_s1","full_section"
"HALLMARK_INTERFERON_GAMMA_RESPONSE",0.377804414757132,0.338552648430117,0.0163924380426928,2.39450447973557,1999,0.008,0.0210526315789474,"marker","GSM8641021_C1_D8_ROI1_s1","full_section"
"HALLMARK_KRAS_SIGNALING_DN",0.168325887413651,0.13176302124147,0.0161204057660551,2.26811078472803,1999,0.0165,0.0354166666666667,"marker","GSM8641021_C1_D8_ROI1_s1","full_section"
"HALLMARK_KRAS_SIGNALING_UP",0.343567696889251,0.314471362145585,0.0165126190898557,1.76206661010801,1999,0.0395,0.0681034482758621,"marker","GSM8641021_C1_D8_ROI1_s1","full_section"
"HALLMARK_MITOTIC_SPINDLE",0.378867391600407,0.329988452289654,0.0162840702094775,3.00164140058204,1999,5e-04,0.0025,"marker","GSM8641021_C1_D8_ROI1_s1","full_section"
"HALLMARK_MTORC1_SIGNALING",0.377817977247486,0.343198306221103,0.0167693966667611,2.06445537155208,1999,0.018,0.036,"marker","GSM8641021_C1_D8_ROI1_s1","full_section"
"HALLMARK_MYC_TARGETS_V1",0.394126754250081,0.352104710381204,0.0155014526973847,2.71084553746162,1999,0.007,0.0194444444444444,"marker","GSM8641021_C1_D8_ROI1_s1","full_section"
"HALLMARK_MYC_TARGETS_V2",0.259592604484721,0.182643423253951,0.0203073293684237,3.78923194846188,1999,5e-04,0.0025,"marker","GSM8641021_C1_D8_ROI1_s1","full_section"
"HALLMARK_MYOGENESIS",0.378598004851128,0.296385774607247,0.0174064657127817,4.72308575447987,1999,5e-04,0.0025,"marker","GSM8641021_C1_D8_ROI1_s1","full_section"
"HALLMARK_NOTCH_SIGNALING",0.157235176824493,0.128853518588049,0.0198838042235294,1.42737566299607,1999,0.0825,0.133064516129032,"marker","GSM8641021_C1_D8_ROI1_s1","full_section"
"HALLMARK_OXIDATIVE_PHOSPHORYLATION",0.327746597161648,0.356070571026551,0.0156611226366799,-1.80855322584385,1999,0.965,0.9965,"marker","GSM8641021_C1_D8_ROI1_s1","full_section"
"HALLMARK_P53_PATHWAY",0.370637456860053,0.346805607890706,0.0164697146685187,1.44701043393913,1999,0.0735,0.1225,"marker","GSM8641021_C1_D8_ROI1_s1","full_section"
"HALLMARK_PANCREAS_BETA_CELLS",0.0691662238495286,0.0566850830575923,0.0152870842756381,0.816450054627259,1999,0.21,0.283783783783784,"marker","GSM8641021_C1_D8_ROI1_s1","full_section"
"HALLMARK_PEROXISOME",0.251087662453824,0.230425305104927,0.0193306197596693,1.06889264833642,1999,0.139,0.210606060606061,"marker","GSM8641021_C1_D8_ROI1_s1","full_section"
"HALLMARK_PI3K_AKT_MTOR_SIGNALING",0.27311727694695,0.265094869324142,0.0200547752090106,0.400024809014245,1999,0.345,0.43125,"marker","GSM8641021_C1_D8_ROI1_s1","full_section"
"HALLMARK_PROTEIN_SECRETION",0.33850437829419,0.274266691269684,0.0203132558219655,3.16235307562283,1999,0.0015,0.00576923076923077,"marker","GSM8641021_C1_D8_ROI1_s1","full_section"
"HALLMARK_REACTIVE_OXYGEN_SPECIES_PATHWAY",0.277631465979753,0.201001215663183,0.0213728889846013,3.58539504751931,1999,0.001,0.00416666666666667,"marker","GSM8641021_C1_D8_ROI1_s1","full_section"
"HALLMARK_SPERMATOGENESIS",0.0964280974406591,0.117174963802607,0.0167926612272995,-1.23547221498282,1999,0.903,0.96063829787234,"marker","GSM8641021_C1_D8_ROI1_s1","full_section"
"HALLMARK_TGF_BETA_SIGNALING",0.334258424267882,0.224545928100312,0.0220721874328062,4.97062180635991,1999,5e-04,0.0025,"marker","GSM8641021_C1_D8_ROI1_s1","full_section"
"HALLMARK_TNFA_SIGNALING_VIA_NFKB",0.528418056071054,0.355582148205265,0.0158834275264152,10.8815246317806,1999,5e-04,0.0025,"marker","GSM8641021_C1_D8_ROI1_s1","full_section"
"HALLMARK_UNFOLDED_PROTEIN_RESPONSE",0.332178822876715,0.28588929145367,0.018956118169293,2.44193093805614,1999,0.014,0.0329545454545455,"marker","GSM8641021_C1_D8_ROI1_s1","full_section"
"HALLMARK_UV_RESPONSE_DN",0.39361738724391,0.305457925437996,0.0178129016207631,4.9491915288609,1999,5e-04,0.0025,"marker","GSM8641021_C1_D8_ROI1_s1","full_section"
"HALLMARK_UV_RESPONSE_UP",0.415265418674076,0.302580551833984,0.0180944581675415,6.22759000555377,1999,5e-04,0.0025,"marker","GSM8641021_C1_D8_ROI1_s1","full_section"
"HALLMARK_WNT_BETA_CATENIN_SIGNALING",0.162906494115307,0.127715623410182,0.0198470784887303,1.773100797939,1999,0.0375,0.0669642857142857,"marker","GSM8641021_C1_D8_ROI1_s1","full_section"
"HALLMARK_XENOBIOTIC_METABOLISM",0.290649925303757,0.301134383541414,0.0165709216945578,-0.632702177399087,1999,0.7375,0.819444444444445,"marker","GSM8641021_C1_D8_ROI1_s1","full_section"
"HALLMARK_ADIPOGENESIS",0.523285541430286,0.549028401897602,0.0162852874199756,-1.58074339147004,1999,0.9345,1,"label_transfer","GSM8641021_C1_D8_ROI1_s1","full_section"
"HALLMARK_ALLOGRAFT_REJECTION",0.411837120698333,0.522635062785317,0.0189020989105024,-5.86167401893252,1999,1,1,"label_transfer","GSM8641021_C1_D8_ROI1_s1","full_section"
"HALLMARK_ANDROGEN_RESPONSE",0.529746499559419,0.469385568046991,0.0243854700808558,2.47528267088096,1999,0.007,0.0269230769230769,"label_transfer","GSM8641021_C1_D8_ROI1_s1","full_section"
"HALLMARK_ANGIOGENESIS",0.414105876126765,0.324475822987836,0.0342509552043596,2.61686287591538,1999,0.0065,0.0269230769230769,"label_transfer","GSM8641021_C1_D8_ROI1_s1","full_section"
"HALLMARK_APICAL_JUNCTION",0.603210565779538,0.531817539755486,0.0179104071000906,3.98611966914426,1999,5e-04,0.00357142857142857,"label_transfer","GSM8641021_C1_D8_ROI1_s1","full_section"
"HALLMARK_APICAL_SURFACE",0.302472876273222,0.24714178036476,0.0325308029133703,1.70088319233339,1999,0.055,0.1375,"label_transfer","GSM8641021_C1_D8_ROI1_s1","full_section"
"HALLMARK_APOPTOSIS",0.539989867609043,0.536989956978342,0.0175519694759161,0.170915898345047,1999,0.4265,0.627205882352941,"label_transfer","GSM8641021_C1_D8_ROI1_s1","full_section"
"HALLMARK_BILE_ACID_METABOLISM",0.347996450179796,0.333076597484201,0.0277911051785858,0.53685712028075,1999,0.302,0.47890625,"label_transfer","GSM8641021_C1_D8_ROI1_s1","full_section"
"HALLMARK_CHOLESTEROL_HOMEOSTASIS",0.453155204270967,0.402013294967835,0.0282441612028817,1.81070731524908,1999,0.026,0.08125,"label_transfer","GSM8641021_C1_D8_ROI1_s1","full_section"
"HALLMARK_COAGULATION",0.532174414039224,0.474044393788435,0.0225143066222001,2.58191474542104,1999,0.0015,0.0075,"label_transfer","GSM8641021_C1_D8_ROI1_s1","full_section"
"HALLMARK_COMPLEMENT",0.532089143849945,0.526759779763533,0.018541289870829,0.287432218769033,1999,0.3945,0.597727272727273,"label_transfer","GSM8641021_C1_D8_ROI1_s1","full_section"
"HALLMARK_DNA_REPAIR",0.518066570640304,0.502222066189103,0.0208086754762214,0.761437433598652,1999,0.2115,0.411111111111111,"label_transfer","GSM8641021_C1_D8_ROI1_s1","full_section"
"HALLMARK_E2F_TARGETS",0.414759099485622,0.481175256419164,0.0203704703232969,-3.26041352406014,1999,0.9995,1,"label_transfer","GSM8641021_C1_D8_ROI1_s1","full_section"
"HALLMARK_EPITHELIAL_MESENCHYMAL_TRANSITION",0.576350603787955,0.563690754132684,0.015285563248191,0.828222647063371,1999,0.2005,0.411111111111111,"label_transfer","GSM8641021_C1_D8_ROI1_s1","full_section"
"HALLMARK_ESTROGEN_RESPONSE_EARLY",0.598889095748181,0.517716746861498,0.0188668328992441,4.30238341115192,1999,5e-04,0.00357142857142857,"label_transfer","GSM8641021_C1_D8_ROI1_s1","full_section"
"HALLMARK_ESTROGEN_RESPONSE_LATE",0.604562003586157,0.504949049553641,0.0190150314266514,5.23864261895981,1999,5e-04,0.00357142857142857,"label_transfer","GSM8641021_C1_D8_ROI1_s1","full_section"
"HALLMARK_FATTY_ACID_METABOLISM",0.474685245808611,0.476883772107214,0.0217934269663734,-0.100880247149519,1999,0.5385,0.747916666666667,"label_transfer","GSM8641021_C1_D8_ROI1_s1","full_section"
"HALLMARK_G2M_CHECKPOINT",0.45338501816532,0.494085309752639,0.0194760364874011,-2.08976254555938,1999,0.9745,1,"label_transfer","GSM8641021_C1_D8_ROI1_s1","full_section"
"HALLMARK_GLYCOLYSIS",0.572898806411262,0.515462114955585,0.0183534073422072,3.12948382743024,1999,0.001,0.00555555555555556,"label_transfer","GSM8641021_C1_D8_ROI1_s1","full_section"
"HALLMARK_HEDGEHOG_SIGNALING",0.319267176912271,0.201713134118492,0.0320217813053287,3.67106506889474,1999,5e-04,0.00357142857142857,"label_transfer","GSM8641021_C1_D8_ROI1_s1","full_section"
"HALLMARK_HEME_METABOLISM",0.535725358637831,0.514511639003512,0.0187912575089589,1.12891431689475,1999,0.1235,0.294047619047619,"label_transfer","GSM8641021_C1_D8_ROI1_s1","full_section"
"HALLMARK_HYPOXIA",0.573310931553376,0.545775687986513,0.0172159713921723,1.59940109910864,1999,0.0435,0.127777777777778,"label_transfer","GSM8641021_C1_D8_ROI1_s1","full_section"
"HALLMARK_IL2_STAT5_SIGNALING",0.548201664361837,0.536664122543572,0.0161712054453028,0.713462076608325,1999,0.233,0.416071428571429,"label_transfer","GSM8641021_C1_D8_ROI1_s1","full_section"
"HALLMARK_IL6_JAK_STAT3_SIGNALING",0.342464206270983,0.421437390831801,0.0250296576685507,-3.15518436594707,1999,1,1,"label_transfer","GSM8641021_C1_D8_ROI1_s1","full_section"
"HALLMARK_INFLAMMATORY_RESPONSE",0.489855358915245,0.522040560178456,0.0177482918908555,-1.81342528402941,1999,0.969,1,"label_transfer","GSM8641021_C1_D8_ROI1_s1","full_section"
"HALLMARK_INTERFERON_ALPHA_RESPONSE",0.467894981653063,0.451552156190872,0.0246948470375738,0.661790916838865,1999,0.256,0.426666666666667,"label_transfer","GSM8641021_C1_D8_ROI1_s1","full_section"
"HALLMARK_INTERFERON_GAMMA_RESPONSE",0.5098318372417,0.549829582632475,0.017108292588251,-2.33791567360985,1999,0.992,1,"label_transfer","GSM8641021_C1_D8_ROI1_s1","full_section"
"HALLMARK_KRAS_SIGNALING_DN",0.340946042338821,0.258655161707877,0.0240440666444955,3.4225026010641,1999,0.002,0.00909090909090909,"label_transfer","GSM8641021_C1_D8_ROI1_s1","full_section"
"HALLMARK_KRAS_SIGNALING_UP",0.549959926986143,0.521211857575746,0.0188175929983951,1.52772298842094,1999,0.046,0.127777777777778,"label_transfer","GSM8641021_C1_D8_ROI1_s1","full_section"
"HALLMARK_MITOTIC_SPINDLE",0.598597128460021,0.536365677584937,0.0168636942529034,3.69026204708199,1999,5e-04,0.00357142857142857,"label_transfer","GSM8641021_C1_D8_ROI1_s1","full_section"
"HALLMARK_MTORC1_SIGNALING",0.56177228389733,0.551004538773281,0.0161989213620109,0.664719883714027,1999,0.254,0.426666666666667,"label_transfer","GSM8641021_C1_D8_ROI1_s1","full_section"
"HALLMARK_MYC_TARGETS_V1",0.555162299292183,0.56389642948034,0.0152995347267811,-0.570875542565935,1999,0.7245,0.928846153846154,"label_transfer","GSM8641021_C1_D8_ROI1_s1","full_section"
"HALLMARK_MYC_TARGETS_V2",0.259983476191744,0.336678430622056,0.0300310930370821,-2.55385158094676,1999,0.998,1,"label_transfer","GSM8641021_C1_D8_ROI1_s1","full_section"
"HALLMARK_MYOGENESIS",0.491954537956018,0.500609013051844,0.0199445318932693,-0.433927210833468,1999,0.6665,0.876973684210526,"label_transfer","GSM8641021_C1_D8_ROI1_s1","full_section"
"HALLMARK_NOTCH_SIGNALING",0.358026626977962,0.249537510168753,0.0324557051193783,3.3426824778622,1999,0.001,0.00555555555555556,"label_transfer","GSM8641021_C1_D8_ROI1_s1","full_section"
"HALLMARK_OXIDATIVE_PHOSPHORYLATION",0.575401443924185,0.56282266178655,0.0163811090275056,0.76788342697146,1999,0.222,0.411111111111111,"label_transfer","GSM8641021_C1_D8_ROI1_s1","full_section"
"HALLMARK_P53_PATHWAY",0.587155157187858,0.555647593542909,0.0165137092153101,1.90796405787121,1999,0.022,0.0785714285714286,"label_transfer","GSM8641021_C1_D8_ROI1_s1","full_section"
"HALLMARK_PANCREAS_BETA_CELLS",0.137777421828113,0.11642226060319,0.0263847736989967,0.809374431956378,1999,0.221,0.411111111111111,"label_transfer","GSM8641021_C1_D8_ROI1_s1","full_section"
"HALLMARK_PEROXISOME",0.433879967959038,0.407818059500012,0.0260736247700274,0.999550645101878,1999,0.157,0.341304347826087,"label_transfer","GSM8641021_C1_D8_ROI1_s1","full_section"
"HALLMARK_PI3K_AKT_MTOR_SIGNALING",0.468714530295855,0.456539825246392,0.0244361592039554,0.498224984861455,1999,0.3065,0.47890625,"label_transfer","GSM8641021_C1_D8_ROI1_s1","full_section"
"HALLMARK_PROTEIN_SECRETION",0.559479782698499,0.467420692960561,0.0247896176648072,3.71361474721859,1999,5e-04,0.00357142857142857,"label_transfer","GSM8641021_C1_D8_ROI1_s1","full_section"
"HALLMARK_REACTIVE_OXYGEN_SPECIES_PATHWAY",0.372989752378974,0.369364139851474,0.0326660570402883,0.110990209899783,1999,0.4545,0.649285714285714,"label_transfer","GSM8641021_C1_D8_ROI1_s1","full_section"
"HALLMARK_SPERMATOGENESIS",0.209053057493851,0.231660362437864,0.0265989296145703,-0.849932883450641,1999,0.815,0.983928571428571,"label_transfer","GSM8641021_C1_D8_ROI1_s1","full_section"
"HALLMARK_TGF_BETA_SIGNALING",0.522238313273402,0.403303928811053,0.0297372760526619,3.99950500683814,1999,5e-04,0.00357142857142857,"label_transfer","GSM8641021_C1_D8_ROI1_s1","full_section"
"HALLMARK_TNFA_SIGNALING_VIA_NFKB",0.559952885383968,0.573118523627367,0.0140275047454281,-0.938558815864262,1999,0.8265,0.983928571428571,"label_transfer","GSM8641021_C1_D8_ROI1_s1","full_section"
"HALLMARK_UNFOLDED_PROTEIN_RESPONSE",0.475826254838576,0.485117806881987,0.0227374742123965,-0.408644863392293,1999,0.6575,0.876973684210526,"label_transfer","GSM8641021_C1_D8_ROI1_s1","full_section"
"HALLMARK_UV_RESPONSE_DN",0.549067861450818,0.508772820611183,0.0198051348280469,2.03457543659694,1999,0.024,0.08,"label_transfer","GSM8641021_C1_D8_ROI1_s1","full_section"
"HALLMARK_UV_RESPONSE_UP",0.528017638993083,0.508339095082527,0.0198237856767598,0.99267335873319,1999,0.1535,0.341304347826087,"label_transfer","GSM8641021_C1_D8_ROI1_s1","full_section"
"HALLMARK_WNT_BETA_CATENIN_SIGNALING",0.300545649804229,0.247558616646241,0.0314461853344072,1.68500670572631,1999,0.055,0.1375,"label_transfer","GSM8641021_C1_D8_ROI1_s1","full_section"
"HALLMARK_XENOBIOTIC_METABOLISM",0.489991623981799,0.503464730763998,0.0192593213470649,-0.699562904601101,1999,0.7555,0.944375,"label_transfer","GSM8641021_C1_D8_ROI1_s1","full_section"
"HALLMARK_ADIPOGENESIS",0.736148757943242,0.678649335411321,0.0205014849248015,2.80464672402152,1999,0.002,0.00434782608695652,"raw","GSM8641021_C1_D8_ROI1_s1","RCTD_intersection"
"HALLMARK_ALLOGRAFT_REJECTION",0.493399971253041,0.658816796218218,0.0242773235189589,-6.8136351536444,1999,1,1,"raw","GSM8641021_C1_D8_ROI1_s1","RCTD_intersection"
"HALLMARK_ANDROGEN_RESPONSE",0.717277528015489,0.608757823941068,0.0313960773261893,3.45647333413526,1999,5e-04,0.00178571428571429,"raw","GSM8641021_C1_D8_ROI1_s1","RCTD_intersection"
"HALLMARK_ANGIOGENESIS",0.780659582871222,0.490760079371747,0.0538793132842531,5.38053449141121,1999,5e-04,0.00178571428571429,"raw","GSM8641021_C1_D8_ROI1_s1","RCTD_intersection"
"HALLMARK_APICAL_JUNCTION",0.814778300652141,0.669137756793503,0.0232486458654878,6.26447427094405,1999,5e-04,0.00178571428571429,"raw","GSM8641021_C1_D8_ROI1_s1","RCTD_intersection"
"HALLMARK_APICAL_SURFACE",0.495920064294049,0.37174139809492,0.0516655406221305,2.40351043855986,1999,0.0105,0.021875,"raw","GSM8641021_C1_D8_ROI1_s1","RCTD_intersection"
"HALLMARK_APOPTOSIS",0.761286475512138,0.68151294902138,0.0224318570716856,3.55626046634595,1999,5e-04,0.00178571428571429,"raw","GSM8641021_C1_D8_ROI1_s1","RCTD_intersection"
"HALLMARK_BILE_ACID_METABOLISM",0.476419925919533,0.441666812258514,0.0358062355424232,0.970588310514914,1999,0.162,0.238235294117647,"raw","GSM8641021_C1_D8_ROI1_s1","RCTD_intersection"
"HALLMARK_CHOLESTEROL_HOMEOSTASIS",0.658966867693414,0.543858940005258,0.036560234188241,3.14844612579585,1999,0.001,0.00277777777777778,"raw","GSM8641021_C1_D8_ROI1_s1","RCTD_intersection"
"HALLMARK_COAGULATION",0.846108852683226,0.632138763883518,0.0308606975531214,6.93341712161219,1999,5e-04,0.00178571428571429,"raw","GSM8641021_C1_D8_ROI1_s1","RCTD_intersection"
"HALLMARK_COMPLEMENT",0.727826345607955,0.664457848993475,0.0246200330670041,2.57385911879244,1999,0.002,0.00434782608695652,"raw","GSM8641021_C1_D8_ROI1_s1","RCTD_intersection"
"HALLMARK_DNA_REPAIR",0.616880476587293,0.63222757233069,0.0250579602045952,-0.612463888444622,1999,0.7125,0.86890243902439,"raw","GSM8641021_C1_D8_ROI1_s1","RCTD_intersection"
"HALLMARK_E2F_TARGETS",0.489183283697356,0.611976500327225,0.0256435159330648,-4.78847038566736,1999,1,1,"raw","GSM8641021_C1_D8_ROI1_s1","RCTD_intersection"
"HALLMARK_EPITHELIAL_MESENCHYMAL_TRANSITION",0.896378710695915,0.700474580890607,0.0189309949066569,10.3483272153023,1999,5e-04,0.00178571428571429,"raw","GSM8641021_C1_D8_ROI1_s1","RCTD_intersection"
"HALLMARK_ESTROGEN_RESPONSE_EARLY",0.78056915739907,0.649812872951131,0.0232330198207499,5.6280365383736,1999,5e-04,0.00178571428571429,"raw","GSM8641021_C1_D8_ROI1_s1","RCTD_intersection"
"HALLMARK_ESTROGEN_RESPONSE_LATE",0.790346959299686,0.639628449775332,0.0237987952833668,6.33303105177312,1999,5e-04,0.00178571428571429,"raw","GSM8641021_C1_D8_ROI1_s1","RCTD_intersection"
"HALLMARK_FATTY_ACID_METABOLISM",0.665748168816159,0.607896725641108,0.0280322705794153,2.0637444623388,1999,0.011,0.022,"raw","GSM8641021_C1_D8_ROI1_s1","RCTD_intersection"
"HALLMARK_G2M_CHECKPOINT",0.542819344538405,0.628282935631057,0.0247415817043815,-3.45424929229633,1999,1,1,"raw","GSM8641021_C1_D8_ROI1_s1","RCTD_intersection"
"HALLMARK_GLYCOLYSIS",0.761779826109074,0.645826685283861,0.0235618385000349,4.92122636461674,1999,5e-04,0.00178571428571429,"raw","GSM8641021_C1_D8_ROI1_s1","RCTD_intersection"
"HALLMARK_HEDGEHOG_SIGNALING",0.520588473448862,0.311865642940095,0.0526401032064139,3.96509158977741,1999,5e-04,0.00178571428571429,"raw","GSM8641021_C1_D8_ROI1_s1","RCTD_intersection"
"HALLMARK_HEME_METABOLISM",0.675978359889186,0.639496184445463,0.0236076850048315,1.54535166985907,1999,0.064,0.106451612903226,"raw","GSM8641021_C1_D8_ROI1_s1","RCTD_intersection"
"HALLMARK_HYPOXIA",0.78395926620718,0.690333700793651,0.0219301475041562,4.26926291288215,1999,5e-04,0.00178571428571429,"raw","GSM8641021_C1_D8_ROI1_s1","RCTD_intersection"
"HALLMARK_IL2_STAT5_SIGNALING",0.703762654718388,0.672236660034451,0.0210587061704934,1.49705278323841,1999,0.063,0.106451612903226,"raw","GSM8641021_C1_D8_ROI1_s1","RCTD_intersection"
"HALLMARK_IL6_JAK_STAT3_SIGNALING",0.540918760107004,0.570159974810544,0.0343858903513652,-0.850384108270705,1999,0.814,0.944318181818182,"raw","GSM8641021_C1_D8_ROI1_s1","RCTD_intersection"
"HALLMARK_INFLAMMATORY_RESPONSE",0.666632991397675,0.656370688200527,0.0221034195877578,0.464285770643005,1999,0.3215,0.434459459459459,"raw","GSM8641021_C1_D8_ROI1_s1","RCTD_intersection"
"HALLMARK_INTERFERON_ALPHA_RESPONSE",0.569268200153457,0.591265295872882,0.0322149212578014,-0.682823203055261,1999,0.7685,0.914880952380952,"raw","GSM8641021_C1_D8_ROI1_s1","RCTD_intersection"
"HALLMARK_INTERFERON_GAMMA_RESPONSE",0.612271282540109,0.685048739659464,0.0213997585534559,-3.40085412354347,1999,1,1,"raw","GSM8641021_C1_D8_ROI1_s1","RCTD_intersection"
"HALLMARK_KRAS_SIGNALING_DN",0.46910702167243,0.355028935079024,0.0332893610296022,3.42686320989951,1999,0.002,0.00434782608695652,"raw","GSM8641021_C1_D8_ROI1_s1","RCTD_intersection"
"HALLMARK_KRAS_SIGNALING_UP",0.731412960533899,0.654749537289345,0.0232127917442555,3.30263692920631,1999,0.001,0.00277777777777778,"raw","GSM8641021_C1_D8_ROI1_s1","RCTD_intersection"
"HALLMARK_MITOTIC_SPINDLE",0.705308872096187,0.665119367579052,0.0222331143412235,1.80764169609014,1999,0.033,0.0611111111111111,"raw","GSM8641021_C1_D8_ROI1_s1","RCTD_intersection"
"HALLMARK_MTORC1_SIGNALING",0.711438613731797,0.685243433076379,0.0212852792942231,1.23067122086239,1999,0.102,0.159375,"raw","GSM8641021_C1_D8_ROI1_s1","RCTD_intersection"
"HALLMARK_MYC_TARGETS_V1",0.656347081400845,0.708745233360311,0.020832917922292,-2.5151614456945,1999,0.9945,1,"raw","GSM8641021_C1_D8_ROI1_s1","RCTD_intersection"
"HALLMARK_MYC_TARGETS_V2",0.397762951026811,0.455253937474323,0.0401985708413414,-1.43017488543118,1999,0.94,1,"raw","GSM8641021_C1_D8_ROI1_s1","RCTD_intersection"
"HALLMARK_MYOGENESIS",0.788542281471835,0.639625998920294,0.0251655218610222,5.91747245989723,1999,5e-04,0.00178571428571429,"raw","GSM8641021_C1_D8_ROI1_s1","RCTD_intersection"
"HALLMARK_NOTCH_SIGNALING",0.513007408566803,0.350929802038305,0.0474126827730062,3.4184441176734,1999,0.0015,0.00375,"raw","GSM8641021_C1_D8_ROI1_s1","RCTD_intersection"
"HALLMARK_OXIDATIVE_PHOSPHORYLATION",0.705392059586409,0.697846250568408,0.0215390660247229,0.350331300778774,1999,0.358,0.471052631578947,"raw","GSM8641021_C1_D8_ROI1_s1","RCTD_intersection"
"HALLMARK_P53_PATHWAY",0.753473154501847,0.68959226545128,0.0214507629893748,2.97802409556289,1999,0.001,0.00277777777777778,"raw","GSM8641021_C1_D8_ROI1_s1","RCTD_intersection"
"HALLMARK_PANCREAS_BETA_CELLS",0.219208217565317,0.186268603992037,0.0455928485594785,0.722473252144112,1999,0.2685,0.383571428571429,"raw","GSM8641021_C1_D8_ROI1_s1","RCTD_intersection"
"HALLMARK_PEROXISOME",0.567844239210891,0.533067317799786,0.0334059824183084,1.04103872700495,1999,0.151,0.228787878787879,"raw","GSM8641021_C1_D8_ROI1_s1","RCTD_intersection"
"HALLMARK_PI3K_AKT_MTOR_SIGNALING",0.596651222112336,0.597184117026258,0.0336569998385111,-0.0158331080155205,1999,0.5055,0.648076923076923,"raw","GSM8641021_C1_D8_ROI1_s1","RCTD_intersection"
"HALLMARK_PROTEIN_SECRETION",0.709862881512535,0.602247278892736,0.0328758078411411,3.2733979691026,1999,5e-04,0.00178571428571429,"raw","GSM8641021_C1_D8_ROI1_s1","RCTD_intersection"
"HALLMARK_REACTIVE_OXYGEN_SPECIES_PATHWAY",0.544053870852436,0.516980032383121,0.0459464185031618,0.589248070934012,1999,0.2835,0.39375,"raw","GSM8641021_C1_D8_ROI1_s1","RCTD_intersection"
"HALLMARK_SPERMATOGENESIS",0.286424742885052,0.320692527792562,0.0365873212965114,-0.936602727206978,1999,0.831,0.944318181818182,"raw","GSM8641021_C1_D8_ROI1_s1","RCTD_intersection"
"HALLMARK_TGF_BETA_SIGNALING",0.699066498592569,0.55847186405522,0.0412950674892168,3.40463505899492,1999,0.001,0.00277777777777778,"raw","GSM8641021_C1_D8_ROI1_s1","RCTD_intersection"
"HALLMARK_TNFA_SIGNALING_VIA_NFKB",0.754916392069805,0.720631796639387,0.0190812850582308,1.79676553889274,1999,0.0345,0.0616071428571429,"raw","GSM8641021_C1_D8_ROI1_s1","RCTD_intersection"
"HALLMARK_UNFOLDED_PROTEIN_RESPONSE",0.61967746679313,0.629931241854774,0.030470802596879,-0.33651148600513,1999,0.6175,0.771875,"raw","GSM8641021_C1_D8_ROI1_s1","RCTD_intersection"
"HALLMARK_UV_RESPONSE_DN",0.756288108308264,0.641190366610982,0.0251170067033709,4.58246251460507,1999,5e-04,0.00178571428571429,"raw","GSM8641021_C1_D8_ROI1_s1","RCTD_intersection"
"HALLMARK_UV_RESPONSE_UP",0.702176084095953,0.651807973252412,0.0268426087179833,1.87642383692,1999,0.021,0.0403846153846154,"raw","GSM8641021_C1_D8_ROI1_s1","RCTD_intersection"
"HALLMARK_WNT_BETA_CATENIN_SIGNALING",0.423435398604008,0.352068861140788,0.0450384201370526,1.58457017910598,1999,0.066,0.106451612903226,"raw","GSM8641021_C1_D8_ROI1_s1","RCTD_intersection"
"HALLMARK_XENOBIOTIC_METABOLISM",0.712512022218782,0.634901960505408,0.0248221639292948,3.12664366952228,1999,0.0015,0.00375,"raw","GSM8641021_C1_D8_ROI1_s1","RCTD_intersection"
"HALLMARK_ADIPOGENESIS",0.429613416602231,0.418945761738217,0.0119831720741336,0.890219617812259,1999,0.189,0.275,"RCTD","GSM8641021_C1_D8_ROI1_s1","RCTD_intersection"
"HALLMARK_ALLOGRAFT_REJECTION",0.364234116275139,0.396314362270315,0.012845624010748,-2.49736766141802,1999,0.9955,0.999,"RCTD","GSM8641021_C1_D8_ROI1_s1","RCTD_intersection"
"HALLMARK_ANDROGEN_RESPONSE",0.392598646729998,0.351913451941783,0.014859718881253,2.73795184911229,1999,0.005,0.0178571428571429,"RCTD","GSM8641021_C1_D8_ROI1_s1","RCTD_intersection"
"HALLMARK_ANGIOGENESIS",0.280657835774369,0.240681655544314,0.0176545543566846,2.26435510194108,1999,0.018,0.045,"RCTD","GSM8641021_C1_D8_ROI1_s1","RCTD_intersection"
"HALLMARK_APICAL_JUNCTION",0.441934128563085,0.406704771339136,0.0119123807134603,2.95737334722202,1999,0.003,0.0136363636363636,"RCTD","GSM8641021_C1_D8_ROI1_s1","RCTD_intersection"
"HALLMARK_APICAL_SURFACE",0.178125674082363,0.175922833153059,0.0168711809930517,0.130568270840739,1999,0.438,0.534146341463415,"RCTD","GSM8641021_C1_D8_ROI1_s1","RCTD_intersection"
"HALLMARK_APOPTOSIS",0.437713046149619,0.411086401203866,0.0121438264205227,2.19260750472801,1999,0.0155,0.0421052631578947,"RCTD","GSM8641021_C1_D8_ROI1_s1","RCTD_intersection"
"HALLMARK_BILE_ACID_METABOLISM",0.254147546168768,0.236837948348184,0.0169572967485453,1.02077578031821,1999,0.1585,0.24765625,"RCTD","GSM8641021_C1_D8_ROI1_s1","RCTD_intersection"
"HALLMARK_CHOLESTEROL_HOMEOSTASIS",0.318553492743778,0.296644665135689,0.0167900228000976,1.30487181994545,1999,0.085,0.163461538461538,"RCTD","GSM8641021_C1_D8_ROI1_s1","RCTD_intersection"
"HALLMARK_COAGULATION",0.412919101249544,0.362164416897019,0.013637836516942,3.72160821032532,1999,5e-04,0.003125,"RCTD","GSM8641021_C1_D8_ROI1_s1","RCTD_intersection"
"HALLMARK_COMPLEMENT",0.420886267450172,0.400987827969649,0.012740877341275,1.56177937731656,1999,0.0605,0.121,"RCTD","GSM8641021_C1_D8_ROI1_s1","RCTD_intersection"
"HALLMARK_DNA_REPAIR",0.374902759908204,0.377225422124869,0.0139079133132847,-0.167002925913197,1999,0.577,0.686046511627907,"RCTD","GSM8641021_C1_D8_ROI1_s1","RCTD_intersection"
"HALLMARK_E2F_TARGETS",0.313664207754611,0.35977981811974,0.0130372392889395,-3.53722205622569,1999,0.999,0.999,"RCTD","GSM8641021_C1_D8_ROI1_s1","RCTD_intersection"
"HALLMARK_EPITHELIAL_MESENCHYMAL_TRANSITION",0.483900838276722,0.4356342386961,0.0105027871897762,4.59559912130806,1999,5e-04,0.003125,"RCTD","GSM8641021_C1_D8_ROI1_s1","RCTD_intersection"
"HALLMARK_ESTROGEN_RESPONSE_EARLY",0.422069937605051,0.391931448312903,0.0128234591992152,2.35026203335157,1999,0.009,0.0264705882352941,"RCTD","GSM8641021_C1_D8_ROI1_s1","RCTD_intersection"
"HALLMARK_ESTROGEN_RESPONSE_LATE",0.438957957530551,0.382032940586559,0.0127691757512449,4.45800246256638,1999,5e-04,0.003125,"RCTD","GSM8641021_C1_D8_ROI1_s1","RCTD_intersection"
"HALLMARK_FATTY_ACID_METABOLISM",0.3716403287602,0.355852308155405,0.0141118581357218,1.11877687919988,1999,0.1255,0.214166666666667,"RCTD","GSM8641021_C1_D8_ROI1_s1","RCTD_intersection"
"HALLMARK_G2M_CHECKPOINT",0.359392115301957,0.37080367644729,0.0128830835847524,-0.885778708976063,1999,0.8045,0.864893617021277,"RCTD","GSM8641021_C1_D8_ROI1_s1","RCTD_intersection"
"HALLMARK_GLYCOLYSIS",0.421041076671404,0.390153663288624,0.0123198009888704,2.50713574112789,1999,0.007,0.021875,"RCTD","GSM8641021_C1_D8_ROI1_s1","RCTD_intersection"
"HALLMARK_HEDGEHOG_SIGNALING",0.205419934753756,0.141355424810775,0.0171882846448042,3.72721951415595,1999,5e-04,0.003125,"RCTD","GSM8641021_C1_D8_ROI1_s1","RCTD_intersection"
"HALLMARK_HEME_METABOLISM",0.409705589455422,0.387346371485462,0.0129865887801573,1.72171602169484,1999,0.0425,0.0885416666666667,"RCTD","GSM8641021_C1_D8_ROI1_s1","RCTD_intersection"
"HALLMARK_HYPOXIA",0.460455246010127,0.419969417220842,0.0113564773471529,3.56499885938971,1999,5e-04,0.003125,"RCTD","GSM8641021_C1_D8_ROI1_s1","RCTD_intersection"
"HALLMARK_IL2_STAT5_SIGNALING",0.423406600092245,0.409298828773563,0.0114107261073409,1.23636052482293,1999,0.113,0.201785714285714,"RCTD","GSM8641021_C1_D8_ROI1_s1","RCTD_intersection"
"HALLMARK_IL6_JAK_STAT3_SIGNALING",0.294537967604913,0.313487031307872,0.0150796375080615,-1.25659941711657,1999,0.889,0.926041666666667,"RCTD","GSM8641021_C1_D8_ROI1_s1","RCTD_intersection"
"HALLMARK_INFLAMMATORY_RESPONSE",0.405520859703519,0.395409615730647,0.0123529436782317,0.818529108223047,1999,0.2035,0.275,"RCTD","GSM8641021_C1_D8_ROI1_s1","RCTD_intersection"
"HALLMARK_INTERFERON_ALPHA_RESPONSE",0.368762557517574,0.337035340977609,0.0154821786683673,2.04927337550938,1999,0.0235,0.0534090909090909,"RCTD","GSM8641021_C1_D8_ROI1_s1","RCTD_intersection"
"HALLMARK_INTERFERON_GAMMA_RESPONSE",0.429238323081881,0.419627054641653,0.0120957801865889,0.794596817399501,1999,0.202,0.275,"RCTD","GSM8641021_C1_D8_ROI1_s1","RCTD_intersection"
"HALLMARK_KRAS_SIGNALING_DN",0.211302966927177,0.177786199924091,0.015274965756303,2.19422861810705,1999,0.016,0.0421052631578947,"RCTD","GSM8641021_C1_D8_ROI1_s1","RCTD_intersection"
"HALLMARK_KRAS_SIGNALING_UP",0.427873005228162,0.394433608028572,0.0133732198283184,2.50047465224347,1999,0.005,0.0178571428571429,"RCTD","GSM8641021_C1_D8_ROI1_s1","RCTD_intersection"
"HALLMARK_MITOTIC_SPINDLE",0.438087106520943,0.407496093151559,0.0121166055672264,2.52471809861733,1999,0.005,0.0178571428571429,"RCTD","GSM8641021_C1_D8_ROI1_s1","RCTD_intersection"
"HALLMARK_MTORC1_SIGNALING",0.437381365744606,0.422507558107895,0.011866152351088,1.25346508258403,1999,0.096,0.177777777777778,"RCTD","GSM8641021_C1_D8_ROI1_s1","RCTD_intersection"
"HALLMARK_MYC_TARGETS_V1",0.432978678012597,0.43556579758711,0.0108153532717151,-0.239208050769722,1999,0.59,0.686046511627907,"RCTD","GSM8641021_C1_D8_ROI1_s1","RCTD_intersection"
"HALLMARK_MYC_TARGETS_V2",0.231136849967849,0.242689170896819,0.0178675019437724,-0.646554899802155,1999,0.7565,0.840555555555556,"RCTD","GSM8641021_C1_D8_ROI1_s1","RCTD_intersection"
"HALLMARK_MYOGENESIS",0.392070720552261,0.377976551738911,0.0129430605392548,1.08893632774131,1999,0.1555,0.24765625,"RCTD","GSM8641021_C1_D8_ROI1_s1","RCTD_intersection"
"HALLMARK_NOTCH_SIGNALING",0.226518804822857,0.174761140610298,0.0186499175311999,2.77522214915816,1999,0.0025,0.0125,"RCTD","GSM8641021_C1_D8_ROI1_s1","RCTD_intersection"
"HALLMARK_OXIDATIVE_PHOSPHORYLATION",0.443476677008742,0.433098848492043,0.0114083210387564,0.909671851050067,1999,0.194,0.275,"RCTD","GSM8641021_C1_D8_ROI1_s1","RCTD_intersection"
"HALLMARK_P53_PATHWAY",0.436117546559088,0.426811506675666,0.0110725503463541,0.840460381061706,1999,0.184,0.275,"RCTD","GSM8641021_C1_D8_ROI1_s1","RCTD_intersection"
"HALLMARK_PANCREAS_BETA_CELLS",0.08633446480169,0.0802275055025855,0.0144226846088973,0.423427362152616,1999,0.3285,0.421153846153846,"RCTD","GSM8641021_C1_D8_ROI1_s1","RCTD_intersection"
"HALLMARK_PEROXISOME",0.317004922645644,0.298375569393211,0.0164032297458229,1.13571251156661,1999,0.1285,0.214166666666667,"RCTD","GSM8641021_C1_D8_ROI1_s1","RCTD_intersection"
"HALLMARK_PI3K_AKT_MTOR_SIGNALING",0.347289776304657,0.340994533488942,0.0150526176107912,0.418215819898443,1999,0.341,0.42625,"RCTD","GSM8641021_C1_D8_ROI1_s1","RCTD_intersection"
"HALLMARK_PROTEIN_SECRETION",0.41412696586296,0.349939948397776,0.0152114168683106,4.21966066809346,1999,5e-04,0.003125,"RCTD","GSM8641021_C1_D8_ROI1_s1","RCTD_intersection"
"HALLMARK_REACTIVE_OXYGEN_SPECIES_PATHWAY",0.304679632178712,0.27138886223579,0.0180909885699655,1.84018522891505,1999,0.0395,0.0858695652173913,"RCTD","GSM8641021_C1_D8_ROI1_s1","RCTD_intersection"
"HALLMARK_SPERMATOGENESIS",0.144364386833194,0.158177349892139,0.0162554226673538,-0.849744933835855,1999,0.813,0.864893617021277,"RCTD","GSM8641021_C1_D8_ROI1_s1","RCTD_intersection"
"HALLMARK_TGF_BETA_SIGNALING",0.373877717968834,0.301451368764501,0.0176932086280818,4.0934547671235,1999,5e-04,0.003125,"RCTD","GSM8641021_C1_D8_ROI1_s1","RCTD_intersection"
"HALLMARK_TNFA_SIGNALING_VIA_NFKB",0.47365342738575,0.444546760946054,0.00981883876872705,2.96436952732143,1999,0.002,0.0111111111111111,"RCTD","GSM8641021_C1_D8_ROI1_s1","RCTD_intersection"
"HALLMARK_UNFOLDED_PROTEIN_RESPONSE",0.37387326285736,0.365657812204363,0.0143220615506703,0.573622074163811,1999,0.2875,0.378289473684211,"RCTD","GSM8641021_C1_D8_ROI1_s1","RCTD_intersection"
"HALLMARK_UV_RESPONSE_DN",0.434656242436394,0.384329410334396,0.0130976535978138,3.84243114433855,1999,5e-04,0.003125,"RCTD","GSM8641021_C1_D8_ROI1_s1","RCTD_intersection"
"HALLMARK_UV_RESPONSE_UP",0.419185368178421,0.386250321999006,0.0138311467984459,2.38122309446643,1999,0.0065,0.0216666666666667,"RCTD","GSM8641021_C1_D8_ROI1_s1","RCTD_intersection"
"HALLMARK_WNT_BETA_CATENIN_SIGNALING",0.210514986824617,0.173829517159876,0.0173576177974079,2.11350832198984,1999,0.0195,0.0464285714285714,"RCTD","GSM8641021_C1_D8_ROI1_s1","RCTD_intersection"
"HALLMARK_XENOBIOTIC_METABOLISM",0.372310974937742,0.378687269546901,0.013106812710399,-0.486487046854594,1999,0.6935,0.788068181818182,"RCTD","GSM8641021_C1_D8_ROI1_s1","RCTD_intersection"
"HALLMARK_ADIPOGENESIS",0.723142648848957,0.665251629284113,0.0230422263900512,2.51238828162192,1999,0.0015,0.00357142857142857,"raw","GSM8641021_C1_D8_ROI1_s1","label_malignant_subset"
"HALLMARK_ALLOGRAFT_REJECTION",0.478871561589411,0.641795446310488,0.0236341868158775,-6.89356845616639,1999,1,1,"raw","GSM8641021_C1_D8_ROI1_s1","label_malignant_subset"
"HALLMARK_ANDROGEN_RESPONSE",0.704548984753119,0.595596270523881,0.0333307867873503,3.26883115374244,1999,5e-04,0.0015625,"raw","GSM8641021_C1_D8_ROI1_s1","label_malignant_subset"
"HALLMARK_ANGIOGENESIS",0.773033898949961,0.469755515998947,0.0558054562562568,5.43456506400324,1999,5e-04,0.0015625,"raw","GSM8641021_C1_D8_ROI1_s1","label_malignant_subset"
"HALLMARK_APICAL_JUNCTION",0.805699695851671,0.65436610567373,0.0236574992629256,6.3968549040642,1999,5e-04,0.0015625,"raw","GSM8641021_C1_D8_ROI1_s1","label_malignant_subset"
"HALLMARK_APICAL_SURFACE",0.475431830530566,0.353425386855397,0.0490757565875679,2.48608380509565,1999,0.0095,0.0197916666666667,"raw","GSM8641021_C1_D8_ROI1_s1","label_malignant_subset"
"HALLMARK_APOPTOSIS",0.747548488687225,0.665497145284223,0.0239228266242196,3.42983480555483,1999,5e-04,0.0015625,"raw","GSM8641021_C1_D8_ROI1_s1","label_malignant_subset"
"HALLMARK_BILE_ACID_METABOLISM",0.455546652135517,0.427816515426051,0.035143199836894,0.789061236260972,1999,0.214,0.324242424242424,"raw","GSM8641021_C1_D8_ROI1_s1","label_malignant_subset"
"HALLMARK_CHOLESTEROL_HOMEOSTASIS",0.641171107847189,0.528222783996905,0.0385396497864177,2.93070446867656,1999,0.002,0.00454545454545455,"raw","GSM8641021_C1_D8_ROI1_s1","label_malignant_subset"
"HALLMARK_COAGULATION",0.841834565620145,0.614907746298008,0.0318541319432426,7.12393669136782,1999,5e-04,0.0015625,"raw","GSM8641021_C1_D8_ROI1_s1","label_malignant_subset"
"HALLMARK_COMPLEMENT",0.713863741672451,0.648040347369927,0.025089942100594,2.62349725792974,1999,0.0025,0.00543478260869565,"raw","GSM8641021_C1_D8_ROI1_s1","label_malignant_subset"
"HALLMARK_DNA_REPAIR",0.603760875519659,0.613217873392442,0.0260018321837244,-0.363705057626784,1999,0.651,0.79390243902439,"raw","GSM8641021_C1_D8_ROI1_s1","label_malignant_subset"
"HALLMARK_E2F_TARGETS",0.476180140270494,0.595021412557746,0.025870705015208,-4.59366191286211,1999,1,1,"raw","GSM8641021_C1_D8_ROI1_s1","label_malignant_subset"
"HALLMARK_EPITHELIAL_MESENCHYMAL_TRANSITION",0.894553169922435,0.687460293273369,0.0215458797434325,9.61171598074062,1999,5e-04,0.0015625,"raw","GSM8641021_C1_D8_ROI1_s1","label_malignant_subset"
"HALLMARK_ESTROGEN_RESPONSE_EARLY",0.769312291705828,0.6355807325428,0.0248541601257098,5.38065090458207,1999,5e-04,0.0015625,"raw","GSM8641021_C1_D8_ROI1_s1","label_malignant_subset"
"HALLMARK_ESTROGEN_RESPONSE_LATE",0.778736421956885,0.62534637290688,0.026559515098646,5.77533318964191,1999,5e-04,0.0015625,"raw","GSM8641021_C1_D8_ROI1_s1","label_malignant_subset"
"HALLMARK_FATTY_ACID_METABOLISM",0.652559366940857,0.591086844034473,0.0275596692651213,2.23052469588891,1999,0.02,0.04,"raw","GSM8641021_C1_D8_ROI1_s1","label_malignant_subset"
"HALLMARK_G2M_CHECKPOINT",0.527941130496723,0.611309363680658,0.0274307535264431,-3.03922504730206,1999,1,1,"raw","GSM8641021_C1_D8_ROI1_s1","label_malignant_subset"
"HALLMARK_GLYCOLYSIS",0.752739528975522,0.631343849281032,0.0254110020128769,4.77728818536841,1999,5e-04,0.0015625,"raw","GSM8641021_C1_D8_ROI1_s1","label_malignant_subset"
"HALLMARK_HEDGEHOG_SIGNALING",0.507059308024841,0.29653334374712,0.0488609707594679,4.3086733850233,1999,5e-04,0.0015625,"raw","GSM8641021_C1_D8_ROI1_s1","label_malignant_subset"
"HALLMARK_HEME_METABOLISM",0.661391761171904,0.624490743550465,0.0254003614907888,1.45277529356505,1999,0.062,0.106896551724138,"raw","GSM8641021_C1_D8_ROI1_s1","label_malignant_subset"
"HALLMARK_HYPOXIA",0.769732675532715,0.677079175156683,0.0225520864368713,4.10842254597559,1999,5e-04,0.0015625,"raw","GSM8641021_C1_D8_ROI1_s1","label_malignant_subset"
"HALLMARK_IL2_STAT5_SIGNALING",0.687826253208817,0.657970446388466,0.0231450949765946,1.2899409940008,1999,0.0925,0.149193548387097,"raw","GSM8641021_C1_D8_ROI1_s1","label_malignant_subset"
"HALLMARK_IL6_JAK_STAT3_SIGNALING",0.515677507527759,0.553414359669827,0.0381303127583078,-0.989681159482403,1999,0.839,0.975581395348837,"raw","GSM8641021_C1_D8_ROI1_s1","label_malignant_subset"
"HALLMARK_INFLAMMATORY_RESPONSE",0.644864227754777,0.641496938637575,0.0247292813833877,0.136166072317159,1999,0.449,0.590789473684211,"raw","GSM8641021_C1_D8_ROI1_s1","label_malignant_subset"
"HALLMARK_INTERFERON_ALPHA_RESPONSE",0.548762957261398,0.575375682617618,0.0345286432316726,-0.770743442702349,1999,0.779,0.927380952380952,"raw","GSM8641021_C1_D8_ROI1_s1","label_malignant_subset"
"HALLMARK_INTERFERON_GAMMA_RESPONSE",0.593503969716215,0.670296136224881,0.0234679889266474,-3.27220908228188,1999,0.9995,1,"raw","GSM8641021_C1_D8_ROI1_s1","label_malignant_subset"
"HALLMARK_KRAS_SIGNALING_DN",0.455015939898835,0.339599103798781,0.0337528238201733,3.41947200373416,1999,0.001,0.00277777777777778,"raw","GSM8641021_C1_D8_ROI1_s1","label_malignant_subset"
"HALLMARK_KRAS_SIGNALING_UP",0.718823677346841,0.639999623377089,0.0242406102864344,3.25173553959012,1999,5e-04,0.0015625,"raw","GSM8641021_C1_D8_ROI1_s1","label_malignant_subset"
"HALLMARK_MITOTIC_SPINDLE",0.692534054657259,0.65137177562527,0.0227341248203545,1.81059439750833,1999,0.028,0.0538461538461538,"raw","GSM8641021_C1_D8_ROI1_s1","label_malignant_subset"
"HALLMARK_MTORC1_SIGNALING",0.696330978374535,0.67088890877328,0.0228839576502339,1.11178625612404,1999,0.1285,0.20078125,"raw","GSM8641021_C1_D8_ROI1_s1","label_malignant_subset"
"HALLMARK_MYC_TARGETS_V1",0.640688471874383,0.695249989061067,0.0228414490183435,-2.38870647579612,1999,0.9935,1,"raw","GSM8641021_C1_D8_ROI1_s1","label_malignant_subset"
"HALLMARK_MYC_TARGETS_V2",0.380433754714517,0.440994628353888,0.0424142643144845,-1.4278421332582,1999,0.9265,1,"raw","GSM8641021_C1_D8_ROI1_s1","label_malignant_subset"
"HALLMARK_MYOGENESIS",0.777107315593973,0.625316066112206,0.0264987783702149,5.72823574585547,1999,5e-04,0.0015625,"raw","GSM8641021_C1_D8_ROI1_s1","label_malignant_subset"
"HALLMARK_NOTCH_SIGNALING",0.500691752587505,0.33987736752087,0.0475323553659537,3.38326144009734,1999,0.001,0.00277777777777778,"raw","GSM8641021_C1_D8_ROI1_s1","label_malignant_subset"
"HALLMARK_OXIDATIVE_PHOSPHORYLATION",0.694087754208325,0.685322602128396,0.0218547192679532,0.401064501102116,1999,0.335,0.452702702702703,"raw","GSM8641021_C1_D8_ROI1_s1","label_malignant_subset"
"HALLMARK_P53_PATHWAY",0.740428739498713,0.676401240853837,0.0227579469918995,2.81341276819329,1999,0.0015,0.00357142857142857,"raw","GSM8641021_C1_D8_ROI1_s1","label_malignant_subset"
"HALLMARK_PANCREAS_BETA_CELLS",0.212991710731586,0.177290953744626,0.0464666386842475,0.768309436573544,1999,0.2395,0.342142857142857,"raw","GSM8641021_C1_D8_ROI1_s1","label_malignant_subset"
"HALLMARK_PEROXISOME",0.548522981395121,0.520160541178812,0.0366058718251734,0.774805756621924,1999,0.228,0.335294117647059,"raw","GSM8641021_C1_D8_ROI1_s1","label_malignant_subset"
"HALLMARK_PI3K_AKT_MTOR_SIGNALING",0.581170530925369,0.580262841067918,0.0330650592984146,0.0274516325302546,1999,0.4865,0.623717948717949,"raw","GSM8641021_C1_D8_ROI1_s1","label_malignant_subset"
"HALLMARK_PROTEIN_SECRETION",0.696774388692629,0.586349602704702,0.031785698837758,3.47403989925035,1999,5e-04,0.0015625,"raw","GSM8641021_C1_D8_ROI1_s1","label_malignant_subset"
"HALLMARK_REACTIVE_OXYGEN_SPECIES_PATHWAY",0.521951215026253,0.498547505843782,0.0455194331504764,0.51414764118665,1999,0.305,0.423611111111111,"raw","GSM8641021_C1_D8_ROI1_s1","label_malignant_subset"
"HALLMARK_SPERMATOGENESIS",0.270638953643771,0.309360272499637,0.0365727569144973,-1.05874760676071,1999,0.87,0.988636363636364,"raw","GSM8641021_C1_D8_ROI1_s1","label_malignant_subset"
"HALLMARK_TGF_BETA_SIGNALING",0.685317935318136,0.541397227510546,0.0433141796586584,3.32271576979576,1999,5e-04,0.0015625,"raw","GSM8641021_C1_D8_ROI1_s1","label_malignant_subset"
"HALLMARK_TNFA_SIGNALING_VIA_NFKB",0.740530659542025,0.707168187194801,0.0206755585561991,1.61361891416571,1999,0.042,0.075,"raw","GSM8641021_C1_D8_ROI1_s1","label_malignant_subset"
"HALLMARK_UNFOLDED_PROTEIN_RESPONSE",0.60265519880409,0.612695636778528,0.0291478085896695,-0.344466306739664,1999,0.631,0.78875,"raw","GSM8641021_C1_D8_ROI1_s1","label_malignant_subset"
"HALLMARK_UV_RESPONSE_DN",0.746170383273873,0.627940695824859,0.0279723974789262,4.22665549272584,1999,5e-04,0.0015625,"raw","GSM8641021_C1_D8_ROI1_s1","label_malignant_subset"
"HALLMARK_UV_RESPONSE_UP",0.686548970678202,0.636513124463345,0.0277090398150588,1.80575893458658,1999,0.0345,0.0638888888888889,"raw","GSM8641021_C1_D8_ROI1_s1","label_malignant_subset"
"HALLMARK_WNT_BETA_CATENIN_SIGNALING",0.406820317641881,0.336690442672045,0.0453836401071369,1.54526773974676,1999,0.066,0.11,"raw","GSM8641021_C1_D8_ROI1_s1","label_malignant_subset"
"HALLMARK_XENOBIOTIC_METABOLISM",0.700940079324902,0.619962304259259,0.0260744708383126,3.10563445631495,1999,0.0015,0.00357142857142857,"raw","GSM8641021_C1_D8_ROI1_s1","label_malignant_subset"
"HALLMARK_ADIPOGENESIS",0.489888769693767,0.643442769582167,0.0394148827028769,-3.89583805300002,1999,0.9995,1,"raw","GSM8641030_C2_D11_ROI1_s1","full_section"
"HALLMARK_ALLOGRAFT_REJECTION",0.829745403944976,0.592447646991618,0.0446849337543544,5.31046455742443,1999,5e-04,0.0025,"raw","GSM8641030_C2_D11_ROI1_s1","full_section"
"HALLMARK_ANDROGEN_RESPONSE",0.455000968298189,0.536431636367,0.0621550610815372,-1.31012127816892,1999,0.9065,1,"raw","GSM8641030_C2_D11_ROI1_s1","full_section"
"HALLMARK_ANGIOGENESIS",0.70597397905865,0.354583846940055,0.0848190132883937,4.1428226820304,1999,5e-04,0.0025,"raw","GSM8641030_C2_D11_ROI1_s1","full_section"
"HALLMARK_APICAL_JUNCTION",0.544884401834167,0.613151380741065,0.0412123838826463,-1.65646760695257,1999,0.941,1,"raw","GSM8641030_C2_D11_ROI1_s1","full_section"
"HALLMARK_APICAL_SURFACE",0.312458365377495,0.311108383641546,0.0766984420575145,0.0176011624191428,1999,0.494,0.927678571428571,"raw","GSM8641030_C2_D11_ROI1_s1","full_section"
"HALLMARK_APOPTOSIS",0.480907537668878,0.593393502344846,0.0506513420132115,-2.22078942442686,1999,0.9845,1,"raw","GSM8641030_C2_D11_ROI1_s1","full_section"
"HALLMARK_BILE_ACID_METABOLISM",0.37768467024434,0.47743640316446,0.0540175208554854,-1.84665514707698,1999,0.9665,1,"raw","GSM8641030_C2_D11_ROI1_s1","full_section"
"HALLMARK_CHOLESTEROL_HOMEOSTASIS",0.462275188714938,0.501409331573847,0.0679575053081864,-0.575861969644652,1999,0.7045,1,"raw","GSM8641030_C2_D11_ROI1_s1","full_section"
"HALLMARK_COAGULATION",0.698516048377113,0.516980598086011,0.0585470645636204,3.1006755273586,1999,5e-04,0.0025,"raw","GSM8641030_C2_D11_ROI1_s1","full_section"
"HALLMARK_COMPLEMENT",0.43062718682194,0.608795006297274,0.0450900725841456,-3.95137575223112,1999,1,1,"raw","GSM8641030_C2_D11_ROI1_s1","full_section"
"HALLMARK_DNA_REPAIR",0.731264257145281,0.611859698932932,0.0441109432650031,2.70691464236001,1999,0.0015,0.00625,"raw","GSM8641030_C2_D11_ROI1_s1","full_section"
"HALLMARK_E2F_TARGETS",0.820442567190613,0.619567689378767,0.0371461840443515,5.40768541856162,1999,5e-04,0.0025,"raw","GSM8641030_C2_D11_ROI1_s1","full_section"
"HALLMARK_EPITHELIAL_MESENCHYMAL_TRANSITION",0.832321192570847,0.635572408723816,0.0418184284626162,4.70483447322551,1999,5e-04,0.0025,"raw","GSM8641030_C2_D11_ROI1_s1","full_section"
"HALLMARK_ESTROGEN_RESPONSE_EARLY",0.585500392825299,0.611921982453009,0.0402752448865559,-0.656025548749173,1999,0.742,1,"raw","GSM8641030_C2_D11_ROI1_s1","full_section"
"HALLMARK_ESTROGEN_RESPONSE_LATE",0.603686453873222,0.605367967471525,0.0412518595383406,-0.0407621284742188,1999,0.5195,0.927678571428571,"raw","GSM8641030_C2_D11_ROI1_s1","full_section"
"HALLMARK_FATTY_ACID_METABOLISM",0.451996539924885,0.5957697503359,0.0439752163331454,-3.26941451116067,1999,0.9995,1,"raw","GSM8641030_C2_D11_ROI1_s1","full_section"
"HALLMARK_G2M_CHECKPOINT",0.790214188553805,0.622653123831225,0.0390877490480008,4.2867923787786,1999,5e-04,0.0025,"raw","GSM8641030_C2_D11_ROI1_s1","full_section"
"HALLMARK_GLYCOLYSIS",0.566296541151864,0.613039270908596,0.0427337789934769,-1.09381222203324,1999,0.847,1,"raw","GSM8641030_C2_D11_ROI1_s1","full_section"
"HALLMARK_HEDGEHOG_SIGNALING",0.345762100540815,0.295811146037344,0.0767123610710708,0.651146097005066,1999,0.265,0.65952380952381,"raw","GSM8641030_C2_D11_ROI1_s1","full_section"
"HALLMARK_HEME_METABOLISM",0.479424914321947,0.617790972730527,0.0409402936147184,-3.37970361694807,1999,1,1,"raw","GSM8641030_C2_D11_ROI1_s1","full_section"
"HALLMARK_HYPOXIA",0.631773074021304,0.617516026779075,0.0433459117046226,0.328913308811723,1999,0.3575,0.8125,"raw","GSM8641030_C2_D11_ROI1_s1","full_section"
"HALLMARK_IL2_STAT5_SIGNALING",0.455065028175013,0.620726731914363,0.0407727466209527,-4.06304989162092,1999,0.9995,1,"raw","GSM8641030_C2_D11_ROI1_s1","full_section"
"HALLMARK_IL6_JAK_STAT3_SIGNALING",0.36194457199561,0.502011881471394,0.0682695423656661,-2.05168080262724,1999,0.9895,1,"raw","GSM8641030_C2_D11_ROI1_s1","full_section"
"HALLMARK_INFLAMMATORY_RESPONSE",0.44491372859672,0.615109892644941,0.0412640808823651,-4.1245596753606,1999,1,1,"raw","GSM8641030_C2_D11_ROI1_s1","full_section"
"HALLMARK_INTERFERON_ALPHA_RESPONSE",0.778083888721934,0.536411879421095,0.0598564333156159,4.03752772950121,1999,5e-04,0.0025,"raw","GSM8641030_C2_D11_ROI1_s1","full_section"
"HALLMARK_INTERFERON_GAMMA_RESPONSE",0.7305021061593,0.625216920133262,0.0415002067352875,2.53697979621183,1999,0.0015,0.00625,"raw","GSM8641030_C2_D11_ROI1_s1","full_section"
"HALLMARK_KRAS_SIGNALING_DN",0.406618382925507,0.40813536439737,0.0461460206826986,-0.0328735056548705,1999,0.516,0.927678571428571,"raw","GSM8641030_C2_D11_ROI1_s1","full_section"
"HALLMARK_KRAS_SIGNALING_UP",0.509175027011144,0.619428491006622,0.0407936870930403,-2.70270896925835,1999,0.992,1,"raw","GSM8641030_C2_D11_ROI1_s1","full_section"
"HALLMARK_MITOTIC_SPINDLE",0.655503966122526,0.646486349648032,0.0365382835760159,0.246799126612881,1999,0.408,0.88695652173913,"raw","GSM8641030_C2_D11_ROI1_s1","full_section"
"HALLMARK_MTORC1_SIGNALING",0.628238642025054,0.63010093746748,0.0407656921299323,-0.0456829099452244,1999,0.516,0.927678571428571,"raw","GSM8641030_C2_D11_ROI1_s1","full_section"
"HALLMARK_MYC_TARGETS_V1",0.79429967239582,0.600564020312528,0.0439563448133363,4.40745591804788,1999,5e-04,0.0025,"raw","GSM8641030_C2_D11_ROI1_s1","full_section"
"HALLMARK_MYC_TARGETS_V2",0.597755451088536,0.456302934502765,0.0687412716947048,2.05775239675507,1999,0.009,0.0346153846153846,"raw","GSM8641030_C2_D11_ROI1_s1","full_section"
"HALLMARK_MYOGENESIS",0.757718890486605,0.583796338525573,0.0501863157080079,3.46553735828989,1999,5e-04,0.0025,"raw","GSM8641030_C2_D11_ROI1_s1","full_section"
"HALLMARK_NOTCH_SIGNALING",0.387654456306537,0.343636222987856,0.0780089949993925,0.564271252552663,1999,0.277,0.65952380952381,"raw","GSM8641030_C2_D11_ROI1_s1","full_section"
"HALLMARK_OXIDATIVE_PHOSPHORYLATION",0.670852141221521,0.627767140871759,0.0433370470432367,0.994184036276777,1999,0.1475,0.4609375,"raw","GSM8641030_C2_D11_ROI1_s1","full_section"
"HALLMARK_P53_PATHWAY",0.497518417614552,0.63202519283426,0.0401468320901458,-3.35037083169319,1999,0.9985,1,"raw","GSM8641030_C2_D11_ROI1_s1","full_section"
"HALLMARK_PANCREAS_BETA_CELLS",0.647597148930683,0.246939181238079,0.0737886206176313,5.42980698567049,1999,5e-04,0.0025,"raw","GSM8641030_C2_D11_ROI1_s1","full_section"
"HALLMARK_PEROXISOME",0.539715139105113,0.534951745509317,0.053562391279718,0.0889316828839851,1999,0.4575,0.927678571428571,"raw","GSM8641030_C2_D11_ROI1_s1","full_section"
"HALLMARK_PI3K_AKT_MTOR_SIGNALING",0.634135475951314,0.541008589856634,0.060738777251652,1.53323610234755,1999,0.047,0.156666666666667,"raw","GSM8641030_C2_D11_ROI1_s1","full_section"
"HALLMARK_PROTEIN_SECRETION",0.591687876424614,0.551584076087001,0.0593087662709274,0.676186723467081,1999,0.2465,0.648684210526316,"raw","GSM8641030_C2_D11_ROI1_s1","full_section"
"HALLMARK_REACTIVE_OXYGEN_SPECIES_PATHWAY",0.325323376939224,0.441035904323348,0.0823708735334426,-1.40477479988293,1999,0.939,1,"raw","GSM8641030_C2_D11_ROI1_s1","full_section"
"HALLMARK_SPERMATOGENESIS",0.487966652389914,0.395941296559977,0.0500259601471008,1.83955201578016,1999,0.026,0.0928571428571429,"raw","GSM8641030_C2_D11_ROI1_s1","full_section"
"HALLMARK_TGF_BETA_SIGNALING",0.413127751154483,0.462368246455834,0.0807406640722551,-0.609859924576363,1999,0.729,1,"raw","GSM8641030_C2_D11_ROI1_s1","full_section"
"HALLMARK_TNFA_SIGNALING_VIA_NFKB",0.665345682622503,0.634692877031106,0.0408315820685126,0.750713149932922,1999,0.221,0.613888888888889,"raw","GSM8641030_C2_D11_ROI1_s1","full_section"
"HALLMARK_UNFOLDED_PROTEIN_RESPONSE",0.616819452264983,0.567541042542308,0.0554492637782677,0.888711704446285,1999,0.1795,0.527941176470588,"raw","GSM8641030_C2_D11_ROI1_s1","full_section"
"HALLMARK_UV_RESPONSE_DN",0.543466024879121,0.607196257619712,0.0477732040496305,-1.33401629654949,1999,0.8955,1,"raw","GSM8641030_C2_D11_ROI1_s1","full_section"
"HALLMARK_UV_RESPONSE_UP",0.433824314210861,0.570184456669912,0.0510929711660731,-2.66886304215553,1999,0.998,1,"raw","GSM8641030_C2_D11_ROI1_s1","full_section"
"HALLMARK_WNT_BETA_CATENIN_SIGNALING",0.242559497721525,0.349556462974393,0.0762895447228468,-1.4025115189975,1999,0.9305,1,"raw","GSM8641030_C2_D11_ROI1_s1","full_section"
"HALLMARK_XENOBIOTIC_METABOLISM",0.485900660788293,0.595094702748716,0.0441178173373766,-2.47505539826227,1999,0.9925,1,"raw","GSM8641030_C2_D11_ROI1_s1","full_section"
"HALLMARK_ADIPOGENESIS",0.412906551182428,0.385910248270706,0.0189310066423939,1.42603631289564,1999,0.0725,0.168181818181818,"marker","GSM8641030_C2_D11_ROI1_s1","full_section"
"HALLMARK_ALLOGRAFT_REJECTION",0.231611105626985,0.344462792937338,0.0200909416266321,-5.61704321318417,1999,1,1,"marker","GSM8641030_C2_D11_ROI1_s1","full_section"
"HALLMARK_ANDROGEN_RESPONSE",0.339384234425538,0.300641914639138,0.023955516803305,1.61726086331208,1999,0.067,0.1675,"marker","GSM8641030_C2_D11_ROI1_s1","full_section"
"HALLMARK_ANGIOGENESIS",0.227525380547714,0.189514673778249,0.0294425152956779,1.29101424887586,1999,0.1145,0.225,"marker","GSM8641030_C2_D11_ROI1_s1","full_section"
"HALLMARK_APICAL_JUNCTION",0.394894343874681,0.354752397314258,0.019353684669994,2.07412424274223,1999,0.0225,0.0803571428571429,"marker","GSM8641030_C2_D11_ROI1_s1","full_section"
"HALLMARK_APICAL_SURFACE",0.158128497648716,0.127964197906188,0.0233482004504377,1.29193253272597,1999,0.117,0.225,"marker","GSM8641030_C2_D11_ROI1_s1","full_section"
"HALLMARK_APOPTOSIS",0.41518425454904,0.359712781462167,0.0224156631438908,2.47467463847891,1999,0.004,0.0181818181818182,"marker","GSM8641030_C2_D11_ROI1_s1","full_section"
"HALLMARK_BILE_ACID_METABOLISM",0.211266596219774,0.205912408503353,0.0206648555509869,0.259096304990396,1999,0.401,0.541891891891892,"marker","GSM8641030_C2_D11_ROI1_s1","full_section"
"HALLMARK_CHOLESTEROL_HOMEOSTASIS",0.267312311590358,0.250474484593657,0.0242267482994042,0.695009779629215,1999,0.246,0.396774193548387,"marker","GSM8641030_C2_D11_ROI1_s1","full_section"
"HALLMARK_COAGULATION",0.330643162907901,0.287567493109612,0.023697498998449,1.81773063060827,1999,0.038,0.11875,"marker","GSM8641030_C2_D11_ROI1_s1","full_section"
"HALLMARK_COMPLEMENT",0.303505749901777,0.357747245633238,0.0197310474780252,-2.74904288745295,1999,0.9965,1,"marker","GSM8641030_C2_D11_ROI1_s1","full_section"
"HALLMARK_DNA_REPAIR",0.349197437419429,0.342972790037143,0.0199715380630157,0.311675914125641,1999,0.374,0.520833333333333,"marker","GSM8641030_C2_D11_ROI1_s1","full_section"
"HALLMARK_E2F_TARGETS",0.434592802348516,0.346067125823169,0.0186635411842895,4.74324114867689,1999,5e-04,0.003125,"marker","GSM8641030_C2_D11_ROI1_s1","full_section"
"HALLMARK_EPITHELIAL_MESENCHYMAL_TRANSITION",0.474374284752687,0.384843684216541,0.0191556255964817,4.67385416807219,1999,5e-04,0.003125,"marker","GSM8641030_C2_D11_ROI1_s1","full_section"
"HALLMARK_ESTROGEN_RESPONSE_EARLY",0.370308927972709,0.339473205024208,0.019006953066244,1.6223390903861,1999,0.0605,0.159210526315789,"marker","GSM8641030_C2_D11_ROI1_s1","full_section"
"HALLMARK_ESTROGEN_RESPONSE_LATE",0.355199726238352,0.335431866732073,0.0203517364553663,0.971310706073255,1999,0.1535,0.284259259259259,"marker","GSM8641030_C2_D11_ROI1_s1","full_section"
"HALLMARK_FATTY_ACID_METABOLISM",0.360022843860878,0.325085047993125,0.0212511527359466,1.6440423868704,1999,0.05,0.147058823529412,"marker","GSM8641030_C2_D11_ROI1_s1","full_section"
"HALLMARK_G2M_CHECKPOINT",0.432723442908389,0.356104568683616,0.0195901935207315,3.91108307039899,1999,5e-04,0.003125,"marker","GSM8641030_C2_D11_ROI1_s1","full_section"
"HALLMARK_GLYCOLYSIS",0.367623061234587,0.340836752300353,0.0196647921830033,1.36214553832845,1999,0.094,0.195833333333333,"marker","GSM8641030_C2_D11_ROI1_s1","full_section"
"HALLMARK_HEDGEHOG_SIGNALING",0.129530008742544,0.117356080817229,0.0228752716093872,0.532187251508682,1999,0.2965,0.449242424242424,"marker","GSM8641030_C2_D11_ROI1_s1","full_section"
"HALLMARK_HEME_METABOLISM",0.322281176056846,0.34294146566209,0.0190841485587942,-1.08258901577895,1999,0.8505,0.966477272727273,"marker","GSM8641030_C2_D11_ROI1_s1","full_section"
"HALLMARK_HYPOXIA",0.447700219265385,0.366999897532189,0.0203968334043925,3.95651227488166,1999,5e-04,0.003125,"marker","GSM8641030_C2_D11_ROI1_s1","full_section"
"HALLMARK_IL2_STAT5_SIGNALING",0.349219019016261,0.36326308234761,0.0192859489948166,-0.728201828964906,1999,0.7675,0.892441860465116,"marker","GSM8641030_C2_D11_ROI1_s1","full_section"
"HALLMARK_IL6_JAK_STAT3_SIGNALING",0.202133572068478,0.270314145142372,0.0247849572832848,-2.7508852363395,1999,0.9955,1,"marker","GSM8641030_C2_D11_ROI1_s1","full_section"
"HALLMARK_INFLAMMATORY_RESPONSE",0.342673565615469,0.346371950722959,0.0195462766549292,-0.189211744660218,1999,0.5725,0.698170731707317,"marker","GSM8641030_C2_D11_ROI1_s1","full_section"
"HALLMARK_INTERFERON_ALPHA_RESPONSE",0.313723300893881,0.298397737652061,0.0238298702295776,0.643124074708477,1999,0.258,0.403125,"marker","GSM8641030_C2_D11_ROI1_s1","full_section"
"HALLMARK_INTERFERON_GAMMA_RESPONSE",0.325117287565022,0.381092045173488,0.0188484983672646,-2.96971973670225,1999,0.999,1,"marker","GSM8641030_C2_D11_ROI1_s1","full_section"
"HALLMARK_KRAS_SIGNALING_DN",0.186629872619393,0.159320567969203,0.0179678839402274,1.51989542792228,1999,0.074,0.168181818181818,"marker","GSM8641030_C2_D11_ROI1_s1","full_section"
"HALLMARK_KRAS_SIGNALING_UP",0.303424591740714,0.355801013319157,0.020411268223608,-2.56605425026275,1999,0.9915,1,"marker","GSM8641030_C2_D11_ROI1_s1","full_section"
"HALLMARK_MITOTIC_SPINDLE",0.436201765472449,0.372425832259937,0.0185539683429975,3.43732036368287,1999,5e-04,0.003125,"marker","GSM8641030_C2_D11_ROI1_s1","full_section"
"HALLMARK_MTORC1_SIGNALING",0.418615483608715,0.384477258146626,0.0196400883975742,1.7381910290335,1999,0.034,0.113333333333333,"marker","GSM8641030_C2_D11_ROI1_s1","full_section"
"HALLMARK_MYC_TARGETS_V1",0.409376211929696,0.402131818105994,0.0196105413974467,0.369413249582444,1999,0.368,0.520833333333333,"marker","GSM8641030_C2_D11_ROI1_s1","full_section"
"HALLMARK_MYC_TARGETS_V2",0.285081885415388,0.20697651469792,0.0221384058446778,3.52804855351613,1999,5e-04,0.003125,"marker","GSM8641030_C2_D11_ROI1_s1","full_section"
"HALLMARK_MYOGENESIS",0.492881398884164,0.328602840873902,0.0214501123556111,7.65863391700551,1999,5e-04,0.003125,"marker","GSM8641030_C2_D11_ROI1_s1","full_section"
"HALLMARK_NOTCH_SIGNALING",0.136538138058256,0.138364318262514,0.0232468884180006,-0.0785558983818148,1999,0.528,0.66,"marker","GSM8641030_C2_D11_ROI1_s1","full_section"
"HALLMARK_OXIDATIVE_PHOSPHORYLATION",0.459320229025081,0.399179743268437,0.0189554651392756,3.17272540213396,1999,0.0015,0.00833333333333333,"marker","GSM8641030_C2_D11_ROI1_s1","full_section"
"HALLMARK_P53_PATHWAY",0.342666664598327,0.370424813349528,0.0192497762515617,-1.44199851408398,1999,0.9235,1,"marker","GSM8641030_C2_D11_ROI1_s1","full_section"
"HALLMARK_PANCREAS_BETA_CELLS",0.15844048365601,0.0935147625468531,0.0216231606351235,3.00260087804625,1999,0.002,0.01,"marker","GSM8641030_C2_D11_ROI1_s1","full_section"
"HALLMARK_PEROXISOME",0.266090418691113,0.261760524523707,0.0233437843254359,0.185483814750956,1999,0.4195,0.551973684210526,"marker","GSM8641030_C2_D11_ROI1_s1","full_section"
"HALLMARK_PI3K_AKT_MTOR_SIGNALING",0.300363408420521,0.29225664152282,0.0230723162573886,0.351363374498862,1999,0.375,0.520833333333333,"marker","GSM8641030_C2_D11_ROI1_s1","full_section"
"HALLMARK_PROTEIN_SECRETION",0.358465833278595,0.306708017548015,0.0236135106225161,2.1918729729762,1999,0.013,0.05,"marker","GSM8641030_C2_D11_ROI1_s1","full_section"
"HALLMARK_REACTIVE_OXYGEN_SPECIES_PATHWAY",0.225225901962941,0.23382187436695,0.0292783949109878,-0.293594386923956,1999,0.6125,0.729166666666667,"marker","GSM8641030_C2_D11_ROI1_s1","full_section"
"HALLMARK_SPERMATOGENESIS",0.204337458571541,0.1526307188901,0.0201811347047455,2.56213242901955,1999,0.0075,0.03125,"marker","GSM8641030_C2_D11_ROI1_s1","full_section"
"HALLMARK_TGF_BETA_SIGNALING",0.295584902227468,0.251653498221479,0.0271351984328341,1.61898222763063,1999,0.0605,0.159210526315789,"marker","GSM8641030_C2_D11_ROI1_s1","full_section"
"HALLMARK_TNFA_SIGNALING_VIA_NFKB",0.472231404435593,0.396571210977792,0.0187617588918794,4.03268125839464,1999,5e-04,0.003125,"marker","GSM8641030_C2_D11_ROI1_s1","full_section"
"HALLMARK_UNFOLDED_PROTEIN_RESPONSE",0.343267731865812,0.322243818291075,0.0240286670372935,0.874951304710612,1999,0.175,0.291666666666667,"marker","GSM8641030_C2_D11_ROI1_s1","full_section"
"HALLMARK_UV_RESPONSE_DN",0.368777803636846,0.339439006136903,0.0202875759718106,1.44614603246385,1999,0.078,0.169565217391304,"marker","GSM8641030_C2_D11_ROI1_s1","full_section"
"HALLMARK_UV_RESPONSE_UP",0.350928606041108,0.329057673286943,0.0221650576567843,0.986730244190055,1999,0.1645,0.291666666666667,"marker","GSM8641030_C2_D11_ROI1_s1","full_section"
"HALLMARK_WNT_BETA_CATENIN_SIGNALING",0.164567935075377,0.142595428718887,0.0222057530922013,0.989496112347884,1999,0.1725,0.291666666666667,"marker","GSM8641030_C2_D11_ROI1_s1","full_section"
"HALLMARK_XENOBIOTIC_METABOLISM",0.327413691186776,0.32691212612114,0.0208256825599205,0.0240839676775523,1999,0.4925,0.631410256410256,"marker","GSM8641030_C2_D11_ROI1_s1","full_section"
"HALLMARK_ADIPOGENESIS",0.34336952764021,0.390207138331142,0.0159802141759011,-2.93097515310934,1999,0.9975,0.9995,"label_transfer","GSM8641030_C2_D11_ROI1_s1","full_section"
"HALLMARK_ALLOGRAFT_REJECTION",0.401058629061571,0.337406906677942,0.0188896266144588,3.3696654615135,1999,5e-04,0.0025,"label_transfer","GSM8641030_C2_D11_ROI1_s1","full_section"
"HALLMARK_ANDROGEN_RESPONSE",0.327177744161252,0.297214952135163,0.0211481480431841,1.41680453365968,1999,0.0715,0.155434782608696,"label_transfer","GSM8641030_C2_D11_ROI1_s1","full_section"
"HALLMARK_ANGIOGENESIS",0.323021338671715,0.180955552397887,0.0253549429069207,5.60308050368552,1999,5e-04,0.0025,"label_transfer","GSM8641030_C2_D11_ROI1_s1","full_section"
"HALLMARK_APICAL_JUNCTION",0.322920204475984,0.354504659106549,0.01753034058223,-1.80170228196142,1999,0.962,0.9995,"label_transfer","GSM8641030_C2_D11_ROI1_s1","full_section"
"HALLMARK_APICAL_SURFACE",0.144424853154204,0.115881854381952,0.0220324201172995,1.2954999323856,1999,0.1125,0.234375,"label_transfer","GSM8641030_C2_D11_ROI1_s1","full_section"
"HALLMARK_APOPTOSIS",0.394766452987407,0.363462212514264,0.0179215387512158,1.74673843065062,1999,0.0375,0.0986842105263158,"label_transfer","GSM8641030_C2_D11_ROI1_s1","full_section"
"HALLMARK_BILE_ACID_METABOLISM",0.238496896401086,0.186948815233749,0.020990426036246,2.45579013395559,1999,0.006,0.02,"label_transfer","GSM8641030_C2_D11_ROI1_s1","full_section"
"HALLMARK_CHOLESTEROL_HOMEOSTASIS",0.245822375550049,0.239668474647316,0.0227579558845309,0.270406574911945,1999,0.399,0.49875,"label_transfer","GSM8641030_C2_D11_ROI1_s1","full_section"
"HALLMARK_COAGULATION",0.400063344554736,0.281652053041324,0.0209931681225189,5.64046792853506,1999,5e-04,0.0025,"label_transfer","GSM8641030_C2_D11_ROI1_s1","full_section"
"HALLMARK_COMPLEMENT",0.364962224513897,0.354644101915733,0.0174763804001625,0.590403868644817,1999,0.2775,0.478448275862069,"label_transfer","GSM8641030_C2_D11_ROI1_s1","full_section"
"HALLMARK_DNA_REPAIR",0.34583049487307,0.339087790726567,0.0185019690849362,0.36443170537953,1999,0.36,0.484868421052632,"label_transfer","GSM8641030_C2_D11_ROI1_s1","full_section"
"HALLMARK_E2F_TARGETS",0.463730757412692,0.338927464420044,0.0184687798636876,6.75752778005819,1999,5e-04,0.0025,"label_transfer","GSM8641030_C2_D11_ROI1_s1","full_section"
"HALLMARK_EPITHELIAL_MESENCHYMAL_TRANSITION",0.503981506152174,0.395119127347165,0.0159000996873667,6.84664756482661,1999,5e-04,0.0025,"label_transfer","GSM8641030_C2_D11_ROI1_s1","full_section"
"HALLMARK_ESTROGEN_RESPONSE_EARLY",0.271311223886377,0.334765891708359,0.017841607242076,-3.55655558162589,1999,0.9995,0.9995,"label_transfer","GSM8641030_C2_D11_ROI1_s1","full_section"
"HALLMARK_ESTROGEN_RESPONSE_LATE",0.295994888088175,0.32921590122324,0.0183267636383745,-1.81270483924963,1999,0.974,0.9995,"label_transfer","GSM8641030_C2_D11_ROI1_s1","full_section"
"HALLMARK_FATTY_ACID_METABOLISM",0.294901134265162,0.316928896480056,0.0197362183041042,-1.11610856119855,1999,0.8735,0.992613636363637,"label_transfer","GSM8641030_C2_D11_ROI1_s1","full_section"
"HALLMARK_G2M_CHECKPOINT",0.445602600734957,0.35207093210865,0.0176457231480081,5.30052907675051,1999,5e-04,0.0025,"label_transfer","GSM8641030_C2_D11_ROI1_s1","full_section"
"HALLMARK_GLYCOLYSIS",0.341445474192293,0.334981943131231,0.0177088145310412,0.364989483047131,1999,0.3685,0.484868421052632,"label_transfer","GSM8641030_C2_D11_ROI1_s1","full_section"
"HALLMARK_HEDGEHOG_SIGNALING",0.181751889563603,0.10487745053076,0.0217351770507944,3.53686739487745,1999,0.001,0.00416666666666667,"label_transfer","GSM8641030_C2_D11_ROI1_s1","full_section"
"HALLMARK_HEME_METABOLISM",0.325743758527171,0.337701384881195,0.0177594947138494,-0.673308928361516,1999,0.7435,0.881395348837209,"label_transfer","GSM8641030_C2_D11_ROI1_s1","full_section"
"HALLMARK_HYPOXIA",0.378955771593918,0.372335891768422,0.0166556798346719,0.397454795673699,1999,0.348,0.483333333333333,"label_transfer","GSM8641030_C2_D11_ROI1_s1","full_section"
"HALLMARK_IL2_STAT5_SIGNALING",0.367822327337442,0.362922154162019,0.0173023523012064,0.283208496169655,1999,0.387,0.496153846153846,"label_transfer","GSM8641030_C2_D11_ROI1_s1","full_section"
"HALLMARK_IL6_JAK_STAT3_SIGNALING",0.287561168929729,0.262752244877076,0.0231684195530866,1.07080778625439,1999,0.1355,0.260576923076923,"label_transfer","GSM8641030_C2_D11_ROI1_s1","full_section"
"HALLMARK_INFLAMMATORY_RESPONSE",0.39424391081407,0.341523460048129,0.0187610246496795,2.81010508489693,1999,0.0015,0.00576923076923077,"label_transfer","GSM8641030_C2_D11_ROI1_s1","full_section"
"HALLMARK_INTERFERON_ALPHA_RESPONSE",0.416668913874019,0.290369219233731,0.0204848105995415,6.16552904048404,1999,5e-04,0.0025,"label_transfer","GSM8641030_C2_D11_ROI1_s1","full_section"
"HALLMARK_INTERFERON_GAMMA_RESPONSE",0.431426106381129,0.381796992899218,0.0160862653384897,3.08518555659795,1999,0.001,0.00416666666666667,"label_transfer","GSM8641030_C2_D11_ROI1_s1","full_section"
"HALLMARK_KRAS_SIGNALING_DN",0.137543030151338,0.142237787736289,0.0203108240707407,-0.231145598455246,1999,0.5955,0.726219512195122,"label_transfer","GSM8641030_C2_D11_ROI1_s1","full_section"
"HALLMARK_KRAS_SIGNALING_UP",0.383882428021459,0.350271839203524,0.0184865688498417,1.81810854631482,1999,0.029,0.0805555555555556,"label_transfer","GSM8641030_C2_D11_ROI1_s1","full_section"
"HALLMARK_MITOTIC_SPINDLE",0.382702230189487,0.37409119904551,0.0162419542612123,0.530172108940193,1999,0.292,0.478571428571429,"label_transfer","GSM8641030_C2_D11_ROI1_s1","full_section"
"HALLMARK_MTORC1_SIGNALING",0.406839778786861,0.388698018642573,0.01658599952309,1.0937996301659,1999,0.1355,0.260576923076923,"label_transfer","GSM8641030_C2_D11_ROI1_s1","full_section"
"HALLMARK_MYC_TARGETS_V1",0.436093985362509,0.412213250052519,0.0156775598756385,1.52324312580677,1999,0.0685,0.155434782608696,"label_transfer","GSM8641030_C2_D11_ROI1_s1","full_section"
"HALLMARK_MYC_TARGETS_V2",0.241939601661902,0.192292229040643,0.021142417983781,2.34823531818096,1999,0.0125,0.0367647058823529,"label_transfer","GSM8641030_C2_D11_ROI1_s1","full_section"
"HALLMARK_MYOGENESIS",0.346503706090439,0.327713044763557,0.0188528570932402,0.99670098987911,1999,0.1505,0.278703703703704,"label_transfer","GSM8641030_C2_D11_ROI1_s1","full_section"
"HALLMARK_NOTCH_SIGNALING",0.133289950675037,0.124545686638157,0.0218578378134815,0.400051647903032,1999,0.335,0.478571428571429,"label_transfer","GSM8641030_C2_D11_ROI1_s1","full_section"
"HALLMARK_OXIDATIVE_PHOSPHORYLATION",0.436892389801181,0.40882103958227,0.0160109386714025,1.75326074223557,1999,0.041,0.1025,"label_transfer","GSM8641030_C2_D11_ROI1_s1","full_section"
"HALLMARK_P53_PATHWAY",0.347570312247855,0.371224168987088,0.016330065243954,-1.44848513376216,1999,0.9095,0.9995,"label_transfer","GSM8641030_C2_D11_ROI1_s1","full_section"
"HALLMARK_PANCREAS_BETA_CELLS",0.400628370592537,0.0829761569213267,0.0211578704242701,15.0134303359204,1999,5e-04,0.0025,"label_transfer","GSM8641030_C2_D11_ROI1_s1","full_section"
"HALLMARK_PEROXISOME",0.298254037571465,0.248471178887628,0.0195982533238782,2.54016813953425,1999,0.008,0.025,"label_transfer","GSM8641030_C2_D11_ROI1_s1","full_section"
"HALLMARK_PI3K_AKT_MTOR_SIGNALING",0.316813028036434,0.284793266818461,0.0209682617293484,1.52705844820492,1999,0.0605,0.144047619047619,"label_transfer","GSM8641030_C2_D11_ROI1_s1","full_section"
"HALLMARK_PROTEIN_SECRETION",0.376302730487266,0.302852827198743,0.0206418799916125,3.55829523853296,1999,5e-04,0.0025,"label_transfer","GSM8641030_C2_D11_ROI1_s1","full_section"
"HALLMARK_REACTIVE_OXYGEN_SPECIES_PATHWAY",0.209012424714275,0.225941237515784,0.0246234543530147,-0.687507632308959,1999,0.758,0.881395348837209,"label_transfer","GSM8641030_C2_D11_ROI1_s1","full_section"
"HALLMARK_SPERMATOGENESIS",0.195603473652439,0.133207798106155,0.0193689847265981,3.22142210482515,1999,0.0025,0.00892857142857143,"label_transfer","GSM8641030_C2_D11_ROI1_s1","full_section"
"HALLMARK_TGF_BETA_SIGNALING",0.266049714424398,0.245951310142784,0.0239604253561639,0.838816673028835,1999,0.1985,0.354464285714286,"label_transfer","GSM8641030_C2_D11_ROI1_s1","full_section"
"HALLMARK_TNFA_SIGNALING_VIA_NFKB",0.464410073095822,0.407550442986351,0.0154882028185087,3.67115738189604,1999,5e-04,0.0025,"label_transfer","GSM8641030_C2_D11_ROI1_s1","full_section"
"HALLMARK_UNFOLDED_PROTEIN_RESPONSE",0.329150394079879,0.319577928914513,0.0196540438009841,0.487048124156882,1999,0.3145,0.478571428571429,"label_transfer","GSM8641030_C2_D11_ROI1_s1","full_section"
"HALLMARK_UV_RESPONSE_DN",0.344787014739132,0.336844725901185,0.0184092700484407,0.43142877566837,1999,0.334,0.478571428571429,"label_transfer","GSM8641030_C2_D11_ROI1_s1","full_section"
"HALLMARK_UV_RESPONSE_UP",0.300146403455374,0.328122301370544,0.0193158016790019,-1.44834257361329,1999,0.927,0.9995,"label_transfer","GSM8641030_C2_D11_ROI1_s1","full_section"
"HALLMARK_WNT_BETA_CATENIN_SIGNALING",0.139801918080222,0.129298562373554,0.0211759355538032,0.496004329064093,1999,0.3135,0.478571428571429,"label_transfer","GSM8641030_C2_D11_ROI1_s1","full_section"
"HALLMARK_XENOBIOTIC_METABOLISM",0.326712555114011,0.318917533910617,0.0176675351653259,0.441205925470116,1999,0.3325,0.478571428571429,"label_transfer","GSM8641030_C2_D11_ROI1_s1","full_section"
"HALLMARK_ADIPOGENESIS",0.489888769693767,0.643442769582167,0.0394148827028769,-3.89583805300002,1999,0.9995,1,"raw","GSM8641030_C2_D11_ROI1_s1","RCTD_intersection"
"HALLMARK_ALLOGRAFT_REJECTION",0.829745403944976,0.592447646991618,0.0446849337543544,5.31046455742443,1999,5e-04,0.0025,"raw","GSM8641030_C2_D11_ROI1_s1","RCTD_intersection"
"HALLMARK_ANDROGEN_RESPONSE",0.455000968298189,0.536431636367,0.0621550610815372,-1.31012127816892,1999,0.9065,1,"raw","GSM8641030_C2_D11_ROI1_s1","RCTD_intersection"
"HALLMARK_ANGIOGENESIS",0.70597397905865,0.354583846940055,0.0848190132883937,4.1428226820304,1999,5e-04,0.0025,"raw","GSM8641030_C2_D11_ROI1_s1","RCTD_intersection"
"HALLMARK_APICAL_JUNCTION",0.544884401834167,0.613151380741065,0.0412123838826463,-1.65646760695257,1999,0.941,1,"raw","GSM8641030_C2_D11_ROI1_s1","RCTD_intersection"
"HALLMARK_APICAL_SURFACE",0.312458365377495,0.311108383641546,0.0766984420575145,0.0176011624191428,1999,0.494,0.927678571428571,"raw","GSM8641030_C2_D11_ROI1_s1","RCTD_intersection"
"HALLMARK_APOPTOSIS",0.480907537668878,0.593393502344846,0.0506513420132115,-2.22078942442686,1999,0.9845,1,"raw","GSM8641030_C2_D11_ROI1_s1","RCTD_intersection"
"HALLMARK_BILE_ACID_METABOLISM",0.37768467024434,0.47743640316446,0.0540175208554854,-1.84665514707698,1999,0.9665,1,"raw","GSM8641030_C2_D11_ROI1_s1","RCTD_intersection"
"HALLMARK_CHOLESTEROL_HOMEOSTASIS",0.462275188714938,0.501409331573847,0.0679575053081864,-0.575861969644652,1999,0.7045,1,"raw","GSM8641030_C2_D11_ROI1_s1","RCTD_intersection"
"HALLMARK_COAGULATION",0.698516048377113,0.516980598086011,0.0585470645636204,3.1006755273586,1999,5e-04,0.0025,"raw","GSM8641030_C2_D11_ROI1_s1","RCTD_intersection"
"HALLMARK_COMPLEMENT",0.43062718682194,0.608795006297274,0.0450900725841456,-3.95137575223112,1999,1,1,"raw","GSM8641030_C2_D11_ROI1_s1","RCTD_intersection"
"HALLMARK_DNA_REPAIR",0.731264257145281,0.611859698932932,0.0441109432650031,2.70691464236001,1999,0.0015,0.00625,"raw","GSM8641030_C2_D11_ROI1_s1","RCTD_intersection"
"HALLMARK_E2F_TARGETS",0.820442567190613,0.619567689378767,0.0371461840443515,5.40768541856162,1999,5e-04,0.0025,"raw","GSM8641030_C2_D11_ROI1_s1","RCTD_intersection"
"HALLMARK_EPITHELIAL_MESENCHYMAL_TRANSITION",0.832321192570847,0.635572408723816,0.0418184284626162,4.70483447322551,1999,5e-04,0.0025,"raw","GSM8641030_C2_D11_ROI1_s1","RCTD_intersection"
"HALLMARK_ESTROGEN_RESPONSE_EARLY",0.585500392825299,0.611921982453009,0.0402752448865559,-0.656025548749173,1999,0.742,1,"raw","GSM8641030_C2_D11_ROI1_s1","RCTD_intersection"
"HALLMARK_ESTROGEN_RESPONSE_LATE",0.603686453873222,0.605367967471525,0.0412518595383406,-0.0407621284742188,1999,0.5195,0.927678571428571,"raw","GSM8641030_C2_D11_ROI1_s1","RCTD_intersection"
"HALLMARK_FATTY_ACID_METABOLISM",0.451996539924885,0.5957697503359,0.0439752163331454,-3.26941451116067,1999,0.9995,1,"raw","GSM8641030_C2_D11_ROI1_s1","RCTD_intersection"
"HALLMARK_G2M_CHECKPOINT",0.790214188553805,0.622653123831225,0.0390877490480008,4.2867923787786,1999,5e-04,0.0025,"raw","GSM8641030_C2_D11_ROI1_s1","RCTD_intersection"
"HALLMARK_GLYCOLYSIS",0.566296541151864,0.613039270908596,0.0427337789934769,-1.09381222203324,1999,0.847,1,"raw","GSM8641030_C2_D11_ROI1_s1","RCTD_intersection"
"HALLMARK_HEDGEHOG_SIGNALING",0.345762100540815,0.295811146037344,0.0767123610710708,0.651146097005066,1999,0.265,0.65952380952381,"raw","GSM8641030_C2_D11_ROI1_s1","RCTD_intersection"
"HALLMARK_HEME_METABOLISM",0.479424914321947,0.617790972730527,0.0409402936147184,-3.37970361694807,1999,1,1,"raw","GSM8641030_C2_D11_ROI1_s1","RCTD_intersection"
"HALLMARK_HYPOXIA",0.631773074021304,0.617516026779075,0.0433459117046226,0.328913308811723,1999,0.3575,0.8125,"raw","GSM8641030_C2_D11_ROI1_s1","RCTD_intersection"
"HALLMARK_IL2_STAT5_SIGNALING",0.455065028175013,0.620726731914363,0.0407727466209527,-4.06304989162092,1999,0.9995,1,"raw","GSM8641030_C2_D11_ROI1_s1","RCTD_intersection"
"HALLMARK_IL6_JAK_STAT3_SIGNALING",0.36194457199561,0.502011881471394,0.0682695423656661,-2.05168080262724,1999,0.9895,1,"raw","GSM8641030_C2_D11_ROI1_s1","RCTD_intersection"
"HALLMARK_INFLAMMATORY_RESPONSE",0.44491372859672,0.615109892644941,0.0412640808823651,-4.1245596753606,1999,1,1,"raw","GSM8641030_C2_D11_ROI1_s1","RCTD_intersection"
"HALLMARK_INTERFERON_ALPHA_RESPONSE",0.778083888721934,0.536411879421095,0.0598564333156159,4.03752772950121,1999,5e-04,0.0025,"raw","GSM8641030_C2_D11_ROI1_s1","RCTD_intersection"
"HALLMARK_INTERFERON_GAMMA_RESPONSE",0.7305021061593,0.625216920133262,0.0415002067352875,2.53697979621183,1999,0.0015,0.00625,"raw","GSM8641030_C2_D11_ROI1_s1","RCTD_intersection"
"HALLMARK_KRAS_SIGNALING_DN",0.406618382925507,0.40813536439737,0.0461460206826986,-0.0328735056548705,1999,0.516,0.927678571428571,"raw","GSM8641030_C2_D11_ROI1_s1","RCTD_intersection"
"HALLMARK_KRAS_SIGNALING_UP",0.509175027011144,0.619428491006622,0.0407936870930403,-2.70270896925835,1999,0.992,1,"raw","GSM8641030_C2_D11_ROI1_s1","RCTD_intersection"
"HALLMARK_MITOTIC_SPINDLE",0.655503966122526,0.646486349648032,0.0365382835760159,0.246799126612881,1999,0.408,0.88695652173913,"raw","GSM8641030_C2_D11_ROI1_s1","RCTD_intersection"
"HALLMARK_MTORC1_SIGNALING",0.628238642025054,0.63010093746748,0.0407656921299323,-0.0456829099452244,1999,0.516,0.927678571428571,"raw","GSM8641030_C2_D11_ROI1_s1","RCTD_intersection"
"HALLMARK_MYC_TARGETS_V1",0.79429967239582,0.600564020312528,0.0439563448133363,4.40745591804788,1999,5e-04,0.0025,"raw","GSM8641030_C2_D11_ROI1_s1","RCTD_intersection"
"HALLMARK_MYC_TARGETS_V2",0.597755451088536,0.456302934502765,0.0687412716947048,2.05775239675507,1999,0.009,0.0346153846153846,"raw","GSM8641030_C2_D11_ROI1_s1","RCTD_intersection"
"HALLMARK_MYOGENESIS",0.757718890486605,0.583796338525573,0.0501863157080079,3.46553735828989,1999,5e-04,0.0025,"raw","GSM8641030_C2_D11_ROI1_s1","RCTD_intersection"
"HALLMARK_NOTCH_SIGNALING",0.387654456306537,0.343636222987856,0.0780089949993925,0.564271252552663,1999,0.277,0.65952380952381,"raw","GSM8641030_C2_D11_ROI1_s1","RCTD_intersection"
"HALLMARK_OXIDATIVE_PHOSPHORYLATION",0.670852141221521,0.627767140871759,0.0433370470432367,0.994184036276777,1999,0.1475,0.4609375,"raw","GSM8641030_C2_D11_ROI1_s1","RCTD_intersection"
"HALLMARK_P53_PATHWAY",0.497518417614552,0.63202519283426,0.0401468320901458,-3.35037083169319,1999,0.9985,1,"raw","GSM8641030_C2_D11_ROI1_s1","RCTD_intersection"
"HALLMARK_PANCREAS_BETA_CELLS",0.647597148930683,0.246939181238079,0.0737886206176313,5.42980698567049,1999,5e-04,0.0025,"raw","GSM8641030_C2_D11_ROI1_s1","RCTD_intersection"
"HALLMARK_PEROXISOME",0.539715139105113,0.534951745509317,0.053562391279718,0.0889316828839851,1999,0.4575,0.927678571428571,"raw","GSM8641030_C2_D11_ROI1_s1","RCTD_intersection"
"HALLMARK_PI3K_AKT_MTOR_SIGNALING",0.634135475951314,0.541008589856634,0.060738777251652,1.53323610234755,1999,0.047,0.156666666666667,"raw","GSM8641030_C2_D11_ROI1_s1","RCTD_intersection"
"HALLMARK_PROTEIN_SECRETION",0.591687876424614,0.551584076087001,0.0593087662709274,0.676186723467081,1999,0.2465,0.648684210526316,"raw","GSM8641030_C2_D11_ROI1_s1","RCTD_intersection"
"HALLMARK_REACTIVE_OXYGEN_SPECIES_PATHWAY",0.325323376939224,0.441035904323348,0.0823708735334426,-1.40477479988293,1999,0.939,1,"raw","GSM8641030_C2_D11_ROI1_s1","RCTD_intersection"
"HALLMARK_SPERMATOGENESIS",0.487966652389914,0.395941296559977,0.0500259601471008,1.83955201578016,1999,0.026,0.0928571428571429,"raw","GSM8641030_C2_D11_ROI1_s1","RCTD_intersection"
"HALLMARK_TGF_BETA_SIGNALING",0.413127751154483,0.462368246455834,0.0807406640722551,-0.609859924576363,1999,0.729,1,"raw","GSM8641030_C2_D11_ROI1_s1","RCTD_intersection"
"HALLMARK_TNFA_SIGNALING_VIA_NFKB",0.665345682622503,0.634692877031106,0.0408315820685126,0.750713149932922,1999,0.221,0.613888888888889,"raw","GSM8641030_C2_D11_ROI1_s1","RCTD_intersection"
"HALLMARK_UNFOLDED_PROTEIN_RESPONSE",0.616819452264983,0.567541042542308,0.0554492637782677,0.888711704446285,1999,0.1795,0.527941176470588,"raw","GSM8641030_C2_D11_ROI1_s1","RCTD_intersection"
"HALLMARK_UV_RESPONSE_DN",0.543466024879121,0.607196257619712,0.0477732040496305,-1.33401629654949,1999,0.8955,1,"raw","GSM8641030_C2_D11_ROI1_s1","RCTD_intersection"
"HALLMARK_UV_RESPONSE_UP",0.433824314210861,0.570184456669912,0.0510929711660731,-2.66886304215553,1999,0.998,1,"raw","GSM8641030_C2_D11_ROI1_s1","RCTD_intersection"
"HALLMARK_WNT_BETA_CATENIN_SIGNALING",0.242559497721525,0.349556462974393,0.0762895447228468,-1.4025115189975,1999,0.9305,1,"raw","GSM8641030_C2_D11_ROI1_s1","RCTD_intersection"
"HALLMARK_XENOBIOTIC_METABOLISM",0.485900660788293,0.595094702748716,0.0441178173373766,-2.47505539826227,1999,0.9925,1,"raw","GSM8641030_C2_D11_ROI1_s1","RCTD_intersection"
"HALLMARK_ADIPOGENESIS",0.425669813676667,0.38881929690652,0.0164775188054759,2.23641175623485,1999,0.011,0.0392857142857143,"RCTD","GSM8641030_C2_D11_ROI1_s1","RCTD_intersection"
"HALLMARK_ALLOGRAFT_REJECTION",0.337892313267198,0.34400423786264,0.017715486834926,-0.345004608250022,1999,0.6365,0.740116279069767,"RCTD","GSM8641030_C2_D11_ROI1_s1","RCTD_intersection"
"HALLMARK_ANDROGEN_RESPONSE",0.347446897781937,0.30430736133393,0.0220222227256111,1.95890927929982,1999,0.0185,0.0573529411764706,"RCTD","GSM8641030_C2_D11_ROI1_s1","RCTD_intersection"
"HALLMARK_ANGIOGENESIS",0.203241173926421,0.190628463097879,0.0249720714083446,0.505072671878033,1999,0.3085,0.484090909090909,"RCTD","GSM8641030_C2_D11_ROI1_s1","RCTD_intersection"
"HALLMARK_APICAL_JUNCTION",0.340648627768177,0.356941441069243,0.0176185333063428,-0.924754235654821,1999,0.8325,0.8671875,"RCTD","GSM8641030_C2_D11_ROI1_s1","RCTD_intersection"
"HALLMARK_APICAL_SURFACE",0.130338652957873,0.119850548358532,0.0206715625658903,0.507368737409643,1999,0.3145,0.484090909090909,"RCTD","GSM8641030_C2_D11_ROI1_s1","RCTD_intersection"
"HALLMARK_APOPTOSIS",0.383778100159429,0.366728035594661,0.0179014016225568,0.952442994367742,1999,0.164,0.303703703703704,"RCTD","GSM8641030_C2_D11_ROI1_s1","RCTD_intersection"
"HALLMARK_BILE_ACID_METABOLISM",0.229420087650441,0.192369587617265,0.0199551071299046,1.85669261467669,1999,0.0275,0.0726190476190476,"RCTD","GSM8641030_C2_D11_ROI1_s1","RCTD_intersection"
"HALLMARK_CHOLESTEROL_HOMEOSTASIS",0.278219915852156,0.248703626601283,0.0215308303484624,1.37088485549192,1999,0.081,0.162,"RCTD","GSM8641030_C2_D11_ROI1_s1","RCTD_intersection"
"HALLMARK_COAGULATION",0.332566895599082,0.291211297891112,0.0205330873253964,2.01409544763487,1999,0.0195,0.0573529411764706,"RCTD","GSM8641030_C2_D11_ROI1_s1","RCTD_intersection"
"HALLMARK_COMPLEMENT",0.362571027556542,0.358959244237537,0.0167834851143557,0.215198648814352,1999,0.411,0.570833333333333,"RCTD","GSM8641030_C2_D11_ROI1_s1","RCTD_intersection"
"HALLMARK_DNA_REPAIR",0.393003529849844,0.342768336882161,0.0181960316511304,2.760777400855,1999,0.004,0.0166666666666667,"RCTD","GSM8641030_C2_D11_ROI1_s1","RCTD_intersection"
"HALLMARK_E2F_TARGETS",0.493287632440941,0.340245354760566,0.0174027945906338,8.79412078809124,1999,5e-04,0.00357142857142857,"RCTD","GSM8641030_C2_D11_ROI1_s1","RCTD_intersection"
"HALLMARK_EPITHELIAL_MESENCHYMAL_TRANSITION",0.427312366313789,0.396355922925459,0.0169177808215142,1.82981702594009,1999,0.03,0.0726190476190476,"RCTD","GSM8641030_C2_D11_ROI1_s1","RCTD_intersection"
"HALLMARK_ESTROGEN_RESPONSE_EARLY",0.3230046299998,0.339269535180371,0.0179076607474059,-0.90826520615914,1999,0.827,0.8671875,"RCTD","GSM8641030_C2_D11_ROI1_s1","RCTD_intersection"
"HALLMARK_ESTROGEN_RESPONSE_LATE",0.353826918306322,0.333149186740409,0.017640180079742,1.17219503839761,1999,0.117,0.225,"RCTD","GSM8641030_C2_D11_ROI1_s1","RCTD_intersection"
"HALLMARK_FATTY_ACID_METABOLISM",0.376826751026948,0.321290801469759,0.0186949430360845,2.97064021270326,1999,0.002,0.01,"RCTD","GSM8641030_C2_D11_ROI1_s1","RCTD_intersection"
"HALLMARK_G2M_CHECKPOINT",0.473996300432729,0.354661979506092,0.0173415582278893,6.88140704303717,1999,5e-04,0.00357142857142857,"RCTD","GSM8641030_C2_D11_ROI1_s1","RCTD_intersection"
"HALLMARK_GLYCOLYSIS",0.371070028630992,0.339806593394635,0.0169061758408771,1.84923163763421,1999,0.0305,0.0726190476190476,"RCTD","GSM8641030_C2_D11_ROI1_s1","RCTD_intersection"
"HALLMARK_HEDGEHOG_SIGNALING",0.115088150457299,0.109269816926561,0.0201268845831706,0.289082669833681,1999,0.386,0.56764705882353,"RCTD","GSM8641030_C2_D11_ROI1_s1","RCTD_intersection"
"HALLMARK_HEME_METABOLISM",0.331768131980428,0.340883971334323,0.0166932139449484,-0.546080544103575,1999,0.6925,0.786931818181818,"RCTD","GSM8641030_C2_D11_ROI1_s1","RCTD_intersection"
"HALLMARK_HYPOXIA",0.382633315576342,0.373951233192921,0.0173749834403852,0.499688670968217,1999,0.3195,0.484090909090909,"RCTD","GSM8641030_C2_D11_ROI1_s1","RCTD_intersection"
"HALLMARK_IL2_STAT5_SIGNALING",0.362329364523584,0.365137557014383,0.0170931534945104,-0.164287560613125,1999,0.566,0.703048780487805,"RCTD","GSM8641030_C2_D11_ROI1_s1","RCTD_intersection"
"HALLMARK_IL6_JAK_STAT3_SIGNALING",0.253347314958837,0.271490973977391,0.0211122291515785,-0.859390966642539,1999,0.802,0.8671875,"RCTD","GSM8641030_C2_D11_ROI1_s1","RCTD_intersection"
"HALLMARK_INFLAMMATORY_RESPONSE",0.369908229826654,0.345615751287627,0.0174254022585592,1.39408423280986,1999,0.077,0.160416666666667,"RCTD","GSM8641030_C2_D11_ROI1_s1","RCTD_intersection"
"HALLMARK_INTERFERON_ALPHA_RESPONSE",0.343268611632638,0.297157937821329,0.0208327234782561,2.21337713522843,1999,0.0125,0.0416666666666667,"RCTD","GSM8641030_C2_D11_ROI1_s1","RCTD_intersection"
"HALLMARK_INTERFERON_GAMMA_RESPONSE",0.37938074280589,0.383428624012021,0.0161754127959182,-0.250249020362116,1999,0.604,0.719047619047619,"RCTD","GSM8641030_C2_D11_ROI1_s1","RCTD_intersection"
"HALLMARK_KRAS_SIGNALING_DN",0.139913930332129,0.140213934989593,0.0172498426217912,-0.0173917330170405,1999,0.5055,0.683108108108108,"RCTD","GSM8641030_C2_D11_ROI1_s1","RCTD_intersection"
"HALLMARK_KRAS_SIGNALING_UP",0.364466721122332,0.354370006869404,0.0177402585058769,0.569141326186599,1999,0.2835,0.4725,"RCTD","GSM8641030_C2_D11_ROI1_s1","RCTD_intersection"
"HALLMARK_MITOTIC_SPINDLE",0.440202423301819,0.374143731513868,0.0165210406229357,3.99845828695828,1999,5e-04,0.00357142857142857,"RCTD","GSM8641030_C2_D11_ROI1_s1","RCTD_intersection"
"HALLMARK_MTORC1_SIGNALING",0.449342680026096,0.388175044472982,0.0155576723310876,3.93167012721354,1999,5e-04,0.00357142857142857,"RCTD","GSM8641030_C2_D11_ROI1_s1","RCTD_intersection"
"HALLMARK_MYC_TARGETS_V1",0.475354458196849,0.408362837675303,0.0158883095140741,4.21640958480846,1999,5e-04,0.00357142857142857,"RCTD","GSM8641030_C2_D11_ROI1_s1","RCTD_intersection"
"HALLMARK_MYC_TARGETS_V2",0.314074900936505,0.200599831849376,0.0208121382031028,5.45235035342072,1999,5e-04,0.00357142857142857,"RCTD","GSM8641030_C2_D11_ROI1_s1","RCTD_intersection"
"HALLMARK_MYOGENESIS",0.316959978220839,0.333904816216458,0.0191969411077019,-0.882684272486557,1999,0.807,0.8671875,"RCTD","GSM8641030_C2_D11_ROI1_s1","RCTD_intersection"
"HALLMARK_NOTCH_SIGNALING",0.126970513950124,0.129651197095607,0.0202411449738643,-0.132437327480484,1999,0.5585,0.703048780487805,"RCTD","GSM8641030_C2_D11_ROI1_s1","RCTD_intersection"
"HALLMARK_OXIDATIVE_PHOSPHORYLATION",0.47660253293511,0.405677184179552,0.0155387657334322,4.56441328560346,1999,5e-04,0.00357142857142857,"RCTD","GSM8641030_C2_D11_ROI1_s1","RCTD_intersection"
"HALLMARK_P53_PATHWAY",0.355735693734067,0.372924536450958,0.0169059128269076,-1.01673555831501,1999,0.8525,0.869897959183674,"RCTD","GSM8641030_C2_D11_ROI1_s1","RCTD_intersection"
"HALLMARK_PANCREAS_BETA_CELLS",0.158676455090481,0.0852923042856077,0.0200998371776981,3.65098235155343,1999,0.001,0.00555555555555556,"RCTD","GSM8641030_C2_D11_ROI1_s1","RCTD_intersection"
"HALLMARK_PEROXISOME",0.314024353040399,0.255565405769411,0.020413641880555,2.86371964459091,1999,0.001,0.00555555555555556,"RCTD","GSM8641030_C2_D11_ROI1_s1","RCTD_intersection"
"HALLMARK_PI3K_AKT_MTOR_SIGNALING",0.329228182634107,0.291009724771365,0.0205950564675565,1.85571027313997,1999,0.0305,0.0726190476190476,"RCTD","GSM8641030_C2_D11_ROI1_s1","RCTD_intersection"
"HALLMARK_PROTEIN_SECRETION",0.341958956195096,0.31003322115786,0.0203190985829589,1.57121807873954,1999,0.0525,0.114130434782609,"RCTD","GSM8641030_C2_D11_ROI1_s1","RCTD_intersection"
"HALLMARK_REACTIVE_OXYGEN_SPECIES_PATHWAY",0.253604802909274,0.234218748456408,0.0248812843858152,0.779142031105032,1999,0.211,0.363793103448276,"RCTD","GSM8641030_C2_D11_ROI1_s1","RCTD_intersection"
"HALLMARK_SPERMATOGENESIS",0.190139745493637,0.13598936576173,0.0190304360933546,2.84546184156111,1999,0.0025,0.0113636363636364,"RCTD","GSM8641030_C2_D11_ROI1_s1","RCTD_intersection"
"HALLMARK_TGF_BETA_SIGNALING",0.250847972166156,0.25376849573182,0.0235410530013056,-0.124060872107186,1999,0.5465,0.703048780487805,"RCTD","GSM8641030_C2_D11_ROI1_s1","RCTD_intersection"
"HALLMARK_TNFA_SIGNALING_VIA_NFKB",0.443785900720627,0.406223864989035,0.0154210205214004,2.4357684810461,1999,0.011,0.0392857142857143,"RCTD","GSM8641030_C2_D11_ROI1_s1","RCTD_intersection"
"HALLMARK_UNFOLDED_PROTEIN_RESPONSE",0.330098726860117,0.325064828588488,0.0195317648724308,0.257728797397835,1999,0.4035,0.570833333333333,"RCTD","GSM8641030_C2_D11_ROI1_s1","RCTD_intersection"
"HALLMARK_UV_RESPONSE_DN",0.30192758088332,0.341561598212787,0.0177375044455397,-2.23447539935271,1999,0.987,0.987,"RCTD","GSM8641030_C2_D11_ROI1_s1","RCTD_intersection"
"HALLMARK_UV_RESPONSE_UP",0.330479076922348,0.333670614808228,0.0187733215299338,-0.17000390052398,1999,0.5765,0.703048780487805,"RCTD","GSM8641030_C2_D11_ROI1_s1","RCTD_intersection"
"HALLMARK_WNT_BETA_CATENIN_SIGNALING",0.151265689421697,0.135041444323528,0.0202608151869112,0.800769611118605,1999,0.206,0.363793103448276,"RCTD","GSM8641030_C2_D11_ROI1_s1","RCTD_intersection"
"HALLMARK_XENOBIOTIC_METABOLISM",0.354558877245183,0.324410127726162,0.0178045775466312,1.69331451083633,1999,0.0515,0.114130434782609,"RCTD","GSM8641030_C2_D11_ROI1_s1","RCTD_intersection"
"HALLMARK_ADIPOGENESIS",0.439549839281166,0.43647162241195,0.0224152528380764,0.137326885913478,1999,0.439,0.51046511627907,"raw","GSM8641030_C2_D11_ROI1_s1","label_malignant_subset"
"HALLMARK_ALLOGRAFT_REJECTION",0.599613608384532,0.415111550223455,0.0256233426924084,7.20054601680603,1999,5e-04,0.00113636363636364,"raw","GSM8641030_C2_D11_ROI1_s1","label_malignant_subset"
"HALLMARK_ANDROGEN_RESPONSE",0.439782581973314,0.389302771996266,0.0307944289529986,1.63925137413961,1999,0.0615,0.0878571428571429,"raw","GSM8641030_C2_D11_ROI1_s1","label_malignant_subset"
"HALLMARK_ANGIOGENESIS",0.728852611186682,0.288513189035038,0.0476937119244516,9.23265152540771,1999,5e-04,0.00113636363636364,"raw","GSM8641030_C2_D11_ROI1_s1","label_malignant_subset"
"HALLMARK_APICAL_JUNCTION",0.537821529919019,0.420189515002309,0.0233363070266139,5.04072965711998,1999,5e-04,0.00113636363636364,"raw","GSM8641030_C2_D11_ROI1_s1","label_malignant_subset"
"HALLMARK_APICAL_SURFACE",0.29581262664558,0.223754252659224,0.0441785321614833,1.63107216244678,1999,0.064,0.0888888888888889,"raw","GSM8641030_C2_D11_ROI1_s1","label_malignant_subset"
"HALLMARK_APOPTOSIS",0.499965404023642,0.423375611159909,0.0248681077623814,3.07983999408241,1999,0.003,0.00517241379310345,"raw","GSM8641030_C2_D11_ROI1_s1","label_malignant_subset"
"HALLMARK_BILE_ACID_METABOLISM",0.43534206234577,0.303822979616194,0.0340197521229701,3.86596240484583,1999,0.002,0.004,"raw","GSM8641030_C2_D11_ROI1_s1","label_malignant_subset"
"HALLMARK_CHOLESTEROL_HOMEOSTASIS",0.528050635116093,0.348699800077751,0.0342377558902344,5.23839341612626,1999,5e-04,0.00113636363636364,"raw","GSM8641030_C2_D11_ROI1_s1","label_malignant_subset"
"HALLMARK_COAGULATION",0.67977362034102,0.379817129147439,0.0303583818051158,9.88051646227847,1999,5e-04,0.00113636363636364,"raw","GSM8641030_C2_D11_ROI1_s1","label_malignant_subset"
"HALLMARK_COMPLEMENT",0.361348708418197,0.423815215915399,0.0246253607699134,-2.53667380067469,1999,0.997,0.997,"raw","GSM8641030_C2_D11_ROI1_s1","label_malignant_subset"
"HALLMARK_DNA_REPAIR",0.463391039027451,0.416109693376974,0.0259905207867427,1.81917653895546,1999,0.037,0.0578125,"raw","GSM8641030_C2_D11_ROI1_s1","label_malignant_subset"
"HALLMARK_E2F_TARGETS",0.638980571592518,0.421327680690032,0.0244129094356161,8.91548348534615,1999,5e-04,0.00113636363636364,"raw","GSM8641030_C2_D11_ROI1_s1","label_malignant_subset"
"HALLMARK_EPITHELIAL_MESENCHYMAL_TRANSITION",0.820446040455814,0.438831078928058,0.0204446281709168,18.6657814628595,1999,5e-04,0.00113636363636364,"raw","GSM8641030_C2_D11_ROI1_s1","label_malignant_subset"
"HALLMARK_ESTROGEN_RESPONSE_EARLY",0.587889704767564,0.41721916173766,0.0251886490443704,6.77569260380988,1999,5e-04,0.00113636363636364,"raw","GSM8641030_C2_D11_ROI1_s1","label_malignant_subset"
"HALLMARK_ESTROGEN_RESPONSE_LATE",0.601069783851705,0.415515752875073,0.0241872079671737,7.67157710920832,1999,5e-04,0.00113636363636364,"raw","GSM8641030_C2_D11_ROI1_s1","label_malignant_subset"
"HALLMARK_FATTY_ACID_METABOLISM",0.452272227017552,0.40104223496443,0.0268855587556663,1.90548362854186,1999,0.041,0.0621212121212121,"raw","GSM8641030_C2_D11_ROI1_s1","label_malignant_subset"
"HALLMARK_G2M_CHECKPOINT",0.587925451216555,0.426736711284829,0.024406526844466,6.60432928285631,1999,5e-04,0.00113636363636364,"raw","GSM8641030_C2_D11_ROI1_s1","label_malignant_subset"
"HALLMARK_GLYCOLYSIS",0.534916309355682,0.418252825100051,0.023362243391095,4.99367643349269,1999,5e-04,0.00113636363636364,"raw","GSM8641030_C2_D11_ROI1_s1","label_malignant_subset"
"HALLMARK_HEDGEHOG_SIGNALING",0.458193506200889,0.210559194036302,0.0449386942727912,5.51049193065943,1999,5e-04,0.00113636363636364,"raw","GSM8641030_C2_D11_ROI1_s1","label_malignant_subset"
"HALLMARK_HEME_METABOLISM",0.418724948936216,0.414210881428766,0.023503587384569,0.192058660390421,1999,0.4275,0.508928571428571,"raw","GSM8641030_C2_D11_ROI1_s1","label_malignant_subset"
"HALLMARK_HYPOXIA",0.499420502702293,0.428378541630186,0.0237539819657922,2.99073903375077,1999,0.0025,0.00462962962962963,"raw","GSM8641030_C2_D11_ROI1_s1","label_malignant_subset"
"HALLMARK_IL2_STAT5_SIGNALING",0.404480821756829,0.430778296062538,0.0226970770981642,-1.15862823181918,1999,0.8775,0.895408163265306,"raw","GSM8641030_C2_D11_ROI1_s1","label_malignant_subset"
"HALLMARK_IL6_JAK_STAT3_SIGNALING",0.356633725370427,0.358709065406811,0.0356359269940878,-0.0582372962187296,1999,0.529,0.575,"raw","GSM8641030_C2_D11_ROI1_s1","label_malignant_subset"
"HALLMARK_INFLAMMATORY_RESPONSE",0.406174390512293,0.418305937728378,0.0238806217559009,-0.508008013362864,1999,0.6995,0.728645833333333,"raw","GSM8641030_C2_D11_ROI1_s1","label_malignant_subset"
"HALLMARK_INTERFERON_ALPHA_RESPONSE",0.641998103522133,0.390111746119422,0.0301211641443683,8.36243765996026,1999,5e-04,0.00113636363636364,"raw","GSM8641030_C2_D11_ROI1_s1","label_malignant_subset"
"HALLMARK_INTERFERON_GAMMA_RESPONSE",0.523180650983114,0.440272133693413,0.0225773647016353,3.67219639605218,1999,5e-04,0.00113636363636364,"raw","GSM8641030_C2_D11_ROI1_s1","label_malignant_subset"
"HALLMARK_KRAS_SIGNALING_DN",0.386715782466321,0.259856641189642,0.036298383043924,3.49489786151544,1999,0.0025,0.00462962962962963,"raw","GSM8641030_C2_D11_ROI1_s1","label_malignant_subset"
"HALLMARK_KRAS_SIGNALING_UP",0.426386182763041,0.425314464066458,0.0236496953080394,0.0453163849522608,1999,0.4885,0.542777777777778,"raw","GSM8641030_C2_D11_ROI1_s1","label_malignant_subset"
"HALLMARK_MITOTIC_SPINDLE",0.454137528888758,0.438381727173109,0.0217676325321654,0.723817883840476,1999,0.2245,0.295394736842105,"raw","GSM8641030_C2_D11_ROI1_s1","label_malignant_subset"
"HALLMARK_MTORC1_SIGNALING",0.495438612965103,0.440860214919665,0.0222416481959513,2.45388280421471,1999,0.0105,0.0175,"raw","GSM8641030_C2_D11_ROI1_s1","label_malignant_subset"
"HALLMARK_MYC_TARGETS_V1",0.535757585489627,0.447702373542446,0.0230674394223626,3.81729460018941,1999,5e-04,0.00113636363636364,"raw","GSM8641030_C2_D11_ROI1_s1","label_malignant_subset"
"HALLMARK_MYC_TARGETS_V2",0.454026369832794,0.301745318907945,0.0389691106038828,3.90773739931534,1999,0.001,0.00217391304347826,"raw","GSM8641030_C2_D11_ROI1_s1","label_malignant_subset"
"HALLMARK_MYOGENESIS",0.618988086241654,0.397969073135108,0.0262012852794226,8.43542638269451,1999,5e-04,0.00113636363636364,"raw","GSM8641030_C2_D11_ROI1_s1","label_malignant_subset"
"HALLMARK_NOTCH_SIGNALING",0.414060672907464,0.234305546353582,0.043669042473825,4.11630565661308,1999,0.0015,0.003125,"raw","GSM8641030_C2_D11_ROI1_s1","label_malignant_subset"
"HALLMARK_OXIDATIVE_PHOSPHORYLATION",0.462913884162493,0.447558528805282,0.0218884419901375,0.701528019405404,1999,0.241,0.308974358974359,"raw","GSM8641030_C2_D11_ROI1_s1","label_malignant_subset"
"HALLMARK_P53_PATHWAY",0.462959189696786,0.433945910105677,0.0233461793698998,1.24274208346551,1999,0.1195,0.161486486486486,"raw","GSM8641030_C2_D11_ROI1_s1","label_malignant_subset"
"HALLMARK_PANCREAS_BETA_CELLS",0.684497735770825,0.183230977410696,0.0451309037835733,11.10695147529,1999,5e-04,0.00113636363636364,"raw","GSM8641030_C2_D11_ROI1_s1","label_malignant_subset"
"HALLMARK_PEROXISOME",0.477495198876237,0.357857699466214,0.0316707706216555,3.77753673376733,1999,5e-04,0.00113636363636364,"raw","GSM8641030_C2_D11_ROI1_s1","label_malignant_subset"
"HALLMARK_PI3K_AKT_MTOR_SIGNALING",0.439828622150036,0.378956679109404,0.0313090295392204,1.9442296339584,1999,0.0355,0.057258064516129,"raw","GSM8641030_C2_D11_ROI1_s1","label_malignant_subset"
"HALLMARK_PROTEIN_SECRETION",0.491560456434489,0.39243619884334,0.0291826984835922,3.39667894820903,1999,0.003,0.00517241379310345,"raw","GSM8641030_C2_D11_ROI1_s1","label_malignant_subset"
"HALLMARK_REACTIVE_OXYGEN_SPECIES_PATHWAY",0.321332176107625,0.334066524604756,0.0420145708188545,-0.303093623210749,1999,0.6225,0.662234042553192,"raw","GSM8641030_C2_D11_ROI1_s1","label_malignant_subset"
"HALLMARK_SPERMATOGENESIS",0.311482134798158,0.248543777935505,0.0376536426814334,1.67150778465553,1999,0.0495,0.0727941176470588,"raw","GSM8641030_C2_D11_ROI1_s1","label_malignant_subset"
"HALLMARK_TGF_BETA_SIGNALING",0.553947658730189,0.352768078053771,0.0404419454062002,4.97452777446199,1999,5e-04,0.00113636363636364,"raw","GSM8641030_C2_D11_ROI1_s1","label_malignant_subset"
"HALLMARK_TNFA_SIGNALING_VIA_NFKB",0.517885560232254,0.447881329487726,0.0217065543473631,3.2250273177526,1999,5e-04,0.00113636363636364,"raw","GSM8641030_C2_D11_ROI1_s1","label_malignant_subset"
"HALLMARK_UNFOLDED_PROTEIN_RESPONSE",0.414626029865666,0.400473247551979,0.0296016101493917,0.478108529984069,1999,0.3215,0.401875,"raw","GSM8641030_C2_D11_ROI1_s1","label_malignant_subset"
"HALLMARK_UV_RESPONSE_DN",0.588976510990322,0.408183020256011,0.0260740825367615,6.93383901348834,1999,5e-04,0.00113636363636364,"raw","GSM8641030_C2_D11_ROI1_s1","label_malignant_subset"
"HALLMARK_UV_RESPONSE_UP",0.408088360794125,0.406739592591201,0.0274990466233849,0.0490478168714555,1999,0.4805,0.542777777777778,"raw","GSM8641030_C2_D11_ROI1_s1","label_malignant_subset"
"HALLMARK_WNT_BETA_CATENIN_SIGNALING",0.250024197401834,0.232327542331248,0.0412374680824347,0.429140194427312,1999,0.33,0.402439024390244,"raw","GSM8641030_C2_D11_ROI1_s1","label_malignant_subset"
"HALLMARK_XENOBIOTIC_METABOLISM",0.518779395932324,0.408332052209242,0.0264080771058896,4.18233191611098,1999,5e-04,0.00113636363636364,"raw","GSM8641030_C2_D11_ROI1_s1","label_malignant_subset"
"HALLMARK_ADIPOGENESIS",0.594242414128635,0.589302504652916,0.0137439767934214,0.359423589690781,1999,0.36,0.45,"raw","GSM8641067_C3_D12_ROI1_s1","full_section"
"HALLMARK_ALLOGRAFT_REJECTION",0.720634886665351,0.547782578004675,0.015961642820994,10.8292304620003,1999,5e-04,0.0015625,"raw","GSM8641067_C3_D12_ROI1_s1","full_section"
"HALLMARK_ANDROGEN_RESPONSE",0.514274024296953,0.522767313644009,0.0221505541182261,-0.383434622074217,1999,0.641,0.745348837209302,"raw","GSM8641067_C3_D12_ROI1_s1","full_section"
"HALLMARK_ANGIOGENESIS",0.599885557216265,0.396632083552503,0.0388023791448683,5.23817039426673,1999,5e-04,0.0015625,"raw","GSM8641067_C3_D12_ROI1_s1","full_section"
"HALLMARK_APICAL_JUNCTION",0.635525286447337,0.560481057379518,0.0149617086043106,5.01575261572717,1999,5e-04,0.0015625,"raw","GSM8641067_C3_D12_ROI1_s1","full_section"
"HALLMARK_APICAL_SURFACE",0.292126761140852,0.293781496380465,0.0344663310563172,-0.048010193974787,1999,0.5235,0.638414634146341,"raw","GSM8641067_C3_D12_ROI1_s1","full_section"
"HALLMARK_APOPTOSIS",0.603889041524173,0.579349449873019,0.0161809626804332,1.51657179710501,1999,0.068,0.117241379310345,"raw","GSM8641067_C3_D12_ROI1_s1","full_section"
"HALLMARK_BILE_ACID_METABOLISM",0.487934512865761,0.398509060992391,0.025025194964227,3.57341679060653,1999,0.0025,0.00625,"raw","GSM8641067_C3_D12_ROI1_s1","full_section"
"HALLMARK_CHOLESTEROL_HOMEOSTASIS",0.47579213908282,0.433697080054326,0.0248608911086683,1.69322406202153,1999,0.036,0.0666666666666667,"raw","GSM8641067_C3_D12_ROI1_s1","full_section"
"HALLMARK_COAGULATION",0.638933227237644,0.525942289045119,0.0218478743784993,5.17171310284172,1999,5e-04,0.0015625,"raw","GSM8641067_C3_D12_ROI1_s1","full_section"
"HALLMARK_COMPLEMENT",0.602739936693693,0.571895593636778,0.0158181492119541,1.94993375290741,1999,0.019,0.0395833333333333,"raw","GSM8641067_C3_D12_ROI1_s1","full_section"
"HALLMARK_DNA_REPAIR",0.56345399318686,0.537179056504851,0.0167910708360031,1.56481602267264,1999,0.054,0.0964285714285714,"raw","GSM8641067_C3_D12_ROI1_s1","full_section"
"HALLMARK_E2F_TARGETS",0.499866949197441,0.5120825323439,0.0183082800439916,-0.667216315082963,1999,0.747,0.83,"raw","GSM8641067_C3_D12_ROI1_s1","full_section"
"HALLMARK_EPITHELIAL_MESENCHYMAL_TRANSITION",0.72031611909237,0.620203071098973,0.0136797250403238,7.31835235710464,1999,5e-04,0.0015625,"raw","GSM8641067_C3_D12_ROI1_s1","full_section"
"HALLMARK_ESTROGEN_RESPONSE_EARLY",0.555350284561645,0.536671220609846,0.0154198651430109,1.21136363895278,1999,0.116,0.165714285714286,"raw","GSM8641067_C3_D12_ROI1_s1","full_section"
"HALLMARK_ESTROGEN_RESPONSE_LATE",0.5824471628536,0.527498292651778,0.0166671782460811,3.29683101665648,1999,0.001,0.00277777777777778,"raw","GSM8641067_C3_D12_ROI1_s1","full_section"
"HALLMARK_FATTY_ACID_METABOLISM",0.594304158527073,0.528204084763696,0.0169608619618124,3.89721194077291,1999,5e-04,0.0015625,"raw","GSM8641067_C3_D12_ROI1_s1","full_section"
"HALLMARK_G2M_CHECKPOINT",0.491581767905295,0.527922032065578,0.0169081074537536,-2.14928041235125,1999,0.9805,1,"raw","GSM8641067_C3_D12_ROI1_s1","full_section"
"HALLMARK_GLYCOLYSIS",0.628291417190559,0.551822966104465,0.0144487320089891,5.29239874049296,1999,5e-04,0.0015625,"raw","GSM8641067_C3_D12_ROI1_s1","full_section"
"HALLMARK_HEDGEHOG_SIGNALING",0.376349219495811,0.279142734404488,0.033599391157785,2.89310257542568,1999,0.015,0.0326086956521739,"raw","GSM8641067_C3_D12_ROI1_s1","full_section"
"HALLMARK_HEME_METABOLISM",0.535674056434298,0.547322940619967,0.0151763956462751,-0.767565926533295,1999,0.78,0.847826086956522,"raw","GSM8641067_C3_D12_ROI1_s1","full_section"
"HALLMARK_HYPOXIA",0.634458462224217,0.580753832768087,0.0143652708179064,3.73850449023117,1999,0.001,0.00277777777777778,"raw","GSM8641067_C3_D12_ROI1_s1","full_section"
"HALLMARK_IL2_STAT5_SIGNALING",0.586546528426344,0.569918006764156,0.0146245003275805,1.1370317815801,1999,0.125,0.173611111111111,"raw","GSM8641067_C3_D12_ROI1_s1","full_section"
"HALLMARK_IL6_JAK_STAT3_SIGNALING",0.574339154112886,0.471195218396651,0.0234849869692978,4.3919094292484,1999,5e-04,0.0015625,"raw","GSM8641067_C3_D12_ROI1_s1","full_section"
"HALLMARK_INFLAMMATORY_RESPONSE",0.608556511049507,0.538589985760833,0.0154968426035827,4.51488906988691,1999,5e-04,0.0015625,"raw","GSM8641067_C3_D12_ROI1_s1","full_section"
"HALLMARK_INTERFERON_ALPHA_RESPONSE",0.670133148510578,0.520049993988631,0.0204346151484546,7.34455498337573,1999,5e-04,0.0015625,"raw","GSM8641067_C3_D12_ROI1_s1","full_section"
"HALLMARK_INTERFERON_GAMMA_RESPONSE",0.690630579834424,0.590105825164869,0.0134620743765595,7.46725592636683,1999,5e-04,0.0015625,"raw","GSM8641067_C3_D12_ROI1_s1","full_section"
"HALLMARK_KRAS_SIGNALING_DN",0.431933116107467,0.352230852074844,0.0284322604473695,2.80323346714411,1999,0.007,0.0159090909090909,"raw","GSM8641067_C3_D12_ROI1_s1","full_section"
"HALLMARK_KRAS_SIGNALING_UP",0.578954068065665,0.557096626460202,0.0158468883368744,1.37928917910043,1999,0.073,0.121666666666667,"raw","GSM8641067_C3_D12_ROI1_s1","full_section"
"HALLMARK_MITOTIC_SPINDLE",0.594747115849366,0.576159333945777,0.0145541129883975,1.27714975954954,1999,0.0785,0.126612903225806,"raw","GSM8641067_C3_D12_ROI1_s1","full_section"
"HALLMARK_MTORC1_SIGNALING",0.593210085294698,0.586096277624936,0.0139039505963591,0.511639308587962,1999,0.3175,0.417763157894737,"raw","GSM8641067_C3_D12_ROI1_s1","full_section"
"HALLMARK_MYC_TARGETS_V1",0.624259875215295,0.616893831462026,0.0147114146496097,0.50070261281533,1999,0.3075,0.415540540540541,"raw","GSM8641067_C3_D12_ROI1_s1","full_section"
"HALLMARK_MYC_TARGETS_V2",0.363373342726992,0.366544341305557,0.0285816969317909,-0.110945077408535,1999,0.543,0.646428571428571,"raw","GSM8641067_C3_D12_ROI1_s1","full_section"
"HALLMARK_MYOGENESIS",0.643656035758908,0.534481025962554,0.0167114751958309,6.53293671067356,1999,5e-04,0.0015625,"raw","GSM8641067_C3_D12_ROI1_s1","full_section"
"HALLMARK_NOTCH_SIGNALING",0.414200910934125,0.291980802710325,0.0344365042541643,3.54914387714081,1999,0.0025,0.00625,"raw","GSM8641067_C3_D12_ROI1_s1","full_section"
"HALLMARK_OXIDATIVE_PHOSPHORYLATION",0.670111544182817,0.61229567160593,0.0140273410437608,4.12165587166664,1999,5e-04,0.0015625,"raw","GSM8641067_C3_D12_ROI1_s1","full_section"
"HALLMARK_P53_PATHWAY",0.520392552214095,0.577421642408809,0.0141300300346699,-4.03602045110916,1999,1,1,"raw","GSM8641067_C3_D12_ROI1_s1","full_section"
"HALLMARK_PANCREAS_BETA_CELLS",0.606533821539386,0.280478631553416,0.0336804795860711,9.68083572422804,1999,5e-04,0.0015625,"raw","GSM8641067_C3_D12_ROI1_s1","full_section"
"HALLMARK_PEROXISOME",0.500568277081619,0.47231929483918,0.0215889538043495,1.30849241229781,1999,0.0845,0.129411764705882,"raw","GSM8641067_C3_D12_ROI1_s1","full_section"
"HALLMARK_PI3K_AKT_MTOR_SIGNALING",0.52672415175207,0.497681089637131,0.0220696573462173,1.31597249831869,1999,0.086,0.129411764705882,"raw","GSM8641067_C3_D12_ROI1_s1","full_section"
"HALLMARK_PROTEIN_SECRETION",0.568525795461118,0.540728010994757,0.0212299757902498,1.30936486885342,1999,0.088,0.129411764705882,"raw","GSM8641067_C3_D12_ROI1_s1","full_section"
"HALLMARK_REACTIVE_OXYGEN_SPECIES_PATHWAY",0.416098263500865,0.43129495904069,0.0307879508184086,-0.493592302698449,1999,0.6715,0.763068181818182,"raw","GSM8641067_C3_D12_ROI1_s1","full_section"
"HALLMARK_SPERMATOGENESIS",0.412466104974174,0.322943952617874,0.0272684174512787,3.28299772131081,1999,0.003,0.00714285714285714,"raw","GSM8641067_C3_D12_ROI1_s1","full_section"
"HALLMARK_TGF_BETA_SIGNALING",0.517734643701952,0.462531578818306,0.0278673243901597,1.98092447307709,1999,0.0255,0.0490384615384615,"raw","GSM8641067_C3_D12_ROI1_s1","full_section"
"HALLMARK_TNFA_SIGNALING_VIA_NFKB",0.668602430465456,0.595969097912912,0.0136125605619679,5.33575826692551,1999,5e-04,0.0015625,"raw","GSM8641067_C3_D12_ROI1_s1","full_section"
"HALLMARK_UNFOLDED_PROTEIN_RESPONSE",0.50511157861651,0.53505705253839,0.0196351885020996,-1.52509225560415,1999,0.9115,0.96968085106383,"raw","GSM8641067_C3_D12_ROI1_s1","full_section"
"HALLMARK_UV_RESPONSE_DN",0.627268678584448,0.555926062043708,0.0165424224372612,4.3127067278879,1999,5e-04,0.0015625,"raw","GSM8641067_C3_D12_ROI1_s1","full_section"
"HALLMARK_UV_RESPONSE_UP",0.510718446537097,0.541105054577652,0.0167453157191662,-1.81463333090675,1999,0.9545,0.994270833333333,"raw","GSM8641067_C3_D12_ROI1_s1","full_section"
"HALLMARK_WNT_BETA_CATENIN_SIGNALING",0.377998168015614,0.307866958990528,0.0309570911036584,2.26543278211298,1999,0.023,0.046,"raw","GSM8641067_C3_D12_ROI1_s1","full_section"
"HALLMARK_XENOBIOTIC_METABOLISM",0.546334567360333,0.539736559496945,0.0169703592964494,0.388796002967837,1999,0.3585,0.45,"raw","GSM8641067_C3_D12_ROI1_s1","full_section"
"HALLMARK_ADIPOGENESIS",0.427914018308721,0.404353982740419,0.0147187935290151,1.60067708823131,1999,0.0495,0.130263157894737,"marker","GSM8641067_C3_D12_ROI1_s1","full_section"
"HALLMARK_ALLOGRAFT_REJECTION",0.269103174956673,0.364907531472017,0.0166036571560342,-5.77007556919629,1999,1,1,"marker","GSM8641067_C3_D12_ROI1_s1","full_section"
"HALLMARK_ANDROGEN_RESPONSE",0.326544074722882,0.335568600812176,0.0206431948687069,-0.437167121983374,1999,0.672,0.88421052631579,"marker","GSM8641067_C3_D12_ROI1_s1","full_section"
"HALLMARK_ANGIOGENESIS",0.276113830649493,0.220569476952521,0.0273726496038302,2.02919171146661,1999,0.024,0.0720588235294118,"marker","GSM8641067_C3_D12_ROI1_s1","full_section"
"HALLMARK_APICAL_JUNCTION",0.453480850935033,0.376624892306578,0.016046312703006,4.78963360934984,1999,5e-04,0.00357142857142857,"marker","GSM8641067_C3_D12_ROI1_s1","full_section"
"HALLMARK_APICAL_SURFACE",0.17449705404622,0.158054543433446,0.0245959715007853,0.668504214694222,1999,0.2625,0.452586206896552,"marker","GSM8641067_C3_D12_ROI1_s1","full_section"
"HALLMARK_APOPTOSIS",0.361611831473908,0.390850701425599,0.0167543106092165,-1.74515506090754,1999,0.9545,1,"marker","GSM8641067_C3_D12_ROI1_s1","full_section"
"HALLMARK_BILE_ACID_METABOLISM",0.254558046328617,0.236071941809195,0.0211165273279699,0.875432983478119,1999,0.181,0.393478260869565,"marker","GSM8641067_C3_D12_ROI1_s1","full_section"
"HALLMARK_CHOLESTEROL_HOMEOSTASIS",0.239429711025823,0.26338568296258,0.0224115948627483,-1.06890973549481,1999,0.859,1,"marker","GSM8641067_C3_D12_ROI1_s1","full_section"
"HALLMARK_COAGULATION",0.38133231764688,0.335434361767283,0.0205262416009112,2.2360623426336,1999,0.01,0.0375,"marker","GSM8641067_C3_D12_ROI1_s1","full_section"
"HALLMARK_COMPLEMENT",0.360839358512907,0.385700221854448,0.0149871880171008,-1.65880773052117,1999,0.931,1,"marker","GSM8641067_C3_D12_ROI1_s1","full_section"
"HALLMARK_DNA_REPAIR",0.388391899702612,0.356164245932967,0.0169150033752204,1.90527031267741,1999,0.0275,0.0763888888888889,"marker","GSM8641067_C3_D12_ROI1_s1","full_section"
"HALLMARK_E2F_TARGETS",0.332254682189458,0.331304620383285,0.0176033579708927,0.0539704872072646,1999,0.479,0.684285714285714,"marker","GSM8641067_C3_D12_ROI1_s1","full_section"
"HALLMARK_EPITHELIAL_MESENCHYMAL_TRANSITION",0.526149365568862,0.430503167324355,0.0139778157638321,6.84271418800597,1999,5e-04,0.00357142857142857,"marker","GSM8641067_C3_D12_ROI1_s1","full_section"
"HALLMARK_ESTROGEN_RESPONSE_EARLY",0.325543686857486,0.355711413839576,0.0166724921992152,-1.8094311649167,1999,0.96,1,"marker","GSM8641067_C3_D12_ROI1_s1","full_section"
"HALLMARK_ESTROGEN_RESPONSE_LATE",0.330948160140308,0.346938421778613,0.0176382700518204,-0.906566323756609,1999,0.813,1,"marker","GSM8641067_C3_D12_ROI1_s1","full_section"
"HALLMARK_FATTY_ACID_METABOLISM",0.367433838755323,0.346856704344904,0.0175162744909054,1.17474377448824,1999,0.1135,0.270238095238095,"marker","GSM8641067_C3_D12_ROI1_s1","full_section"
"HALLMARK_G2M_CHECKPOINT",0.323713192388094,0.346836878190223,0.017191963170492,-1.34502881217306,1999,0.9125,1,"marker","GSM8641067_C3_D12_ROI1_s1","full_section"
"HALLMARK_GLYCOLYSIS",0.377251112820508,0.369121304662958,0.015886333278047,0.511748558667403,1999,0.3005,0.484677419354839,"marker","GSM8641067_C3_D12_ROI1_s1","full_section"
"HALLMARK_HEDGEHOG_SIGNALING",0.19658987507504,0.150319436814446,0.0239185597002252,1.93449935282508,1999,0.0245,0.0720588235294118,"marker","GSM8641067_C3_D12_ROI1_s1","full_section"
"HALLMARK_HEME_METABOLISM",0.370467910289655,0.363857801690026,0.0166132597626695,0.397881493099982,1999,0.3525,0.55078125,"marker","GSM8641067_C3_D12_ROI1_s1","full_section"
"HALLMARK_HYPOXIA",0.439909055597964,0.395126398103746,0.0159849128606219,2.80155781171245,1999,0.002,0.01,"marker","GSM8641067_C3_D12_ROI1_s1","full_section"
"HALLMARK_IL2_STAT5_SIGNALING",0.36167144638756,0.386321078365381,0.0153905588840186,-1.60160733366328,1999,0.9465,1,"marker","GSM8641067_C3_D12_ROI1_s1","full_section"
"HALLMARK_IL6_JAK_STAT3_SIGNALING",0.27955699242711,0.29140120037609,0.0214968959590956,-0.5509729391405,1999,0.706,0.905128205128205,"marker","GSM8641067_C3_D12_ROI1_s1","full_section"
"HALLMARK_INFLAMMATORY_RESPONSE",0.351569134741985,0.356802240588964,0.0162856906225592,-0.321331527674349,1999,0.6225,0.864583333333333,"marker","GSM8641067_C3_D12_ROI1_s1","full_section"
"HALLMARK_INTERFERON_ALPHA_RESPONSE",0.557869636752196,0.336172873927295,0.0197126451988729,11.2464238354768,1999,5e-04,0.00357142857142857,"marker","GSM8641067_C3_D12_ROI1_s1","full_section"
"HALLMARK_INTERFERON_GAMMA_RESPONSE",0.491691264509455,0.406151869246271,0.0151415944708887,5.64929905021836,1999,5e-04,0.00357142857142857,"marker","GSM8641067_C3_D12_ROI1_s1","full_section"
"HALLMARK_KRAS_SIGNALING_DN",0.206677479956634,0.191663056333797,0.0201385572614321,0.745556070771324,1999,0.24,0.444444444444444,"marker","GSM8641067_C3_D12_ROI1_s1","full_section"
"HALLMARK_KRAS_SIGNALING_UP",0.33070792937246,0.375198311837835,0.0163736175448234,-2.7171993204056,1999,0.9955,1,"marker","GSM8641067_C3_D12_ROI1_s1","full_section"
"HALLMARK_MITOTIC_SPINDLE",0.425406014128899,0.392280467879029,0.0147247271860207,2.24965432849025,1999,0.0105,0.0375,"marker","GSM8641067_C3_D12_ROI1_s1","full_section"
"HALLMARK_MTORC1_SIGNALING",0.413666128597023,0.401913696479785,0.0155524856133455,0.755662625860468,1999,0.2235,0.444444444444444,"marker","GSM8641067_C3_D12_ROI1_s1","full_section"
"HALLMARK_MYC_TARGETS_V1",0.466078178688787,0.425105409684858,0.0150607435389878,2.72050107605001,1999,0.001,0.00625,"marker","GSM8641067_C3_D12_ROI1_s1","full_section"
"HALLMARK_MYC_TARGETS_V2",0.228394174345363,0.211313175205775,0.0228715377477017,0.746823380570646,1999,0.236,0.444444444444444,"marker","GSM8641067_C3_D12_ROI1_s1","full_section"
"HALLMARK_MYOGENESIS",0.474165238793891,0.34911788017842,0.0177837124411649,7.03156661069354,1999,5e-04,0.00357142857142857,"marker","GSM8641067_C3_D12_ROI1_s1","full_section"
"HALLMARK_NOTCH_SIGNALING",0.228842913327027,0.156067363607857,0.0244267129557781,2.97934273231612,1999,0.0015,0.00833333333333333,"marker","GSM8641067_C3_D12_ROI1_s1","full_section"
"HALLMARK_OXIDATIVE_PHOSPHORYLATION",0.487908946503411,0.422854478735592,0.0142496228319498,4.56534664355874,1999,5e-04,0.00357142857142857,"marker","GSM8641067_C3_D12_ROI1_s1","full_section"
"HALLMARK_P53_PATHWAY",0.334912216506965,0.393202848763125,0.015600827969741,-3.7363806824368,1999,1,1,"marker","GSM8641067_C3_D12_ROI1_s1","full_section"
"HALLMARK_PANCREAS_BETA_CELLS",0.211558493384731,0.149725837680539,0.0241836048573908,2.55680061218398,1999,0.0065,0.0291666666666667,"marker","GSM8641067_C3_D12_ROI1_s1","full_section"
"HALLMARK_PEROXISOME",0.29800868885091,0.2948787117263,0.0205892916698669,0.152019660258224,1999,0.439,0.645588235294118,"marker","GSM8641067_C3_D12_ROI1_s1","full_section"
"HALLMARK_PI3K_AKT_MTOR_SIGNALING",0.331100120871115,0.315439055492662,0.0215093523580549,0.728104924674257,1999,0.24,0.444444444444444,"marker","GSM8641067_C3_D12_ROI1_s1","full_section"
"HALLMARK_PROTEIN_SECRETION",0.369422911775833,0.349476482999223,0.0204496731560992,0.975391079571408,1999,0.1635,0.371590909090909,"marker","GSM8641067_C3_D12_ROI1_s1","full_section"
"HALLMARK_REACTIVE_OXYGEN_SPECIES_PATHWAY",0.25830953529649,0.253568742650547,0.025559183274808,0.185482947360662,1999,0.43,0.645588235294118,"marker","GSM8641067_C3_D12_ROI1_s1","full_section"
"HALLMARK_SPERMATOGENESIS",0.224315787103126,0.174685800810178,0.019928478841278,2.49040514774007,1999,0.007,0.0291666666666667,"marker","GSM8641067_C3_D12_ROI1_s1","full_section"
"HALLMARK_TGF_BETA_SIGNALING",0.295420496002963,0.279886619767236,0.0236888416610956,0.655746551813839,1999,0.251,0.448214285714286,"marker","GSM8641067_C3_D12_ROI1_s1","full_section"
"HALLMARK_TNFA_SIGNALING_VIA_NFKB",0.514517550096306,0.412238641615278,0.014308642233119,7.14805128360057,1999,5e-04,0.00357142857142857,"marker","GSM8641067_C3_D12_ROI1_s1","full_section"
"HALLMARK_UNFOLDED_PROTEIN_RESPONSE",0.360422230168799,0.34932945180921,0.0201653657911952,0.550090609535696,1999,0.2725,0.454166666666667,"marker","GSM8641067_C3_D12_ROI1_s1","full_section"
"HALLMARK_UV_RESPONSE_DN",0.397658266304872,0.372201798629202,0.0168541193273642,1.51040034671756,1999,0.0625,0.15625,"marker","GSM8641067_C3_D12_ROI1_s1","full_section"
"HALLMARK_UV_RESPONSE_UP",0.349940063107805,0.356986603286183,0.0176392192299946,-0.399481410514816,1999,0.67,0.88421052631579,"marker","GSM8641067_C3_D12_ROI1_s1","full_section"
"HALLMARK_WNT_BETA_CATENIN_SIGNALING",0.216580915239823,0.169778171345965,0.0240842190251279,1.9432950615931,1999,0.0245,0.0720588235294118,"marker","GSM8641067_C3_D12_ROI1_s1","full_section"
"HALLMARK_XENOBIOTIC_METABOLISM",0.305857475340615,0.356657816806544,0.0178677581225126,-2.84312901023231,1999,0.997,1,"marker","GSM8641067_C3_D12_ROI1_s1","full_section"
"HALLMARK_ADIPOGENESIS",0.536301766411552,0.48983159373485,0.0173673889470376,2.67571439888946,1999,0.0015,0.00833333333333333,"label_transfer","GSM8641067_C3_D12_ROI1_s1","full_section"
"HALLMARK_ALLOGRAFT_REJECTION",0.377490175872391,0.454314442540234,0.0191454855713372,-4.01265699851757,1999,1,1,"label_transfer","GSM8641067_C3_D12_ROI1_s1","full_section"
"HALLMARK_ANDROGEN_RESPONSE",0.439349916013255,0.410026365105232,0.0232663305037533,1.26034274735726,1999,0.1095,0.202777777777778,"label_transfer","GSM8641067_C3_D12_ROI1_s1","full_section"
"HALLMARK_ANGIOGENESIS",0.397614523452332,0.271093802373183,0.0341901568218163,3.70050133839741,1999,5e-04,0.003125,"label_transfer","GSM8641067_C3_D12_ROI1_s1","full_section"
"HALLMARK_APICAL_JUNCTION",0.515885334404033,0.464354206154857,0.0187720269446652,2.74510197545935,1999,0.0025,0.0125,"label_transfer","GSM8641067_C3_D12_ROI1_s1","full_section"
"HALLMARK_APICAL_SURFACE",0.244879446716767,0.206410364776828,0.0304674491302293,1.26262890521316,1999,0.125,0.223214285714286,"label_transfer","GSM8641067_C3_D12_ROI1_s1","full_section"
"HALLMARK_APOPTOSIS",0.397782801140204,0.472105142657123,0.0196618538657359,-3.7800271543284,1999,1,1,"label_transfer","GSM8641067_C3_D12_ROI1_s1","full_section"
"HALLMARK_BILE_ACID_METABOLISM",0.387523971807831,0.310549562740645,0.0254768444957088,3.02134783921735,1999,0.003,0.0136363636363636,"label_transfer","GSM8641067_C3_D12_ROI1_s1","full_section"
"HALLMARK_CHOLESTEROL_HOMEOSTASIS",0.375490556565553,0.332846539850126,0.027785741384382,1.53474460607326,1999,0.0545,0.13625,"label_transfer","GSM8641067_C3_D12_ROI1_s1","full_section"
"HALLMARK_COAGULATION",0.449926979046126,0.411401906889919,0.0243820699047709,1.58005748924002,1999,0.048,0.126315789473684,"label_transfer","GSM8641067_C3_D12_ROI1_s1","full_section"
"HALLMARK_COMPLEMENT",0.440694711226057,0.471462723574156,0.0186864429043813,-1.64654196122503,1999,0.9465,1,"label_transfer","GSM8641067_C3_D12_ROI1_s1","full_section"
"HALLMARK_DNA_REPAIR",0.477709503955813,0.439994757632324,0.0205662352976129,1.83381867306876,1999,0.0235,0.0734375,"label_transfer","GSM8641067_C3_D12_ROI1_s1","full_section"
"HALLMARK_E2F_TARGETS",0.373099995890914,0.426145982599464,0.0214577519094959,-2.47211296562133,1999,0.995,1,"label_transfer","GSM8641067_C3_D12_ROI1_s1","full_section"
"HALLMARK_EPITHELIAL_MESENCHYMAL_TRANSITION",0.467025472302481,0.514142565178267,0.0161477080100205,-2.91788115356978,1999,0.9975,1,"label_transfer","GSM8641067_C3_D12_ROI1_s1","full_section"
"HALLMARK_ESTROGEN_RESPONSE_EARLY",0.473743006350021,0.445744892525305,0.0195348322627144,1.43324055452249,1999,0.074,0.168181818181818,"label_transfer","GSM8641067_C3_D12_ROI1_s1","full_section"
"HALLMARK_ESTROGEN_RESPONSE_LATE",0.499467677682246,0.43683908943282,0.0203623300135435,3.0757083402425,1999,5e-04,0.003125,"label_transfer","GSM8641067_C3_D12_ROI1_s1","full_section"
"HALLMARK_FATTY_ACID_METABOLISM",0.510466005365965,0.430586499107227,0.0213380930530294,3.74351663291663,1999,5e-04,0.003125,"label_transfer","GSM8641067_C3_D12_ROI1_s1","full_section"
"HALLMARK_G2M_CHECKPOINT",0.376989765646325,0.440128808250778,0.0203216690722588,-3.10698114313084,1999,0.999,1,"label_transfer","GSM8641067_C3_D12_ROI1_s1","full_section"
"HALLMARK_GLYCOLYSIS",0.511316749220624,0.457039781467302,0.0183180376354488,2.96303396867612,1999,5e-04,0.003125,"label_transfer","GSM8641067_C3_D12_ROI1_s1","full_section"
"HALLMARK_HEDGEHOG_SIGNALING",0.262684416638221,0.197923969065721,0.0304463525361516,2.1270346750273,1999,0.0295,0.0819444444444444,"label_transfer","GSM8641067_C3_D12_ROI1_s1","full_section"
"HALLMARK_HEME_METABOLISM",0.478142560265838,0.451080039911476,0.019646902824528,1.37744460773612,1999,0.0855,0.185869565217391,"label_transfer","GSM8641067_C3_D12_ROI1_s1","full_section"
"HALLMARK_HYPOXIA",0.456316698385252,0.481152071073199,0.0175383193830985,-1.41606342919495,1999,0.9115,1,"label_transfer","GSM8641067_C3_D12_ROI1_s1","full_section"
"HALLMARK_IL2_STAT5_SIGNALING",0.446610349799424,0.47446380520872,0.0174861285013019,-1.59288863782639,1999,0.9305,1,"label_transfer","GSM8641067_C3_D12_ROI1_s1","full_section"
"HALLMARK_IL6_JAK_STAT3_SIGNALING",0.326989565244714,0.364237044186292,0.0266504078080683,-1.39763260696902,1999,0.924,1,"label_transfer","GSM8641067_C3_D12_ROI1_s1","full_section"
"HALLMARK_INFLAMMATORY_RESPONSE",0.398999570682806,0.44706692992768,0.019198203331745,-2.50374258540078,1999,0.9915,1,"label_transfer","GSM8641067_C3_D12_ROI1_s1","full_section"
"HALLMARK_INTERFERON_ALPHA_RESPONSE",0.614482540140821,0.411078743250869,0.0228499431195897,8.90172005354227,1999,5e-04,0.003125,"label_transfer","GSM8641067_C3_D12_ROI1_s1","full_section"
"HALLMARK_INTERFERON_GAMMA_RESPONSE",0.561283169078922,0.490785753592632,0.0173703754491094,4.05848541920287,1999,5e-04,0.003125,"label_transfer","GSM8641067_C3_D12_ROI1_s1","full_section"
"HALLMARK_KRAS_SIGNALING_DN",0.302811846896027,0.270231467936886,0.0241559728846198,1.34875043595885,1999,0.0985,0.195192307692308,"label_transfer","GSM8641067_C3_D12_ROI1_s1","full_section"
"HALLMARK_KRAS_SIGNALING_UP",0.444163570300295,0.463584215381097,0.0181983281178229,-1.06716644271196,1999,0.8535,1,"label_transfer","GSM8641067_C3_D12_ROI1_s1","full_section"
"HALLMARK_MITOTIC_SPINDLE",0.480945387414891,0.480911801297353,0.0177566496268938,0.00189146704155312,1999,0.4995,0.78046875,"label_transfer","GSM8641067_C3_D12_ROI1_s1","full_section"
"HALLMARK_MTORC1_SIGNALING",0.519769892373644,0.487981221651492,0.0167293779353851,1.9001705170946,1999,0.0275,0.0808823529411765,"label_transfer","GSM8641067_C3_D12_ROI1_s1","full_section"
"HALLMARK_MYC_TARGETS_V1",0.544893234859282,0.501955760938869,0.0177961723423796,2.41273646345637,1999,0.0045,0.0160714285714286,"label_transfer","GSM8641067_C3_D12_ROI1_s1","full_section"
"HALLMARK_MYC_TARGETS_V2",0.266443087746262,0.274496783525898,0.029608600197123,-0.272005286505207,1999,0.6075,0.893382352941177,"label_transfer","GSM8641067_C3_D12_ROI1_s1","full_section"
"HALLMARK_MYOGENESIS",0.422209062154753,0.437953614013112,0.02121017664405,-0.742311208557342,1999,0.7735,1,"label_transfer","GSM8641067_C3_D12_ROI1_s1","full_section"
"HALLMARK_NOTCH_SIGNALING",0.278113812086704,0.200518027444652,0.0299107524085919,2.59424382182251,1999,0.0105,0.035,"label_transfer","GSM8641067_C3_D12_ROI1_s1","full_section"
"HALLMARK_OXIDATIVE_PHOSPHORYLATION",0.585952641985428,0.501891586283741,0.0153556051448827,5.47429130330961,1999,5e-04,0.003125,"label_transfer","GSM8641067_C3_D12_ROI1_s1","full_section"
"HALLMARK_P53_PATHWAY",0.435036733505001,0.478354731947056,0.0175864782108383,-2.46314230300858,1999,0.99,1,"label_transfer","GSM8641067_C3_D12_ROI1_s1","full_section"
"HALLMARK_PANCREAS_BETA_CELLS",0.482442589448189,0.196891054653657,0.0316663529401562,9.0175062260619,1999,5e-04,0.003125,"label_transfer","GSM8641067_C3_D12_ROI1_s1","full_section"
"HALLMARK_PEROXISOME",0.409764962497775,0.37249981572124,0.0247847360704993,1.5035522940626,1999,0.0595,0.141666666666667,"label_transfer","GSM8641067_C3_D12_ROI1_s1","full_section"
"HALLMARK_PI3K_AKT_MTOR_SIGNALING",0.379143626651926,0.391808566716132,0.0251132959145031,-0.504312142353731,1999,0.687,0.954166666666667,"label_transfer","GSM8641067_C3_D12_ROI1_s1","full_section"
"HALLMARK_PROTEIN_SECRETION",0.483704223312762,0.422364209222373,0.0243183879556863,2.5223717214383,1999,0.004,0.0153846153846154,"label_transfer","GSM8641067_C3_D12_ROI1_s1","full_section"
"HALLMARK_REACTIVE_OXYGEN_SPECIES_PATHWAY",0.328628946398614,0.314011786860536,0.0310716665702192,0.470433715071104,1999,0.325,0.525,"label_transfer","GSM8641067_C3_D12_ROI1_s1","full_section"
"HALLMARK_SPERMATOGENESIS",0.311278793285674,0.240480756360454,0.0251737539534986,2.81237502583043,1999,0.004,0.0153846153846154,"label_transfer","GSM8641067_C3_D12_ROI1_s1","full_section"
"HALLMARK_TGF_BETA_SIGNALING",0.356538190791043,0.343526446408609,0.028719073749723,0.453069778497291,1999,0.3255,0.525,"label_transfer","GSM8641067_C3_D12_ROI1_s1","full_section"
"HALLMARK_TNFA_SIGNALING_VIA_NFKB",0.49572864465985,0.496944287621213,0.0168955416253636,-0.0719505173801542,1999,0.528,0.8,"label_transfer","GSM8641067_C3_D12_ROI1_s1","full_section"
"HALLMARK_UNFOLDED_PROTEIN_RESPONSE",0.444186220622491,0.42555715158571,0.0223506990320207,0.833489324431994,1999,0.198,0.341379310344828,"label_transfer","GSM8641067_C3_D12_ROI1_s1","full_section"
"HALLMARK_UV_RESPONSE_DN",0.422044615323107,0.454522293419285,0.0188856701774762,-1.71969952831816,1999,0.948,1,"label_transfer","GSM8641067_C3_D12_ROI1_s1","full_section"
"HALLMARK_UV_RESPONSE_UP",0.432098240104351,0.441438334461651,0.02069478571535,-0.45132597581683,1999,0.6695,0.954166666666667,"label_transfer","GSM8641067_C3_D12_ROI1_s1","full_section"
"HALLMARK_WNT_BETA_CATENIN_SIGNALING",0.260017194260638,0.22132353622731,0.0299301692885092,1.29279783419679,1999,0.1015,0.195192307692308,"label_transfer","GSM8641067_C3_D12_ROI1_s1","full_section"
"HALLMARK_XENOBIOTIC_METABOLISM",0.470729266504107,0.443837930683365,0.0201581413607252,1.334018615086,1999,0.097,0.195192307692308,"label_transfer","GSM8641067_C3_D12_ROI1_s1","full_section"
"HALLMARK_ADIPOGENESIS",0.594242414128635,0.589302504652916,0.0137439767934214,0.359423589690781,1999,0.36,0.45,"raw","GSM8641067_C3_D12_ROI1_s1","RCTD_intersection"
"HALLMARK_ALLOGRAFT_REJECTION",0.720634886665351,0.547782578004675,0.015961642820994,10.8292304620003,1999,5e-04,0.0015625,"raw","GSM8641067_C3_D12_ROI1_s1","RCTD_intersection"
"HALLMARK_ANDROGEN_RESPONSE",0.514274024296953,0.522767313644009,0.0221505541182261,-0.383434622074217,1999,0.641,0.745348837209302,"raw","GSM8641067_C3_D12_ROI1_s1","RCTD_intersection"
"HALLMARK_ANGIOGENESIS",0.599885557216265,0.396632083552503,0.0388023791448683,5.23817039426673,1999,5e-04,0.0015625,"raw","GSM8641067_C3_D12_ROI1_s1","RCTD_intersection"
"HALLMARK_APICAL_JUNCTION",0.635525286447337,0.560481057379518,0.0149617086043106,5.01575261572717,1999,5e-04,0.0015625,"raw","GSM8641067_C3_D12_ROI1_s1","RCTD_intersection"
"HALLMARK_APICAL_SURFACE",0.292126761140852,0.293781496380465,0.0344663310563172,-0.048010193974787,1999,0.5235,0.638414634146341,"raw","GSM8641067_C3_D12_ROI1_s1","RCTD_intersection"
"HALLMARK_APOPTOSIS",0.603889041524173,0.579349449873019,0.0161809626804332,1.51657179710501,1999,0.068,0.117241379310345,"raw","GSM8641067_C3_D12_ROI1_s1","RCTD_intersection"
"HALLMARK_BILE_ACID_METABOLISM",0.487934512865761,0.398509060992391,0.025025194964227,3.57341679060653,1999,0.0025,0.00625,"raw","GSM8641067_C3_D12_ROI1_s1","RCTD_intersection"
"HALLMARK_CHOLESTEROL_HOMEOSTASIS",0.47579213908282,0.433697080054326,0.0248608911086683,1.69322406202153,1999,0.036,0.0666666666666667,"raw","GSM8641067_C3_D12_ROI1_s1","RCTD_intersection"
"HALLMARK_COAGULATION",0.638933227237644,0.525942289045119,0.0218478743784993,5.17171310284172,1999,5e-04,0.0015625,"raw","GSM8641067_C3_D12_ROI1_s1","RCTD_intersection"
"HALLMARK_COMPLEMENT",0.602739936693693,0.571895593636778,0.0158181492119541,1.94993375290741,1999,0.019,0.0395833333333333,"raw","GSM8641067_C3_D12_ROI1_s1","RCTD_intersection"
"HALLMARK_DNA_REPAIR",0.56345399318686,0.537179056504851,0.0167910708360031,1.56481602267264,1999,0.054,0.0964285714285714,"raw","GSM8641067_C3_D12_ROI1_s1","RCTD_intersection"
"HALLMARK_E2F_TARGETS",0.499866949197441,0.5120825323439,0.0183082800439916,-0.667216315082963,1999,0.747,0.83,"raw","GSM8641067_C3_D12_ROI1_s1","RCTD_intersection"
"HALLMARK_EPITHELIAL_MESENCHYMAL_TRANSITION",0.72031611909237,0.620203071098973,0.0136797250403238,7.31835235710464,1999,5e-04,0.0015625,"raw","GSM8641067_C3_D12_ROI1_s1","RCTD_intersection"
"HALLMARK_ESTROGEN_RESPONSE_EARLY",0.555350284561645,0.536671220609846,0.0154198651430109,1.21136363895278,1999,0.116,0.165714285714286,"raw","GSM8641067_C3_D12_ROI1_s1","RCTD_intersection"
"HALLMARK_ESTROGEN_RESPONSE_LATE",0.5824471628536,0.527498292651778,0.0166671782460811,3.29683101665648,1999,0.001,0.00277777777777778,"raw","GSM8641067_C3_D12_ROI1_s1","RCTD_intersection"
"HALLMARK_FATTY_ACID_METABOLISM",0.594304158527073,0.528204084763696,0.0169608619618124,3.89721194077291,1999,5e-04,0.0015625,"raw","GSM8641067_C3_D12_ROI1_s1","RCTD_intersection"
"HALLMARK_G2M_CHECKPOINT",0.491581767905295,0.527922032065578,0.0169081074537536,-2.14928041235125,1999,0.9805,1,"raw","GSM8641067_C3_D12_ROI1_s1","RCTD_intersection"
"HALLMARK_GLYCOLYSIS",0.628291417190559,0.551822966104465,0.0144487320089891,5.29239874049296,1999,5e-04,0.0015625,"raw","GSM8641067_C3_D12_ROI1_s1","RCTD_intersection"
"HALLMARK_HEDGEHOG_SIGNALING",0.376349219495811,0.279142734404488,0.033599391157785,2.89310257542568,1999,0.015,0.0326086956521739,"raw","GSM8641067_C3_D12_ROI1_s1","RCTD_intersection"
"HALLMARK_HEME_METABOLISM",0.535674056434298,0.547322940619967,0.0151763956462751,-0.767565926533295,1999,0.78,0.847826086956522,"raw","GSM8641067_C3_D12_ROI1_s1","RCTD_intersection"
"HALLMARK_HYPOXIA",0.634458462224217,0.580753832768087,0.0143652708179064,3.73850449023117,1999,0.001,0.00277777777777778,"raw","GSM8641067_C3_D12_ROI1_s1","RCTD_intersection"
"HALLMARK_IL2_STAT5_SIGNALING",0.586546528426344,0.569918006764156,0.0146245003275805,1.1370317815801,1999,0.125,0.173611111111111,"raw","GSM8641067_C3_D12_ROI1_s1","RCTD_intersection"
"HALLMARK_IL6_JAK_STAT3_SIGNALING",0.574339154112886,0.471195218396651,0.0234849869692978,4.3919094292484,1999,5e-04,0.0015625,"raw","GSM8641067_C3_D12_ROI1_s1","RCTD_intersection"
"HALLMARK_INFLAMMATORY_RESPONSE",0.608556511049507,0.538589985760833,0.0154968426035827,4.51488906988691,1999,5e-04,0.0015625,"raw","GSM8641067_C3_D12_ROI1_s1","RCTD_intersection"
"HALLMARK_INTERFERON_ALPHA_RESPONSE",0.670133148510578,0.520049993988631,0.0204346151484546,7.34455498337573,1999,5e-04,0.0015625,"raw","GSM8641067_C3_D12_ROI1_s1","RCTD_intersection"
"HALLMARK_INTERFERON_GAMMA_RESPONSE",0.690630579834424,0.590105825164869,0.0134620743765595,7.46725592636683,1999,5e-04,0.0015625,"raw","GSM8641067_C3_D12_ROI1_s1","RCTD_intersection"
"HALLMARK_KRAS_SIGNALING_DN",0.431933116107467,0.352230852074844,0.0284322604473695,2.80323346714411,1999,0.007,0.0159090909090909,"raw","GSM8641067_C3_D12_ROI1_s1","RCTD_intersection"
"HALLMARK_KRAS_SIGNALING_UP",0.578954068065665,0.557096626460202,0.0158468883368744,1.37928917910043,1999,0.073,0.121666666666667,"raw","GSM8641067_C3_D12_ROI1_s1","RCTD_intersection"
"HALLMARK_MITOTIC_SPINDLE",0.594747115849366,0.576159333945777,0.0145541129883975,1.27714975954954,1999,0.0785,0.126612903225806,"raw","GSM8641067_C3_D12_ROI1_s1","RCTD_intersection"
"HALLMARK_MTORC1_SIGNALING",0.593210085294698,0.586096277624936,0.0139039505963591,0.511639308587962,1999,0.3175,0.417763157894737,"raw","GSM8641067_C3_D12_ROI1_s1","RCTD_intersection"
"HALLMARK_MYC_TARGETS_V1",0.624259875215295,0.616893831462026,0.0147114146496097,0.50070261281533,1999,0.3075,0.415540540540541,"raw","GSM8641067_C3_D12_ROI1_s1","RCTD_intersection"
"HALLMARK_MYC_TARGETS_V2",0.363373342726992,0.366544341305557,0.0285816969317909,-0.110945077408535,1999,0.543,0.646428571428571,"raw","GSM8641067_C3_D12_ROI1_s1","RCTD_intersection"
"HALLMARK_MYOGENESIS",0.643656035758908,0.534481025962554,0.0167114751958309,6.53293671067356,1999,5e-04,0.0015625,"raw","GSM8641067_C3_D12_ROI1_s1","RCTD_intersection"
"HALLMARK_NOTCH_SIGNALING",0.414200910934125,0.291980802710325,0.0344365042541643,3.54914387714081,1999,0.0025,0.00625,"raw","GSM8641067_C3_D12_ROI1_s1","RCTD_intersection"
"HALLMARK_OXIDATIVE_PHOSPHORYLATION",0.670111544182817,0.61229567160593,0.0140273410437608,4.12165587166664,1999,5e-04,0.0015625,"raw","GSM8641067_C3_D12_ROI1_s1","RCTD_intersection"
"HALLMARK_P53_PATHWAY",0.520392552214095,0.577421642408809,0.0141300300346699,-4.03602045110916,1999,1,1,"raw","GSM8641067_C3_D12_ROI1_s1","RCTD_intersection"
"HALLMARK_PANCREAS_BETA_CELLS",0.606533821539386,0.280478631553416,0.0336804795860711,9.68083572422804,1999,5e-04,0.0015625,"raw","GSM8641067_C3_D12_ROI1_s1","RCTD_intersection"
"HALLMARK_PEROXISOME",0.500568277081619,0.47231929483918,0.0215889538043495,1.30849241229781,1999,0.0845,0.129411764705882,"raw","GSM8641067_C3_D12_ROI1_s1","RCTD_intersection"
"HALLMARK_PI3K_AKT_MTOR_SIGNALING",0.52672415175207,0.497681089637131,0.0220696573462173,1.31597249831869,1999,0.086,0.129411764705882,"raw","GSM8641067_C3_D12_ROI1_s1","RCTD_intersection"
"HALLMARK_PROTEIN_SECRETION",0.568525795461118,0.540728010994757,0.0212299757902498,1.30936486885342,1999,0.088,0.129411764705882,"raw","GSM8641067_C3_D12_ROI1_s1","RCTD_intersection"
"HALLMARK_REACTIVE_OXYGEN_SPECIES_PATHWAY",0.416098263500865,0.43129495904069,0.0307879508184086,-0.493592302698449,1999,0.6715,0.763068181818182,"raw","GSM8641067_C3_D12_ROI1_s1","RCTD_intersection"
"HALLMARK_SPERMATOGENESIS",0.412466104974174,0.322943952617874,0.0272684174512787,3.28299772131081,1999,0.003,0.00714285714285714,"raw","GSM8641067_C3_D12_ROI1_s1","RCTD_intersection"
"HALLMARK_TGF_BETA_SIGNALING",0.517734643701952,0.462531578818306,0.0278673243901597,1.98092447307709,1999,0.0255,0.0490384615384615,"raw","GSM8641067_C3_D12_ROI1_s1","RCTD_intersection"
"HALLMARK_TNFA_SIGNALING_VIA_NFKB",0.668602430465456,0.595969097912912,0.0136125605619679,5.33575826692551,1999,5e-04,0.0015625,"raw","GSM8641067_C3_D12_ROI1_s1","RCTD_intersection"
"HALLMARK_UNFOLDED_PROTEIN_RESPONSE",0.50511157861651,0.53505705253839,0.0196351885020996,-1.52509225560415,1999,0.9115,0.96968085106383,"raw","GSM8641067_C3_D12_ROI1_s1","RCTD_intersection"
"HALLMARK_UV_RESPONSE_DN",0.627268678584448,0.555926062043708,0.0165424224372612,4.3127067278879,1999,5e-04,0.0015625,"raw","GSM8641067_C3_D12_ROI1_s1","RCTD_intersection"
"HALLMARK_UV_RESPONSE_UP",0.510718446537097,0.541105054577652,0.0167453157191662,-1.81463333090675,1999,0.9545,0.994270833333333,"raw","GSM8641067_C3_D12_ROI1_s1","RCTD_intersection"
"HALLMARK_WNT_BETA_CATENIN_SIGNALING",0.377998168015614,0.307866958990528,0.0309570911036584,2.26543278211298,1999,0.023,0.046,"raw","GSM8641067_C3_D12_ROI1_s1","RCTD_intersection"
"HALLMARK_XENOBIOTIC_METABOLISM",0.546334567360333,0.539736559496945,0.0169703592964494,0.388796002967837,1999,0.3585,0.45,"raw","GSM8641067_C3_D12_ROI1_s1","RCTD_intersection"
"HALLMARK_ADIPOGENESIS",0.498017706111457,0.477121160511495,0.0128044015810268,1.63198142980193,1999,0.0495,0.1546875,"RCTD","GSM8641067_C3_D12_ROI1_s1","RCTD_intersection"
"HALLMARK_ALLOGRAFT_REJECTION",0.43193512343737,0.433143705254433,0.0144665450529915,-0.0835432242208441,1999,0.541,0.81969696969697,"RCTD","GSM8641067_C3_D12_ROI1_s1","RCTD_intersection"
"HALLMARK_ANDROGEN_RESPONSE",0.403202084034348,0.401294716010175,0.0181133259630926,0.10530192125175,1999,0.457,0.762096774193548,"RCTD","GSM8641067_C3_D12_ROI1_s1","RCTD_intersection"
"HALLMARK_ANGIOGENESIS",0.331925523174262,0.265515038283193,0.0250601612587138,2.65004220066526,1999,0.002,0.0166666666666667,"RCTD","GSM8641067_C3_D12_ROI1_s1","RCTD_intersection"
"HALLMARK_APICAL_JUNCTION",0.4834114350535,0.44809953954899,0.0145812407739273,2.42173461449532,1999,0.005,0.0305555555555556,"RCTD","GSM8641067_C3_D12_ROI1_s1","RCTD_intersection"
"HALLMARK_APICAL_SURFACE",0.207910805616932,0.190593011498343,0.0223706004222106,0.774131842317246,1999,0.2165,0.51547619047619,"RCTD","GSM8641067_C3_D12_ROI1_s1","RCTD_intersection"
"HALLMARK_APOPTOSIS",0.387908297010139,0.463333029001153,0.0142179881528659,-5.3048807735721,1999,1,1,"RCTD","GSM8641067_C3_D12_ROI1_s1","RCTD_intersection"
"HALLMARK_BILE_ACID_METABOLISM",0.32263285637832,0.282265193142515,0.0193597602399184,2.08513239500611,1999,0.017,0.085,"RCTD","GSM8641067_C3_D12_ROI1_s1","RCTD_intersection"
"HALLMARK_CHOLESTEROL_HOMEOSTASIS",0.27300501964332,0.31712953659295,0.0198579318808603,-2.22200968430947,1999,0.9855,1,"RCTD","GSM8641067_C3_D12_ROI1_s1","RCTD_intersection"
"HALLMARK_COAGULATION",0.433691660165952,0.400881810100902,0.0179109432176618,1.83183262133826,1999,0.0335,0.126785714285714,"RCTD","GSM8641067_C3_D12_ROI1_s1","RCTD_intersection"
"HALLMARK_COMPLEMENT",0.457784142226234,0.456747512966404,0.0136146797215813,0.0761405542421335,1999,0.4725,0.762096774193548,"RCTD","GSM8641067_C3_D12_ROI1_s1","RCTD_intersection"
"HALLMARK_DNA_REPAIR",0.459108374003078,0.423369597150226,0.0153087134467685,2.33453823387072,1999,0.0055,0.0305555555555556,"RCTD","GSM8641067_C3_D12_ROI1_s1","RCTD_intersection"
"HALLMARK_E2F_TARGETS",0.363194025562539,0.395791954310819,0.0163406347261041,-1.99489978784029,1999,0.9785,1,"RCTD","GSM8641067_C3_D12_ROI1_s1","RCTD_intersection"
"HALLMARK_EPITHELIAL_MESENCHYMAL_TRANSITION",0.52259952643728,0.507653508589738,0.0123274289186279,1.21241971429722,1999,0.097,0.269444444444444,"RCTD","GSM8641067_C3_D12_ROI1_s1","RCTD_intersection"
"HALLMARK_ESTROGEN_RESPONSE_EARLY",0.393364974184404,0.421895132547005,0.014487184605989,-1.96933766901863,1999,0.971,1,"RCTD","GSM8641067_C3_D12_ROI1_s1","RCTD_intersection"
"HALLMARK_ESTROGEN_RESPONSE_LATE",0.41592907941795,0.412356418557361,0.0156856670696215,0.227765949942165,1999,0.4155,0.741964285714286,"RCTD","GSM8641067_C3_D12_ROI1_s1","RCTD_intersection"
"HALLMARK_FATTY_ACID_METABOLISM",0.45642433213328,0.412204725122804,0.0158318907424115,2.79307176444931,1999,0.001,0.01,"RCTD","GSM8641067_C3_D12_ROI1_s1","RCTD_intersection"
"HALLMARK_G2M_CHECKPOINT",0.366595423800582,0.413677167384966,0.0155226700533429,-3.03309568666926,1999,0.9975,1,"RCTD","GSM8641067_C3_D12_ROI1_s1","RCTD_intersection"
"HALLMARK_GLYCOLYSIS",0.462577751369216,0.43737866044212,0.0140245712980947,1.79678154800492,1999,0.0355,0.126785714285714,"RCTD","GSM8641067_C3_D12_ROI1_s1","RCTD_intersection"
"HALLMARK_HEDGEHOG_SIGNALING",0.191633557747355,0.179511437392516,0.0221050130995909,0.548387838551601,1999,0.2935,0.587,"RCTD","GSM8641067_C3_D12_ROI1_s1","RCTD_intersection"
"HALLMARK_HEME_METABOLISM",0.449140393907323,0.432986288133787,0.0139722439555804,1.15615686534618,1999,0.1315,0.346052631578947,"RCTD","GSM8641067_C3_D12_ROI1_s1","RCTD_intersection"
"HALLMARK_HYPOXIA",0.451943140528824,0.46722121066161,0.0133181035495403,-1.14716559125369,1999,0.871,1,"RCTD","GSM8641067_C3_D12_ROI1_s1","RCTD_intersection"
"HALLMARK_IL2_STAT5_SIGNALING",0.450999518185533,0.45689011787219,0.0135075542018422,-0.436096690683881,1999,0.674,0.910810810810811,"RCTD","GSM8641067_C3_D12_ROI1_s1","RCTD_intersection"
"HALLMARK_IL6_JAK_STAT3_SIGNALING",0.362503288203136,0.350911100183134,0.0188862673045857,0.613789259309423,1999,0.2685,0.559375,"RCTD","GSM8641067_C3_D12_ROI1_s1","RCTD_intersection"
"HALLMARK_INFLAMMATORY_RESPONSE",0.410772350217845,0.423584162751722,0.0145725823547762,-0.879172422702254,1999,0.8035,1,"RCTD","GSM8641067_C3_D12_ROI1_s1","RCTD_intersection"
"HALLMARK_INTERFERON_ALPHA_RESPONSE",0.606925854693393,0.400267722793306,0.0172551903463389,11.9765779311693,1999,5e-04,0.00625,"RCTD","GSM8641067_C3_D12_ROI1_s1","RCTD_intersection"
"HALLMARK_INTERFERON_GAMMA_RESPONSE",0.574845567778373,0.477797161541236,0.0128143705313564,7.57340409344828,1999,5e-04,0.00625,"RCTD","GSM8641067_C3_D12_ROI1_s1","RCTD_intersection"
"HALLMARK_KRAS_SIGNALING_DN",0.22006154640863,0.226305191812581,0.0194941356817701,-0.320283263945369,1999,0.64,0.910810810810811,"RCTD","GSM8641067_C3_D12_ROI1_s1","RCTD_intersection"
"HALLMARK_KRAS_SIGNALING_UP",0.424191062444952,0.444134152486353,0.0138987048683083,-1.43488837487835,1999,0.923,1,"RCTD","GSM8641067_C3_D12_ROI1_s1","RCTD_intersection"
"HALLMARK_MITOTIC_SPINDLE",0.459008042662541,0.464642432581994,0.0137735109822727,-0.40907434035552,1999,0.6615,0.910810810810811,"RCTD","GSM8641067_C3_D12_ROI1_s1","RCTD_intersection"
"HALLMARK_MTORC1_SIGNALING",0.497695652097358,0.47367195216004,0.0128616497191262,1.86785524889495,1999,0.031,0.126785714285714,"RCTD","GSM8641067_C3_D12_ROI1_s1","RCTD_intersection"
"HALLMARK_MYC_TARGETS_V1",0.530965806461711,0.497764387682564,0.0125040097695829,2.65526174330993,1999,0.0045,0.0305555555555556,"RCTD","GSM8641067_C3_D12_ROI1_s1","RCTD_intersection"
"HALLMARK_MYC_TARGETS_V2",0.261166048308056,0.254956418796746,0.0207745104664018,0.29890617742127,1999,0.377,0.698148148148148,"RCTD","GSM8641067_C3_D12_ROI1_s1","RCTD_intersection"
"HALLMARK_MYOGENESIS",0.376369595789927,0.418660113762959,0.0161802044915875,-2.61371962233362,1999,0.9905,1,"RCTD","GSM8641067_C3_D12_ROI1_s1","RCTD_intersection"
"HALLMARK_NOTCH_SIGNALING",0.20509206145278,0.187692953506639,0.0226442971979575,0.768365994936226,1999,0.229,0.520454545454546,"RCTD","GSM8641067_C3_D12_ROI1_s1","RCTD_intersection"
"HALLMARK_OXIDATIVE_PHOSPHORYLATION",0.551379911861588,0.496384843334864,0.0114125560610324,4.81882132561883,1999,5e-04,0.00625,"RCTD","GSM8641067_C3_D12_ROI1_s1","RCTD_intersection"
"HALLMARK_P53_PATHWAY",0.407606669838298,0.464176361956817,0.013029373319288,-4.3417047568033,1999,1,1,"RCTD","GSM8641067_C3_D12_ROI1_s1","RCTD_intersection"
"HALLMARK_PANCREAS_BETA_CELLS",0.363315180624378,0.179092735785726,0.0225819919362411,8.15793599425568,1999,5e-04,0.00625,"RCTD","GSM8641067_C3_D12_ROI1_s1","RCTD_intersection"
"HALLMARK_PEROXISOME",0.366042071439989,0.354361169226054,0.0183496570258013,0.636573326548286,1999,0.2685,0.559375,"RCTD","GSM8641067_C3_D12_ROI1_s1","RCTD_intersection"
"HALLMARK_PI3K_AKT_MTOR_SIGNALING",0.380150585560654,0.378363589969928,0.0186117809233081,0.0960142179885771,1999,0.459,0.762096774193548,"RCTD","GSM8641067_C3_D12_ROI1_s1","RCTD_intersection"
"HALLMARK_PROTEIN_SECRETION",0.446587389083925,0.4164823075017,0.0177557541816358,1.69551128463817,1999,0.0395,0.131666666666667,"RCTD","GSM8641067_C3_D12_ROI1_s1","RCTD_intersection"
"HALLMARK_REACTIVE_OXYGEN_SPECIES_PATHWAY",0.315397961430425,0.306129720125612,0.0224747818350348,0.412384038823711,1999,0.341,0.655769230769231,"RCTD","GSM8641067_C3_D12_ROI1_s1","RCTD_intersection"
"HALLMARK_SPERMATOGENESIS",0.240797250756575,0.20491820563661,0.0187559188564162,1.91294520917014,1999,0.0315,0.126785714285714,"RCTD","GSM8641067_C3_D12_ROI1_s1","RCTD_intersection"
"HALLMARK_TGF_BETA_SIGNALING",0.331409360091954,0.33626475032294,0.0207994753033651,-0.233438111306612,1999,0.5935,0.872794117647059,"RCTD","GSM8641067_C3_D12_ROI1_s1","RCTD_intersection"
"HALLMARK_TNFA_SIGNALING_VIA_NFKB",0.483688736346848,0.484317649776297,0.0127403714442141,-0.0493638220991096,1999,0.521,0.8140625,"RCTD","GSM8641067_C3_D12_ROI1_s1","RCTD_intersection"
"HALLMARK_UNFOLDED_PROTEIN_RESPONSE",0.437144398935728,0.415152124827405,0.0180074086661621,1.22129033199813,1999,0.0915,0.269117647058824,"RCTD","GSM8641067_C3_D12_ROI1_s1","RCTD_intersection"
"HALLMARK_UV_RESPONSE_DN",0.402157841656375,0.441517499412223,0.0142109233601296,-2.76967630873838,1999,0.9935,1,"RCTD","GSM8641067_C3_D12_ROI1_s1","RCTD_intersection"
"HALLMARK_UV_RESPONSE_UP",0.40290169698447,0.424940178166808,0.0154242983157713,-1.42881580290782,1999,0.924,1,"RCTD","GSM8641067_C3_D12_ROI1_s1","RCTD_intersection"
"HALLMARK_WNT_BETA_CATENIN_SIGNALING",0.2213427935726,0.20381683390157,0.0223463297842942,0.784288061628259,1999,0.2145,0.51547619047619,"RCTD","GSM8641067_C3_D12_ROI1_s1","RCTD_intersection"
"HALLMARK_XENOBIOTIC_METABOLISM",0.41047884350722,0.424242225915768,0.0158616235438231,-0.86771586594032,1999,0.8115,1,"RCTD","GSM8641067_C3_D12_ROI1_s1","RCTD_intersection"
"HALLMARK_ADIPOGENESIS",0.574529266816667,0.569971520214371,0.0308623974217837,0.147679603110778,1999,0.449,1,"raw","GSM8641067_C3_D12_ROI1_s1","label_malignant_subset"
"HALLMARK_ALLOGRAFT_REJECTION",0.342887189764394,0.508572186190287,0.0376465327595238,-4.4010692162342,1999,0.9995,1,"raw","GSM8641067_C3_D12_ROI1_s1","label_malignant_subset"
"HALLMARK_ANDROGEN_RESPONSE",0.486829436942327,0.502729173460187,0.0420282643558981,-0.378310566984638,1999,0.6405,1,"raw","GSM8641067_C3_D12_ROI1_s1","label_malignant_subset"
"HALLMARK_ANGIOGENESIS",0.416566300338107,0.363050147904938,0.0640933582280542,0.834971889641828,1999,0.189,1,"raw","GSM8641067_C3_D12_ROI1_s1","label_malignant_subset"
"HALLMARK_APICAL_JUNCTION",0.551554418621553,0.556760865943416,0.0339322889214126,-0.153436372474646,1999,0.567,1,"raw","GSM8641067_C3_D12_ROI1_s1","label_malignant_subset"
"HALLMARK_APICAL_SURFACE",0.230250921600056,0.252141298793186,0.0623352345027863,-0.351171811058974,1999,0.633,1,"raw","GSM8641067_C3_D12_ROI1_s1","label_malignant_subset"
"HALLMARK_APOPTOSIS",0.517538856701486,0.563828175851034,0.0345875062941138,-1.33832484932357,1999,0.8865,1,"raw","GSM8641067_C3_D12_ROI1_s1","label_malignant_subset"
"HALLMARK_BILE_ACID_METABOLISM",0.390728393812718,0.364345303403095,0.0493315291211741,0.53481193223946,1999,0.3005,1,"raw","GSM8641067_C3_D12_ROI1_s1","label_malignant_subset"
"HALLMARK_CHOLESTEROL_HOMEOSTASIS",0.346053505672329,0.41914165173097,0.0515370441394149,-1.41816720921999,1999,0.909,1,"raw","GSM8641067_C3_D12_ROI1_s1","label_malignant_subset"
"HALLMARK_COAGULATION",0.399845193533826,0.511203410507655,0.0421614356178764,-2.64123399362174,1999,0.9875,1,"raw","GSM8641067_C3_D12_ROI1_s1","label_malignant_subset"
"HALLMARK_COMPLEMENT",0.339667913354108,0.553605128627125,0.0348485441039564,-6.13905747783386,1999,1,1,"raw","GSM8641067_C3_D12_ROI1_s1","label_malignant_subset"
"HALLMARK_DNA_REPAIR",0.487820626795757,0.520085551573939,0.0367997212695655,-0.876770901111839,1999,0.8115,1,"raw","GSM8641067_C3_D12_ROI1_s1","label_malignant_subset"
"HALLMARK_E2F_TARGETS",0.331721764964998,0.476959103746934,0.0412971919265102,-3.51688170567121,1999,1,1,"raw","GSM8641067_C3_D12_ROI1_s1","label_malignant_subset"
"HALLMARK_EPITHELIAL_MESENCHYMAL_TRANSITION",0.451175378127623,0.609787763070098,0.0290154382916188,-5.46648247558233,1999,1,1,"raw","GSM8641067_C3_D12_ROI1_s1","label_malignant_subset"
"HALLMARK_ESTROGEN_RESPONSE_EARLY",0.464760417658922,0.520559960553709,0.0358688715804903,-1.55565370294888,1999,0.916,1,"raw","GSM8641067_C3_D12_ROI1_s1","label_malignant_subset"
"HALLMARK_ESTROGEN_RESPONSE_LATE",0.430934218838325,0.515304786767947,0.0387175497002387,-2.17912984119194,1999,0.98,1,"raw","GSM8641067_C3_D12_ROI1_s1","label_malignant_subset"
"HALLMARK_FATTY_ACID_METABOLISM",0.523350053355466,0.509119008403023,0.0380414974914701,0.374092659092451,1999,0.36,1,"raw","GSM8641067_C3_D12_ROI1_s1","label_malignant_subset"
"HALLMARK_G2M_CHECKPOINT",0.381824366163764,0.503866004034949,0.039343252226254,-3.10197126483981,1999,0.9985,1,"raw","GSM8641067_C3_D12_ROI1_s1","label_malignant_subset"
"HALLMARK_GLYCOLYSIS",0.582043168747274,0.541937528050601,0.0363681155791326,1.10276928177399,1999,0.12,1,"raw","GSM8641067_C3_D12_ROI1_s1","label_malignant_subset"
"HALLMARK_HEDGEHOG_SIGNALING",0.260551668927493,0.240944563887414,0.061629825570042,0.318143120781606,1999,0.3825,1,"raw","GSM8641067_C3_D12_ROI1_s1","label_malignant_subset"
"HALLMARK_HEME_METABOLISM",0.469874366271573,0.52853083867573,0.0369385261104497,-1.58794837208092,1999,0.942,1,"raw","GSM8641067_C3_D12_ROI1_s1","label_malignant_subset"
"HALLMARK_HYPOXIA",0.489610513399677,0.569152126891833,0.0341493349185111,-2.32922877361925,1999,0.9895,1,"raw","GSM8641067_C3_D12_ROI1_s1","label_malignant_subset"
"HALLMARK_IL2_STAT5_SIGNALING",0.460023171662073,0.54956938137895,0.0344156379106708,-2.60190469080665,1999,0.99,1,"raw","GSM8641067_C3_D12_ROI1_s1","label_malignant_subset"
"HALLMARK_IL6_JAK_STAT3_SIGNALING",0.322555319800367,0.417246949303048,0.0494964959052673,-1.91309763996049,1999,0.9615,1,"raw","GSM8641067_C3_D12_ROI1_s1","label_malignant_subset"
"HALLMARK_INFLAMMATORY_RESPONSE",0.350772810026532,0.507340234031257,0.0370518048566583,-4.22563555568843,1999,1,1,"raw","GSM8641067_C3_D12_ROI1_s1","label_malignant_subset"
"HALLMARK_INTERFERON_ALPHA_RESPONSE",0.499255379185665,0.487073833392213,0.0427350849696298,0.285047889856992,1999,0.392,1,"raw","GSM8641067_C3_D12_ROI1_s1","label_malignant_subset"
"HALLMARK_INTERFERON_GAMMA_RESPONSE",0.458028565643163,0.567716139976571,0.0317796938062968,-3.45149877786659,1999,1,1,"raw","GSM8641067_C3_D12_ROI1_s1","label_malignant_subset"
"HALLMARK_KRAS_SIGNALING_DN",0.401527255610558,0.294140183984063,0.0470791200451581,2.2809914782496,1999,0.0115,0.2875,"raw","GSM8641067_C3_D12_ROI1_s1","label_malignant_subset"
"HALLMARK_KRAS_SIGNALING_UP",0.461716706215449,0.538280046817717,0.0366650949239178,-2.0881806186822,1999,0.9735,1,"raw","GSM8641067_C3_D12_ROI1_s1","label_malignant_subset"
"HALLMARK_MITOTIC_SPINDLE",0.536753973606346,0.563942663118369,0.0322757417333976,-0.842387751662087,1999,0.778,1,"raw","GSM8641067_C3_D12_ROI1_s1","label_malignant_subset"
"HALLMARK_MTORC1_SIGNALING",0.535667830221715,0.575807522630583,0.0313299612182731,-1.2811918958092,1999,0.888,1,"raw","GSM8641067_C3_D12_ROI1_s1","label_malignant_subset"
"HALLMARK_MYC_TARGETS_V1",0.562892392277403,0.603914453323571,0.0300418579671879,-1.36549680419143,1999,0.9105,1,"raw","GSM8641067_C3_D12_ROI1_s1","label_malignant_subset"
"HALLMARK_MYC_TARGETS_V2",0.267965316103047,0.3199207381317,0.0573568550500234,-0.905827594336197,1999,0.8105,1,"raw","GSM8641067_C3_D12_ROI1_s1","label_malignant_subset"
"HALLMARK_MYOGENESIS",0.522836875702456,0.518123618076693,0.0376596315701784,0.125154108769747,1999,0.4495,1,"raw","GSM8641067_C3_D12_ROI1_s1","label_malignant_subset"
"HALLMARK_NOTCH_SIGNALING",0.370114985842802,0.263062077657248,0.0618736253883183,1.730186448809,1999,0.039,0.65,"raw","GSM8641067_C3_D12_ROI1_s1","label_malignant_subset"
"HALLMARK_OXIDATIVE_PHOSPHORYLATION",0.600903781326709,0.599724144908263,0.0298895021683024,0.0394665796641167,1999,0.4845,1,"raw","GSM8641067_C3_D12_ROI1_s1","label_malignant_subset"
"HALLMARK_P53_PATHWAY",0.561384735985517,0.55956744970562,0.0335777004750176,0.0541218205590991,1999,0.4785,1,"raw","GSM8641067_C3_D12_ROI1_s1","label_malignant_subset"
"HALLMARK_PANCREAS_BETA_CELLS",0.41820220944309,0.258292242274338,0.0610353639530163,2.61995598636632,1999,0.002,0.1,"raw","GSM8641067_C3_D12_ROI1_s1","label_malignant_subset"
"HALLMARK_PEROXISOME",0.412314186461344,0.451182366296876,0.0458854086201468,-0.847070583097426,1999,0.789,1,"raw","GSM8641067_C3_D12_ROI1_s1","label_malignant_subset"
"HALLMARK_PI3K_AKT_MTOR_SIGNALING",0.495674197658968,0.470992566415192,0.0446975696954569,0.552191795033642,1999,0.28,1,"raw","GSM8641067_C3_D12_ROI1_s1","label_malignant_subset"
"HALLMARK_PROTEIN_SECRETION",0.53733595690627,0.520919818398014,0.0430019990622286,0.381752915358659,1999,0.344,1,"raw","GSM8641067_C3_D12_ROI1_s1","label_malignant_subset"
"HALLMARK_REACTIVE_OXYGEN_SPECIES_PATHWAY",0.388328799463647,0.393497647928396,0.0583046635948846,-0.0886524018158074,1999,0.537,1,"raw","GSM8641067_C3_D12_ROI1_s1","label_malignant_subset"
"HALLMARK_SPERMATOGENESIS",0.264634254357098,0.273747478655621,0.0519572523570941,-0.175398503290527,1999,0.5675,1,"raw","GSM8641067_C3_D12_ROI1_s1","label_malignant_subset"
"HALLMARK_TGF_BETA_SIGNALING",0.382593918742371,0.441560014832261,0.0562513870544189,-1.04826030392538,1999,0.8455,1,"raw","GSM8641067_C3_D12_ROI1_s1","label_malignant_subset"
"HALLMARK_TNFA_SIGNALING_VIA_NFKB",0.418427031496329,0.579618675675881,0.0314051774263217,-5.13264555048979,1999,1,1,"raw","GSM8641067_C3_D12_ROI1_s1","label_malignant_subset"
"HALLMARK_UNFOLDED_PROTEIN_RESPONSE",0.541884009508086,0.512929046698007,0.0402305998285564,0.719724859521639,1999,0.2285,1,"raw","GSM8641067_C3_D12_ROI1_s1","label_malignant_subset"
"HALLMARK_UV_RESPONSE_DN",0.539707045622557,0.532242470363302,0.0362896730824864,0.205694199622247,1999,0.4155,1,"raw","GSM8641067_C3_D12_ROI1_s1","label_malignant_subset"
"HALLMARK_UV_RESPONSE_UP",0.43826733058039,0.523496514711688,0.0398065737788385,-2.14108314382503,1999,0.9775,1,"raw","GSM8641067_C3_D12_ROI1_s1","label_malignant_subset"
"HALLMARK_WNT_BETA_CATENIN_SIGNALING",0.354745942525372,0.278296395203607,0.0582534588196146,1.31236065412864,1999,0.0965,1,"raw","GSM8641067_C3_D12_ROI1_s1","label_malignant_subset"
"HALLMARK_XENOBIOTIC_METABOLISM",0.462579238669862,0.520856864628826,0.0360469996166815,-1.61671225285542,1999,0.9385,1,"raw","GSM8641067_C3_D12_ROI1_s1","label_malignant_subset"
