"scenario","method","rep","any_rejection","rejection_fraction","planted_detection","null_rejection_fraction","relative_fdp","elapsed_seconds"
"coherent_strong","SPARKX_ACAT",1,TRUE,1,1,NA,NA,2.28864312171936
"coherent_weak","SPARKX_ACAT",1,TRUE,1,1,NA,NA,2.49809408187866
"correlated_nonspatial","SPARKX_ACAT",1,FALSE,0,NA,0,NA,3.14122009277344
"global_null","SPARKX_ACAT",1,FALSE,0,NA,0,NA,2.68696999549866
"opposing_members","SPARKX_ACAT",1,TRUE,1,1,NA,NA,2.31396794319153
"structured_background","SPARKX_ACAT",1,TRUE,1,NA,NA,NA,2.20547413825989
"coherent_strong","SPARKX_fgsea",1,TRUE,0.25,0.666666666666667,0.111111111111111,0.333333333333333,0.195518016815186
"coherent_weak","SPARKX_fgsea",1,FALSE,0,0,0,0,0.159624099731445
"correlated_nonspatial","SPARKX_fgsea",1,FALSE,0,NA,0,NA,0.198922157287598
"global_null","SPARKX_fgsea",1,FALSE,0,NA,0,NA,0.153892040252686
"opposing_members","SPARKX_fgsea",1,TRUE,0.0833333333333333,0.333333333333333,0,0,0.201375961303711
"structured_background","SPARKX_fgsea",1,FALSE,0,NA,0,NA,0.165688991546631
"coherent_strong","STpathway_dCov",1,TRUE,1,1,NA,NA,0.344551086425781
"coherent_weak","STpathway_dCov",1,TRUE,1,1,NA,NA,0.351439952850342
"correlated_nonspatial","STpathway_dCov",1,FALSE,0,NA,0,NA,0.358841896057129
"global_null","STpathway_dCov",1,FALSE,0,NA,0,NA,0.341039896011353
"opposing_members","STpathway_dCov",1,TRUE,1,1,NA,NA,0.364674091339111
"structured_background","STpathway_dCov",1,TRUE,1,NA,NA,NA,0.349719047546387
"coherent_strong","spatialSVP_matched_none",1,TRUE,0.25,1,0,0,2.54773998260498
"coherent_weak","spatialSVP_matched_none",1,TRUE,0.25,1,0,0,2.87828516960144
"correlated_nonspatial","spatialSVP_matched_none",1,TRUE,0.0833333333333333,NA,0.0833333333333333,NA,2.80397319793701
"global_null","spatialSVP_matched_none",1,FALSE,0,NA,0,NA,3.64646697044373
"opposing_members","spatialSVP_matched_none",1,FALSE,0,0,0,0,3.07413506507874
"structured_background","spatialSVP_matched_none",1,FALSE,0,NA,0,NA,2.71517300605774
"coherent_strong","spatialSVP_matched_pcs",1,FALSE,0,0,0,0,2.54059100151062
"coherent_weak","spatialSVP_matched_pcs",1,TRUE,0.25,1,0,0,2.83046698570251
"correlated_nonspatial","spatialSVP_matched_pcs",1,FALSE,0,NA,0,NA,2.77977824211121
"global_null","spatialSVP_matched_pcs",1,FALSE,0,NA,0,NA,3.1020131111145
"opposing_members","spatialSVP_matched_pcs",1,TRUE,0.25,1,0,0,2.91228199005127
"structured_background","spatialSVP_matched_pcs",1,FALSE,0,NA,0,NA,2.6597011089325
"coherent_strong","spatialSVP_permutation_none",1,TRUE,0.916666666666667,1,NA,NA,0.0714271068572998
"coherent_weak","spatialSVP_permutation_none",1,TRUE,0.833333333333333,1,NA,NA,0.10376501083374
"correlated_nonspatial","spatialSVP_permutation_none",1,TRUE,0.0833333333333333,NA,0.0833333333333333,NA,0.0856399536132812
"global_null","spatialSVP_permutation_none",1,FALSE,0,NA,0,NA,0.0977029800415039
"opposing_members","spatialSVP_permutation_none",1,TRUE,0.833333333333333,1,NA,NA,0.0744171142578125
"structured_background","spatialSVP_permutation_none",1,TRUE,1,NA,NA,NA,0.0788490772247314
"coherent_strong","spatialSVP_permutation_pcs",1,FALSE,0,0,NA,NA,0.0769939422607422
"coherent_weak","spatialSVP_permutation_pcs",1,TRUE,0.25,1,NA,NA,0.0721259117126465
"correlated_nonspatial","spatialSVP_permutation_pcs",1,FALSE,0,NA,0,NA,0.0831000804901123
"global_null","spatialSVP_permutation_pcs",1,FALSE,0,NA,0,NA,0.10447096824646
"opposing_members","spatialSVP_permutation_pcs",1,TRUE,0.0833333333333333,0.333333333333333,NA,NA,0.0957489013671875
"structured_background","spatialSVP_permutation_pcs",1,FALSE,0,NA,NA,NA,0.0727159976959229
"coherent_strong","SPARKX_ACAT",2,TRUE,1,1,NA,NA,2.2060170173645
"coherent_weak","SPARKX_ACAT",2,TRUE,1,1,NA,NA,2.28283214569092
"correlated_nonspatial","SPARKX_ACAT",2,FALSE,0,NA,0,NA,2.90965604782104
"global_null","SPARKX_ACAT",2,FALSE,0,NA,0,NA,2.64494705200195
"opposing_members","SPARKX_ACAT",2,TRUE,1,1,NA,NA,2.35562205314636
"structured_background","SPARKX_ACAT",2,TRUE,1,NA,NA,NA,2.20463991165161
"coherent_strong","SPARKX_fgsea",2,TRUE,0.0833333333333333,0.333333333333333,0,0,0.203076124191284
"coherent_weak","SPARKX_fgsea",2,FALSE,0,0,0,0,0.172379016876221
"correlated_nonspatial","SPARKX_fgsea",2,FALSE,0,NA,0,NA,0.187333822250366
"global_null","SPARKX_fgsea",2,FALSE,0,NA,0,NA,0.164863109588623
"opposing_members","SPARKX_fgsea",2,TRUE,0.0833333333333333,0.333333333333333,0,0,0.247375965118408
"structured_background","SPARKX_fgsea",2,FALSE,0,NA,0,NA,0.159783124923706
"coherent_strong","STpathway_dCov",2,TRUE,1,1,NA,NA,0.341239929199219
"coherent_weak","STpathway_dCov",2,TRUE,1,1,NA,NA,0.360355854034424
"correlated_nonspatial","STpathway_dCov",2,FALSE,0,NA,0,NA,0.356719970703125
"global_null","STpathway_dCov",2,FALSE,0,NA,0,NA,0.321063995361328
"opposing_members","STpathway_dCov",2,TRUE,1,1,NA,NA,0.356388807296753
"structured_background","STpathway_dCov",2,TRUE,1,NA,NA,NA,0.345884084701538
"coherent_strong","spatialSVP_matched_none",2,TRUE,0.25,1,0,0,2.65745091438293
"coherent_weak","spatialSVP_matched_none",2,TRUE,0.25,1,0,0,2.81719589233398
"correlated_nonspatial","spatialSVP_matched_none",2,FALSE,0,NA,0,NA,2.75313806533813
"global_null","spatialSVP_matched_none",2,FALSE,0,NA,0,NA,3.83275175094604
"opposing_members","spatialSVP_matched_none",2,FALSE,0,0,0,0,2.68087005615234
"structured_background","spatialSVP_matched_none",2,FALSE,0,NA,0,NA,2.45368790626526
"coherent_strong","spatialSVP_matched_pcs",2,FALSE,0,0,0,0,2.64067411422729
"coherent_weak","spatialSVP_matched_pcs",2,TRUE,0.25,1,0,0,2.58434891700745
"correlated_nonspatial","spatialSVP_matched_pcs",2,FALSE,0,NA,0,NA,2.7858099937439
"global_null","spatialSVP_matched_pcs",2,FALSE,0,NA,0,NA,3.05437779426575
"opposing_members","spatialSVP_matched_pcs",2,TRUE,0.166666666666667,0.666666666666667,0,0,2.78377914428711
"structured_background","spatialSVP_matched_pcs",2,FALSE,0,NA,0,NA,2.54862666130066
"coherent_strong","spatialSVP_permutation_none",2,TRUE,1,1,NA,NA,0.217753171920776
"coherent_weak","spatialSVP_permutation_none",2,TRUE,0.916666666666667,1,NA,NA,0.217610120773315
"correlated_nonspatial","spatialSVP_permutation_none",2,FALSE,0,NA,0,NA,0.0798039436340332
"global_null","spatialSVP_permutation_none",2,FALSE,0,NA,0,NA,0.0963928699493408
"opposing_members","spatialSVP_permutation_none",2,TRUE,1,1,NA,NA,0.0860559940338135
"structured_background","spatialSVP_permutation_none",2,TRUE,0.833333333333333,NA,NA,NA,0.0607287883758545
"coherent_strong","spatialSVP_permutation_pcs",2,FALSE,0,0,NA,NA,0.203505992889404
"coherent_weak","spatialSVP_permutation_pcs",2,TRUE,0.25,1,NA,NA,0.0782930850982666
"correlated_nonspatial","spatialSVP_permutation_pcs",2,FALSE,0,NA,0,NA,0.0692651271820068
"global_null","spatialSVP_permutation_pcs",2,FALSE,0,NA,0,NA,0.0914609432220459
"opposing_members","spatialSVP_permutation_pcs",2,TRUE,0.0833333333333333,0.333333333333333,NA,NA,0.0830190181732178
"structured_background","spatialSVP_permutation_pcs",2,FALSE,0,NA,NA,NA,0.0733418464660645
"coherent_strong","SPARKX_ACAT",3,TRUE,1,1,NA,NA,2.31153178215027
"coherent_weak","SPARKX_ACAT",3,TRUE,1,1,NA,NA,2.31706309318542
"correlated_nonspatial","SPARKX_ACAT",3,FALSE,0,NA,0,NA,3.24647498130798
"global_null","SPARKX_ACAT",3,FALSE,0,NA,0,NA,2.67140007019043
"opposing_members","SPARKX_ACAT",3,TRUE,1,1,NA,NA,2.65933012962341
"structured_background","SPARKX_ACAT",3,TRUE,1,NA,NA,NA,2.36663389205933
"coherent_strong","SPARKX_fgsea",3,TRUE,0.166666666666667,0.666666666666667,0,0,0.237052917480469
"coherent_weak","SPARKX_fgsea",3,FALSE,0,0,0,0,0.165174007415771
"correlated_nonspatial","SPARKX_fgsea",3,TRUE,0.0833333333333333,NA,0.0833333333333333,NA,0.201401948928833
"global_null","SPARKX_fgsea",3,FALSE,0,NA,0,NA,0.157525062561035
"opposing_members","SPARKX_fgsea",3,TRUE,0.0833333333333333,0.333333333333333,0,0,0.193226099014282
"structured_background","SPARKX_fgsea",3,FALSE,0,NA,0,NA,0.152238130569458
"coherent_strong","STpathway_dCov",3,TRUE,1,1,NA,NA,0.350579977035522
"coherent_weak","STpathway_dCov",3,TRUE,1,1,NA,NA,0.353145837783813
"correlated_nonspatial","STpathway_dCov",3,FALSE,0,NA,0,NA,0.354960918426514
"global_null","STpathway_dCov",3,FALSE,0,NA,0,NA,0.349689960479736
"opposing_members","STpathway_dCov",3,TRUE,1,1,NA,NA,0.357342958450317
"structured_background","STpathway_dCov",3,TRUE,1,NA,NA,NA,0.353462934494019
"coherent_strong","spatialSVP_matched_none",3,TRUE,0.333333333333333,1,0.111111111111111,0.25,2.50041389465332
"coherent_weak","spatialSVP_matched_none",3,TRUE,0.25,1,0,0,2.83982110023499
"correlated_nonspatial","spatialSVP_matched_none",3,FALSE,0,NA,0,NA,2.38853287696838
"global_null","spatialSVP_matched_none",3,FALSE,0,NA,0,NA,3.65131711959839
"opposing_members","spatialSVP_matched_none",3,FALSE,0,0,0,0,2.78852891921997
"structured_background","spatialSVP_matched_none",3,FALSE,0,NA,0,NA,2.61678719520569
"coherent_strong","spatialSVP_matched_pcs",3,FALSE,0,0,0,0,2.52054190635681
"coherent_weak","spatialSVP_matched_pcs",3,TRUE,0.25,1,0,0,2.6592960357666
"correlated_nonspatial","spatialSVP_matched_pcs",3,FALSE,0,NA,0,NA,2.60863423347473
"global_null","spatialSVP_matched_pcs",3,FALSE,0,NA,0,NA,2.95827221870422
"opposing_members","spatialSVP_matched_pcs",3,TRUE,0.166666666666667,0.666666666666667,0,0,2.65795588493347
"structured_background","spatialSVP_matched_pcs",3,FALSE,0,NA,0,NA,2.44604301452637
"coherent_strong","spatialSVP_permutation_none",3,TRUE,1,1,NA,NA,0.0728170871734619
"coherent_weak","spatialSVP_permutation_none",3,TRUE,0.833333333333333,1,NA,NA,0.0747439861297607
"correlated_nonspatial","spatialSVP_permutation_none",3,FALSE,0,NA,0,NA,0.24561619758606
"global_null","spatialSVP_permutation_none",3,FALSE,0,NA,0,NA,0.110174894332886
"opposing_members","spatialSVP_permutation_none",3,TRUE,1,1,NA,NA,0.208992004394531
"structured_background","spatialSVP_permutation_none",3,TRUE,0.916666666666667,NA,NA,NA,0.0881659984588623
"coherent_strong","spatialSVP_permutation_pcs",3,FALSE,0,0,NA,NA,0.0922160148620605
"coherent_weak","spatialSVP_permutation_pcs",3,TRUE,0.25,1,NA,NA,0.0745141506195068
"correlated_nonspatial","spatialSVP_permutation_pcs",3,FALSE,0,NA,0,NA,0.085148811340332
"global_null","spatialSVP_permutation_pcs",3,FALSE,0,NA,0,NA,0.0994620323181152
"opposing_members","spatialSVP_permutation_pcs",3,TRUE,0.166666666666667,0.666666666666667,NA,NA,0.0838980674743652
"structured_background","spatialSVP_permutation_pcs",3,FALSE,0,NA,NA,NA,0.0725500583648682
"coherent_strong","SPARKX_ACAT",4,TRUE,1,1,NA,NA,2.49322700500488
"coherent_weak","SPARKX_ACAT",4,TRUE,0.916666666666667,1,NA,NA,2.25714898109436
"correlated_nonspatial","SPARKX_ACAT",4,FALSE,0,NA,0,NA,2.98694610595703
"global_null","SPARKX_ACAT",4,FALSE,0,NA,0,NA,2.58852100372314
"opposing_members","SPARKX_ACAT",4,TRUE,1,1,NA,NA,2.23150300979614
"structured_background","SPARKX_ACAT",4,TRUE,1,NA,NA,NA,2.17780494689941
"coherent_strong","SPARKX_fgsea",4,TRUE,0.166666666666667,0.666666666666667,0,0,0.201113939285278
"coherent_weak","SPARKX_fgsea",4,FALSE,0,0,0,0,0.188988924026489
"correlated_nonspatial","SPARKX_fgsea",4,FALSE,0,NA,0,NA,0.186969995498657
"global_null","SPARKX_fgsea",4,FALSE,0,NA,0,NA,0.160610914230347
"opposing_members","SPARKX_fgsea",4,TRUE,0.0833333333333333,0.333333333333333,0,0,0.19399619102478
"structured_background","SPARKX_fgsea",4,FALSE,0,NA,0,NA,0.165925025939941
"coherent_strong","STpathway_dCov",4,TRUE,1,1,NA,NA,0.340320110321045
"coherent_weak","STpathway_dCov",4,TRUE,1,1,NA,NA,0.346534013748169
"correlated_nonspatial","STpathway_dCov",4,FALSE,0,NA,0,NA,0.371133089065552
"global_null","STpathway_dCov",4,FALSE,0,NA,0,NA,0.328876972198486
"opposing_members","STpathway_dCov",4,TRUE,1,1,NA,NA,0.350001096725464
"structured_background","STpathway_dCov",4,TRUE,1,NA,NA,NA,0.338077068328857
"coherent_strong","spatialSVP_matched_none",4,TRUE,0.25,1,0,0,2.85380816459656
"coherent_weak","spatialSVP_matched_none",4,TRUE,0.25,1,0,0,2.70379018783569
"correlated_nonspatial","spatialSVP_matched_none",4,FALSE,0,NA,0,NA,2.97784304618835
"global_null","spatialSVP_matched_none",4,TRUE,0.0833333333333333,NA,0.0833333333333333,NA,3.55259490013123
"opposing_members","spatialSVP_matched_none",4,FALSE,0,0,0,0,2.54465413093567
"structured_background","spatialSVP_matched_none",4,FALSE,0,NA,0,NA,2.536217212677
"coherent_strong","spatialSVP_matched_pcs",4,FALSE,0,0,0,0,2.8567910194397
"coherent_weak","spatialSVP_matched_pcs",4,TRUE,0.25,1,0,0,2.62069296836853
"correlated_nonspatial","spatialSVP_matched_pcs",4,FALSE,0,NA,0,NA,2.93962216377258
"global_null","spatialSVP_matched_pcs",4,FALSE,0,NA,0,NA,2.76600503921509
"opposing_members","spatialSVP_matched_pcs",4,TRUE,0.0833333333333333,0.333333333333333,0,0,2.54927897453308
"structured_background","spatialSVP_matched_pcs",4,FALSE,0,NA,0,NA,2.56211805343628
"coherent_strong","spatialSVP_permutation_none",4,TRUE,1,1,NA,NA,0.0839641094207764
"coherent_weak","spatialSVP_permutation_none",4,TRUE,0.916666666666667,1,NA,NA,0.0792670249938965
"correlated_nonspatial","spatialSVP_permutation_none",4,FALSE,0,NA,0,NA,0.223780155181885
"global_null","spatialSVP_permutation_none",4,TRUE,0.0833333333333333,NA,0.0833333333333333,NA,0.237848043441772
"opposing_members","spatialSVP_permutation_none",4,TRUE,1,1,NA,NA,0.110129833221436
"structured_background","spatialSVP_permutation_none",4,TRUE,0.833333333333333,NA,NA,NA,0.0738790035247803
"coherent_strong","spatialSVP_permutation_pcs",4,FALSE,0,0,NA,NA,0.0883269309997559
"coherent_weak","spatialSVP_permutation_pcs",4,TRUE,0.25,1,NA,NA,0.221664190292358
"correlated_nonspatial","spatialSVP_permutation_pcs",4,FALSE,0,NA,0,NA,0.211839914321899
"global_null","spatialSVP_permutation_pcs",4,FALSE,0,NA,0,NA,0.114722013473511
"opposing_members","spatialSVP_permutation_pcs",4,TRUE,0.0833333333333333,0.333333333333333,NA,NA,0.0850870609283447
"structured_background","spatialSVP_permutation_pcs",4,FALSE,0,NA,NA,NA,0.070159912109375
"coherent_strong","SPARKX_ACAT",5,TRUE,1,1,NA,NA,2.33384299278259
"coherent_weak","SPARKX_ACAT",5,TRUE,1,1,NA,NA,2.27721095085144
"correlated_nonspatial","SPARKX_ACAT",5,FALSE,0,NA,0,NA,3.0410749912262
"global_null","SPARKX_ACAT",5,FALSE,0,NA,0,NA,2.45027303695679
"opposing_members","SPARKX_ACAT",5,TRUE,1,1,NA,NA,2.51514196395874
"structured_background","SPARKX_ACAT",5,TRUE,1,NA,NA,NA,2.07943892478943
"coherent_strong","SPARKX_fgsea",5,TRUE,0.166666666666667,0.666666666666667,0,0,0.217994928359985
"coherent_weak","SPARKX_fgsea",5,TRUE,0.166666666666667,0,0.222222222222222,1,0.1858229637146
"correlated_nonspatial","SPARKX_fgsea",5,FALSE,0,NA,0,NA,0.230103015899658
"global_null","SPARKX_fgsea",5,FALSE,0,NA,0,NA,0.156659126281738
"opposing_members","SPARKX_fgsea",5,TRUE,0.0833333333333333,0.333333333333333,0,0,0.199985027313232
"structured_background","SPARKX_fgsea",5,FALSE,0,NA,0,NA,0.175660848617554
"coherent_strong","STpathway_dCov",5,TRUE,1,1,NA,NA,0.353473901748657
"coherent_weak","STpathway_dCov",5,TRUE,1,1,NA,NA,0.335992813110352
"correlated_nonspatial","STpathway_dCov",5,FALSE,0,NA,0,NA,0.365921020507812
"global_null","STpathway_dCov",5,FALSE,0,NA,0,NA,0.337541818618774
"opposing_members","STpathway_dCov",5,TRUE,1,1,NA,NA,0.339175939559937
"structured_background","STpathway_dCov",5,TRUE,1,NA,NA,NA,0.327768802642822
"coherent_strong","spatialSVP_matched_none",5,TRUE,0.333333333333333,1,0.111111111111111,0.25,2.76458811759949
"coherent_weak","spatialSVP_matched_none",5,TRUE,0.333333333333333,1,0.111111111111111,0.25,2.47896003723145
"correlated_nonspatial","spatialSVP_matched_none",5,FALSE,0,NA,0,NA,2.80800294876099
"global_null","spatialSVP_matched_none",5,FALSE,0,NA,0,NA,2.54188203811646
"opposing_members","spatialSVP_matched_none",5,FALSE,0,0,0,0,2.61281180381775
"structured_background","spatialSVP_matched_none",5,FALSE,0,NA,0,NA,2.39008688926697
"coherent_strong","spatialSVP_matched_pcs",5,FALSE,0,0,0,0,2.63716411590576
"coherent_weak","spatialSVP_matched_pcs",5,TRUE,0.25,1,0,0,2.48236107826233
"correlated_nonspatial","spatialSVP_matched_pcs",5,FALSE,0,NA,0,NA,2.66028594970703
"global_null","spatialSVP_matched_pcs",5,FALSE,0,NA,0,NA,2.64108514785767
"opposing_members","spatialSVP_matched_pcs",5,TRUE,0.166666666666667,0.666666666666667,0,0,2.61174893379211
"structured_background","spatialSVP_matched_pcs",5,FALSE,0,NA,0,NA,2.40298795700073
"coherent_strong","spatialSVP_permutation_none",5,TRUE,0.916666666666667,1,NA,NA,0.0773470401763916
"coherent_weak","spatialSVP_permutation_none",5,TRUE,0.75,1,NA,NA,0.0776278972625732
"correlated_nonspatial","spatialSVP_permutation_none",5,FALSE,0,NA,0,NA,0.0843620300292969
"global_null","spatialSVP_permutation_none",5,FALSE,0,NA,0,NA,0.113252878189087
"opposing_members","spatialSVP_permutation_none",5,TRUE,0.916666666666667,1,NA,NA,0.211696863174438
"structured_background","spatialSVP_permutation_none",5,TRUE,0.916666666666667,NA,NA,NA,0.0866329669952393
"coherent_strong","spatialSVP_permutation_pcs",5,FALSE,0,0,NA,NA,0.0697929859161377
"coherent_weak","spatialSVP_permutation_pcs",5,TRUE,0.25,1,NA,NA,0.0971889495849609
"correlated_nonspatial","spatialSVP_permutation_pcs",5,FALSE,0,NA,0,NA,0.0788259506225586
"global_null","spatialSVP_permutation_pcs",5,FALSE,0,NA,0,NA,0.252555131912231
"opposing_members","spatialSVP_permutation_pcs",5,TRUE,0.166666666666667,0.666666666666667,NA,NA,0.082150936126709
"structured_background","spatialSVP_permutation_pcs",5,FALSE,0,NA,NA,NA,0.0881710052490234
"coherent_strong","SPARKX_ACAT",6,TRUE,1,1,NA,NA,2.20628309249878
"coherent_weak","SPARKX_ACAT",6,TRUE,1,1,NA,NA,2.27108311653137
"correlated_nonspatial","SPARKX_ACAT",6,FALSE,0,NA,0,NA,2.91358590126038
"global_null","SPARKX_ACAT",6,FALSE,0,NA,0,NA,2.55250406265259
"opposing_members","SPARKX_ACAT",6,TRUE,1,1,NA,NA,2.40023398399353
"structured_background","SPARKX_ACAT",6,TRUE,1,NA,NA,NA,2.08454895019531
"coherent_strong","SPARKX_fgsea",6,TRUE,0.25,0.666666666666667,0.111111111111111,0.333333333333333,0.220854997634888
"coherent_weak","SPARKX_fgsea",6,FALSE,0,0,0,0,0.173271179199219
"correlated_nonspatial","SPARKX_fgsea",6,TRUE,0.0833333333333333,NA,0.0833333333333333,NA,0.240858793258667
"global_null","SPARKX_fgsea",6,FALSE,0,NA,0,NA,0.200117111206055
"opposing_members","SPARKX_fgsea",6,TRUE,0.0833333333333333,0.333333333333333,0,0,0.196525096893311
"structured_background","SPARKX_fgsea",6,FALSE,0,NA,0,NA,0.150385141372681
"coherent_strong","STpathway_dCov",6,TRUE,1,1,NA,NA,0.355226993560791
"coherent_weak","STpathway_dCov",6,TRUE,1,1,NA,NA,0.34185004234314
"correlated_nonspatial","STpathway_dCov",6,FALSE,0,NA,0,NA,0.355898857116699
"global_null","STpathway_dCov",6,FALSE,0,NA,0,NA,0.328265190124512
"opposing_members","STpathway_dCov",6,TRUE,1,1,NA,NA,0.353859901428223
"structured_background","STpathway_dCov",6,TRUE,1,NA,NA,NA,0.315051078796387
"coherent_strong","spatialSVP_matched_none",6,TRUE,0.25,1,0,0,2.86821293830872
"coherent_weak","spatialSVP_matched_none",6,TRUE,0.25,1,0,0,2.8100950717926
"correlated_nonspatial","spatialSVP_matched_none",6,FALSE,0,NA,0,NA,2.74843287467957
"global_null","spatialSVP_matched_none",6,FALSE,0,NA,0,NA,2.72340297698975
"opposing_members","spatialSVP_matched_none",6,FALSE,0,0,0,0,2.69883394241333
"structured_background","spatialSVP_matched_none",6,FALSE,0,NA,0,NA,2.29084730148315
"coherent_strong","spatialSVP_matched_pcs",6,FALSE,0,0,0,0,2.56985187530518
"coherent_weak","spatialSVP_matched_pcs",6,TRUE,0.25,1,0,0,2.66046285629272
"correlated_nonspatial","spatialSVP_matched_pcs",6,FALSE,0,NA,0,NA,2.90599989891052
"global_null","spatialSVP_matched_pcs",6,FALSE,0,NA,0,NA,2.63197612762451
"opposing_members","spatialSVP_matched_pcs",6,TRUE,0.25,1,0,0,2.58352208137512
"structured_background","spatialSVP_matched_pcs",6,FALSE,0,NA,0,NA,2.52217626571655
"coherent_strong","spatialSVP_permutation_none",6,TRUE,1,1,NA,NA,0.225054025650024
"coherent_weak","spatialSVP_permutation_none",6,TRUE,0.833333333333333,1,NA,NA,0.0708050727844238
"correlated_nonspatial","spatialSVP_permutation_none",6,FALSE,0,NA,0,NA,0.0690131187438965
"global_null","spatialSVP_permutation_none",6,FALSE,0,NA,0,NA,0.0887980461120605
"opposing_members","spatialSVP_permutation_none",6,TRUE,1,1,NA,NA,0.0631210803985596
"structured_background","spatialSVP_permutation_none",6,TRUE,0.833333333333333,NA,NA,NA,0.198164939880371
"coherent_strong","spatialSVP_permutation_pcs",6,FALSE,0,0,NA,NA,0.201083898544312
"coherent_weak","spatialSVP_permutation_pcs",6,TRUE,0.25,1,NA,NA,0.0794079303741455
"correlated_nonspatial","spatialSVP_permutation_pcs",6,FALSE,0,NA,0,NA,0.0801620483398438
"global_null","spatialSVP_permutation_pcs",6,FALSE,0,NA,0,NA,0.101671934127808
"opposing_members","spatialSVP_permutation_pcs",6,TRUE,0.25,1,NA,NA,0.0794529914855957
"structured_background","spatialSVP_permutation_pcs",6,FALSE,0,NA,NA,NA,0.0576908588409424
"coherent_strong","SPARKX_ACAT",7,TRUE,0.916666666666667,1,NA,NA,2.46318507194519
"coherent_weak","SPARKX_ACAT",7,TRUE,1,1,NA,NA,2.31715106964111
"correlated_nonspatial","SPARKX_ACAT",7,FALSE,0,NA,0,NA,2.93846702575684
"global_null","SPARKX_ACAT",7,FALSE,0,NA,0,NA,2.49492406845093
"opposing_members","SPARKX_ACAT",7,TRUE,1,1,NA,NA,2.38585686683655
"structured_background","SPARKX_ACAT",7,TRUE,1,NA,NA,NA,2.06005883216858
"coherent_strong","SPARKX_fgsea",7,TRUE,0.0833333333333333,0.333333333333333,0,0,0.218631982803345
"coherent_weak","SPARKX_fgsea",7,FALSE,0,0,0,0,0.16469407081604
"correlated_nonspatial","SPARKX_fgsea",7,FALSE,0,NA,0,NA,0.217006921768188
"global_null","SPARKX_fgsea",7,FALSE,0,NA,0,NA,0.1876540184021
"opposing_members","SPARKX_fgsea",7,TRUE,0.0833333333333333,0.333333333333333,0,0,0.206705093383789
"structured_background","SPARKX_fgsea",7,FALSE,0,NA,0,NA,0.167772054672241
"coherent_strong","STpathway_dCov",7,TRUE,1,1,NA,NA,0.360750198364258
"coherent_weak","STpathway_dCov",7,TRUE,1,1,NA,NA,0.342142820358276
"correlated_nonspatial","STpathway_dCov",7,FALSE,0,NA,0,NA,0.360865116119385
"global_null","STpathway_dCov",7,TRUE,0.0833333333333333,NA,0.0833333333333333,NA,0.330995082855225
"opposing_members","STpathway_dCov",7,TRUE,1,1,NA,NA,0.354312896728516
"structured_background","STpathway_dCov",7,TRUE,1,NA,NA,NA,0.314641952514648
"coherent_strong","spatialSVP_matched_none",7,TRUE,0.25,1,0,0,2.73876023292542
"coherent_weak","spatialSVP_matched_none",7,TRUE,0.25,1,0,0,2.38523507118225
"correlated_nonspatial","spatialSVP_matched_none",7,FALSE,0,NA,0,NA,2.83429718017578
"global_null","spatialSVP_matched_none",7,FALSE,0,NA,0,NA,2.52624273300171
"opposing_members","spatialSVP_matched_none",7,FALSE,0,0,0,0,2.84618401527405
"structured_background","spatialSVP_matched_none",7,FALSE,0,NA,0,NA,2.63216495513916
"coherent_strong","spatialSVP_matched_pcs",7,FALSE,0,0,0,0,2.79007506370544
"coherent_weak","spatialSVP_matched_pcs",7,TRUE,0.333333333333333,1,0.111111111111111,0.25,2.5385160446167
"correlated_nonspatial","spatialSVP_matched_pcs",7,FALSE,0,NA,0,NA,2.5690701007843
"global_null","spatialSVP_matched_pcs",7,FALSE,0,NA,0,NA,2.56323385238647
"opposing_members","spatialSVP_matched_pcs",7,TRUE,0.0833333333333333,0.333333333333333,0,0,2.71555280685425
"structured_background","spatialSVP_matched_pcs",7,FALSE,0,NA,0,NA,2.61002492904663
"coherent_strong","spatialSVP_permutation_none",7,TRUE,1,1,NA,NA,0.0816638469696045
"coherent_weak","spatialSVP_permutation_none",7,TRUE,0.916666666666667,1,NA,NA,0.220728874206543
"correlated_nonspatial","spatialSVP_permutation_none",7,FALSE,0,NA,0,NA,0.0611929893493652
"global_null","spatialSVP_permutation_none",7,FALSE,0,NA,0,NA,0.240464925765991
"opposing_members","spatialSVP_permutation_none",7,TRUE,1,1,NA,NA,0.0834310054779053
"structured_background","spatialSVP_permutation_none",7,TRUE,0.916666666666667,NA,NA,NA,0.0760829448699951
"coherent_strong","spatialSVP_permutation_pcs",7,FALSE,0,0,NA,NA,0.0829319953918457
"coherent_weak","spatialSVP_permutation_pcs",7,TRUE,0.25,1,NA,NA,0.068051815032959
"correlated_nonspatial","spatialSVP_permutation_pcs",7,FALSE,0,NA,0,NA,0.0736589431762695
"global_null","spatialSVP_permutation_pcs",7,FALSE,0,NA,0,NA,0.252167940139771
"opposing_members","spatialSVP_permutation_pcs",7,TRUE,0.0833333333333333,0.333333333333333,NA,NA,0.09592604637146
"structured_background","spatialSVP_permutation_pcs",7,FALSE,0,NA,NA,NA,0.0788280963897705
"coherent_strong","SPARKX_ACAT",8,TRUE,1,1,NA,NA,2.2354211807251
"coherent_weak","SPARKX_ACAT",8,TRUE,0.916666666666667,1,NA,NA,2.24986410140991
"correlated_nonspatial","SPARKX_ACAT",8,FALSE,0,NA,0,NA,2.93872404098511
"global_null","SPARKX_ACAT",8,FALSE,0,NA,0,NA,2.61634206771851
"opposing_members","SPARKX_ACAT",8,TRUE,1,1,NA,NA,2.51221203804016
"structured_background","SPARKX_ACAT",8,TRUE,1,NA,NA,NA,2.19495606422424
"coherent_strong","SPARKX_fgsea",8,TRUE,0.166666666666667,0.666666666666667,0,0,0.195353984832764
"coherent_weak","SPARKX_fgsea",8,FALSE,0,0,0,0,0.164346933364868
"correlated_nonspatial","SPARKX_fgsea",8,FALSE,0,NA,0,NA,0.19492506980896
"global_null","SPARKX_fgsea",8,FALSE,0,NA,0,NA,0.137964963912964
"opposing_members","SPARKX_fgsea",8,TRUE,0.0833333333333333,0.333333333333333,0,0,0.209285974502563
"structured_background","SPARKX_fgsea",8,FALSE,0,NA,0,NA,0.150938034057617
"coherent_strong","STpathway_dCov",8,TRUE,1,1,NA,NA,0.337983846664429
"coherent_weak","STpathway_dCov",8,TRUE,1,1,NA,NA,0.321204900741577
"correlated_nonspatial","STpathway_dCov",8,FALSE,0,NA,0,NA,0.352197885513306
"global_null","STpathway_dCov",8,FALSE,0,NA,0,NA,0.333382129669189
"opposing_members","STpathway_dCov",8,TRUE,1,1,NA,NA,0.36699390411377
"structured_background","STpathway_dCov",8,TRUE,1,NA,NA,NA,0.316193103790283
"coherent_strong","spatialSVP_matched_none",8,TRUE,0.25,1,0,0,2.62385988235474
"coherent_weak","spatialSVP_matched_none",8,TRUE,0.25,1,0,0,2.77163696289062
"correlated_nonspatial","spatialSVP_matched_none",8,FALSE,0,NA,0,NA,2.69127988815308
"global_null","spatialSVP_matched_none",8,FALSE,0,NA,0,NA,2.75299596786499
"opposing_members","spatialSVP_matched_none",8,FALSE,0,0,0,0,2.72691106796265
"structured_background","spatialSVP_matched_none",8,FALSE,0,NA,0,NA,2.22129893302917
"coherent_strong","spatialSVP_matched_pcs",8,FALSE,0,0,0,0,2.76626801490784
"coherent_weak","spatialSVP_matched_pcs",8,TRUE,0.25,1,0,0,2.52751207351685
"correlated_nonspatial","spatialSVP_matched_pcs",8,FALSE,0,NA,0,NA,2.75313401222229
"global_null","spatialSVP_matched_pcs",8,FALSE,0,NA,0,NA,2.64345574378967
"opposing_members","spatialSVP_matched_pcs",8,TRUE,0.166666666666667,0.666666666666667,0,0,2.62074303627014
"structured_background","spatialSVP_matched_pcs",8,FALSE,0,NA,0,NA,2.52728891372681
"coherent_strong","spatialSVP_permutation_none",8,TRUE,1,1,NA,NA,0.103802919387817
"coherent_weak","spatialSVP_permutation_none",8,TRUE,1,1,NA,NA,0.202874898910522
"correlated_nonspatial","spatialSVP_permutation_none",8,FALSE,0,NA,0,NA,0.100461959838867
"global_null","spatialSVP_permutation_none",8,FALSE,0,NA,0,NA,0.242645978927612
"opposing_members","spatialSVP_permutation_none",8,TRUE,1,1,NA,NA,0.081305980682373
"structured_background","spatialSVP_permutation_none",8,TRUE,0.916666666666667,NA,NA,NA,0.0805249214172363
"coherent_strong","spatialSVP_permutation_pcs",8,FALSE,0,0,NA,NA,0.0775961875915527
"coherent_weak","spatialSVP_permutation_pcs",8,TRUE,0.25,1,NA,NA,0.0852880477905273
"correlated_nonspatial","spatialSVP_permutation_pcs",8,FALSE,0,NA,0,NA,0.0829000473022461
"global_null","spatialSVP_permutation_pcs",8,FALSE,0,NA,0,NA,0.0830459594726562
"opposing_members","spatialSVP_permutation_pcs",8,TRUE,0.0833333333333333,0.333333333333333,NA,NA,0.0823230743408203
"structured_background","spatialSVP_permutation_pcs",8,FALSE,0,NA,NA,NA,0.0614750385284424
"coherent_strong","SPARKX_ACAT",9,TRUE,1,1,NA,NA,2.51641893386841
"coherent_weak","SPARKX_ACAT",9,TRUE,1,1,NA,NA,2.26886701583862
"correlated_nonspatial","SPARKX_ACAT",9,FALSE,0,NA,0,NA,2.82144284248352
"global_null","SPARKX_ACAT",9,FALSE,0,NA,0,NA,2.58674693107605
"opposing_members","SPARKX_ACAT",9,TRUE,1,1,NA,NA,2.47766208648682
"structured_background","SPARKX_ACAT",9,TRUE,1,NA,NA,NA,2.15804815292358
"coherent_strong","SPARKX_fgsea",9,TRUE,0.166666666666667,0.333333333333333,0.111111111111111,0.5,0.187497854232788
"coherent_weak","SPARKX_fgsea",9,FALSE,0,0,0,0,0.172894954681396
"correlated_nonspatial","SPARKX_fgsea",9,FALSE,0,NA,0,NA,0.180382966995239
"global_null","SPARKX_fgsea",9,FALSE,0,NA,0,NA,0.160904169082642
"opposing_members","SPARKX_fgsea",9,TRUE,0.0833333333333333,0.333333333333333,0,0,0.216205835342407
"structured_background","SPARKX_fgsea",9,FALSE,0,NA,0,NA,0.155569076538086
"coherent_strong","STpathway_dCov",9,TRUE,1,1,NA,NA,0.3628249168396
"coherent_weak","STpathway_dCov",9,TRUE,1,1,NA,NA,0.339006900787354
"correlated_nonspatial","STpathway_dCov",9,FALSE,0,NA,0,NA,0.346045970916748
"global_null","STpathway_dCov",9,FALSE,0,NA,0,NA,0.334190130233765
"opposing_members","STpathway_dCov",9,TRUE,1,1,NA,NA,0.373692989349365
"structured_background","STpathway_dCov",9,TRUE,1,NA,NA,NA,0.352198839187622
"coherent_strong","spatialSVP_matched_none",9,TRUE,0.25,1,0,0,2.87547707557678
"coherent_weak","spatialSVP_matched_none",9,TRUE,0.25,1,0,0,2.47648215293884
"correlated_nonspatial","spatialSVP_matched_none",9,FALSE,0,NA,0,NA,2.43843579292297
"global_null","spatialSVP_matched_none",9,FALSE,0,NA,0,NA,2.69022798538208
"opposing_members","spatialSVP_matched_none",9,FALSE,0,0,0,0,2.69033789634705
"structured_background","spatialSVP_matched_none",9,FALSE,0,NA,0,NA,2.51075720787048
"coherent_strong","spatialSVP_matched_pcs",9,FALSE,0,0,0,0,2.85788989067078
"coherent_weak","spatialSVP_matched_pcs",9,TRUE,0.25,1,0,0,2.47920489311218
"correlated_nonspatial","spatialSVP_matched_pcs",9,FALSE,0,NA,0,NA,2.44819712638855
"global_null","spatialSVP_matched_pcs",9,FALSE,0,NA,0,NA,2.77699995040894
"opposing_members","spatialSVP_matched_pcs",9,TRUE,0.25,1,0,0,2.71194911003113
"structured_background","spatialSVP_matched_pcs",9,FALSE,0,NA,0,NA,2.62106394767761
"coherent_strong","spatialSVP_permutation_none",9,TRUE,1,1,NA,NA,0.0762588977813721
"coherent_weak","spatialSVP_permutation_none",9,TRUE,1,1,NA,NA,0.0804660320281982
"correlated_nonspatial","spatialSVP_permutation_none",9,FALSE,0,NA,0,NA,0.0859050750732422
"global_null","spatialSVP_permutation_none",9,FALSE,0,NA,0,NA,0.101832866668701
"opposing_members","spatialSVP_permutation_none",9,TRUE,1,1,NA,NA,0.0766670703887939
"structured_background","spatialSVP_permutation_none",9,TRUE,0.916666666666667,NA,NA,NA,0.0673661231994629
"coherent_strong","spatialSVP_permutation_pcs",9,FALSE,0,0,NA,NA,0.0854048728942871
"coherent_weak","spatialSVP_permutation_pcs",9,TRUE,0.25,1,NA,NA,0.065730094909668
"correlated_nonspatial","spatialSVP_permutation_pcs",9,FALSE,0,NA,0,NA,0.0864560604095459
"global_null","spatialSVP_permutation_pcs",9,FALSE,0,NA,0,NA,0.105139970779419
"opposing_members","spatialSVP_permutation_pcs",9,TRUE,0.25,1,NA,NA,0.0907399654388428
"structured_background","spatialSVP_permutation_pcs",9,FALSE,0,NA,NA,NA,0.0793218612670898
"coherent_strong","SPARKX_ACAT",10,TRUE,1,1,NA,NA,2.38392496109009
"coherent_weak","SPARKX_ACAT",10,TRUE,1,1,NA,NA,2.30043411254883
"correlated_nonspatial","SPARKX_ACAT",10,FALSE,0,NA,0,NA,2.82735800743103
"global_null","SPARKX_ACAT",10,FALSE,0,NA,0,NA,2.47618389129639
"opposing_members","SPARKX_ACAT",10,TRUE,1,1,NA,NA,2.45154809951782
"structured_background","SPARKX_ACAT",10,TRUE,1,NA,NA,NA,2.1628589630127
"coherent_strong","SPARKX_fgsea",10,TRUE,0.166666666666667,0.666666666666667,0,0,0.192768096923828
"coherent_weak","SPARKX_fgsea",10,FALSE,0,0,0,0,0.178546190261841
"correlated_nonspatial","SPARKX_fgsea",10,FALSE,0,NA,0,NA,0.179511785507202
"global_null","SPARKX_fgsea",10,FALSE,0,NA,0,NA,0.149029016494751
"opposing_members","SPARKX_fgsea",10,TRUE,0.166666666666667,0.333333333333333,0.111111111111111,0.5,0.195108890533447
"structured_background","SPARKX_fgsea",10,FALSE,0,NA,0,NA,0.155320882797241
"coherent_strong","STpathway_dCov",10,TRUE,1,1,NA,NA,0.347943067550659
"coherent_weak","STpathway_dCov",10,TRUE,1,1,NA,NA,0.330056190490723
"correlated_nonspatial","STpathway_dCov",10,FALSE,0,NA,0,NA,0.335429906845093
"global_null","STpathway_dCov",10,FALSE,0,NA,0,NA,0.332310914993286
"opposing_members","STpathway_dCov",10,TRUE,1,1,NA,NA,0.366681098937988
"structured_background","STpathway_dCov",10,TRUE,1,NA,NA,NA,0.325345039367676
"coherent_strong","spatialSVP_matched_none",10,TRUE,0.25,1,0,0,2.93231701850891
"coherent_weak","spatialSVP_matched_none",10,TRUE,0.25,1,0,0,2.45815491676331
"correlated_nonspatial","spatialSVP_matched_none",10,FALSE,0,NA,0,NA,2.45784401893616
"global_null","spatialSVP_matched_none",10,FALSE,0,NA,0,NA,2.69159984588623
"opposing_members","spatialSVP_matched_none",10,FALSE,0,0,0,0,2.77139186859131
"structured_background","spatialSVP_matched_none",10,FALSE,0,NA,0,NA,2.63406300544739
"coherent_strong","spatialSVP_matched_pcs",10,TRUE,0.166666666666667,0.333333333333333,0.111111111111111,0.5,2.79720401763916
"coherent_weak","spatialSVP_matched_pcs",10,TRUE,0.25,1,0,0,2.38581800460815
"correlated_nonspatial","spatialSVP_matched_pcs",10,FALSE,0,NA,0,NA,2.4608359336853
"global_null","spatialSVP_matched_pcs",10,FALSE,0,NA,0,NA,2.76244306564331
"opposing_members","spatialSVP_matched_pcs",10,TRUE,0.166666666666667,0.666666666666667,0,0,2.88128709793091
"structured_background","spatialSVP_matched_pcs",10,FALSE,0,NA,0,NA,2.49495792388916
"coherent_strong","spatialSVP_permutation_none",10,TRUE,1,1,NA,NA,0.0812759399414062
"coherent_weak","spatialSVP_permutation_none",10,TRUE,1,1,NA,NA,0.0742120742797852
"correlated_nonspatial","spatialSVP_permutation_none",10,FALSE,0,NA,0,NA,0.208910942077637
"global_null","spatialSVP_permutation_none",10,FALSE,0,NA,0,NA,0.0862011909484863
"opposing_members","spatialSVP_permutation_none",10,TRUE,0.916666666666667,1,NA,NA,0.0833089351654053
"structured_background","spatialSVP_permutation_none",10,TRUE,1,NA,NA,NA,0.0633749961853027
"coherent_strong","spatialSVP_permutation_pcs",10,FALSE,0,0,NA,NA,0.0823569297790527
"coherent_weak","spatialSVP_permutation_pcs",10,TRUE,0.25,1,NA,NA,0.0802690982818604
"correlated_nonspatial","spatialSVP_permutation_pcs",10,FALSE,0,NA,0,NA,0.0898909568786621
"global_null","spatialSVP_permutation_pcs",10,FALSE,0,NA,0,NA,0.0984320640563965
"opposing_members","spatialSVP_permutation_pcs",10,TRUE,0.166666666666667,0.666666666666667,NA,NA,0.0752120018005371
"structured_background","spatialSVP_permutation_pcs",10,FALSE,0,NA,NA,NA,0.0634720325469971
"coherent_strong","SPARKX_ACAT",11,TRUE,1,1,NA,NA,2.51293802261353
"coherent_weak","SPARKX_ACAT",11,TRUE,1,1,NA,NA,2.23806715011597
"correlated_nonspatial","SPARKX_ACAT",11,FALSE,0,NA,0,NA,2.63430690765381
"global_null","SPARKX_ACAT",11,FALSE,0,NA,0,NA,2.59392714500427
"opposing_members","SPARKX_ACAT",11,TRUE,1,1,NA,NA,2.36163187026978
"structured_background","SPARKX_ACAT",11,TRUE,1,NA,NA,NA,2.11588001251221
"coherent_strong","SPARKX_fgsea",11,TRUE,0.0833333333333333,0.333333333333333,0,0,0.199463129043579
"coherent_weak","SPARKX_fgsea",11,FALSE,0,0,0,0,0.159353971481323
"correlated_nonspatial","SPARKX_fgsea",11,TRUE,0.166666666666667,NA,0.166666666666667,NA,0.223618984222412
"global_null","SPARKX_fgsea",11,TRUE,0.166666666666667,NA,0.166666666666667,NA,0.186125040054321
"opposing_members","SPARKX_fgsea",11,TRUE,0.0833333333333333,0.333333333333333,0,0,0.199643135070801
"structured_background","SPARKX_fgsea",11,FALSE,0,NA,0,NA,0.172867059707642
"coherent_strong","STpathway_dCov",11,TRUE,1,1,NA,NA,0.363511085510254
"coherent_weak","STpathway_dCov",11,TRUE,1,1,NA,NA,0.346870899200439
"correlated_nonspatial","STpathway_dCov",11,FALSE,0,NA,0,NA,0.341448068618774
"global_null","STpathway_dCov",11,FALSE,0,NA,0,NA,0.327877998352051
"opposing_members","STpathway_dCov",11,TRUE,1,1,NA,NA,0.357039928436279
"structured_background","STpathway_dCov",11,TRUE,1,NA,NA,NA,0.336514949798584
"coherent_strong","spatialSVP_matched_none",11,TRUE,0.25,1,0,0,2.63623690605164
"coherent_weak","spatialSVP_matched_none",11,TRUE,0.25,1,0,0,2.43546676635742
"correlated_nonspatial","spatialSVP_matched_none",11,TRUE,0.0833333333333333,NA,0.0833333333333333,NA,2.62906384468079
"global_null","spatialSVP_matched_none",11,FALSE,0,NA,0,NA,2.73175001144409
"opposing_members","spatialSVP_matched_none",11,FALSE,0,0,0,0,2.60967373847961
"structured_background","spatialSVP_matched_none",11,FALSE,0,NA,0,NA,2.45611000061035
"coherent_strong","spatialSVP_matched_pcs",11,FALSE,0,0,0,0,2.73106288909912
"coherent_weak","spatialSVP_matched_pcs",11,TRUE,0.25,1,0,0,2.46228098869324
"correlated_nonspatial","spatialSVP_matched_pcs",11,FALSE,0,NA,0,NA,2.56097412109375
"global_null","spatialSVP_matched_pcs",11,FALSE,0,NA,0,NA,2.56753993034363
"opposing_members","spatialSVP_matched_pcs",11,TRUE,0.166666666666667,0.666666666666667,0,0,2.57495999336243
"structured_background","spatialSVP_matched_pcs",11,FALSE,0,NA,0,NA,2.57394504547119
"coherent_strong","spatialSVP_permutation_none",11,TRUE,1,1,NA,NA,0.0791890621185303
"coherent_weak","spatialSVP_permutation_none",11,TRUE,0.916666666666667,1,NA,NA,0.073418140411377
"correlated_nonspatial","spatialSVP_permutation_none",11,FALSE,0,NA,0,NA,0.238903045654297
"global_null","spatialSVP_permutation_none",11,FALSE,0,NA,0,NA,0.240324020385742
"opposing_members","spatialSVP_permutation_none",11,TRUE,0.916666666666667,1,NA,NA,0.210999965667725
"structured_background","spatialSVP_permutation_none",11,TRUE,0.916666666666667,NA,NA,NA,0.0942189693450928
"coherent_strong","spatialSVP_permutation_pcs",11,FALSE,0,0,NA,NA,0.0719079971313477
"coherent_weak","spatialSVP_permutation_pcs",11,TRUE,0.25,1,NA,NA,0.0624029636383057
"correlated_nonspatial","spatialSVP_permutation_pcs",11,FALSE,0,NA,0,NA,0.0841920375823975
"global_null","spatialSVP_permutation_pcs",11,FALSE,0,NA,0,NA,0.090054988861084
"opposing_members","spatialSVP_permutation_pcs",11,TRUE,0.166666666666667,0.666666666666667,NA,NA,0.0894219875335693
"structured_background","spatialSVP_permutation_pcs",11,FALSE,0,NA,NA,NA,0.0721068382263184
"coherent_strong","SPARKX_ACAT",12,TRUE,1,1,NA,NA,2.4089879989624
"coherent_weak","SPARKX_ACAT",12,TRUE,1,1,NA,NA,2.28850793838501
"correlated_nonspatial","SPARKX_ACAT",12,FALSE,0,NA,0,NA,2.98128986358643
"global_null","SPARKX_ACAT",12,FALSE,0,NA,0,NA,2.60702109336853
"opposing_members","SPARKX_ACAT",12,TRUE,1,1,NA,NA,2.41760993003845
"structured_background","SPARKX_ACAT",12,TRUE,1,NA,NA,NA,2.16454100608826
"coherent_strong","SPARKX_fgsea",12,TRUE,0.166666666666667,0.666666666666667,0,0,0.224431991577148
"coherent_weak","SPARKX_fgsea",12,FALSE,0,0,0,0,0.169616937637329
"correlated_nonspatial","SPARKX_fgsea",12,FALSE,0,NA,0,NA,0.192219018936157
"global_null","SPARKX_fgsea",12,FALSE,0,NA,0,NA,0.177376985549927
"opposing_members","SPARKX_fgsea",12,TRUE,0.0833333333333333,0.333333333333333,0,0,0.209304094314575
"structured_background","SPARKX_fgsea",12,FALSE,0,NA,0,NA,0.186322927474976
"coherent_strong","STpathway_dCov",12,TRUE,1,1,NA,NA,0.361158847808838
"coherent_weak","STpathway_dCov",12,TRUE,1,1,NA,NA,0.336260080337524
"correlated_nonspatial","STpathway_dCov",12,FALSE,0,NA,0,NA,0.342589139938354
"global_null","STpathway_dCov",12,FALSE,0,NA,0,NA,0.333697080612183
"opposing_members","STpathway_dCov",12,TRUE,1,1,NA,NA,0.341593027114868
"structured_background","STpathway_dCov",12,TRUE,1,NA,NA,NA,0.3387131690979
"coherent_strong","spatialSVP_matched_none",12,TRUE,0.25,1,0,0,2.35885214805603
"coherent_weak","spatialSVP_matched_none",12,TRUE,0.25,1,0,0,2.66908025741577
"correlated_nonspatial","spatialSVP_matched_none",12,FALSE,0,NA,0,NA,2.49672698974609
"global_null","spatialSVP_matched_none",12,FALSE,0,NA,0,NA,2.65069317817688
"opposing_members","spatialSVP_matched_none",12,FALSE,0,0,0,0,2.90623307228088
"structured_background","spatialSVP_matched_none",12,FALSE,0,NA,0,NA,2.33065390586853
"coherent_strong","spatialSVP_matched_pcs",12,FALSE,0,0,0,0,2.61226010322571
"coherent_weak","spatialSVP_matched_pcs",12,TRUE,0.333333333333333,1,0.111111111111111,0.25,2.67492127418518
"correlated_nonspatial","spatialSVP_matched_pcs",12,FALSE,0,NA,0,NA,2.52126836776733
"global_null","spatialSVP_matched_pcs",12,FALSE,0,NA,0,NA,2.83032917976379
"opposing_members","spatialSVP_matched_pcs",12,TRUE,0.25,1,0,0,2.7120099067688
"structured_background","spatialSVP_matched_pcs",12,FALSE,0,NA,0,NA,2.51269388198853
"coherent_strong","spatialSVP_permutation_none",12,TRUE,1,1,NA,NA,0.0800080299377441
"coherent_weak","spatialSVP_permutation_none",12,TRUE,1,1,NA,NA,0.071458101272583
"correlated_nonspatial","spatialSVP_permutation_none",12,FALSE,0,NA,0,NA,0.0806310176849365
"global_null","spatialSVP_permutation_none",12,FALSE,0,NA,0,NA,0.0933060646057129
"opposing_members","spatialSVP_permutation_none",12,TRUE,1,1,NA,NA,0.0985629558563232
"structured_background","spatialSVP_permutation_none",12,TRUE,0.916666666666667,NA,NA,NA,0.0786600112915039
"coherent_strong","spatialSVP_permutation_pcs",12,FALSE,0,0,NA,NA,0.0815250873565674
"coherent_weak","spatialSVP_permutation_pcs",12,TRUE,0.333333333333333,1,NA,NA,0.074599027633667
"correlated_nonspatial","spatialSVP_permutation_pcs",12,FALSE,0,NA,0,NA,0.0759189128875732
"global_null","spatialSVP_permutation_pcs",12,FALSE,0,NA,0,NA,0.101117134094238
"opposing_members","spatialSVP_permutation_pcs",12,TRUE,0.25,1,NA,NA,0.233869075775146
"structured_background","spatialSVP_permutation_pcs",12,FALSE,0,NA,NA,NA,0.0608489513397217
"coherent_strong","SPARKX_ACAT",13,TRUE,1,1,NA,NA,2.34571099281311
"coherent_weak","SPARKX_ACAT",13,TRUE,1,1,NA,NA,2.03215479850769
"correlated_nonspatial","SPARKX_ACAT",13,FALSE,0,NA,0,NA,3.11437106132507
"global_null","SPARKX_ACAT",13,FALSE,0,NA,0,NA,3.42554712295532
"opposing_members","SPARKX_ACAT",13,TRUE,1,1,NA,NA,2.60400700569153
"structured_background","SPARKX_ACAT",13,TRUE,1,NA,NA,NA,2.17687487602234
"coherent_strong","SPARKX_fgsea",13,TRUE,0.0833333333333333,0.333333333333333,0,0,0.206480979919434
"coherent_weak","SPARKX_fgsea",13,FALSE,0,0,0,0,0.161575078964233
"correlated_nonspatial","SPARKX_fgsea",13,TRUE,0.166666666666667,NA,0.166666666666667,NA,0.240373134613037
"global_null","SPARKX_fgsea",13,FALSE,0,NA,0,NA,0.161525011062622
"opposing_members","SPARKX_fgsea",13,TRUE,0.0833333333333333,0.333333333333333,0,0,0.200430870056152
"structured_background","SPARKX_fgsea",13,FALSE,0,NA,0,NA,0.174862146377563
"coherent_strong","STpathway_dCov",13,TRUE,1,1,NA,NA,0.349545955657959
"coherent_weak","STpathway_dCov",13,TRUE,1,1,NA,NA,0.332405090332031
"correlated_nonspatial","STpathway_dCov",13,FALSE,0,NA,0,NA,0.338352918624878
"global_null","STpathway_dCov",13,FALSE,0,NA,0,NA,0.358997106552124
"opposing_members","STpathway_dCov",13,TRUE,1,1,NA,NA,0.351967096328735
"structured_background","STpathway_dCov",13,TRUE,1,NA,NA,NA,0.342422008514404
"coherent_strong","spatialSVP_matched_none",13,TRUE,0.333333333333333,1,0.111111111111111,0.25,2.53654479980469
"coherent_weak","spatialSVP_matched_none",13,TRUE,0.333333333333333,1,0.111111111111111,0.25,2.44029998779297
"correlated_nonspatial","spatialSVP_matched_none",13,FALSE,0,NA,0,NA,2.60002303123474
"global_null","spatialSVP_matched_none",13,FALSE,0,NA,0,NA,3.02965807914734
"opposing_members","spatialSVP_matched_none",13,FALSE,0,0,0,0,2.63566493988037
"structured_background","spatialSVP_matched_none",13,FALSE,0,NA,0,NA,2.85531401634216
"coherent_strong","spatialSVP_matched_pcs",13,FALSE,0,0,0,0,2.54616904258728
"coherent_weak","spatialSVP_matched_pcs",13,TRUE,0.25,1,0,0,2.58613777160645
"correlated_nonspatial","spatialSVP_matched_pcs",13,FALSE,0,NA,0,NA,2.67667603492737
"global_null","spatialSVP_matched_pcs",13,FALSE,0,NA,0,NA,3.02052927017212
"opposing_members","spatialSVP_matched_pcs",13,TRUE,0.166666666666667,0.666666666666667,0,0,2.61108899116516
"structured_background","spatialSVP_matched_pcs",13,FALSE,0,NA,0,NA,2.66539311408997
"coherent_strong","spatialSVP_permutation_none",13,TRUE,1,1,NA,NA,0.075066089630127
"coherent_weak","spatialSVP_permutation_none",13,TRUE,0.833333333333333,1,NA,NA,0.087479829788208
"correlated_nonspatial","spatialSVP_permutation_none",13,FALSE,0,NA,0,NA,0.104172229766846
"global_null","spatialSVP_permutation_none",13,FALSE,0,NA,0,NA,0.120943069458008
"opposing_members","spatialSVP_permutation_none",13,TRUE,1,1,NA,NA,0.0761699676513672
"structured_background","spatialSVP_permutation_none",13,TRUE,0.833333333333333,NA,NA,NA,0.0728521347045898
"coherent_strong","spatialSVP_permutation_pcs",13,FALSE,0,0,NA,NA,0.0823841094970703
"coherent_weak","spatialSVP_permutation_pcs",13,TRUE,0.25,1,NA,NA,0.0724291801452637
"correlated_nonspatial","spatialSVP_permutation_pcs",13,FALSE,0,NA,0,NA,0.0880000591278076
"global_null","spatialSVP_permutation_pcs",13,FALSE,0,NA,0,NA,0.111368894577026
"opposing_members","spatialSVP_permutation_pcs",13,TRUE,0.166666666666667,0.666666666666667,NA,NA,0.0851271152496338
"structured_background","spatialSVP_permutation_pcs",13,FALSE,0,NA,NA,NA,0.0664269924163818
"coherent_strong","SPARKX_ACAT",14,TRUE,1,1,NA,NA,2.37569189071655
"coherent_weak","SPARKX_ACAT",14,TRUE,1,1,NA,NA,2.05739903450012
"correlated_nonspatial","SPARKX_ACAT",14,FALSE,0,NA,0,NA,2.88663220405579
"global_null","SPARKX_ACAT",14,FALSE,0,NA,0,NA,3.28666615486145
"opposing_members","SPARKX_ACAT",14,TRUE,1,1,NA,NA,2.64832901954651
"structured_background","SPARKX_ACAT",14,TRUE,1,NA,NA,NA,2.25895404815674
"coherent_strong","SPARKX_fgsea",14,TRUE,0.166666666666667,0.666666666666667,0,0,0.210307121276855
"coherent_weak","SPARKX_fgsea",14,FALSE,0,0,0,0,0.171847820281982
"correlated_nonspatial","SPARKX_fgsea",14,TRUE,0.0833333333333333,NA,0.0833333333333333,NA,0.202309846878052
"global_null","SPARKX_fgsea",14,FALSE,0,NA,0,NA,0.1739661693573
"opposing_members","SPARKX_fgsea",14,TRUE,0.0833333333333333,0.333333333333333,0,0,0.197900056838989
"structured_background","SPARKX_fgsea",14,FALSE,0,NA,0,NA,0.157251119613647
"coherent_strong","STpathway_dCov",14,TRUE,1,1,NA,NA,0.355373859405518
"coherent_weak","STpathway_dCov",14,TRUE,1,1,NA,NA,0.327157020568848
"correlated_nonspatial","STpathway_dCov",14,FALSE,0,NA,0,NA,0.351711988449097
"global_null","STpathway_dCov",14,FALSE,0,NA,0,NA,0.358939170837402
"opposing_members","STpathway_dCov",14,TRUE,1,1,NA,NA,0.353359937667847
"structured_background","STpathway_dCov",14,TRUE,1,NA,NA,NA,0.331645011901855
"coherent_strong","spatialSVP_matched_none",14,TRUE,0.25,1,0,0,2.72389101982117
"coherent_weak","spatialSVP_matched_none",14,TRUE,0.25,1,0,0,2.60012006759644
"correlated_nonspatial","spatialSVP_matched_none",14,FALSE,0,NA,0,NA,2.61156487464905
"global_null","spatialSVP_matched_none",14,FALSE,0,NA,0,NA,3.20038795471191
"opposing_members","spatialSVP_matched_none",14,FALSE,0,0,0,0,2.6392719745636
"structured_background","spatialSVP_matched_none",14,FALSE,0,NA,0,NA,2.51119899749756
"coherent_strong","spatialSVP_matched_pcs",14,FALSE,0,0,0,0,2.59088015556335
"coherent_weak","spatialSVP_matched_pcs",14,TRUE,0.25,1,0,0,2.52135610580444
"correlated_nonspatial","spatialSVP_matched_pcs",14,FALSE,0,NA,0,NA,2.82546901702881
"global_null","spatialSVP_matched_pcs",14,FALSE,0,NA,0,NA,3.03650593757629
"opposing_members","spatialSVP_matched_pcs",14,TRUE,0.25,1,0,0,2.74519300460815
"structured_background","spatialSVP_matched_pcs",14,FALSE,0,NA,0,NA,2.498948097229
"coherent_strong","spatialSVP_permutation_none",14,TRUE,1,1,NA,NA,0.0887341499328613
"coherent_weak","spatialSVP_permutation_none",14,TRUE,1,1,NA,NA,0.0830428600311279
"correlated_nonspatial","spatialSVP_permutation_none",14,FALSE,0,NA,0,NA,0.0993111133575439
"global_null","spatialSVP_permutation_none",14,FALSE,0,NA,0,NA,0.270230054855347
"opposing_members","spatialSVP_permutation_none",14,TRUE,1,1,NA,NA,0.0742728710174561
"structured_background","spatialSVP_permutation_none",14,TRUE,0.916666666666667,NA,NA,NA,0.226016998291016
"coherent_strong","spatialSVP_permutation_pcs",14,FALSE,0,0,NA,NA,0.20588493347168
"coherent_weak","spatialSVP_permutation_pcs",14,TRUE,0.25,1,NA,NA,0.0707519054412842
"correlated_nonspatial","spatialSVP_permutation_pcs",14,FALSE,0,NA,0,NA,0.0806679725646973
"global_null","spatialSVP_permutation_pcs",14,FALSE,0,NA,0,NA,0.113146066665649
"opposing_members","spatialSVP_permutation_pcs",14,TRUE,0.166666666666667,0.666666666666667,NA,NA,0.0873489379882812
"structured_background","spatialSVP_permutation_pcs",14,FALSE,0,NA,NA,NA,0.079103946685791
"coherent_strong","SPARKX_ACAT",15,TRUE,1,1,NA,NA,2.41750192642212
"coherent_weak","SPARKX_ACAT",15,TRUE,1,1,NA,NA,2.03079009056091
"correlated_nonspatial","SPARKX_ACAT",15,FALSE,0,NA,0,NA,3.03099203109741
"global_null","SPARKX_ACAT",15,FALSE,0,NA,0,NA,3.23751616477966
"opposing_members","SPARKX_ACAT",15,TRUE,1,1,NA,NA,2.53739500045776
"structured_background","SPARKX_ACAT",15,TRUE,1,NA,NA,NA,2.2706310749054
"coherent_strong","SPARKX_fgsea",15,TRUE,0.166666666666667,0.666666666666667,0,0,0.210020780563354
"coherent_weak","SPARKX_fgsea",15,FALSE,0,0,0,0,0.151940822601318
"correlated_nonspatial","SPARKX_fgsea",15,TRUE,0.166666666666667,NA,0.166666666666667,NA,0.215559005737305
"global_null","SPARKX_fgsea",15,FALSE,0,NA,0,NA,0.185698986053467
"opposing_members","SPARKX_fgsea",15,TRUE,0.166666666666667,0.333333333333333,0.111111111111111,0.5,0.204345941543579
"structured_background","SPARKX_fgsea",15,FALSE,0,NA,0,NA,0.177099943161011
"coherent_strong","STpathway_dCov",15,TRUE,1,1,NA,NA,0.3386390209198
"coherent_weak","STpathway_dCov",15,TRUE,1,1,NA,NA,0.316376924514771
"correlated_nonspatial","STpathway_dCov",15,FALSE,0,NA,0,NA,0.34626293182373
"global_null","STpathway_dCov",15,FALSE,0,NA,0,NA,0.368772029876709
"opposing_members","STpathway_dCov",15,TRUE,1,1,NA,NA,0.361477136611938
"structured_background","STpathway_dCov",15,TRUE,1,NA,NA,NA,0.343137979507446
"coherent_strong","spatialSVP_matched_none",15,TRUE,0.25,1,0,0,2.53519606590271
"coherent_weak","spatialSVP_matched_none",15,TRUE,0.25,1,0,0,2.49678111076355
"correlated_nonspatial","spatialSVP_matched_none",15,FALSE,0,NA,0,NA,2.75591707229614
"global_null","spatialSVP_matched_none",15,FALSE,0,NA,0,NA,2.96814894676208
"opposing_members","spatialSVP_matched_none",15,FALSE,0,0,0,0,2.61602091789246
"structured_background","spatialSVP_matched_none",15,FALSE,0,NA,0,NA,2.7553722858429
"coherent_strong","spatialSVP_matched_pcs",15,FALSE,0,0,0,0,2.52546501159668
"coherent_weak","spatialSVP_matched_pcs",15,TRUE,0.25,1,0,0,2.51615405082703
"correlated_nonspatial","spatialSVP_matched_pcs",15,FALSE,0,NA,0,NA,2.58720016479492
"global_null","spatialSVP_matched_pcs",15,FALSE,0,NA,0,NA,2.94942998886108
"opposing_members","spatialSVP_matched_pcs",15,TRUE,0.166666666666667,0.666666666666667,0,0,2.51858711242676
"structured_background","spatialSVP_matched_pcs",15,FALSE,0,NA,0,NA,2.57405591011047
"coherent_strong","spatialSVP_permutation_none",15,TRUE,1,1,NA,NA,0.0782020092010498
"coherent_weak","spatialSVP_permutation_none",15,TRUE,0.916666666666667,1,NA,NA,0.0750339031219482
"correlated_nonspatial","spatialSVP_permutation_none",15,FALSE,0,NA,0,NA,0.216827154159546
"global_null","spatialSVP_permutation_none",15,FALSE,0,NA,0,NA,0.120797157287598
"opposing_members","spatialSVP_permutation_none",15,TRUE,0.916666666666667,1,NA,NA,0.107641220092773
"structured_background","spatialSVP_permutation_none",15,TRUE,0.916666666666667,NA,NA,NA,0.0651979446411133
"coherent_strong","spatialSVP_permutation_pcs",15,FALSE,0,0,NA,NA,0.0773880481719971
"coherent_weak","spatialSVP_permutation_pcs",15,TRUE,0.25,1,NA,NA,0.0856039524078369
"correlated_nonspatial","spatialSVP_permutation_pcs",15,FALSE,0,NA,0,NA,0.0767791271209717
"global_null","spatialSVP_permutation_pcs",15,FALSE,0,NA,0,NA,0.0922551155090332
"opposing_members","spatialSVP_permutation_pcs",15,TRUE,0.0833333333333333,0.333333333333333,NA,NA,0.0824069976806641
"structured_background","spatialSVP_permutation_pcs",15,FALSE,0,NA,NA,NA,0.0720460414886475
"coherent_strong","SPARKX_ACAT",16,TRUE,1,1,NA,NA,2.44513320922852
"coherent_weak","SPARKX_ACAT",16,TRUE,1,1,NA,NA,2.09957504272461
"correlated_nonspatial","SPARKX_ACAT",16,FALSE,0,NA,0,NA,2.63066601753235
"global_null","SPARKX_ACAT",16,FALSE,0,NA,0,NA,3.32848310470581
"opposing_members","SPARKX_ACAT",16,TRUE,1,1,NA,NA,2.28763294219971
"structured_background","SPARKX_ACAT",16,TRUE,1,NA,NA,NA,2.14675903320312
"coherent_strong","SPARKX_fgsea",16,TRUE,0.0833333333333333,0.333333333333333,0,0,0.218539953231812
"coherent_weak","SPARKX_fgsea",16,FALSE,0,0,0,0,0.161943912506104
"correlated_nonspatial","SPARKX_fgsea",16,TRUE,0.0833333333333333,NA,0.0833333333333333,NA,0.212187051773071
"global_null","SPARKX_fgsea",16,TRUE,0.0833333333333333,NA,0.0833333333333333,NA,0.205321073532104
"opposing_members","SPARKX_fgsea",16,FALSE,0,0,0,0,0.204777002334595
"structured_background","SPARKX_fgsea",16,FALSE,0,NA,0,NA,0.159904956817627
"coherent_strong","STpathway_dCov",16,TRUE,1,1,NA,NA,0.36213493347168
"coherent_weak","STpathway_dCov",16,TRUE,1,1,NA,NA,0.322878837585449
"correlated_nonspatial","STpathway_dCov",16,FALSE,0,NA,0,NA,0.34543514251709
"global_null","STpathway_dCov",16,FALSE,0,NA,0,NA,0.368977069854736
"opposing_members","STpathway_dCov",16,TRUE,1,1,NA,NA,0.336126089096069
"structured_background","STpathway_dCov",16,TRUE,1,NA,NA,NA,0.335444927215576
"coherent_strong","spatialSVP_matched_none",16,TRUE,0.416666666666667,1,0.222222222222222,0.4,2.63567280769348
"coherent_weak","spatialSVP_matched_none",16,TRUE,0.25,1,0,0,2.54964113235474
"correlated_nonspatial","spatialSVP_matched_none",16,FALSE,0,NA,0,NA,2.73208904266357
"global_null","spatialSVP_matched_none",16,FALSE,0,NA,0,NA,2.69480299949646
"opposing_members","spatialSVP_matched_none",16,FALSE,0,0,0,0,2.64999294281006
"structured_background","spatialSVP_matched_none",16,TRUE,0.0833333333333333,NA,0.0833333333333333,NA,2.75322222709656
"coherent_strong","spatialSVP_matched_pcs",16,TRUE,0.0833333333333333,0,0.111111111111111,1,2.60881996154785
"coherent_weak","spatialSVP_matched_pcs",16,TRUE,0.25,1,0,0,2.55880427360535
"correlated_nonspatial","spatialSVP_matched_pcs",16,FALSE,0,NA,0,NA,2.71240401268005
"global_null","spatialSVP_matched_pcs",16,FALSE,0,NA,0,NA,3.03910803794861
"opposing_members","spatialSVP_matched_pcs",16,TRUE,0.0833333333333333,0.333333333333333,0,0,2.78857898712158
"structured_background","spatialSVP_matched_pcs",16,TRUE,0.0833333333333333,NA,0.0833333333333333,NA,2.7428572177887
"coherent_strong","spatialSVP_permutation_none",16,TRUE,1,1,NA,NA,0.077672004699707
"coherent_weak","spatialSVP_permutation_none",16,TRUE,0.833333333333333,1,NA,NA,0.208961963653564
"correlated_nonspatial","spatialSVP_permutation_none",16,FALSE,0,NA,0,NA,0.0725569725036621
"global_null","spatialSVP_permutation_none",16,FALSE,0,NA,0,NA,0.107807874679565
"opposing_members","spatialSVP_permutation_none",16,TRUE,0.916666666666667,1,NA,NA,0.0811898708343506
"structured_background","spatialSVP_permutation_none",16,TRUE,1,NA,NA,NA,0.0703589916229248
"coherent_strong","spatialSVP_permutation_pcs",16,FALSE,0,0,NA,NA,0.08347487449646
"coherent_weak","spatialSVP_permutation_pcs",16,TRUE,0.25,1,NA,NA,0.0736949443817139
"correlated_nonspatial","spatialSVP_permutation_pcs",16,FALSE,0,NA,0,NA,0.0633120536804199
"global_null","spatialSVP_permutation_pcs",16,FALSE,0,NA,0,NA,0.110107183456421
"opposing_members","spatialSVP_permutation_pcs",16,TRUE,0.0833333333333333,0.333333333333333,NA,NA,0.0742011070251465
"structured_background","spatialSVP_permutation_pcs",16,FALSE,0,NA,NA,NA,0.0678849220275879
"coherent_strong","SPARKX_ACAT",17,TRUE,1,1,NA,NA,2.25999283790588
"coherent_weak","SPARKX_ACAT",17,TRUE,1,1,NA,NA,2.10020208358765
"correlated_nonspatial","SPARKX_ACAT",17,FALSE,0,NA,0,NA,2.88144302368164
"global_null","SPARKX_ACAT",17,FALSE,0,NA,0,NA,3.57677292823792
"opposing_members","SPARKX_ACAT",17,TRUE,1,1,NA,NA,2.27725791931152
"structured_background","SPARKX_ACAT",17,TRUE,1,NA,NA,NA,2.23639512062073
"coherent_strong","SPARKX_fgsea",17,TRUE,0.166666666666667,0.666666666666667,0,0,0.20015811920166
"coherent_weak","SPARKX_fgsea",17,FALSE,0,0,0,0,0.151250123977661
"correlated_nonspatial","SPARKX_fgsea",17,TRUE,0.0833333333333333,NA,0.0833333333333333,NA,0.220680952072144
"global_null","SPARKX_fgsea",17,FALSE,0,NA,0,NA,0.162539958953857
"opposing_members","SPARKX_fgsea",17,TRUE,0.0833333333333333,0.333333333333333,0,0,0.19658899307251
"structured_background","SPARKX_fgsea",17,FALSE,0,NA,0,NA,0.188794136047363
"coherent_strong","STpathway_dCov",17,TRUE,1,1,NA,NA,0.35358190536499
"coherent_weak","STpathway_dCov",17,TRUE,1,1,NA,NA,0.322951078414917
"correlated_nonspatial","STpathway_dCov",17,FALSE,0,NA,0,NA,0.351444005966187
"global_null","STpathway_dCov",17,FALSE,0,NA,0,NA,0.358999013900757
"opposing_members","STpathway_dCov",17,TRUE,1,1,NA,NA,0.33693790435791
"structured_background","STpathway_dCov",17,TRUE,1,NA,NA,NA,0.340653896331787
"coherent_strong","spatialSVP_matched_none",17,TRUE,0.25,1,0,0,2.57639598846436
"coherent_weak","spatialSVP_matched_none",17,TRUE,0.25,1,0,0,2.82146096229553
"correlated_nonspatial","spatialSVP_matched_none",17,FALSE,0,NA,0,NA,2.67531991004944
"global_null","spatialSVP_matched_none",17,FALSE,0,NA,0,NA,2.58339405059814
"opposing_members","spatialSVP_matched_none",17,FALSE,0,0,0,0,2.56864500045776
"structured_background","spatialSVP_matched_none",17,FALSE,0,NA,0,NA,2.56686210632324
"coherent_strong","spatialSVP_matched_pcs",17,FALSE,0,0,0,0,2.72086405754089
"coherent_weak","spatialSVP_matched_pcs",17,TRUE,0.25,1,0,0,2.6101770401001
"correlated_nonspatial","spatialSVP_matched_pcs",17,FALSE,0,NA,0,NA,2.64329695701599
"global_null","spatialSVP_matched_pcs",17,FALSE,0,NA,0,NA,2.92186570167542
"opposing_members","spatialSVP_matched_pcs",17,TRUE,0.166666666666667,0.666666666666667,0,0,2.62951302528381
"structured_background","spatialSVP_matched_pcs",17,TRUE,0.0833333333333333,NA,0.0833333333333333,NA,2.59666919708252
"coherent_strong","spatialSVP_permutation_none",17,TRUE,0.916666666666667,1,NA,NA,0.0781290531158447
"coherent_weak","spatialSVP_permutation_none",17,TRUE,0.916666666666667,1,NA,NA,0.0777590274810791
"correlated_nonspatial","spatialSVP_permutation_none",17,FALSE,0,NA,0,NA,0.232831001281738
"global_null","spatialSVP_permutation_none",17,FALSE,0,NA,0,NA,0.100641965866089
"opposing_members","spatialSVP_permutation_none",17,TRUE,0.833333333333333,1,NA,NA,0.0707728862762451
"structured_background","spatialSVP_permutation_none",17,TRUE,0.916666666666667,NA,NA,NA,0.075963020324707
"coherent_strong","spatialSVP_permutation_pcs",17,FALSE,0,0,NA,NA,0.0685670375823975
"coherent_weak","spatialSVP_permutation_pcs",17,TRUE,0.25,1,NA,NA,0.0981259346008301
"correlated_nonspatial","spatialSVP_permutation_pcs",17,FALSE,0,NA,0,NA,0.0738430023193359
"global_null","spatialSVP_permutation_pcs",17,FALSE,0,NA,0,NA,0.0999569892883301
"opposing_members","spatialSVP_permutation_pcs",17,TRUE,0.0833333333333333,0.333333333333333,NA,NA,0.0822560787200928
"structured_background","spatialSVP_permutation_pcs",17,TRUE,0.0833333333333333,NA,NA,NA,0.083853006362915
"coherent_strong","SPARKX_ACAT",18,TRUE,1,1,NA,NA,2.23153495788574
"coherent_weak","SPARKX_ACAT",18,TRUE,1,1,NA,NA,2.22573900222778
"correlated_nonspatial","SPARKX_ACAT",18,FALSE,0,NA,0,NA,2.69828104972839
"global_null","SPARKX_ACAT",18,FALSE,0,NA,0,NA,3.64957714080811
"opposing_members","SPARKX_ACAT",18,TRUE,1,1,NA,NA,2.36729001998901
"structured_background","SPARKX_ACAT",18,TRUE,1,NA,NA,NA,2.2452700138092
"coherent_strong","SPARKX_fgsea",18,TRUE,0.0833333333333333,0.333333333333333,0,0,0.202651977539062
"coherent_weak","SPARKX_fgsea",18,FALSE,0,0,0,0,0.192698001861572
"correlated_nonspatial","SPARKX_fgsea",18,TRUE,0.0833333333333333,NA,0.0833333333333333,NA,0.238435029983521
"global_null","SPARKX_fgsea",18,FALSE,0,NA,0,NA,0.150966882705688
"opposing_members","SPARKX_fgsea",18,TRUE,0.0833333333333333,0.333333333333333,0,0,0.198068141937256
"structured_background","SPARKX_fgsea",18,FALSE,0,NA,0,NA,0.152360916137695
"coherent_strong","STpathway_dCov",18,TRUE,1,1,NA,NA,0.353046894073486
"coherent_weak","STpathway_dCov",18,TRUE,1,1,NA,NA,0.33640718460083
"correlated_nonspatial","STpathway_dCov",18,FALSE,0,NA,0,NA,0.346078157424927
"global_null","STpathway_dCov",18,FALSE,0,NA,0,NA,0.345001935958862
"opposing_members","STpathway_dCov",18,TRUE,1,1,NA,NA,0.337914943695068
"structured_background","STpathway_dCov",18,TRUE,1,NA,NA,NA,0.399805068969727
"coherent_strong","spatialSVP_matched_none",18,TRUE,0.25,1,0,0,2.621258020401
"coherent_weak","spatialSVP_matched_none",18,TRUE,0.25,1,0,0,2.72565889358521
"correlated_nonspatial","spatialSVP_matched_none",18,FALSE,0,NA,0,NA,2.60833597183228
"global_null","spatialSVP_matched_none",18,FALSE,0,NA,0,NA,2.81085515022278
"opposing_members","spatialSVP_matched_none",18,FALSE,0,0,0,0,2.43841099739075
"structured_background","spatialSVP_matched_none",18,FALSE,0,NA,0,NA,2.72799706459045
"coherent_strong","spatialSVP_matched_pcs",18,TRUE,0.0833333333333333,0.333333333333333,0,0,2.72116303443909
"coherent_weak","spatialSVP_matched_pcs",18,TRUE,0.25,1,0,0,2.69588303565979
"correlated_nonspatial","spatialSVP_matched_pcs",18,FALSE,0,NA,0,NA,2.82532000541687
"global_null","spatialSVP_matched_pcs",18,FALSE,0,NA,0,NA,2.97126317024231
"opposing_members","spatialSVP_matched_pcs",18,TRUE,0.166666666666667,0.666666666666667,0,0,2.52502202987671
"structured_background","spatialSVP_matched_pcs",18,FALSE,0,NA,0,NA,2.57571411132812
"coherent_strong","spatialSVP_permutation_none",18,TRUE,1,1,NA,NA,0.0925130844116211
"coherent_weak","spatialSVP_permutation_none",18,TRUE,0.833333333333333,1,NA,NA,0.073171854019165
"correlated_nonspatial","spatialSVP_permutation_none",18,FALSE,0,NA,0,NA,0.110702991485596
"global_null","spatialSVP_permutation_none",18,FALSE,0,NA,0,NA,0.0821030139923096
"opposing_members","spatialSVP_permutation_none",18,TRUE,0.916666666666667,1,NA,NA,0.221863985061646
"structured_background","spatialSVP_permutation_none",18,TRUE,0.916666666666667,NA,NA,NA,0.211380958557129
"coherent_strong","spatialSVP_permutation_pcs",18,FALSE,0,0,NA,NA,0.0857219696044922
"coherent_weak","spatialSVP_permutation_pcs",18,TRUE,0.25,1,NA,NA,0.0724220275878906
"correlated_nonspatial","spatialSVP_permutation_pcs",18,FALSE,0,NA,0,NA,0.230314016342163
"global_null","spatialSVP_permutation_pcs",18,FALSE,0,NA,0,NA,0.0915467739105225
"opposing_members","spatialSVP_permutation_pcs",18,TRUE,0.166666666666667,0.666666666666667,NA,NA,0.0724680423736572
"structured_background","spatialSVP_permutation_pcs",18,FALSE,0,NA,NA,NA,0.0714421272277832
"coherent_strong","SPARKX_ACAT",19,TRUE,1,1,NA,NA,2.28492212295532
"coherent_weak","SPARKX_ACAT",19,TRUE,1,1,NA,NA,2.11676096916199
"correlated_nonspatial","SPARKX_ACAT",19,FALSE,0,NA,0,NA,2.92802214622498
"global_null","SPARKX_ACAT",19,FALSE,0,NA,0,NA,3.52862215042114
"opposing_members","SPARKX_ACAT",19,TRUE,1,1,NA,NA,2.29716110229492
"structured_background","SPARKX_ACAT",19,TRUE,1,NA,NA,NA,2.43806910514832
"coherent_strong","SPARKX_fgsea",19,TRUE,0.166666666666667,0.666666666666667,0,0,0.199023008346558
"coherent_weak","SPARKX_fgsea",19,FALSE,0,0,0,0,0.16042685508728
"correlated_nonspatial","SPARKX_fgsea",19,TRUE,0.0833333333333333,NA,0.0833333333333333,NA,0.222753047943115
"global_null","SPARKX_fgsea",19,FALSE,0,NA,0,NA,0.175940990447998
"opposing_members","SPARKX_fgsea",19,TRUE,0.25,0.333333333333333,0.222222222222222,0.666666666666667,0.196150064468384
"structured_background","SPARKX_fgsea",19,FALSE,0,NA,0,NA,0.161869049072266
"coherent_strong","STpathway_dCov",19,TRUE,1,1,NA,NA,0.351226806640625
"coherent_weak","STpathway_dCov",19,TRUE,1,1,NA,NA,0.317080020904541
"correlated_nonspatial","STpathway_dCov",19,FALSE,0,NA,0,NA,0.357877016067505
"global_null","STpathway_dCov",19,FALSE,0,NA,0,NA,0.360295057296753
"opposing_members","STpathway_dCov",19,TRUE,1,1,NA,NA,0.352682828903198
"structured_background","STpathway_dCov",19,TRUE,1,NA,NA,NA,0.338445901870728
"coherent_strong","spatialSVP_matched_none",19,TRUE,0.25,1,0,0,2.46877312660217
"coherent_weak","spatialSVP_matched_none",19,TRUE,0.25,1,0,0,2.75911211967468
"correlated_nonspatial","spatialSVP_matched_none",19,FALSE,0,NA,0,NA,2.64515113830566
"global_null","spatialSVP_matched_none",19,FALSE,0,NA,0,NA,2.88254404067993
"opposing_members","spatialSVP_matched_none",19,FALSE,0,0,0,0,2.80026197433472
"structured_background","spatialSVP_matched_none",19,FALSE,0,NA,0,NA,2.68360805511475
"coherent_strong","spatialSVP_matched_pcs",19,TRUE,0.0833333333333333,0,0.111111111111111,1,2.44806122779846
"coherent_weak","spatialSVP_matched_pcs",19,TRUE,0.25,1,0,0,2.53832411766052
"correlated_nonspatial","spatialSVP_matched_pcs",19,TRUE,0.0833333333333333,NA,0.0833333333333333,NA,2.71539926528931
"global_null","spatialSVP_matched_pcs",19,FALSE,0,NA,0,NA,2.92439389228821
"opposing_members","spatialSVP_matched_pcs",19,TRUE,0.416666666666667,1,0.222222222222222,0.4,2.6956250667572
"structured_background","spatialSVP_matched_pcs",19,FALSE,0,NA,0,NA,2.47182893753052
"coherent_strong","spatialSVP_permutation_none",19,TRUE,1,1,NA,NA,0.218502044677734
"coherent_weak","spatialSVP_permutation_none",19,TRUE,1,1,NA,NA,0.237883806228638
"correlated_nonspatial","spatialSVP_permutation_none",19,FALSE,0,NA,0,NA,0.086068868637085
"global_null","spatialSVP_permutation_none",19,FALSE,0,NA,0,NA,0.0970079898834229
"opposing_members","spatialSVP_permutation_none",19,TRUE,0.916666666666667,1,NA,NA,0.0642859935760498
"structured_background","spatialSVP_permutation_none",19,TRUE,0.833333333333333,NA,NA,NA,0.202311992645264
"coherent_strong","spatialSVP_permutation_pcs",19,FALSE,0,0,NA,NA,0.0756831169128418
"coherent_weak","spatialSVP_permutation_pcs",19,TRUE,0.25,1,NA,NA,0.080286979675293
"correlated_nonspatial","spatialSVP_permutation_pcs",19,TRUE,0.0833333333333333,NA,0.0833333333333333,NA,0.222645044326782
"global_null","spatialSVP_permutation_pcs",19,FALSE,0,NA,0,NA,0.0946180820465088
"opposing_members","spatialSVP_permutation_pcs",19,TRUE,0.166666666666667,0.666666666666667,NA,NA,0.0993671417236328
"structured_background","spatialSVP_permutation_pcs",19,FALSE,0,NA,NA,NA,0.0855040550231934
"coherent_strong","SPARKX_ACAT",20,TRUE,0.916666666666667,1,NA,NA,2.23088598251343
"coherent_weak","SPARKX_ACAT",20,TRUE,1,1,NA,NA,2.26271295547485
"correlated_nonspatial","SPARKX_ACAT",20,FALSE,0,NA,0,NA,2.94228911399841
"global_null","SPARKX_ACAT",20,FALSE,0,NA,0,NA,3.50442504882812
"opposing_members","SPARKX_ACAT",20,TRUE,1,1,NA,NA,2.52937412261963
"structured_background","SPARKX_ACAT",20,TRUE,1,NA,NA,NA,2.29449105262756
"coherent_strong","SPARKX_fgsea",20,TRUE,0.166666666666667,0.666666666666667,0,0,0.205231904983521
"coherent_weak","SPARKX_fgsea",20,FALSE,0,0,0,0,0.137187004089355
"correlated_nonspatial","SPARKX_fgsea",20,TRUE,0.0833333333333333,NA,0.0833333333333333,NA,0.220882892608643
"global_null","SPARKX_fgsea",20,FALSE,0,NA,0,NA,0.180974006652832
"opposing_members","SPARKX_fgsea",20,TRUE,0.0833333333333333,0.333333333333333,0,0,0.188774108886719
"structured_background","SPARKX_fgsea",20,FALSE,0,NA,0,NA,0.16409707069397
"coherent_strong","STpathway_dCov",20,TRUE,1,1,NA,NA,0.334015130996704
"coherent_weak","STpathway_dCov",20,TRUE,1,1,NA,NA,0.315447092056274
"correlated_nonspatial","STpathway_dCov",20,FALSE,0,NA,0,NA,0.350014925003052
"global_null","STpathway_dCov",20,FALSE,0,NA,0,NA,0.363296031951904
"opposing_members","STpathway_dCov",20,TRUE,1,1,NA,NA,0.334219932556152
"structured_background","STpathway_dCov",20,TRUE,1,NA,NA,NA,0.340044975280762
"coherent_strong","spatialSVP_matched_none",20,TRUE,0.25,1,0,0,2.58677315711975
"coherent_weak","spatialSVP_matched_none",20,TRUE,0.25,1,0,0,2.59989714622498
"correlated_nonspatial","spatialSVP_matched_none",20,FALSE,0,NA,0,NA,2.51022410392761
"global_null","spatialSVP_matched_none",20,FALSE,0,NA,0,NA,2.8495512008667
"opposing_members","spatialSVP_matched_none",20,FALSE,0,0,0,0,2.86206984519958
"structured_background","spatialSVP_matched_none",20,FALSE,0,NA,0,NA,2.53923606872559
"coherent_strong","spatialSVP_matched_pcs",20,TRUE,0.166666666666667,0.666666666666667,0,0,2.46749687194824
"coherent_weak","spatialSVP_matched_pcs",20,TRUE,0.25,1,0,0,2.66570997238159
"correlated_nonspatial","spatialSVP_matched_pcs",20,FALSE,0,NA,0,NA,2.65637302398682
"global_null","spatialSVP_matched_pcs",20,FALSE,0,NA,0,NA,3.03584909439087
"opposing_members","spatialSVP_matched_pcs",20,TRUE,0.166666666666667,0.666666666666667,0,0,2.62143588066101
"structured_background","spatialSVP_matched_pcs",20,FALSE,0,NA,0,NA,2.6629638671875
"coherent_strong","spatialSVP_permutation_none",20,TRUE,1,1,NA,NA,0.0709350109100342
"coherent_weak","spatialSVP_permutation_none",20,TRUE,0.916666666666667,1,NA,NA,0.0754010677337646
"correlated_nonspatial","spatialSVP_permutation_none",20,FALSE,0,NA,0,NA,0.0916299819946289
"global_null","spatialSVP_permutation_none",20,FALSE,0,NA,0,NA,0.0985991954803467
"opposing_members","spatialSVP_permutation_none",20,TRUE,0.916666666666667,1,NA,NA,0.0762569904327393
"structured_background","spatialSVP_permutation_none",20,TRUE,0.916666666666667,NA,NA,NA,0.0792930126190186
"coherent_strong","spatialSVP_permutation_pcs",20,FALSE,0,0,NA,NA,0.0756409168243408
"coherent_weak","spatialSVP_permutation_pcs",20,TRUE,0.25,1,NA,NA,0.0863080024719238
"correlated_nonspatial","spatialSVP_permutation_pcs",20,FALSE,0,NA,0,NA,0.078233003616333
"global_null","spatialSVP_permutation_pcs",20,FALSE,0,NA,0,NA,0.0940299034118652
"opposing_members","spatialSVP_permutation_pcs",20,TRUE,0.0833333333333333,0.333333333333333,NA,NA,0.0640389919281006
"structured_background","spatialSVP_permutation_pcs",20,FALSE,0,NA,NA,NA,0.0764980316162109
"coherent_strong","SPARKX_ACAT",21,TRUE,1,1,NA,NA,2.21968293190002
"coherent_weak","SPARKX_ACAT",21,TRUE,1,1,NA,NA,2.29873108863831
"correlated_nonspatial","SPARKX_ACAT",21,FALSE,0,NA,0,NA,3.05194807052612
"global_null","SPARKX_ACAT",21,FALSE,0,NA,0,NA,3.45080995559692
"opposing_members","SPARKX_ACAT",21,TRUE,1,1,NA,NA,2.23871684074402
"structured_background","SPARKX_ACAT",21,TRUE,1,NA,NA,NA,2.17440390586853
"coherent_strong","SPARKX_fgsea",21,TRUE,0.0833333333333333,0.333333333333333,0,0,0.197684049606323
"coherent_weak","SPARKX_fgsea",21,FALSE,0,0,0,0,0.172272205352783
"correlated_nonspatial","SPARKX_fgsea",21,TRUE,0.0833333333333333,NA,0.0833333333333333,NA,0.224570035934448
"global_null","SPARKX_fgsea",21,FALSE,0,NA,0,NA,0.180294990539551
"opposing_members","SPARKX_fgsea",21,TRUE,0.0833333333333333,0.333333333333333,0,0,0.186989068984985
"structured_background","SPARKX_fgsea",21,FALSE,0,NA,0,NA,0.17295503616333
"coherent_strong","STpathway_dCov",21,TRUE,1,1,NA,NA,0.376872062683105
"coherent_weak","STpathway_dCov",21,TRUE,1,1,NA,NA,0.370193958282471
"correlated_nonspatial","STpathway_dCov",21,FALSE,0,NA,0,NA,0.374787092208862
"global_null","STpathway_dCov",21,FALSE,0,NA,0,NA,0.357481956481934
"opposing_members","STpathway_dCov",21,TRUE,1,1,NA,NA,0.347665071487427
"structured_background","STpathway_dCov",21,TRUE,1,NA,NA,NA,0.335853815078735
"coherent_strong","spatialSVP_matched_none",21,TRUE,0.25,1,0,0,2.6206910610199
"coherent_weak","spatialSVP_matched_none",21,TRUE,0.25,1,0,0,2.59969210624695
"correlated_nonspatial","spatialSVP_matched_none",21,FALSE,0,NA,0,NA,2.87382507324219
"global_null","spatialSVP_matched_none",21,FALSE,0,NA,0,NA,2.72949695587158
"opposing_members","spatialSVP_matched_none",21,FALSE,0,0,0,0,2.55495095252991
"structured_background","spatialSVP_matched_none",21,FALSE,0,NA,0,NA,2.5502598285675
"coherent_strong","spatialSVP_matched_pcs",21,TRUE,0.0833333333333333,0.333333333333333,0,0,2.62416291236877
"coherent_weak","spatialSVP_matched_pcs",21,TRUE,0.25,1,0,0,2.66123223304749
"correlated_nonspatial","spatialSVP_matched_pcs",21,FALSE,0,NA,0,NA,2.77087187767029
"global_null","spatialSVP_matched_pcs",21,FALSE,0,NA,0,NA,2.87401509284973
"opposing_members","spatialSVP_matched_pcs",21,TRUE,0.166666666666667,0.666666666666667,0,0,2.71942400932312
"structured_background","spatialSVP_matched_pcs",21,FALSE,0,NA,0,NA,2.54299378395081
"coherent_strong","spatialSVP_permutation_none",21,TRUE,1,1,NA,NA,0.2276930809021
"coherent_weak","spatialSVP_permutation_none",21,TRUE,0.75,1,NA,NA,0.0857319831848145
"correlated_nonspatial","spatialSVP_permutation_none",21,FALSE,0,NA,0,NA,0.0918629169464111
"global_null","spatialSVP_permutation_none",21,FALSE,0,NA,0,NA,0.0976622104644775
"opposing_members","spatialSVP_permutation_none",21,TRUE,0.916666666666667,1,NA,NA,0.0826420783996582
"structured_background","spatialSVP_permutation_none",21,TRUE,0.666666666666667,NA,NA,NA,0.0870640277862549
"coherent_strong","spatialSVP_permutation_pcs",21,FALSE,0,0,NA,NA,0.0830178260803223
"coherent_weak","spatialSVP_permutation_pcs",21,TRUE,0.25,1,NA,NA,0.0836989879608154
"correlated_nonspatial","spatialSVP_permutation_pcs",21,FALSE,0,NA,0,NA,0.0817489624023438
"global_null","spatialSVP_permutation_pcs",21,FALSE,0,NA,0,NA,0.0722529888153076
"opposing_members","spatialSVP_permutation_pcs",21,TRUE,0.0833333333333333,0.333333333333333,NA,NA,0.0827031135559082
"structured_background","spatialSVP_permutation_pcs",21,FALSE,0,NA,NA,NA,0.0777020454406738
"coherent_strong","SPARKX_ACAT",22,TRUE,1,1,NA,NA,2.28393888473511
"coherent_weak","SPARKX_ACAT",22,TRUE,1,1,NA,NA,2.291100025177
"correlated_nonspatial","SPARKX_ACAT",22,FALSE,0,NA,0,NA,2.87646889686584
"global_null","SPARKX_ACAT",22,FALSE,0,NA,0,NA,3.23881602287292
"opposing_members","SPARKX_ACAT",22,TRUE,1,1,NA,NA,2.2875280380249
"structured_background","SPARKX_ACAT",22,TRUE,1,NA,NA,NA,2.31069302558899
"coherent_strong","SPARKX_fgsea",22,TRUE,0.0833333333333333,0.333333333333333,0,0,0.212224006652832
"coherent_weak","SPARKX_fgsea",22,TRUE,0.0833333333333333,0,0.111111111111111,1,0.196977853775024
"correlated_nonspatial","SPARKX_fgsea",22,TRUE,0.166666666666667,NA,0.166666666666667,NA,0.221033096313477
"global_null","SPARKX_fgsea",22,FALSE,0,NA,0,NA,0.175217151641846
"opposing_members","SPARKX_fgsea",22,TRUE,0.0833333333333333,0.333333333333333,0,0,0.204829931259155
"structured_background","SPARKX_fgsea",22,FALSE,0,NA,0,NA,0.15920615196228
"coherent_strong","STpathway_dCov",22,TRUE,1,1,NA,NA,0.355301856994629
"coherent_weak","STpathway_dCov",22,TRUE,1,1,NA,NA,0.364485025405884
"correlated_nonspatial","STpathway_dCov",22,FALSE,0,NA,0,NA,0.382066965103149
"global_null","STpathway_dCov",22,FALSE,0,NA,0,NA,0.347981929779053
"opposing_members","STpathway_dCov",22,TRUE,1,1,NA,NA,0.352445125579834
"structured_background","STpathway_dCov",22,TRUE,1,NA,NA,NA,0.324788093566895
"coherent_strong","spatialSVP_matched_none",22,TRUE,0.25,1,0,0,2.6507511138916
"coherent_weak","spatialSVP_matched_none",22,TRUE,0.25,1,0,0,2.6959240436554
"correlated_nonspatial","spatialSVP_matched_none",22,FALSE,0,NA,0,NA,2.85220384597778
"global_null","spatialSVP_matched_none",22,FALSE,0,NA,0,NA,2.69943785667419
"opposing_members","spatialSVP_matched_none",22,FALSE,0,0,0,0,2.61056590080261
"structured_background","spatialSVP_matched_none",22,FALSE,0,NA,0,NA,2.72175598144531
"coherent_strong","spatialSVP_matched_pcs",22,FALSE,0,0,0,0,2.78311896324158
"coherent_weak","spatialSVP_matched_pcs",22,TRUE,0.25,1,0,0,2.62854909896851
"correlated_nonspatial","spatialSVP_matched_pcs",22,FALSE,0,NA,0,NA,2.88874292373657
"global_null","spatialSVP_matched_pcs",22,FALSE,0,NA,0,NA,2.84880590438843
"opposing_members","spatialSVP_matched_pcs",22,TRUE,0.166666666666667,0.666666666666667,0,0,2.7064962387085
"structured_background","spatialSVP_matched_pcs",22,FALSE,0,NA,0,NA,2.64476823806763
"coherent_strong","spatialSVP_permutation_none",22,TRUE,1,1,NA,NA,0.0699520111083984
"coherent_weak","spatialSVP_permutation_none",22,TRUE,0.75,1,NA,NA,0.0810179710388184
"correlated_nonspatial","spatialSVP_permutation_none",22,FALSE,0,NA,0,NA,0.0801489353179932
"global_null","spatialSVP_permutation_none",22,FALSE,0,NA,0,NA,0.0977160930633545
"opposing_members","spatialSVP_permutation_none",22,TRUE,1,1,NA,NA,0.0826790332794189
"structured_background","spatialSVP_permutation_none",22,TRUE,0.833333333333333,NA,NA,NA,0.0714719295501709
"coherent_strong","spatialSVP_permutation_pcs",22,FALSE,0,0,NA,NA,0.087522029876709
"coherent_weak","spatialSVP_permutation_pcs",22,TRUE,0.25,1,NA,NA,0.0848560333251953
"correlated_nonspatial","spatialSVP_permutation_pcs",22,FALSE,0,NA,0,NA,0.0866780281066895
"global_null","spatialSVP_permutation_pcs",22,FALSE,0,NA,0,NA,0.0577421188354492
"opposing_members","spatialSVP_permutation_pcs",22,TRUE,0.166666666666667,0.666666666666667,NA,NA,0.0755820274353027
"structured_background","spatialSVP_permutation_pcs",22,FALSE,0,NA,NA,NA,0.0787620544433594
"coherent_strong","SPARKX_ACAT",23,TRUE,0.916666666666667,1,NA,NA,2.49314713478088
"coherent_weak","SPARKX_ACAT",23,TRUE,1,1,NA,NA,2.35010099411011
"correlated_nonspatial","SPARKX_ACAT",23,FALSE,0,NA,0,NA,2.95005893707275
"global_null","SPARKX_ACAT",23,FALSE,0,NA,0,NA,3.6273717880249
"opposing_members","SPARKX_ACAT",23,TRUE,1,1,NA,NA,2.52626085281372
"structured_background","SPARKX_ACAT",23,TRUE,1,NA,NA,NA,2.1830530166626
"coherent_strong","SPARKX_fgsea",23,TRUE,0.166666666666667,0.666666666666667,0,0,0.205513954162598
"coherent_weak","SPARKX_fgsea",23,FALSE,0,0,0,0,0.178831100463867
"correlated_nonspatial","SPARKX_fgsea",23,TRUE,0.166666666666667,NA,0.166666666666667,NA,0.201905012130737
"global_null","SPARKX_fgsea",23,FALSE,0,NA,0,NA,0.189333915710449
"opposing_members","SPARKX_fgsea",23,TRUE,0.166666666666667,0.333333333333333,0.111111111111111,0.5,0.176446914672852
"structured_background","SPARKX_fgsea",23,FALSE,0,NA,0,NA,0.182883024215698
"coherent_strong","STpathway_dCov",23,TRUE,1,1,NA,NA,0.354228019714355
"coherent_weak","STpathway_dCov",23,TRUE,1,1,NA,NA,0.347164154052734
"correlated_nonspatial","STpathway_dCov",23,FALSE,0,NA,0,NA,0.341767072677612
"global_null","STpathway_dCov",23,FALSE,0,NA,0,NA,0.371272802352905
"opposing_members","STpathway_dCov",23,TRUE,1,1,NA,NA,0.364490032196045
"structured_background","STpathway_dCov",23,TRUE,1,NA,NA,NA,0.360774040222168
"coherent_strong","spatialSVP_matched_none",23,TRUE,0.333333333333333,1,0.111111111111111,0.25,2.61905813217163
"coherent_weak","spatialSVP_matched_none",23,TRUE,0.25,1,0,0,3.16535186767578
"correlated_nonspatial","spatialSVP_matched_none",23,FALSE,0,NA,0,NA,2.73704504966736
"global_null","spatialSVP_matched_none",23,FALSE,0,NA,0,NA,3.07668805122375
"opposing_members","spatialSVP_matched_none",23,FALSE,0,0,0,0,2.68404674530029
"structured_background","spatialSVP_matched_none",23,FALSE,0,NA,0,NA,2.47736406326294
"coherent_strong","spatialSVP_matched_pcs",23,FALSE,0,0,0,0,2.621737241745
"coherent_weak","spatialSVP_matched_pcs",23,TRUE,0.25,1,0,0,2.91105103492737
"correlated_nonspatial","spatialSVP_matched_pcs",23,FALSE,0,NA,0,NA,2.77096915245056
"global_null","spatialSVP_matched_pcs",23,FALSE,0,NA,0,NA,2.82504415512085
"opposing_members","spatialSVP_matched_pcs",23,TRUE,0.25,1,0,0,2.686283826828
"structured_background","spatialSVP_matched_pcs",23,FALSE,0,NA,0,NA,2.54646325111389
"coherent_strong","spatialSVP_permutation_none",23,TRUE,1,1,NA,NA,0.217402935028076
"coherent_weak","spatialSVP_permutation_none",23,TRUE,1,1,NA,NA,0.0998091697692871
"correlated_nonspatial","spatialSVP_permutation_none",23,FALSE,0,NA,0,NA,0.0768370628356934
"global_null","spatialSVP_permutation_none",23,FALSE,0,NA,0,NA,0.245697975158691
"opposing_members","spatialSVP_permutation_none",23,TRUE,0.916666666666667,1,NA,NA,0.0761470794677734
"structured_background","spatialSVP_permutation_none",23,TRUE,0.833333333333333,NA,NA,NA,0.20456600189209
"coherent_strong","spatialSVP_permutation_pcs",23,FALSE,0,0,NA,NA,0.199440956115723
"coherent_weak","spatialSVP_permutation_pcs",23,TRUE,0.25,1,NA,NA,0.213165998458862
"correlated_nonspatial","spatialSVP_permutation_pcs",23,FALSE,0,NA,0,NA,0.0706679821014404
"global_null","spatialSVP_permutation_pcs",23,FALSE,0,NA,0,NA,0.0898058414459229
"opposing_members","spatialSVP_permutation_pcs",23,TRUE,0.166666666666667,0.666666666666667,NA,NA,0.079293966293335
"structured_background","spatialSVP_permutation_pcs",23,FALSE,0,NA,NA,NA,0.0718009471893311
"coherent_strong","SPARKX_ACAT",24,TRUE,1,1,NA,NA,2.4210159778595
"coherent_weak","SPARKX_ACAT",24,TRUE,1,1,NA,NA,2.30917000770569
"correlated_nonspatial","SPARKX_ACAT",24,FALSE,0,NA,0,NA,2.93887591362
"global_null","SPARKX_ACAT",24,TRUE,0.0833333333333333,NA,0.0833333333333333,NA,3.39809083938599
"opposing_members","SPARKX_ACAT",24,TRUE,1,1,NA,NA,2.37742400169373
"structured_background","SPARKX_ACAT",24,TRUE,1,NA,NA,NA,2.43134808540344
"coherent_strong","SPARKX_fgsea",24,TRUE,0.166666666666667,0.666666666666667,0,0,0.196353912353516
"coherent_weak","SPARKX_fgsea",24,FALSE,0,0,0,0,0.173519849777222
"correlated_nonspatial","SPARKX_fgsea",24,TRUE,0.333333333333333,NA,0.333333333333333,NA,0.236798048019409
"global_null","SPARKX_fgsea",24,FALSE,0,NA,0,NA,0.163595914840698
"opposing_members","SPARKX_fgsea",24,TRUE,0.0833333333333333,0.333333333333333,0,0,0.187494993209839
"structured_background","SPARKX_fgsea",24,FALSE,0,NA,0,NA,0.152902841567993
"coherent_strong","STpathway_dCov",24,TRUE,1,1,NA,NA,0.334952116012573
"coherent_weak","STpathway_dCov",24,TRUE,1,1,NA,NA,0.343646049499512
"correlated_nonspatial","STpathway_dCov",24,FALSE,0,NA,0,NA,0.368497848510742
"global_null","STpathway_dCov",24,FALSE,0,NA,0,NA,0.350761890411377
"opposing_members","STpathway_dCov",24,TRUE,1,1,NA,NA,0.329224109649658
"structured_background","STpathway_dCov",24,TRUE,1,NA,NA,NA,0.337377071380615
"coherent_strong","spatialSVP_matched_none",24,TRUE,0.25,1,0,0,2.6899471282959
"coherent_weak","spatialSVP_matched_none",24,TRUE,0.416666666666667,1,0.222222222222222,0.4,2.69016027450562
"correlated_nonspatial","spatialSVP_matched_none",24,FALSE,0,NA,0,NA,2.47331476211548
"global_null","spatialSVP_matched_none",24,FALSE,0,NA,0,NA,2.69919013977051
"opposing_members","spatialSVP_matched_none",24,FALSE,0,0,0,0,2.62391495704651
"structured_background","spatialSVP_matched_none",24,FALSE,0,NA,0,NA,2.53808689117432
"coherent_strong","spatialSVP_matched_pcs",24,FALSE,0,0,0,0,2.61984896659851
"coherent_weak","spatialSVP_matched_pcs",24,TRUE,0.25,1,0,0,2.74915218353271
"correlated_nonspatial","spatialSVP_matched_pcs",24,FALSE,0,NA,0,NA,2.62566900253296
"global_null","spatialSVP_matched_pcs",24,FALSE,0,NA,0,NA,2.87517905235291
"opposing_members","spatialSVP_matched_pcs",24,TRUE,0.25,1,0,0,2.51183176040649
"structured_background","spatialSVP_matched_pcs",24,FALSE,0,NA,0,NA,2.58869099617004
"coherent_strong","spatialSVP_permutation_none",24,TRUE,0.916666666666667,1,NA,NA,0.201615810394287
"coherent_weak","spatialSVP_permutation_none",24,TRUE,0.916666666666667,1,NA,NA,0.0813310146331787
"correlated_nonspatial","spatialSVP_permutation_none",24,FALSE,0,NA,0,NA,0.221734046936035
"global_null","spatialSVP_permutation_none",24,FALSE,0,NA,0,NA,0.0724911689758301
"opposing_members","spatialSVP_permutation_none",24,TRUE,1,1,NA,NA,0.0661399364471436
"structured_background","spatialSVP_permutation_none",24,TRUE,1,NA,NA,NA,0.06231689453125
"coherent_strong","spatialSVP_permutation_pcs",24,FALSE,0,0,NA,NA,0.0877120494842529
"coherent_weak","spatialSVP_permutation_pcs",24,TRUE,0.25,1,NA,NA,0.0876259803771973
"correlated_nonspatial","spatialSVP_permutation_pcs",24,FALSE,0,NA,0,NA,0.0850510597229004
"global_null","spatialSVP_permutation_pcs",24,FALSE,0,NA,0,NA,0.0816090106964111
"opposing_members","spatialSVP_permutation_pcs",24,TRUE,0.25,1,NA,NA,0.230235815048218
"structured_background","spatialSVP_permutation_pcs",24,FALSE,0,NA,NA,NA,0.076887845993042
"coherent_strong","SPARKX_ACAT",25,TRUE,1,1,NA,NA,2.37767505645752
"coherent_weak","SPARKX_ACAT",25,TRUE,1,1,NA,NA,2.22215795516968
"correlated_nonspatial","SPARKX_ACAT",25,FALSE,0,NA,0,NA,2.85642981529236
"global_null","SPARKX_ACAT",25,FALSE,0,NA,0,NA,3.34891486167908
"opposing_members","SPARKX_ACAT",25,TRUE,1,1,NA,NA,2.28768515586853
"structured_background","SPARKX_ACAT",25,TRUE,1,NA,NA,NA,2.18925094604492
"coherent_strong","SPARKX_fgsea",25,TRUE,0.25,0.666666666666667,0.111111111111111,0.333333333333333,0.202379941940308
"coherent_weak","SPARKX_fgsea",25,FALSE,0,0,0,0,0.168324947357178
"correlated_nonspatial","SPARKX_fgsea",25,TRUE,0.0833333333333333,NA,0.0833333333333333,NA,0.241225957870483
"global_null","SPARKX_fgsea",25,FALSE,0,NA,0,NA,0.161106109619141
"opposing_members","SPARKX_fgsea",25,TRUE,0.0833333333333333,0.333333333333333,0,0,0.20353102684021
"structured_background","SPARKX_fgsea",25,FALSE,0,NA,0,NA,0.166876077651978
"coherent_strong","STpathway_dCov",25,TRUE,1,1,NA,NA,0.353511095046997
"coherent_weak","STpathway_dCov",25,TRUE,1,1,NA,NA,0.349219083786011
"correlated_nonspatial","STpathway_dCov",25,FALSE,0,NA,0,NA,0.334383010864258
"global_null","STpathway_dCov",25,FALSE,0,NA,0,NA,0.359771013259888
"opposing_members","STpathway_dCov",25,TRUE,1,1,NA,NA,0.359656095504761
"structured_background","STpathway_dCov",25,TRUE,1,NA,NA,NA,0.331798791885376
"coherent_strong","spatialSVP_matched_none",25,TRUE,0.25,1,0,0,2.7619149684906
"coherent_weak","spatialSVP_matched_none",25,TRUE,0.25,1,0,0,2.75000691413879
"correlated_nonspatial","spatialSVP_matched_none",25,FALSE,0,NA,0,NA,2.53417086601257
"global_null","spatialSVP_matched_none",25,FALSE,0,NA,0,NA,2.87404441833496
"opposing_members","spatialSVP_matched_none",25,FALSE,0,0,0,0,2.41920685768127
"structured_background","spatialSVP_matched_none",25,FALSE,0,NA,0,NA,2.59147214889526
"coherent_strong","spatialSVP_matched_pcs",25,FALSE,0,0,0,0,2.7617039680481
"coherent_weak","spatialSVP_matched_pcs",25,TRUE,0.25,1,0,0,2.53793406486511
"correlated_nonspatial","spatialSVP_matched_pcs",25,FALSE,0,NA,0,NA,2.56369590759277
"global_null","spatialSVP_matched_pcs",25,FALSE,0,NA,0,NA,3.05626726150513
"opposing_members","spatialSVP_matched_pcs",25,TRUE,0.166666666666667,0.666666666666667,0,0,2.73838305473328
"structured_background","spatialSVP_matched_pcs",25,FALSE,0,NA,0,NA,2.59070110321045
"coherent_strong","spatialSVP_permutation_none",25,TRUE,1,1,NA,NA,0.0947520732879639
"coherent_weak","spatialSVP_permutation_none",25,TRUE,0.916666666666667,1,NA,NA,0.225398063659668
"correlated_nonspatial","spatialSVP_permutation_none",25,FALSE,0,NA,0,NA,0.0871829986572266
"global_null","spatialSVP_permutation_none",25,FALSE,0,NA,0,NA,0.100174903869629
"opposing_members","spatialSVP_permutation_none",25,TRUE,0.916666666666667,1,NA,NA,0.0918030738830566
"structured_background","spatialSVP_permutation_none",25,TRUE,1,NA,NA,NA,0.213057994842529
"coherent_strong","spatialSVP_permutation_pcs",25,FALSE,0,0,NA,NA,0.0800850391387939
"coherent_weak","spatialSVP_permutation_pcs",25,TRUE,0.25,1,NA,NA,0.0747318267822266
"correlated_nonspatial","spatialSVP_permutation_pcs",25,FALSE,0,NA,0,NA,0.0806400775909424
"global_null","spatialSVP_permutation_pcs",25,FALSE,0,NA,0,NA,0.0899760723114014
"opposing_members","spatialSVP_permutation_pcs",25,TRUE,0.166666666666667,0.666666666666667,NA,NA,0.0727720260620117
"structured_background","spatialSVP_permutation_pcs",25,FALSE,0,NA,NA,NA,0.0889530181884766
"coherent_strong","SPARKX_ACAT",26,TRUE,1,1,NA,NA,2.32835292816162
"coherent_weak","SPARKX_ACAT",26,TRUE,1,1,NA,NA,2.18838882446289
"correlated_nonspatial","SPARKX_ACAT",26,FALSE,0,NA,0,NA,2.78508520126343
"global_null","SPARKX_ACAT",26,FALSE,0,NA,0,NA,3.49798011779785
"opposing_members","SPARKX_ACAT",26,TRUE,1,1,NA,NA,2.29731297492981
"structured_background","SPARKX_ACAT",26,TRUE,1,NA,NA,NA,2.13075804710388
"coherent_strong","SPARKX_fgsea",26,TRUE,0.166666666666667,0.666666666666667,0,0,0.227889060974121
"coherent_weak","SPARKX_fgsea",26,FALSE,0,0,0,0,0.200584173202515
"correlated_nonspatial","SPARKX_fgsea",26,TRUE,0.166666666666667,NA,0.166666666666667,NA,0.206399917602539
"global_null","SPARKX_fgsea",26,FALSE,0,NA,0,NA,0.149644136428833
"opposing_members","SPARKX_fgsea",26,TRUE,0.0833333333333333,0.333333333333333,0,0,0.202041864395142
"structured_background","SPARKX_fgsea",26,FALSE,0,NA,0,NA,0.178802967071533
"coherent_strong","STpathway_dCov",26,TRUE,1,1,NA,NA,0.35507607460022
"coherent_weak","STpathway_dCov",26,TRUE,1,1,NA,NA,0.341599941253662
"correlated_nonspatial","STpathway_dCov",26,FALSE,0,NA,0,NA,0.350480079650879
"global_null","STpathway_dCov",26,FALSE,0,NA,0,NA,0.358968019485474
"opposing_members","STpathway_dCov",26,TRUE,1,1,NA,NA,0.338809013366699
"structured_background","STpathway_dCov",26,TRUE,1,NA,NA,NA,0.328526973724365
"coherent_strong","spatialSVP_matched_none",26,TRUE,0.25,1,0,0,2.74942111968994
"coherent_weak","spatialSVP_matched_none",26,TRUE,0.25,1,0,0,2.59795212745667
"correlated_nonspatial","spatialSVP_matched_none",26,FALSE,0,NA,0,NA,2.57090210914612
"global_null","spatialSVP_matched_none",26,FALSE,0,NA,0,NA,2.69549512863159
"opposing_members","spatialSVP_matched_none",26,FALSE,0,0,0,0,2.82894015312195
"structured_background","spatialSVP_matched_none",26,FALSE,0,NA,0,NA,2.5565140247345
"coherent_strong","spatialSVP_matched_pcs",26,FALSE,0,0,0,0,2.60643911361694
"coherent_weak","spatialSVP_matched_pcs",26,TRUE,0.25,1,0,0,2.73213696479797
"correlated_nonspatial","spatialSVP_matched_pcs",26,FALSE,0,NA,0,NA,2.58355617523193
"global_null","spatialSVP_matched_pcs",26,FALSE,0,NA,0,NA,2.82776808738708
"opposing_members","spatialSVP_matched_pcs",26,TRUE,0.416666666666667,1,0.222222222222222,0.4,2.65653204917908
"structured_background","spatialSVP_matched_pcs",26,FALSE,0,NA,0,NA,2.59040689468384
"coherent_strong","spatialSVP_permutation_none",26,TRUE,1,1,NA,NA,0.0648038387298584
"coherent_weak","spatialSVP_permutation_none",26,TRUE,0.833333333333333,1,NA,NA,0.0857229232788086
"correlated_nonspatial","spatialSVP_permutation_none",26,FALSE,0,NA,0,NA,0.203718900680542
"global_null","spatialSVP_permutation_none",26,FALSE,0,NA,0,NA,0.0819158554077148
"opposing_members","spatialSVP_permutation_none",26,TRUE,0.916666666666667,1,NA,NA,0.0823428630828857
"structured_background","spatialSVP_permutation_none",26,TRUE,0.916666666666667,NA,NA,NA,0.227066040039062
"coherent_strong","spatialSVP_permutation_pcs",26,FALSE,0,0,NA,NA,0.0961818695068359
"coherent_weak","spatialSVP_permutation_pcs",26,TRUE,0.25,1,NA,NA,0.0669569969177246
"correlated_nonspatial","spatialSVP_permutation_pcs",26,FALSE,0,NA,0,NA,0.0923168659210205
"global_null","spatialSVP_permutation_pcs",26,FALSE,0,NA,0,NA,0.0725789070129395
"opposing_members","spatialSVP_permutation_pcs",26,TRUE,0.25,1,NA,NA,0.0769178867340088
"structured_background","spatialSVP_permutation_pcs",26,FALSE,0,NA,NA,NA,0.10148811340332
"coherent_strong","SPARKX_ACAT",27,TRUE,1,1,NA,NA,2.33282899856567
"coherent_weak","SPARKX_ACAT",27,TRUE,1,1,NA,NA,2.22026205062866
"correlated_nonspatial","SPARKX_ACAT",27,FALSE,0,NA,0,NA,2.88453888893127
"global_null","SPARKX_ACAT",27,FALSE,0,NA,0,NA,3.37059593200684
"opposing_members","SPARKX_ACAT",27,TRUE,1,1,NA,NA,2.41176605224609
"structured_background","SPARKX_ACAT",27,TRUE,1,NA,NA,NA,2.21913409233093
"coherent_strong","SPARKX_fgsea",27,TRUE,0.25,0.666666666666667,0.111111111111111,0.333333333333333,0.226359844207764
"coherent_weak","SPARKX_fgsea",27,FALSE,0,0,0,0,0.181613206863403
"correlated_nonspatial","SPARKX_fgsea",27,TRUE,0.166666666666667,NA,0.166666666666667,NA,0.192868947982788
"global_null","SPARKX_fgsea",27,FALSE,0,NA,0,NA,0.169686794281006
"opposing_members","SPARKX_fgsea",27,TRUE,0.0833333333333333,0.333333333333333,0,0,0.201711893081665
"structured_background","SPARKX_fgsea",27,FALSE,0,NA,0,NA,0.172121047973633
"coherent_strong","STpathway_dCov",27,TRUE,1,1,NA,NA,0.354783058166504
"coherent_weak","STpathway_dCov",27,TRUE,1,1,NA,NA,0.33973503112793
"correlated_nonspatial","STpathway_dCov",27,FALSE,0,NA,0,NA,0.357342958450317
"global_null","STpathway_dCov",27,FALSE,0,NA,0,NA,0.340593099594116
"opposing_members","STpathway_dCov",27,TRUE,1,1,NA,NA,0.364004850387573
"structured_background","STpathway_dCov",27,TRUE,1,NA,NA,NA,0.329415798187256
"coherent_strong","spatialSVP_matched_none",27,TRUE,0.25,1,0,0,2.77961683273315
"coherent_weak","spatialSVP_matched_none",27,TRUE,0.25,1,0,0,2.88405418395996
"correlated_nonspatial","spatialSVP_matched_none",27,FALSE,0,NA,0,NA,2.79907083511353
"global_null","spatialSVP_matched_none",27,FALSE,0,NA,0,NA,2.84660005569458
"opposing_members","spatialSVP_matched_none",27,FALSE,0,0,0,0,2.81603217124939
"structured_background","spatialSVP_matched_none",27,FALSE,0,NA,0,NA,2.72418999671936
"coherent_strong","spatialSVP_matched_pcs",27,FALSE,0,0,0,0,2.4767119884491
"coherent_weak","spatialSVP_matched_pcs",27,TRUE,0.25,1,0,0,2.85076022148132
"correlated_nonspatial","spatialSVP_matched_pcs",27,FALSE,0,NA,0,NA,2.54707193374634
"global_null","spatialSVP_matched_pcs",27,FALSE,0,NA,0,NA,2.89842414855957
"opposing_members","spatialSVP_matched_pcs",27,TRUE,0.25,1,0,0,2.64325213432312
"structured_background","spatialSVP_matched_pcs",27,FALSE,0,NA,0,NA,2.61698579788208
"coherent_strong","spatialSVP_permutation_none",27,TRUE,1,1,NA,NA,0.199172973632812
"coherent_weak","spatialSVP_permutation_none",27,TRUE,0.916666666666667,1,NA,NA,0.0843548774719238
"correlated_nonspatial","spatialSVP_permutation_none",27,FALSE,0,NA,0,NA,0.214590072631836
"global_null","spatialSVP_permutation_none",27,TRUE,0.0833333333333333,NA,0.0833333333333333,NA,0.0828819274902344
"opposing_members","spatialSVP_permutation_none",27,TRUE,1,1,NA,NA,0.0854320526123047
"structured_background","spatialSVP_permutation_none",27,TRUE,0.916666666666667,NA,NA,NA,0.0667710304260254
"coherent_strong","spatialSVP_permutation_pcs",27,FALSE,0,0,NA,NA,0.199748992919922
"coherent_weak","spatialSVP_permutation_pcs",27,TRUE,0.25,1,NA,NA,0.0632791519165039
"correlated_nonspatial","spatialSVP_permutation_pcs",27,FALSE,0,NA,0,NA,0.0898480415344238
"global_null","spatialSVP_permutation_pcs",27,FALSE,0,NA,0,NA,0.0719199180603027
"opposing_members","spatialSVP_permutation_pcs",27,TRUE,0.25,1,NA,NA,0.071260929107666
"structured_background","spatialSVP_permutation_pcs",27,FALSE,0,NA,NA,NA,0.0729210376739502
"coherent_strong","SPARKX_ACAT",28,TRUE,0.916666666666667,0.666666666666667,NA,NA,2.58723592758179
"coherent_weak","SPARKX_ACAT",28,TRUE,1,1,NA,NA,2.2174060344696
"correlated_nonspatial","SPARKX_ACAT",28,FALSE,0,NA,0,NA,2.9514582157135
"global_null","SPARKX_ACAT",28,FALSE,0,NA,0,NA,3.32858419418335
"opposing_members","SPARKX_ACAT",28,TRUE,1,1,NA,NA,2.32270503044128
"structured_background","SPARKX_ACAT",28,TRUE,1,NA,NA,NA,2.2174379825592
"coherent_strong","SPARKX_fgsea",28,TRUE,0.166666666666667,0.333333333333333,0.111111111111111,0.5,0.197182178497314
"coherent_weak","SPARKX_fgsea",28,FALSE,0,0,0,0,0.16283917427063
"correlated_nonspatial","SPARKX_fgsea",28,TRUE,0.0833333333333333,NA,0.0833333333333333,NA,0.203853845596313
"global_null","SPARKX_fgsea",28,FALSE,0,NA,0,NA,0.151909828186035
"opposing_members","SPARKX_fgsea",28,TRUE,0.0833333333333333,0.333333333333333,0,0,0.186283111572266
"structured_background","SPARKX_fgsea",28,FALSE,0,NA,0,NA,0.175110101699829
"coherent_strong","STpathway_dCov",28,TRUE,1,1,NA,NA,0.352911949157715
"coherent_weak","STpathway_dCov",28,TRUE,1,1,NA,NA,0.342805147171021
"correlated_nonspatial","STpathway_dCov",28,FALSE,0,NA,0,NA,0.371217966079712
"global_null","STpathway_dCov",28,FALSE,0,NA,0,NA,0.348144054412842
"opposing_members","STpathway_dCov",28,TRUE,1,1,NA,NA,0.338149070739746
"structured_background","STpathway_dCov",28,TRUE,1,NA,NA,NA,0.329243898391724
"coherent_strong","spatialSVP_matched_none",28,TRUE,0.25,1,0,0,2.73398804664612
"coherent_weak","spatialSVP_matched_none",28,TRUE,0.25,1,0,0,2.55244588851929
"correlated_nonspatial","spatialSVP_matched_none",28,FALSE,0,NA,0,NA,2.64086413383484
"global_null","spatialSVP_matched_none",28,FALSE,0,NA,0,NA,2.81949210166931
"opposing_members","spatialSVP_matched_none",28,FALSE,0,0,0,0,2.94108271598816
"structured_background","spatialSVP_matched_none",28,FALSE,0,NA,0,NA,2.39933705329895
"coherent_strong","spatialSVP_matched_pcs",28,FALSE,0,0,0,0,2.55966782569885
"coherent_weak","spatialSVP_matched_pcs",28,TRUE,0.333333333333333,1,0.111111111111111,0.25,2.60386204719543
"correlated_nonspatial","spatialSVP_matched_pcs",28,FALSE,0,NA,0,NA,2.64800500869751
"global_null","spatialSVP_matched_pcs",28,FALSE,0,NA,0,NA,2.68224406242371
"opposing_members","spatialSVP_matched_pcs",28,TRUE,0.166666666666667,0.666666666666667,0,0,2.54477977752686
"structured_background","spatialSVP_matched_pcs",28,FALSE,0,NA,0,NA,2.58694005012512
"coherent_strong","spatialSVP_permutation_none",28,TRUE,1,1,NA,NA,0.208754062652588
"coherent_weak","spatialSVP_permutation_none",28,TRUE,1,1,NA,NA,0.0669660568237305
"correlated_nonspatial","spatialSVP_permutation_none",28,FALSE,0,NA,0,NA,0.203930854797363
"global_null","spatialSVP_permutation_none",28,FALSE,0,NA,0,NA,0.0826210975646973
"opposing_members","spatialSVP_permutation_none",28,TRUE,0.916666666666667,1,NA,NA,0.216002941131592
"structured_background","spatialSVP_permutation_none",28,TRUE,1,NA,NA,NA,0.0711948871612549
"coherent_strong","spatialSVP_permutation_pcs",28,FALSE,0,0,NA,NA,0.0805139541625977
"coherent_weak","spatialSVP_permutation_pcs",28,TRUE,0.333333333333333,1,NA,NA,0.0788900852203369
"correlated_nonspatial","spatialSVP_permutation_pcs",28,FALSE,0,NA,0,NA,0.0914409160614014
"global_null","spatialSVP_permutation_pcs",28,FALSE,0,NA,0,NA,0.0897941589355469
"opposing_members","spatialSVP_permutation_pcs",28,TRUE,0.166666666666667,0.666666666666667,NA,NA,0.228657960891724
"structured_background","spatialSVP_permutation_pcs",28,FALSE,0,NA,NA,NA,0.0816938877105713
"coherent_strong","SPARKX_ACAT",29,TRUE,1,1,NA,NA,2.26201510429382
"coherent_weak","SPARKX_ACAT",29,TRUE,1,1,NA,NA,2.34278917312622
"correlated_nonspatial","SPARKX_ACAT",29,FALSE,0,NA,0,NA,3.05467700958252
"global_null","SPARKX_ACAT",29,FALSE,0,NA,0,NA,3.22377705574036
"opposing_members","SPARKX_ACAT",29,TRUE,1,1,NA,NA,2.20797300338745
"structured_background","SPARKX_ACAT",29,TRUE,1,NA,NA,NA,2.29364991188049
"coherent_strong","SPARKX_fgsea",29,TRUE,0.166666666666667,0.666666666666667,0,0,0.208234786987305
"coherent_weak","SPARKX_fgsea",29,FALSE,0,0,0,0,0.167840003967285
"correlated_nonspatial","SPARKX_fgsea",29,TRUE,0.166666666666667,NA,0.166666666666667,NA,0.213315010070801
"global_null","SPARKX_fgsea",29,FALSE,0,NA,0,NA,0.197030067443848
"opposing_members","SPARKX_fgsea",29,FALSE,0,0,0,0,0.194472074508667
"structured_background","SPARKX_fgsea",29,FALSE,0,NA,0,NA,0.161879062652588
"coherent_strong","STpathway_dCov",29,TRUE,1,1,NA,NA,0.341554880142212
"coherent_weak","STpathway_dCov",29,TRUE,1,1,NA,NA,0.324644804000854
"correlated_nonspatial","STpathway_dCov",29,FALSE,0,NA,0,NA,0.347615003585815
"global_null","STpathway_dCov",29,TRUE,0.0833333333333333,NA,0.0833333333333333,NA,0.357861042022705
"opposing_members","STpathway_dCov",29,TRUE,1,1,NA,NA,0.353618144989014
"structured_background","STpathway_dCov",29,TRUE,1,NA,NA,NA,0.334161043167114
"coherent_strong","spatialSVP_matched_none",29,TRUE,0.25,1,0,0,2.54168581962585
"coherent_weak","spatialSVP_matched_none",29,TRUE,0.25,1,0,0,2.58076882362366
"correlated_nonspatial","spatialSVP_matched_none",29,FALSE,0,NA,0,NA,2.67035388946533
"global_null","spatialSVP_matched_none",29,FALSE,0,NA,0,NA,2.8237669467926
"opposing_members","spatialSVP_matched_none",29,FALSE,0,0,0,0,2.7444281578064
"structured_background","spatialSVP_matched_none",29,FALSE,0,NA,0,NA,2.64474892616272
"coherent_strong","spatialSVP_matched_pcs",29,TRUE,0.0833333333333333,0.333333333333333,0,0,2.58988380432129
"coherent_weak","spatialSVP_matched_pcs",29,TRUE,0.25,1,0,0,2.59979677200317
"correlated_nonspatial","spatialSVP_matched_pcs",29,FALSE,0,NA,0,NA,2.7823429107666
"global_null","spatialSVP_matched_pcs",29,FALSE,0,NA,0,NA,2.83107495307922
"opposing_members","spatialSVP_matched_pcs",29,TRUE,0.166666666666667,0.666666666666667,0,0,2.92072296142578
"structured_background","spatialSVP_matched_pcs",29,FALSE,0,NA,0,NA,2.6800639629364
"coherent_strong","spatialSVP_permutation_none",29,TRUE,1,1,NA,NA,0.0862500667572021
"coherent_weak","spatialSVP_permutation_none",29,TRUE,0.916666666666667,1,NA,NA,0.226202964782715
"correlated_nonspatial","spatialSVP_permutation_none",29,FALSE,0,NA,0,NA,0.0824129581451416
"global_null","spatialSVP_permutation_none",29,FALSE,0,NA,0,NA,0.109982013702393
"opposing_members","spatialSVP_permutation_none",29,TRUE,0.833333333333333,1,NA,NA,0.0790119171142578
"structured_background","spatialSVP_permutation_none",29,TRUE,1,NA,NA,NA,0.222255945205688
"coherent_strong","spatialSVP_permutation_pcs",29,FALSE,0,0,NA,NA,0.0765719413757324
"coherent_weak","spatialSVP_permutation_pcs",29,TRUE,0.25,1,NA,NA,0.0669701099395752
"correlated_nonspatial","spatialSVP_permutation_pcs",29,FALSE,0,NA,0,NA,0.0824239253997803
"global_null","spatialSVP_permutation_pcs",29,FALSE,0,NA,0,NA,0.105762004852295
"opposing_members","spatialSVP_permutation_pcs",29,TRUE,0.166666666666667,0.666666666666667,NA,NA,0.0827450752258301
"structured_background","spatialSVP_permutation_pcs",29,FALSE,0,NA,NA,NA,0.0694711208343506
"coherent_strong","SPARKX_ACAT",30,TRUE,1,1,NA,NA,2.18725514411926
"coherent_weak","SPARKX_ACAT",30,TRUE,1,1,NA,NA,2.1153039932251
"correlated_nonspatial","SPARKX_ACAT",30,FALSE,0,NA,0,NA,2.81608986854553
"global_null","SPARKX_ACAT",30,FALSE,0,NA,0,NA,3.29116582870483
"opposing_members","SPARKX_ACAT",30,TRUE,1,1,NA,NA,2.3389720916748
"structured_background","SPARKX_ACAT",30,TRUE,1,NA,NA,NA,2.28768587112427
"coherent_strong","SPARKX_fgsea",30,TRUE,0.166666666666667,0.666666666666667,0,0,0.211379051208496
"coherent_weak","SPARKX_fgsea",30,FALSE,0,0,0,0,0.170881032943726
"correlated_nonspatial","SPARKX_fgsea",30,TRUE,0.25,NA,0.25,NA,0.214204788208008
"global_null","SPARKX_fgsea",30,FALSE,0,NA,0,NA,0.154608964920044
"opposing_members","SPARKX_fgsea",30,TRUE,0.166666666666667,0.333333333333333,0.111111111111111,0.5,0.21940803527832
"structured_background","SPARKX_fgsea",30,FALSE,0,NA,0,NA,0.161561012268066
"coherent_strong","STpathway_dCov",30,TRUE,1,1,NA,NA,0.32842493057251
"coherent_weak","STpathway_dCov",30,TRUE,1,1,NA,NA,0.346358060836792
"correlated_nonspatial","STpathway_dCov",30,FALSE,0,NA,0,NA,0.345178842544556
"global_null","STpathway_dCov",30,FALSE,0,NA,0,NA,0.341582059860229
"opposing_members","STpathway_dCov",30,TRUE,1,1,NA,NA,0.345306158065796
"structured_background","STpathway_dCov",30,TRUE,1,NA,NA,NA,0.335163831710815
"coherent_strong","spatialSVP_matched_none",30,TRUE,0.25,1,0,0,2.84472990036011
"coherent_weak","spatialSVP_matched_none",30,TRUE,0.25,1,0,0,2.53666710853577
"correlated_nonspatial","spatialSVP_matched_none",30,FALSE,0,NA,0,NA,2.8029990196228
"global_null","spatialSVP_matched_none",30,FALSE,0,NA,0,NA,2.7255380153656
"opposing_members","spatialSVP_matched_none",30,FALSE,0,0,0,0,2.71430897712708
"structured_background","spatialSVP_matched_none",30,FALSE,0,NA,0,NA,2.93458795547485
"coherent_strong","spatialSVP_matched_pcs",30,FALSE,0,0,0,0,2.80823493003845
"coherent_weak","spatialSVP_matched_pcs",30,TRUE,0.25,1,0,0,2.65549516677856
"correlated_nonspatial","spatialSVP_matched_pcs",30,FALSE,0,NA,0,NA,2.68637299537659
"global_null","spatialSVP_matched_pcs",30,FALSE,0,NA,0,NA,2.78667116165161
"opposing_members","spatialSVP_matched_pcs",30,TRUE,0.0833333333333333,0.333333333333333,0,0,2.69313716888428
"structured_background","spatialSVP_matched_pcs",30,FALSE,0,NA,0,NA,2.60984897613525
"coherent_strong","spatialSVP_permutation_none",30,TRUE,1,1,NA,NA,0.089900016784668
"coherent_weak","spatialSVP_permutation_none",30,TRUE,1,1,NA,NA,0.0750579833984375
"correlated_nonspatial","spatialSVP_permutation_none",30,FALSE,0,NA,0,NA,0.0776329040527344
"global_null","spatialSVP_permutation_none",30,FALSE,0,NA,0,NA,0.086082935333252
"opposing_members","spatialSVP_permutation_none",30,TRUE,0.916666666666667,1,NA,NA,0.0805559158325195
"structured_background","spatialSVP_permutation_none",30,TRUE,0.916666666666667,NA,NA,NA,0.0681619644165039
"coherent_strong","spatialSVP_permutation_pcs",30,FALSE,0,0,NA,NA,0.0841708183288574
"coherent_weak","spatialSVP_permutation_pcs",30,TRUE,0.25,1,NA,NA,0.0763559341430664
"correlated_nonspatial","spatialSVP_permutation_pcs",30,FALSE,0,NA,0,NA,0.0781171321868896
"global_null","spatialSVP_permutation_pcs",30,FALSE,0,NA,0,NA,0.117471933364868
"opposing_members","spatialSVP_permutation_pcs",30,TRUE,0.0833333333333333,0.333333333333333,NA,NA,0.232084989547729
"structured_background","spatialSVP_permutation_pcs",30,FALSE,0,NA,NA,NA,0.227525949478149
"coherent_strong","SPARKX_ACAT",31,TRUE,1,1,NA,NA,2.43100380897522
"coherent_weak","SPARKX_ACAT",31,TRUE,1,1,NA,NA,2.18933820724487
"correlated_nonspatial","SPARKX_ACAT",31,FALSE,0,NA,0,NA,3.14345598220825
"global_null","SPARKX_ACAT",31,FALSE,0,NA,0,NA,3.12099003791809
"opposing_members","SPARKX_ACAT",31,TRUE,1,1,NA,NA,2.42412209510803
"structured_background","SPARKX_ACAT",31,TRUE,1,NA,NA,NA,2.18092489242554
"coherent_strong","SPARKX_fgsea",31,TRUE,0.166666666666667,0.666666666666667,0,0,0.227686882019043
"coherent_weak","SPARKX_fgsea",31,FALSE,0,0,0,0,0.181230068206787
"correlated_nonspatial","SPARKX_fgsea",31,TRUE,0.0833333333333333,NA,0.0833333333333333,NA,0.201524972915649
"global_null","SPARKX_fgsea",31,FALSE,0,NA,0,NA,0.154220819473267
"opposing_members","SPARKX_fgsea",31,TRUE,0.0833333333333333,0.333333333333333,0,0,0.219053030014038
"structured_background","SPARKX_fgsea",31,FALSE,0,NA,0,NA,0.183190822601318
"coherent_strong","STpathway_dCov",31,TRUE,1,1,NA,NA,0.344130039215088
"coherent_weak","STpathway_dCov",31,TRUE,1,1,NA,NA,0.33769702911377
"correlated_nonspatial","STpathway_dCov",31,FALSE,0,NA,0,NA,0.371822118759155
"global_null","STpathway_dCov",31,FALSE,0,NA,0,NA,0.341165065765381
"opposing_members","STpathway_dCov",31,TRUE,1,1,NA,NA,0.363850116729736
"structured_background","STpathway_dCov",31,TRUE,1,NA,NA,NA,0.363813877105713
"coherent_strong","spatialSVP_matched_none",31,TRUE,0.333333333333333,1,0.111111111111111,0.25,2.67086601257324
"coherent_weak","spatialSVP_matched_none",31,TRUE,0.25,1,0,0,2.55830669403076
"correlated_nonspatial","spatialSVP_matched_none",31,FALSE,0,NA,0,NA,3.43483710289001
"global_null","spatialSVP_matched_none",31,FALSE,0,NA,0,NA,3.09705710411072
"opposing_members","spatialSVP_matched_none",31,FALSE,0,0,0,0,2.64492511749268
"structured_background","spatialSVP_matched_none",31,FALSE,0,NA,0,NA,2.72962093353271
"coherent_strong","spatialSVP_matched_pcs",31,TRUE,0.0833333333333333,0.333333333333333,0,0,2.71991419792175
"coherent_weak","spatialSVP_matched_pcs",31,TRUE,0.25,1,0,0,2.5891649723053
"correlated_nonspatial","spatialSVP_matched_pcs",31,FALSE,0,NA,0,NA,2.79284715652466
"global_null","spatialSVP_matched_pcs",31,FALSE,0,NA,0,NA,2.80154514312744
"opposing_members","spatialSVP_matched_pcs",31,TRUE,0.0833333333333333,0.333333333333333,0,0,2.66886305809021
"structured_background","spatialSVP_matched_pcs",31,FALSE,0,NA,0,NA,2.60601282119751
"coherent_strong","spatialSVP_permutation_none",31,TRUE,1,1,NA,NA,0.223662853240967
"coherent_weak","spatialSVP_permutation_none",31,TRUE,1,1,NA,NA,0.0757598876953125
"correlated_nonspatial","spatialSVP_permutation_none",31,FALSE,0,NA,0,NA,0.0647580623626709
"global_null","spatialSVP_permutation_none",31,FALSE,0,NA,0,NA,0.0765490531921387
"opposing_members","spatialSVP_permutation_none",31,TRUE,0.833333333333333,1,NA,NA,0.224851846694946
"structured_background","spatialSVP_permutation_none",31,TRUE,0.833333333333333,NA,NA,NA,0.225656986236572
"coherent_strong","spatialSVP_permutation_pcs",31,FALSE,0,0,NA,NA,0.0775229930877686
"coherent_weak","spatialSVP_permutation_pcs",31,TRUE,0.25,1,NA,NA,0.200778961181641
"correlated_nonspatial","spatialSVP_permutation_pcs",31,FALSE,0,NA,0,NA,0.0923738479614258
"global_null","spatialSVP_permutation_pcs",31,FALSE,0,NA,0,NA,0.0817570686340332
"opposing_members","spatialSVP_permutation_pcs",31,TRUE,0.0833333333333333,0.333333333333333,NA,NA,0.0842099189758301
"structured_background","spatialSVP_permutation_pcs",31,FALSE,0,NA,NA,NA,0.194342136383057
"coherent_strong","SPARKX_ACAT",32,TRUE,1,1,NA,NA,2.39602589607239
"coherent_weak","SPARKX_ACAT",32,TRUE,1,1,NA,NA,2.26961183547974
"correlated_nonspatial","SPARKX_ACAT",32,TRUE,0.0833333333333333,NA,0.0833333333333333,NA,2.89133596420288
"global_null","SPARKX_ACAT",32,FALSE,0,NA,0,NA,3.34416389465332
"opposing_members","SPARKX_ACAT",32,TRUE,1,1,NA,NA,2.28742814064026
"structured_background","SPARKX_ACAT",32,TRUE,1,NA,NA,NA,2.52870798110962
"coherent_strong","SPARKX_fgsea",32,TRUE,0.166666666666667,0.666666666666667,0,0,0.234437942504883
"coherent_weak","SPARKX_fgsea",32,FALSE,0,0,0,0,0.166098117828369
"correlated_nonspatial","SPARKX_fgsea",32,TRUE,0.25,NA,0.25,NA,0.257946968078613
"global_null","SPARKX_fgsea",32,FALSE,0,NA,0,NA,0.192000150680542
"opposing_members","SPARKX_fgsea",32,TRUE,0.0833333333333333,0.333333333333333,0,0,0.177906036376953
"structured_background","SPARKX_fgsea",32,FALSE,0,NA,0,NA,0.181035041809082
"coherent_strong","STpathway_dCov",32,TRUE,1,1,NA,NA,0.344357967376709
"coherent_weak","STpathway_dCov",32,TRUE,1,1,NA,NA,0.342786073684692
"correlated_nonspatial","STpathway_dCov",32,FALSE,0,NA,0,NA,0.35381293296814
"global_null","STpathway_dCov",32,FALSE,0,NA,0,NA,0.33400297164917
"opposing_members","STpathway_dCov",32,TRUE,1,1,NA,NA,0.342656850814819
"structured_background","STpathway_dCov",32,TRUE,1,NA,NA,NA,0.342793941497803
"coherent_strong","spatialSVP_matched_none",32,TRUE,0.25,1,0,0,2.80300092697144
"coherent_weak","spatialSVP_matched_none",32,TRUE,0.25,1,0,0,2.39512491226196
"correlated_nonspatial","spatialSVP_matched_none",32,FALSE,0,NA,0,NA,2.59578680992126
"global_null","spatialSVP_matched_none",32,FALSE,0,NA,0,NA,2.8156270980835
"opposing_members","spatialSVP_matched_none",32,FALSE,0,0,0,0,2.65121698379517
"structured_background","spatialSVP_matched_none",32,FALSE,0,NA,0,NA,2.55149412155151
"coherent_strong","spatialSVP_matched_pcs",32,FALSE,0,0,0,0,2.77686214447021
"coherent_weak","spatialSVP_matched_pcs",32,TRUE,0.25,1,0,0,2.65869498252869
"correlated_nonspatial","spatialSVP_matched_pcs",32,FALSE,0,NA,0,NA,2.76849699020386
"global_null","spatialSVP_matched_pcs",32,FALSE,0,NA,0,NA,2.88240218162537
"opposing_members","spatialSVP_matched_pcs",32,TRUE,0.25,1,0,0,2.52171897888184
"structured_background","spatialSVP_matched_pcs",32,FALSE,0,NA,0,NA,2.69866514205933
"coherent_strong","spatialSVP_permutation_none",32,TRUE,1,1,NA,NA,0.0904800891876221
"coherent_weak","spatialSVP_permutation_none",32,TRUE,0.916666666666667,1,NA,NA,0.080866813659668
"correlated_nonspatial","spatialSVP_permutation_none",32,FALSE,0,NA,0,NA,0.0772240161895752
"global_null","spatialSVP_permutation_none",32,FALSE,0,NA,0,NA,0.103525161743164
"opposing_members","spatialSVP_permutation_none",32,TRUE,1,1,NA,NA,0.0628528594970703
"structured_background","spatialSVP_permutation_none",32,TRUE,1,NA,NA,NA,0.0842628479003906
"coherent_strong","spatialSVP_permutation_pcs",32,FALSE,0,0,NA,NA,0.0868489742279053
"coherent_weak","spatialSVP_permutation_pcs",32,TRUE,0.25,1,NA,NA,0.0774071216583252
"correlated_nonspatial","spatialSVP_permutation_pcs",32,FALSE,0,NA,0,NA,0.0758969783782959
"global_null","spatialSVP_permutation_pcs",32,FALSE,0,NA,0,NA,0.091094970703125
"opposing_members","spatialSVP_permutation_pcs",32,TRUE,0.25,1,NA,NA,0.107285022735596
"structured_background","spatialSVP_permutation_pcs",32,FALSE,0,NA,NA,NA,0.0730631351470947
"coherent_strong","SPARKX_ACAT",33,TRUE,1,1,NA,NA,2.29938101768494
"coherent_weak","SPARKX_ACAT",33,TRUE,1,1,NA,NA,2.28333401679993
"correlated_nonspatial","SPARKX_ACAT",33,FALSE,0,NA,0,NA,2.92619299888611
"global_null","SPARKX_ACAT",33,FALSE,0,NA,0,NA,3.41154408454895
"opposing_members","SPARKX_ACAT",33,TRUE,1,1,NA,NA,2.35497307777405
"structured_background","SPARKX_ACAT",33,TRUE,1,NA,NA,NA,2.24177002906799
"coherent_strong","SPARKX_fgsea",33,TRUE,0.0833333333333333,0.333333333333333,0,0,0.212284088134766
"coherent_weak","SPARKX_fgsea",33,FALSE,0,0,0,0,0.145626068115234
"correlated_nonspatial","SPARKX_fgsea",33,TRUE,0.0833333333333333,NA,0.0833333333333333,NA,0.239558219909668
"global_null","SPARKX_fgsea",33,FALSE,0,NA,0,NA,0.181774139404297
"opposing_members","SPARKX_fgsea",33,TRUE,0.0833333333333333,0.333333333333333,0,0,0.191409111022949
"structured_background","SPARKX_fgsea",33,FALSE,0,NA,0,NA,0.146713018417358
"coherent_strong","STpathway_dCov",33,TRUE,1,1,NA,NA,0.341947078704834
"coherent_weak","STpathway_dCov",33,TRUE,1,1,NA,NA,0.333688974380493
"correlated_nonspatial","STpathway_dCov",33,FALSE,0,NA,0,NA,0.369706153869629
"global_null","STpathway_dCov",33,FALSE,0,NA,0,NA,0.347340106964111
"opposing_members","STpathway_dCov",33,TRUE,1,1,NA,NA,0.338982105255127
"structured_background","STpathway_dCov",33,TRUE,1,NA,NA,NA,0.339723825454712
"coherent_strong","spatialSVP_matched_none",33,TRUE,0.25,1,0,0,2.74700999259949
"coherent_weak","spatialSVP_matched_none",33,TRUE,0.333333333333333,1,0.111111111111111,0.25,2.87349891662598
"correlated_nonspatial","spatialSVP_matched_none",33,FALSE,0,NA,0,NA,2.7076587677002
"global_null","spatialSVP_matched_none",33,FALSE,0,NA,0,NA,2.78590989112854
"opposing_members","spatialSVP_matched_none",33,TRUE,0.0833333333333333,0,0.111111111111111,1,2.64705514907837
"structured_background","spatialSVP_matched_none",33,FALSE,0,NA,0,NA,2.6701180934906
"coherent_strong","spatialSVP_matched_pcs",33,FALSE,0,0,0,0,2.6181309223175
"coherent_weak","spatialSVP_matched_pcs",33,TRUE,0.25,1,0,0,2.63048410415649
"correlated_nonspatial","spatialSVP_matched_pcs",33,FALSE,0,NA,0,NA,2.68700385093689
"global_null","spatialSVP_matched_pcs",33,FALSE,0,NA,0,NA,2.93279600143433
"opposing_members","spatialSVP_matched_pcs",33,TRUE,0.166666666666667,0.666666666666667,0,0,2.66575407981873
"structured_background","spatialSVP_matched_pcs",33,FALSE,0,NA,0,NA,2.61831998825073
"coherent_strong","spatialSVP_permutation_none",33,TRUE,1,1,NA,NA,0.211272001266479
"coherent_weak","spatialSVP_permutation_none",33,TRUE,0.916666666666667,1,NA,NA,0.0737380981445312
"correlated_nonspatial","spatialSVP_permutation_none",33,FALSE,0,NA,0,NA,0.0891721248626709
"global_null","spatialSVP_permutation_none",33,TRUE,0.0833333333333333,NA,0.0833333333333333,NA,0.0857720375061035
"opposing_members","spatialSVP_permutation_none",33,TRUE,1,1,NA,NA,0.196365118026733
"structured_background","spatialSVP_permutation_none",33,TRUE,0.916666666666667,NA,NA,NA,0.097883939743042
"coherent_strong","spatialSVP_permutation_pcs",33,FALSE,0,0,NA,NA,0.0795800685882568
"coherent_weak","spatialSVP_permutation_pcs",33,TRUE,0.25,1,NA,NA,0.0807700157165527
"correlated_nonspatial","spatialSVP_permutation_pcs",33,FALSE,0,NA,0,NA,0.085543155670166
"global_null","spatialSVP_permutation_pcs",33,FALSE,0,NA,0,NA,0.0850460529327393
"opposing_members","spatialSVP_permutation_pcs",33,TRUE,0.166666666666667,0.666666666666667,NA,NA,0.0772449970245361
"structured_background","spatialSVP_permutation_pcs",33,FALSE,0,NA,NA,NA,0.0723569393157959
"coherent_strong","SPARKX_ACAT",34,TRUE,1,1,NA,NA,2.38468098640442
"coherent_weak","SPARKX_ACAT",34,TRUE,1,1,NA,NA,2.25565195083618
"correlated_nonspatial","SPARKX_ACAT",34,FALSE,0,NA,0,NA,2.87093091011047
"global_null","SPARKX_ACAT",34,FALSE,0,NA,0,NA,3.35265612602234
"opposing_members","SPARKX_ACAT",34,TRUE,1,1,NA,NA,2.28076505661011
"structured_background","SPARKX_ACAT",34,TRUE,1,NA,NA,NA,2.11454296112061
"coherent_strong","SPARKX_fgsea",34,TRUE,0.0833333333333333,0.333333333333333,0,0,0.198210954666138
"coherent_weak","SPARKX_fgsea",34,FALSE,0,0,0,0,0.169839143753052
"correlated_nonspatial","SPARKX_fgsea",34,FALSE,0,NA,0,NA,0.197763919830322
"global_null","SPARKX_fgsea",34,TRUE,0.0833333333333333,NA,0.0833333333333333,NA,0.197638034820557
"opposing_members","SPARKX_fgsea",34,TRUE,0.166666666666667,0.333333333333333,0.111111111111111,0.5,0.21407413482666
"structured_background","SPARKX_fgsea",34,FALSE,0,NA,0,NA,0.16545295715332
"coherent_strong","STpathway_dCov",34,TRUE,1,1,NA,NA,0.3625168800354
"coherent_weak","STpathway_dCov",34,TRUE,1,1,NA,NA,0.336448907852173
"correlated_nonspatial","STpathway_dCov",34,FALSE,0,NA,0,NA,0.366144895553589
"global_null","STpathway_dCov",34,FALSE,0,NA,0,NA,0.351495027542114
"opposing_members","STpathway_dCov",34,TRUE,1,1,NA,NA,0.362534999847412
"structured_background","STpathway_dCov",34,TRUE,1,NA,NA,NA,0.327171802520752
"coherent_strong","spatialSVP_matched_none",34,TRUE,0.25,1,0,0,2.70863509178162
"coherent_weak","spatialSVP_matched_none",34,TRUE,0.25,1,0,0,2.88212990760803
"correlated_nonspatial","spatialSVP_matched_none",34,FALSE,0,NA,0,NA,2.93177700042725
"global_null","spatialSVP_matched_none",34,FALSE,0,NA,0,NA,2.72428870201111
"opposing_members","spatialSVP_matched_none",34,FALSE,0,0,0,0,2.82493901252747
"structured_background","spatialSVP_matched_none",34,FALSE,0,NA,0,NA,2.70666480064392
"coherent_strong","spatialSVP_matched_pcs",34,FALSE,0,0,0,0,2.6881947517395
"coherent_weak","spatialSVP_matched_pcs",34,TRUE,0.25,1,0,0,2.87771987915039
"correlated_nonspatial","spatialSVP_matched_pcs",34,FALSE,0,NA,0,NA,3.1852810382843
"global_null","spatialSVP_matched_pcs",34,FALSE,0,NA,0,NA,2.92336988449097
"opposing_members","spatialSVP_matched_pcs",34,TRUE,0.25,1,0,0,2.61656379699707
"structured_background","spatialSVP_matched_pcs",34,FALSE,0,NA,0,NA,2.52745294570923
"coherent_strong","spatialSVP_permutation_none",34,TRUE,1,1,NA,NA,0.0902981758117676
"coherent_weak","spatialSVP_permutation_none",34,TRUE,1,1,NA,NA,0.0942800045013428
"correlated_nonspatial","spatialSVP_permutation_none",34,FALSE,0,NA,0,NA,0.0797278881072998
"global_null","spatialSVP_permutation_none",34,FALSE,0,NA,0,NA,0.0833039283752441
"opposing_members","spatialSVP_permutation_none",34,TRUE,0.916666666666667,1,NA,NA,0.205419063568115
"structured_background","spatialSVP_permutation_none",34,TRUE,0.916666666666667,NA,NA,NA,0.0641520023345947
"coherent_strong","spatialSVP_permutation_pcs",34,FALSE,0,0,NA,NA,0.0824542045593262
"coherent_weak","spatialSVP_permutation_pcs",34,TRUE,0.25,1,NA,NA,0.0785930156707764
"correlated_nonspatial","spatialSVP_permutation_pcs",34,FALSE,0,NA,0,NA,0.0836470127105713
"global_null","spatialSVP_permutation_pcs",34,FALSE,0,NA,0,NA,0.0642189979553223
"opposing_members","spatialSVP_permutation_pcs",34,TRUE,0.25,1,NA,NA,0.0784039497375488
"structured_background","spatialSVP_permutation_pcs",34,FALSE,0,NA,NA,NA,0.0893399715423584
"coherent_strong","SPARKX_ACAT",35,TRUE,1,1,NA,NA,2.18950510025024
"coherent_weak","SPARKX_ACAT",35,TRUE,1,1,NA,NA,2.19007110595703
"correlated_nonspatial","SPARKX_ACAT",35,FALSE,0,NA,0,NA,3.36028504371643
"global_null","SPARKX_ACAT",35,FALSE,0,NA,0,NA,3.43629002571106
"opposing_members","SPARKX_ACAT",35,TRUE,1,1,NA,NA,2.48351383209229
"structured_background","SPARKX_ACAT",35,TRUE,1,NA,NA,NA,2.11741995811462
"coherent_strong","SPARKX_fgsea",35,TRUE,0.0833333333333333,0.333333333333333,0,0,0.215476036071777
"coherent_weak","SPARKX_fgsea",35,FALSE,0,0,0,0,0.161527156829834
"correlated_nonspatial","SPARKX_fgsea",35,FALSE,0,NA,0,NA,0.162972927093506
"global_null","SPARKX_fgsea",35,FALSE,0,NA,0,NA,0.16786003112793
"opposing_members","SPARKX_fgsea",35,TRUE,0.0833333333333333,0.333333333333333,0,0,0.186108112335205
"structured_background","SPARKX_fgsea",35,FALSE,0,NA,0,NA,0.174474000930786
"coherent_strong","STpathway_dCov",35,TRUE,1,1,NA,NA,0.342499017715454
"coherent_weak","STpathway_dCov",35,TRUE,1,1,NA,NA,0.34642481803894
"correlated_nonspatial","STpathway_dCov",35,FALSE,0,NA,0,NA,0.35143518447876
"global_null","STpathway_dCov",35,FALSE,0,NA,0,NA,0.359948873519897
"opposing_members","STpathway_dCov",35,TRUE,1,1,NA,NA,0.337998151779175
"structured_background","STpathway_dCov",35,TRUE,1,NA,NA,NA,0.337548017501831
"coherent_strong","spatialSVP_matched_none",35,TRUE,0.25,1,0,0,2.71650886535645
"coherent_weak","spatialSVP_matched_none",35,TRUE,0.333333333333333,1,0.111111111111111,0.25,3.00120711326599
"correlated_nonspatial","spatialSVP_matched_none",35,FALSE,0,NA,0,NA,3.01135015487671
"global_null","spatialSVP_matched_none",35,FALSE,0,NA,0,NA,2.82697296142578
"opposing_members","spatialSVP_matched_none",35,FALSE,0,0,0,0,2.80640888214111
"structured_background","spatialSVP_matched_none",35,FALSE,0,NA,0,NA,2.75664305686951
"coherent_strong","spatialSVP_matched_pcs",35,FALSE,0,0,0,0,2.59189701080322
"coherent_weak","spatialSVP_matched_pcs",35,TRUE,0.25,1,0,0,2.80631113052368
"correlated_nonspatial","spatialSVP_matched_pcs",35,FALSE,0,NA,0,NA,2.81964993476868
"global_null","spatialSVP_matched_pcs",35,FALSE,0,NA,0,NA,2.77722406387329
"opposing_members","spatialSVP_matched_pcs",35,TRUE,0.333333333333333,1,0.111111111111111,0.25,2.80953788757324
"structured_background","spatialSVP_matched_pcs",35,FALSE,0,NA,0,NA,2.514888048172
"coherent_strong","spatialSVP_permutation_none",35,TRUE,1,1,NA,NA,0.0626029968261719
"coherent_weak","spatialSVP_permutation_none",35,TRUE,1,1,NA,NA,0.0836820602416992
"correlated_nonspatial","spatialSVP_permutation_none",35,FALSE,0,NA,0,NA,0.22208309173584
"global_null","spatialSVP_permutation_none",35,FALSE,0,NA,0,NA,0.245467185974121
"opposing_members","spatialSVP_permutation_none",35,TRUE,0.916666666666667,1,NA,NA,0.0894429683685303
"structured_background","spatialSVP_permutation_none",35,TRUE,0.833333333333333,NA,NA,NA,0.208647012710571
"coherent_strong","spatialSVP_permutation_pcs",35,FALSE,0,0,NA,NA,0.0802240371704102
"coherent_weak","spatialSVP_permutation_pcs",35,TRUE,0.25,1,NA,NA,0.080578088760376
"correlated_nonspatial","spatialSVP_permutation_pcs",35,FALSE,0,NA,0,NA,0.222033023834229
"global_null","spatialSVP_permutation_pcs",35,FALSE,0,NA,0,NA,0.0880570411682129
"opposing_members","spatialSVP_permutation_pcs",35,TRUE,0.166666666666667,0.666666666666667,NA,NA,0.078726053237915
"structured_background","spatialSVP_permutation_pcs",35,FALSE,0,NA,NA,NA,0.0855529308319092
"coherent_strong","SPARKX_ACAT",36,TRUE,1,1,NA,NA,2.2881019115448
"coherent_weak","SPARKX_ACAT",36,TRUE,1,1,NA,NA,2.20909905433655
"correlated_nonspatial","SPARKX_ACAT",36,FALSE,0,NA,0,NA,3.03230500221252
"global_null","SPARKX_ACAT",36,FALSE,0,NA,0,NA,3.4239490032196
"opposing_members","SPARKX_ACAT",36,TRUE,1,1,NA,NA,2.38214898109436
"structured_background","SPARKX_ACAT",36,TRUE,1,NA,NA,NA,2.40070700645447
"coherent_strong","SPARKX_fgsea",36,TRUE,0.166666666666667,0.666666666666667,0,0,0.209248065948486
"coherent_weak","SPARKX_fgsea",36,FALSE,0,0,0,0,0.180010080337524
"correlated_nonspatial","SPARKX_fgsea",36,TRUE,0.166666666666667,NA,0.166666666666667,NA,0.227663040161133
"global_null","SPARKX_fgsea",36,FALSE,0,NA,0,NA,0.190068960189819
"opposing_members","SPARKX_fgsea",36,TRUE,0.0833333333333333,0.333333333333333,0,0,0.199501991271973
"structured_background","SPARKX_fgsea",36,FALSE,0,NA,0,NA,0.166300058364868
"coherent_strong","STpathway_dCov",36,TRUE,1,1,NA,NA,0.341194868087769
"coherent_weak","STpathway_dCov",36,TRUE,1,1,NA,NA,0.3281569480896
"correlated_nonspatial","STpathway_dCov",36,FALSE,0,NA,0,NA,0.344645023345947
"global_null","STpathway_dCov",36,FALSE,0,NA,0,NA,0.353951930999756
"opposing_members","STpathway_dCov",36,TRUE,1,1,NA,NA,0.33943510055542
"structured_background","STpathway_dCov",36,TRUE,1,NA,NA,NA,0.325288057327271
"coherent_strong","spatialSVP_matched_none",36,TRUE,0.333333333333333,1,0.111111111111111,0.25,2.50603699684143
"coherent_weak","spatialSVP_matched_none",36,TRUE,0.25,1,0,0,2.51821494102478
"correlated_nonspatial","spatialSVP_matched_none",36,FALSE,0,NA,0,NA,2.58667588233948
"global_null","spatialSVP_matched_none",36,FALSE,0,NA,0,NA,2.72276616096497
"opposing_members","spatialSVP_matched_none",36,FALSE,0,0,0,0,2.56653428077698
"structured_background","spatialSVP_matched_none",36,FALSE,0,NA,0,NA,2.34210681915283
"coherent_strong","spatialSVP_matched_pcs",36,FALSE,0,0,0,0,2.78215408325195
"coherent_weak","spatialSVP_matched_pcs",36,TRUE,0.25,1,0,0,2.54948782920837
"correlated_nonspatial","spatialSVP_matched_pcs",36,FALSE,0,NA,0,NA,2.62641882896423
"global_null","spatialSVP_matched_pcs",36,FALSE,0,NA,0,NA,2.9090530872345
"opposing_members","spatialSVP_matched_pcs",36,TRUE,0.166666666666667,0.666666666666667,0,0,2.70873427391052
"structured_background","spatialSVP_matched_pcs",36,FALSE,0,NA,0,NA,2.3729829788208
"coherent_strong","spatialSVP_permutation_none",36,TRUE,1,1,NA,NA,0.0807909965515137
"coherent_weak","spatialSVP_permutation_none",36,TRUE,1,1,NA,NA,0.0790841579437256
"correlated_nonspatial","spatialSVP_permutation_none",36,FALSE,0,NA,0,NA,0.2136070728302
"global_null","spatialSVP_permutation_none",36,FALSE,0,NA,0,NA,0.107809066772461
"opposing_members","spatialSVP_permutation_none",36,TRUE,0.833333333333333,1,NA,NA,0.0847561359405518
"structured_background","spatialSVP_permutation_none",36,TRUE,0.833333333333333,NA,NA,NA,0.208258152008057
"coherent_strong","spatialSVP_permutation_pcs",36,FALSE,0,0,NA,NA,0.0770890712738037
"coherent_weak","spatialSVP_permutation_pcs",36,TRUE,0.25,1,NA,NA,0.0780179500579834
"correlated_nonspatial","spatialSVP_permutation_pcs",36,FALSE,0,NA,0,NA,0.233368158340454
"global_null","spatialSVP_permutation_pcs",36,FALSE,0,NA,0,NA,0.0814268589019775
"opposing_members","spatialSVP_permutation_pcs",36,TRUE,0.0833333333333333,0.333333333333333,NA,NA,0.0849180221557617
"structured_background","spatialSVP_permutation_pcs",36,FALSE,0,NA,NA,NA,0.0818929672241211
"coherent_strong","SPARKX_ACAT",37,TRUE,1,1,NA,NA,2.21398496627808
"coherent_weak","SPARKX_ACAT",37,TRUE,1,1,NA,NA,2.3704240322113
"correlated_nonspatial","SPARKX_ACAT",37,FALSE,0,NA,0,NA,3.16286396980286
"global_null","SPARKX_ACAT",37,FALSE,0,NA,0,NA,3.52627801895142
"opposing_members","SPARKX_ACAT",37,TRUE,1,1,NA,NA,2.63242197036743
"structured_background","SPARKX_ACAT",37,TRUE,1,NA,NA,NA,2.17017698287964
"coherent_strong","SPARKX_fgsea",37,TRUE,0.166666666666667,0.666666666666667,0,0,0.215858936309814
"coherent_weak","SPARKX_fgsea",37,FALSE,0,0,0,0,0.200754880905151
"correlated_nonspatial","SPARKX_fgsea",37,TRUE,0.166666666666667,NA,0.166666666666667,NA,0.21253776550293
"global_null","SPARKX_fgsea",37,FALSE,0,NA,0,NA,0.200947046279907
"opposing_members","SPARKX_fgsea",37,TRUE,0.0833333333333333,0.333333333333333,0,0,0.181560039520264
"structured_background","SPARKX_fgsea",37,FALSE,0,NA,0,NA,0.170080900192261
"coherent_strong","STpathway_dCov",37,TRUE,1,1,NA,NA,0.346284866333008
"coherent_weak","STpathway_dCov",37,TRUE,1,1,NA,NA,0.356604814529419
"correlated_nonspatial","STpathway_dCov",37,FALSE,0,NA,0,NA,0.363358974456787
"global_null","STpathway_dCov",37,FALSE,0,NA,0,NA,0.346098184585571
"opposing_members","STpathway_dCov",37,TRUE,1,1,NA,NA,0.369338035583496
"structured_background","STpathway_dCov",37,TRUE,1,NA,NA,NA,0.332798004150391
"coherent_strong","spatialSVP_matched_none",37,TRUE,0.25,1,0,0,2.53879880905151
"coherent_weak","spatialSVP_matched_none",37,TRUE,0.25,1,0,0,2.74561190605164
"correlated_nonspatial","spatialSVP_matched_none",37,FALSE,0,NA,0,NA,2.58674812316895
"global_null","spatialSVP_matched_none",37,FALSE,0,NA,0,NA,3.11610388755798
"opposing_members","spatialSVP_matched_none",37,FALSE,0,0,0,0,2.76851797103882
"structured_background","spatialSVP_matched_none",37,FALSE,0,NA,0,NA,2.5843141078949
"coherent_strong","spatialSVP_matched_pcs",37,FALSE,0,0,0,0,2.63044095039368
"coherent_weak","spatialSVP_matched_pcs",37,TRUE,0.25,1,0,0,2.93448495864868
"correlated_nonspatial","spatialSVP_matched_pcs",37,FALSE,0,NA,0,NA,2.8073890209198
"global_null","spatialSVP_matched_pcs",37,FALSE,0,NA,0,NA,3.03392004966736
"opposing_members","spatialSVP_matched_pcs",37,TRUE,0.166666666666667,0.666666666666667,0,0,2.78509187698364
"structured_background","spatialSVP_matched_pcs",37,TRUE,0.0833333333333333,NA,0.0833333333333333,NA,2.76393413543701
"coherent_strong","spatialSVP_permutation_none",37,TRUE,1,1,NA,NA,0.206254005432129
"coherent_weak","spatialSVP_permutation_none",37,TRUE,1,1,NA,NA,0.0792179107666016
"correlated_nonspatial","spatialSVP_permutation_none",37,FALSE,0,NA,0,NA,0.225436925888062
"global_null","spatialSVP_permutation_none",37,FALSE,0,NA,0,NA,0.0836730003356934
"opposing_members","spatialSVP_permutation_none",37,TRUE,1,1,NA,NA,0.103662967681885
"structured_background","spatialSVP_permutation_none",37,TRUE,1,NA,NA,NA,0.0714061260223389
"coherent_strong","spatialSVP_permutation_pcs",37,FALSE,0,0,NA,NA,0.0660209655761719
"coherent_weak","spatialSVP_permutation_pcs",37,TRUE,0.25,1,NA,NA,0.0755069255828857
"correlated_nonspatial","spatialSVP_permutation_pcs",37,FALSE,0,NA,0,NA,0.0804319381713867
"global_null","spatialSVP_permutation_pcs",37,FALSE,0,NA,0,NA,0.200756072998047
"opposing_members","spatialSVP_permutation_pcs",37,TRUE,0.166666666666667,0.666666666666667,NA,NA,0.0777571201324463
"structured_background","spatialSVP_permutation_pcs",37,FALSE,0,NA,NA,NA,0.0790469646453857
"coherent_strong","SPARKX_ACAT",38,TRUE,1,1,NA,NA,2.33555316925049
"coherent_weak","SPARKX_ACAT",38,TRUE,1,1,NA,NA,2.30254793167114
"correlated_nonspatial","SPARKX_ACAT",38,FALSE,0,NA,0,NA,3.29040503501892
"global_null","SPARKX_ACAT",38,FALSE,0,NA,0,NA,3.5928111076355
"opposing_members","SPARKX_ACAT",38,TRUE,1,1,NA,NA,2.49989414215088
"structured_background","SPARKX_ACAT",38,TRUE,1,NA,NA,NA,2.37786102294922
"coherent_strong","SPARKX_fgsea",38,TRUE,0.25,0.666666666666667,0.111111111111111,0.333333333333333,0.217509984970093
"coherent_weak","SPARKX_fgsea",38,FALSE,0,0,0,0,0.198015928268433
"correlated_nonspatial","SPARKX_fgsea",38,TRUE,0.166666666666667,NA,0.166666666666667,NA,0.2239670753479
"global_null","SPARKX_fgsea",38,FALSE,0,NA,0,NA,0.204597949981689
"opposing_members","SPARKX_fgsea",38,TRUE,0.0833333333333333,0.333333333333333,0,0,0.213895082473755
"structured_background","SPARKX_fgsea",38,FALSE,0,NA,0,NA,0.143318891525269
"coherent_strong","STpathway_dCov",38,TRUE,1,1,NA,NA,0.348959922790527
"coherent_weak","STpathway_dCov",38,TRUE,1,1,NA,NA,0.364763975143433
"correlated_nonspatial","STpathway_dCov",38,FALSE,0,NA,0,NA,0.353799104690552
"global_null","STpathway_dCov",38,FALSE,0,NA,0,NA,0.35054612159729
"opposing_members","STpathway_dCov",38,TRUE,1,1,NA,NA,0.347997903823853
"structured_background","STpathway_dCov",38,TRUE,1,NA,NA,NA,0.326970100402832
"coherent_strong","spatialSVP_matched_none",38,TRUE,0.25,1,0,0,2.53683495521545
"coherent_weak","spatialSVP_matched_none",38,TRUE,0.25,1,0,0,2.75014781951904
"correlated_nonspatial","spatialSVP_matched_none",38,FALSE,0,NA,0,NA,2.67905020713806
"global_null","spatialSVP_matched_none",38,FALSE,0,NA,0,NA,2.69876194000244
"opposing_members","spatialSVP_matched_none",38,FALSE,0,0,0,0,2.68714499473572
"structured_background","spatialSVP_matched_none",38,FALSE,0,NA,0,NA,2.74444603919983
"coherent_strong","spatialSVP_matched_pcs",38,FALSE,0,0,0,0,2.71263980865479
"coherent_weak","spatialSVP_matched_pcs",38,TRUE,0.25,1,0,0,2.8951358795166
"correlated_nonspatial","spatialSVP_matched_pcs",38,TRUE,0.0833333333333333,NA,0.0833333333333333,NA,2.81322407722473
"global_null","spatialSVP_matched_pcs",38,FALSE,0,NA,0,NA,2.80454516410828
"opposing_members","spatialSVP_matched_pcs",38,TRUE,0.0833333333333333,0.333333333333333,0,0,2.79795503616333
"structured_background","spatialSVP_matched_pcs",38,FALSE,0,NA,0,NA,2.59905910491943
"coherent_strong","spatialSVP_permutation_none",38,TRUE,1,1,NA,NA,0.0746200084686279
"coherent_weak","spatialSVP_permutation_none",38,TRUE,0.916666666666667,1,NA,NA,0.090505838394165
"correlated_nonspatial","spatialSVP_permutation_none",38,FALSE,0,NA,0,NA,0.0791831016540527
"global_null","spatialSVP_permutation_none",38,FALSE,0,NA,0,NA,0.0699942111968994
"opposing_members","spatialSVP_permutation_none",38,TRUE,1,1,NA,NA,0.0889370441436768
"structured_background","spatialSVP_permutation_none",38,TRUE,0.916666666666667,NA,NA,NA,0.205670118331909
"coherent_strong","spatialSVP_permutation_pcs",38,FALSE,0,0,NA,NA,0.0805439949035645
"coherent_weak","spatialSVP_permutation_pcs",38,TRUE,0.25,1,NA,NA,0.0825657844543457
"correlated_nonspatial","spatialSVP_permutation_pcs",38,TRUE,0.0833333333333333,NA,0.0833333333333333,NA,0.0783300399780273
"global_null","spatialSVP_permutation_pcs",38,FALSE,0,NA,0,NA,0.236820936203003
"opposing_members","spatialSVP_permutation_pcs",38,TRUE,0.0833333333333333,0.333333333333333,NA,NA,0.0764398574829102
"structured_background","spatialSVP_permutation_pcs",38,FALSE,0,NA,NA,NA,0.0743188858032227
"coherent_strong","SPARKX_ACAT",39,TRUE,1,1,NA,NA,2.40835285186768
"coherent_weak","SPARKX_ACAT",39,TRUE,1,1,NA,NA,2.47160506248474
"correlated_nonspatial","SPARKX_ACAT",39,FALSE,0,NA,0,NA,2.78121209144592
"global_null","SPARKX_ACAT",39,FALSE,0,NA,0,NA,3.42395806312561
"opposing_members","SPARKX_ACAT",39,TRUE,1,1,NA,NA,2.58714199066162
"structured_background","SPARKX_ACAT",39,TRUE,1,NA,NA,NA,2.1550829410553
"coherent_strong","SPARKX_fgsea",39,TRUE,0.0833333333333333,0.333333333333333,0,0,0.201925992965698
"coherent_weak","SPARKX_fgsea",39,FALSE,0,0,0,0,0.203125953674316
"correlated_nonspatial","SPARKX_fgsea",39,TRUE,0.0833333333333333,NA,0.0833333333333333,NA,0.180428981781006
"global_null","SPARKX_fgsea",39,FALSE,0,NA,0,NA,0.168747901916504
"opposing_members","SPARKX_fgsea",39,TRUE,0.166666666666667,0.333333333333333,0.111111111111111,0.5,0.204861879348755
"structured_background","SPARKX_fgsea",39,FALSE,0,NA,0,NA,0.18282413482666
"coherent_strong","STpathway_dCov",39,TRUE,1,1,NA,NA,0.340013027191162
"coherent_weak","STpathway_dCov",39,TRUE,1,1,NA,NA,0.355726957321167
"correlated_nonspatial","STpathway_dCov",39,FALSE,0,NA,0,NA,0.332676887512207
"global_null","STpathway_dCov",39,FALSE,0,NA,0,NA,0.385668039321899
"opposing_members","STpathway_dCov",39,TRUE,1,1,NA,NA,0.363773107528687
"structured_background","STpathway_dCov",39,TRUE,1,NA,NA,NA,0.333588123321533
"coherent_strong","spatialSVP_matched_none",39,TRUE,0.25,1,0,0,2.64901280403137
"coherent_weak","spatialSVP_matched_none",39,TRUE,0.25,1,0,0,2.85636878013611
"correlated_nonspatial","spatialSVP_matched_none",39,FALSE,0,NA,0,NA,2.98983716964722
"global_null","spatialSVP_matched_none",39,FALSE,0,NA,0,NA,2.82890582084656
"opposing_members","spatialSVP_matched_none",39,FALSE,0,0,0,0,2.46216225624084
"structured_background","spatialSVP_matched_none",39,FALSE,0,NA,0,NA,2.53075194358826
"coherent_strong","spatialSVP_matched_pcs",39,TRUE,0.0833333333333333,0.333333333333333,0,0,2.62683296203613
"coherent_weak","spatialSVP_matched_pcs",39,TRUE,0.25,1,0,0,2.73619198799133
"correlated_nonspatial","spatialSVP_matched_pcs",39,FALSE,0,NA,0,NA,2.57073402404785
"global_null","spatialSVP_matched_pcs",39,FALSE,0,NA,0,NA,2.83983588218689
"opposing_members","spatialSVP_matched_pcs",39,TRUE,0.25,1,0,0,2.77511119842529
"structured_background","spatialSVP_matched_pcs",39,FALSE,0,NA,0,NA,2.62708783149719
"coherent_strong","spatialSVP_permutation_none",39,TRUE,1,1,NA,NA,0.0723979473114014
"coherent_weak","spatialSVP_permutation_none",39,TRUE,1,1,NA,NA,0.087723970413208
"correlated_nonspatial","spatialSVP_permutation_none",39,FALSE,0,NA,0,NA,0.0708949565887451
"global_null","spatialSVP_permutation_none",39,FALSE,0,NA,0,NA,0.0859248638153076
"opposing_members","spatialSVP_permutation_none",39,TRUE,1,1,NA,NA,0.093519926071167
"structured_background","spatialSVP_permutation_none",39,TRUE,0.916666666666667,NA,NA,NA,0.101237058639526
"coherent_strong","spatialSVP_permutation_pcs",39,FALSE,0,0,NA,NA,0.0843291282653809
"coherent_weak","spatialSVP_permutation_pcs",39,TRUE,0.25,1,NA,NA,0.198503017425537
"correlated_nonspatial","spatialSVP_permutation_pcs",39,FALSE,0,NA,0,NA,0.0649819374084473
"global_null","spatialSVP_permutation_pcs",39,FALSE,0,NA,0,NA,0.0581328868865967
"opposing_members","spatialSVP_permutation_pcs",39,TRUE,0.166666666666667,0.666666666666667,NA,NA,0.085853099822998
"structured_background","spatialSVP_permutation_pcs",39,FALSE,0,NA,NA,NA,0.0737030506134033
"coherent_strong","SPARKX_ACAT",40,TRUE,1,1,NA,NA,2.19143581390381
"coherent_weak","SPARKX_ACAT",40,TRUE,1,1,NA,NA,2.41440796852112
"correlated_nonspatial","SPARKX_ACAT",40,FALSE,0,NA,0,NA,3.15436410903931
"global_null","SPARKX_ACAT",40,FALSE,0,NA,0,NA,3.63923096656799
"opposing_members","SPARKX_ACAT",40,TRUE,1,1,NA,NA,2.25346684455872
"structured_background","SPARKX_ACAT",40,TRUE,1,NA,NA,NA,2.40895199775696
"coherent_strong","SPARKX_fgsea",40,TRUE,0.0833333333333333,0.333333333333333,0,0,0.202935934066772
"coherent_weak","SPARKX_fgsea",40,FALSE,0,0,0,0,0.170732021331787
"correlated_nonspatial","SPARKX_fgsea",40,TRUE,0.0833333333333333,NA,0.0833333333333333,NA,0.208518981933594
"global_null","SPARKX_fgsea",40,FALSE,0,NA,0,NA,0.197468042373657
"opposing_members","SPARKX_fgsea",40,TRUE,0.0833333333333333,0.333333333333333,0,0,0.201373100280762
"structured_background","SPARKX_fgsea",40,FALSE,0,NA,0,NA,0.146750926971436
"coherent_strong","STpathway_dCov",40,TRUE,1,1,NA,NA,0.347877979278564
"coherent_weak","STpathway_dCov",40,TRUE,1,1,NA,NA,0.346773862838745
"correlated_nonspatial","STpathway_dCov",40,FALSE,0,NA,0,NA,0.370805978775024
"global_null","STpathway_dCov",40,TRUE,0.0833333333333333,NA,0.0833333333333333,NA,0.359895944595337
"opposing_members","STpathway_dCov",40,TRUE,1,1,NA,NA,0.365156888961792
"structured_background","STpathway_dCov",40,TRUE,1,NA,NA,NA,0.33230996131897
"coherent_strong","spatialSVP_matched_none",40,TRUE,0.25,1,0,0,2.70647501945496
"coherent_weak","spatialSVP_matched_none",40,TRUE,0.25,1,0,0,2.6023907661438
"correlated_nonspatial","spatialSVP_matched_none",40,FALSE,0,NA,0,NA,3.26074194908142
"global_null","spatialSVP_matched_none",40,FALSE,0,NA,0,NA,2.72283315658569
"opposing_members","spatialSVP_matched_none",40,FALSE,0,0,0,0,2.67174100875854
"structured_background","spatialSVP_matched_none",40,FALSE,0,NA,0,NA,2.80485415458679
"coherent_strong","spatialSVP_matched_pcs",40,FALSE,0,0,0,0,2.52952313423157
"coherent_weak","spatialSVP_matched_pcs",40,TRUE,0.25,1,0,0,2.65822172164917
"correlated_nonspatial","spatialSVP_matched_pcs",40,FALSE,0,NA,0,NA,2.89022994041443
"global_null","spatialSVP_matched_pcs",40,FALSE,0,NA,0,NA,2.98714303970337
"opposing_members","spatialSVP_matched_pcs",40,TRUE,0.166666666666667,0.666666666666667,0,0,2.81614089012146
"structured_background","spatialSVP_matched_pcs",40,FALSE,0,NA,0,NA,2.67542219161987
"coherent_strong","spatialSVP_permutation_none",40,TRUE,1,1,NA,NA,0.0815069675445557
"coherent_weak","spatialSVP_permutation_none",40,TRUE,0.833333333333333,1,NA,NA,0.0811550617218018
"correlated_nonspatial","spatialSVP_permutation_none",40,FALSE,0,NA,0,NA,0.069486141204834
"global_null","spatialSVP_permutation_none",40,FALSE,0,NA,0,NA,0.116410970687866
"opposing_members","spatialSVP_permutation_none",40,TRUE,1,1,NA,NA,0.0899689197540283
"structured_background","spatialSVP_permutation_none",40,TRUE,0.916666666666667,NA,NA,NA,0.202030181884766
"coherent_strong","spatialSVP_permutation_pcs",40,FALSE,0,0,NA,NA,0.0798389911651611
"coherent_weak","spatialSVP_permutation_pcs",40,TRUE,0.25,1,NA,NA,0.103955030441284
"correlated_nonspatial","spatialSVP_permutation_pcs",40,FALSE,0,NA,0,NA,0.0694458484649658
"global_null","spatialSVP_permutation_pcs",40,FALSE,0,NA,0,NA,0.0661959648132324
"opposing_members","spatialSVP_permutation_pcs",40,TRUE,0.166666666666667,0.666666666666667,NA,NA,0.0866570472717285
"structured_background","spatialSVP_permutation_pcs",40,FALSE,0,NA,NA,NA,0.0825188159942627
"coherent_strong","SPARKX_ACAT",41,TRUE,1,1,NA,NA,2.34664916992188
"coherent_weak","SPARKX_ACAT",41,TRUE,1,1,NA,NA,2.29187893867493
"correlated_nonspatial","SPARKX_ACAT",41,FALSE,0,NA,0,NA,2.79218816757202
"global_null","SPARKX_ACAT",41,FALSE,0,NA,0,NA,2.4786639213562
"opposing_members","SPARKX_ACAT",41,TRUE,1,1,NA,NA,2.22813200950623
"structured_background","SPARKX_ACAT",41,TRUE,1,NA,NA,NA,2.09278988838196
"coherent_strong","SPARKX_fgsea",41,TRUE,0.166666666666667,0.666666666666667,0,0,0.213690996170044
"coherent_weak","SPARKX_fgsea",41,FALSE,0,0,0,0,0.159988880157471
"correlated_nonspatial","SPARKX_fgsea",41,TRUE,0.166666666666667,NA,0.166666666666667,NA,0.198529005050659
"global_null","SPARKX_fgsea",41,FALSE,0,NA,0,NA,0.164774894714355
"opposing_members","SPARKX_fgsea",41,FALSE,0,0,0,0,0.185351133346558
"structured_background","SPARKX_fgsea",41,FALSE,0,NA,0,NA,0.171029090881348
"coherent_strong","STpathway_dCov",41,TRUE,1,1,NA,NA,0.354199171066284
"coherent_weak","STpathway_dCov",41,TRUE,1,1,NA,NA,0.336427927017212
"correlated_nonspatial","STpathway_dCov",41,FALSE,0,NA,0,NA,0.363461971282959
"global_null","STpathway_dCov",41,FALSE,0,NA,0,NA,0.324429035186768
"opposing_members","STpathway_dCov",41,TRUE,1,1,NA,NA,0.352611064910889
"structured_background","STpathway_dCov",41,TRUE,1,NA,NA,NA,0.336736917495728
"coherent_strong","spatialSVP_matched_none",41,TRUE,0.25,1,0,0,2.65989708900452
"coherent_weak","spatialSVP_matched_none",41,TRUE,0.25,1,0,0,2.6111741065979
"correlated_nonspatial","spatialSVP_matched_none",41,FALSE,0,NA,0,NA,2.60977482795715
"global_null","spatialSVP_matched_none",41,FALSE,0,NA,0,NA,2.61255502700806
"opposing_members","spatialSVP_matched_none",41,FALSE,0,0,0,0,2.7276759147644
"structured_background","spatialSVP_matched_none",41,FALSE,0,NA,0,NA,2.42774891853333
"coherent_strong","spatialSVP_matched_pcs",41,FALSE,0,0,0,0,2.77924394607544
"coherent_weak","spatialSVP_matched_pcs",41,TRUE,0.25,1,0,0,2.74317598342896
"correlated_nonspatial","spatialSVP_matched_pcs",41,FALSE,0,NA,0,NA,2.68453693389893
"global_null","spatialSVP_matched_pcs",41,FALSE,0,NA,0,NA,2.54958581924438
"opposing_members","spatialSVP_matched_pcs",41,TRUE,0.0833333333333333,0.333333333333333,0,0,2.73731184005737
"structured_background","spatialSVP_matched_pcs",41,FALSE,0,NA,0,NA,2.61402201652527
"coherent_strong","spatialSVP_permutation_none",41,TRUE,1,1,NA,NA,0.210135936737061
"coherent_weak","spatialSVP_permutation_none",41,TRUE,0.916666666666667,1,NA,NA,0.0710771083831787
"correlated_nonspatial","spatialSVP_permutation_none",41,FALSE,0,NA,0,NA,0.213424205780029
"global_null","spatialSVP_permutation_none",41,FALSE,0,NA,0,NA,0.0927140712738037
"opposing_members","spatialSVP_permutation_none",41,TRUE,0.916666666666667,1,NA,NA,0.202193975448608
"structured_background","spatialSVP_permutation_none",41,TRUE,0.75,NA,NA,NA,0.227826833724976
"coherent_strong","spatialSVP_permutation_pcs",41,FALSE,0,0,NA,NA,0.214900970458984
"coherent_weak","spatialSVP_permutation_pcs",41,TRUE,0.25,1,NA,NA,0.0727698802947998
"correlated_nonspatial","spatialSVP_permutation_pcs",41,FALSE,0,NA,0,NA,0.0861279964447021
"global_null","spatialSVP_permutation_pcs",41,FALSE,0,NA,0,NA,0.0696070194244385
"opposing_members","spatialSVP_permutation_pcs",41,TRUE,0.0833333333333333,0.333333333333333,NA,NA,0.236677885055542
"structured_background","spatialSVP_permutation_pcs",41,FALSE,0,NA,NA,NA,0.0814530849456787
"coherent_strong","SPARKX_ACAT",42,TRUE,1,1,NA,NA,2.34457397460938
"coherent_weak","SPARKX_ACAT",42,TRUE,1,1,NA,NA,2.1625919342041
"correlated_nonspatial","SPARKX_ACAT",42,FALSE,0,NA,0,NA,2.81259107589722
"global_null","SPARKX_ACAT",42,FALSE,0,NA,0,NA,2.53430008888245
"opposing_members","SPARKX_ACAT",42,TRUE,1,1,NA,NA,2.36407113075256
"structured_background","SPARKX_ACAT",42,TRUE,1,NA,NA,NA,2.11052680015564
"coherent_strong","SPARKX_fgsea",42,TRUE,0.166666666666667,0.666666666666667,0,0,0.227050065994263
"coherent_weak","SPARKX_fgsea",42,FALSE,0,0,0,0,0.189687013626099
"correlated_nonspatial","SPARKX_fgsea",42,TRUE,0.0833333333333333,NA,0.0833333333333333,NA,0.201262950897217
"global_null","SPARKX_fgsea",42,FALSE,0,NA,0,NA,0.160044193267822
"opposing_members","SPARKX_fgsea",42,TRUE,0.0833333333333333,0.333333333333333,0,0,0.208672046661377
"structured_background","SPARKX_fgsea",42,FALSE,0,NA,0,NA,0.169394016265869
"coherent_strong","STpathway_dCov",42,TRUE,1,1,NA,NA,0.362218141555786
"coherent_weak","STpathway_dCov",42,TRUE,1,1,NA,NA,0.3404700756073
"correlated_nonspatial","STpathway_dCov",42,FALSE,0,NA,0,NA,0.345428943634033
"global_null","STpathway_dCov",42,TRUE,0.0833333333333333,NA,0.0833333333333333,NA,0.318034887313843
"opposing_members","STpathway_dCov",42,TRUE,1,1,NA,NA,0.335352897644043
"structured_background","STpathway_dCov",42,TRUE,1,NA,NA,NA,0.322696208953857
"coherent_strong","spatialSVP_matched_none",42,TRUE,0.25,1,0,0,3.05021405220032
"coherent_weak","spatialSVP_matched_none",42,TRUE,0.25,1,0,0,2.67309880256653
"correlated_nonspatial","spatialSVP_matched_none",42,FALSE,0,NA,0,NA,2.59995794296265
"global_null","spatialSVP_matched_none",42,FALSE,0,NA,0,NA,2.60835981369019
"opposing_members","spatialSVP_matched_none",42,FALSE,0,0,0,0,2.6129207611084
"structured_background","spatialSVP_matched_none",42,FALSE,0,NA,0,NA,2.85920882225037
"coherent_strong","spatialSVP_matched_pcs",42,TRUE,0.166666666666667,0.333333333333333,0.111111111111111,0.5,2.95854902267456
"coherent_weak","spatialSVP_matched_pcs",42,TRUE,0.25,1,0,0,2.64789485931396
"correlated_nonspatial","spatialSVP_matched_pcs",42,FALSE,0,NA,0,NA,2.57759213447571
"global_null","spatialSVP_matched_pcs",42,FALSE,0,NA,0,NA,2.50575113296509
"opposing_members","spatialSVP_matched_pcs",42,TRUE,0.166666666666667,0.666666666666667,0,0,2.87372279167175
"structured_background","spatialSVP_matched_pcs",42,FALSE,0,NA,0,NA,2.62822484970093
"coherent_strong","spatialSVP_permutation_none",42,TRUE,0.916666666666667,1,NA,NA,0.20489501953125
"coherent_weak","spatialSVP_permutation_none",42,TRUE,0.916666666666667,1,NA,NA,0.0690300464630127
"correlated_nonspatial","spatialSVP_permutation_none",42,FALSE,0,NA,0,NA,0.083198070526123
"global_null","spatialSVP_permutation_none",42,FALSE,0,NA,0,NA,0.0878489017486572
"opposing_members","spatialSVP_permutation_none",42,TRUE,1,1,NA,NA,0.0780849456787109
"structured_background","spatialSVP_permutation_none",42,TRUE,0.833333333333333,NA,NA,NA,0.0860569477081299
"coherent_strong","spatialSVP_permutation_pcs",42,FALSE,0,0,NA,NA,0.221043825149536
"coherent_weak","spatialSVP_permutation_pcs",42,TRUE,0.25,1,NA,NA,0.0963339805603027
"correlated_nonspatial","spatialSVP_permutation_pcs",42,FALSE,0,NA,0,NA,0.0789740085601807
"global_null","spatialSVP_permutation_pcs",42,FALSE,0,NA,0,NA,0.0779819488525391
"opposing_members","spatialSVP_permutation_pcs",42,TRUE,0.166666666666667,0.666666666666667,NA,NA,0.0864448547363281
"structured_background","spatialSVP_permutation_pcs",42,FALSE,0,NA,NA,NA,0.0879449844360352
"coherent_strong","SPARKX_ACAT",43,TRUE,1,1,NA,NA,2.42818593978882
"coherent_weak","SPARKX_ACAT",43,TRUE,1,1,NA,NA,2.26952981948853
"correlated_nonspatial","SPARKX_ACAT",43,FALSE,0,NA,0,NA,2.94105291366577
"global_null","SPARKX_ACAT",43,FALSE,0,NA,0,NA,2.48076319694519
"opposing_members","SPARKX_ACAT",43,TRUE,1,1,NA,NA,2.43975305557251
"structured_background","SPARKX_ACAT",43,TRUE,1,NA,NA,NA,2.14231109619141
"coherent_strong","SPARKX_fgsea",43,TRUE,0.166666666666667,0.666666666666667,0,0,0.22954797744751
"coherent_weak","SPARKX_fgsea",43,FALSE,0,0,0,0,0.174215078353882
"correlated_nonspatial","SPARKX_fgsea",43,TRUE,0.166666666666667,NA,0.166666666666667,NA,0.186406135559082
"global_null","SPARKX_fgsea",43,FALSE,0,NA,0,NA,0.168253898620605
"opposing_members","SPARKX_fgsea",43,TRUE,0.0833333333333333,0.333333333333333,0,0,0.220818042755127
"structured_background","SPARKX_fgsea",43,FALSE,0,NA,0,NA,0.175595045089722
"coherent_strong","STpathway_dCov",43,TRUE,1,1,NA,NA,0.355600833892822
"coherent_weak","STpathway_dCov",43,TRUE,1,1,NA,NA,0.35106897354126
"correlated_nonspatial","STpathway_dCov",43,FALSE,0,NA,0,NA,0.339385032653809
"global_null","STpathway_dCov",43,FALSE,0,NA,0,NA,0.328649044036865
"opposing_members","STpathway_dCov",43,TRUE,1,1,NA,NA,0.371028900146484
"structured_background","STpathway_dCov",43,TRUE,1,NA,NA,NA,0.333460092544556
"coherent_strong","spatialSVP_matched_none",43,TRUE,0.25,1,0,0,2.67688918113708
"coherent_weak","spatialSVP_matched_none",43,TRUE,0.25,1,0,0,3.10818409919739
"correlated_nonspatial","spatialSVP_matched_none",43,FALSE,0,NA,0,NA,2.67486977577209
"global_null","spatialSVP_matched_none",43,FALSE,0,NA,0,NA,2.70518708229065
"opposing_members","spatialSVP_matched_none",43,FALSE,0,0,0,0,2.63620615005493
"structured_background","spatialSVP_matched_none",43,FALSE,0,NA,0,NA,2.72693204879761
"coherent_strong","spatialSVP_matched_pcs",43,FALSE,0,0,0,0,2.70374894142151
"coherent_weak","spatialSVP_matched_pcs",43,TRUE,0.25,1,0,0,2.9231550693512
"correlated_nonspatial","spatialSVP_matched_pcs",43,FALSE,0,NA,0,NA,2.60946488380432
"global_null","spatialSVP_matched_pcs",43,FALSE,0,NA,0,NA,2.55222988128662
"opposing_members","spatialSVP_matched_pcs",43,TRUE,0.166666666666667,0.666666666666667,0,0,2.90867519378662
"structured_background","spatialSVP_matched_pcs",43,FALSE,0,NA,0,NA,2.72413206100464
"coherent_strong","spatialSVP_permutation_none",43,TRUE,1,1,NA,NA,0.216994047164917
"coherent_weak","spatialSVP_permutation_none",43,TRUE,1,1,NA,NA,0.0631320476531982
"correlated_nonspatial","spatialSVP_permutation_none",43,FALSE,0,NA,0,NA,0.078298807144165
"global_null","spatialSVP_permutation_none",43,FALSE,0,NA,0,NA,0.086223840713501
"opposing_members","spatialSVP_permutation_none",43,TRUE,0.833333333333333,1,NA,NA,0.088219165802002
"structured_background","spatialSVP_permutation_none",43,TRUE,0.916666666666667,NA,NA,NA,0.0744879245758057
"coherent_strong","spatialSVP_permutation_pcs",43,FALSE,0,0,NA,NA,0.0685098171234131
"coherent_weak","spatialSVP_permutation_pcs",43,TRUE,0.25,1,NA,NA,0.0854671001434326
"correlated_nonspatial","spatialSVP_permutation_pcs",43,FALSE,0,NA,0,NA,0.104339838027954
"global_null","spatialSVP_permutation_pcs",43,FALSE,0,NA,0,NA,0.0701360702514648
"opposing_members","spatialSVP_permutation_pcs",43,TRUE,0.166666666666667,0.666666666666667,NA,NA,0.104241132736206
"structured_background","spatialSVP_permutation_pcs",43,FALSE,0,NA,NA,NA,0.072598934173584
"coherent_strong","SPARKX_ACAT",44,TRUE,1,1,NA,NA,2.26416182518005
"coherent_weak","SPARKX_ACAT",44,TRUE,1,1,NA,NA,2.30227279663086
"correlated_nonspatial","SPARKX_ACAT",44,FALSE,0,NA,0,NA,3.00671696662903
"global_null","SPARKX_ACAT",44,FALSE,0,NA,0,NA,2.4570209980011
"opposing_members","SPARKX_ACAT",44,TRUE,1,1,NA,NA,2.45242595672607
"structured_background","SPARKX_ACAT",44,TRUE,1,NA,NA,NA,2.21327304840088
"coherent_strong","SPARKX_fgsea",44,TRUE,0.25,0.666666666666667,0.111111111111111,0.333333333333333,0.228771924972534
"coherent_weak","SPARKX_fgsea",44,FALSE,0,0,0,0,0.17640495300293
"correlated_nonspatial","SPARKX_fgsea",44,FALSE,0,NA,0,NA,0.211398839950562
"global_null","SPARKX_fgsea",44,FALSE,0,NA,0,NA,0.156753063201904
"opposing_members","SPARKX_fgsea",44,TRUE,0.0833333333333333,0.333333333333333,0,0,0.196338891983032
"structured_background","SPARKX_fgsea",44,FALSE,0,NA,0,NA,0.166071176528931
"coherent_strong","STpathway_dCov",44,TRUE,1,1,NA,NA,0.350142002105713
"coherent_weak","STpathway_dCov",44,TRUE,1,1,NA,NA,0.363166093826294
"correlated_nonspatial","STpathway_dCov",44,FALSE,0,NA,0,NA,0.351313829421997
"global_null","STpathway_dCov",44,FALSE,0,NA,0,NA,0.308737993240356
"opposing_members","STpathway_dCov",44,TRUE,1,1,NA,NA,0.3420569896698
"structured_background","STpathway_dCov",44,TRUE,1,NA,NA,NA,0.328855991363525
"coherent_strong","spatialSVP_matched_none",44,TRUE,0.25,1,0,0,2.64981889724731
"coherent_weak","spatialSVP_matched_none",44,TRUE,0.25,1,0,0,2.62489604949951
"correlated_nonspatial","spatialSVP_matched_none",44,FALSE,0,NA,0,NA,2.46358180046082
"global_null","spatialSVP_matched_none",44,FALSE,0,NA,0,NA,2.47445702552795
"opposing_members","spatialSVP_matched_none",44,FALSE,0,0,0,0,2.51559209823608
"structured_background","spatialSVP_matched_none",44,FALSE,0,NA,0,NA,2.70959901809692
"coherent_strong","spatialSVP_matched_pcs",44,FALSE,0,0,0,0,2.68585896492004
"coherent_weak","spatialSVP_matched_pcs",44,TRUE,0.25,1,0,0,2.70189023017883
"correlated_nonspatial","spatialSVP_matched_pcs",44,FALSE,0,NA,0,NA,2.62270283699036
"global_null","spatialSVP_matched_pcs",44,FALSE,0,NA,0,NA,2.54825401306152
"opposing_members","spatialSVP_matched_pcs",44,TRUE,0.166666666666667,0.666666666666667,0,0,2.50538015365601
"structured_background","spatialSVP_matched_pcs",44,TRUE,0.0833333333333333,NA,0.0833333333333333,NA,2.74987006187439
"coherent_strong","spatialSVP_permutation_none",44,TRUE,1,1,NA,NA,0.21725606918335
"coherent_weak","spatialSVP_permutation_none",44,TRUE,0.916666666666667,1,NA,NA,0.0663018226623535
"correlated_nonspatial","spatialSVP_permutation_none",44,FALSE,0,NA,0,NA,0.0843989849090576
"global_null","spatialSVP_permutation_none",44,FALSE,0,NA,0,NA,0.0726590156555176
"opposing_members","spatialSVP_permutation_none",44,TRUE,0.916666666666667,1,NA,NA,0.0945150852203369
"structured_background","spatialSVP_permutation_none",44,TRUE,1,NA,NA,NA,0.209985017776489
"coherent_strong","spatialSVP_permutation_pcs",44,FALSE,0,0,NA,NA,0.229188203811646
"coherent_weak","spatialSVP_permutation_pcs",44,TRUE,0.25,1,NA,NA,0.0670480728149414
"correlated_nonspatial","spatialSVP_permutation_pcs",44,FALSE,0,NA,0,NA,0.0731570720672607
"global_null","spatialSVP_permutation_pcs",44,FALSE,0,NA,0,NA,0.0639472007751465
"opposing_members","spatialSVP_permutation_pcs",44,TRUE,0.0833333333333333,0.333333333333333,NA,NA,0.0731668472290039
"structured_background","spatialSVP_permutation_pcs",44,TRUE,0.0833333333333333,NA,NA,NA,0.0912439823150635
"coherent_strong","SPARKX_ACAT",45,TRUE,1,1,NA,NA,2.48497486114502
"coherent_weak","SPARKX_ACAT",45,TRUE,1,1,NA,NA,2.29613900184631
"correlated_nonspatial","SPARKX_ACAT",45,FALSE,0,NA,0,NA,2.89975881576538
"global_null","SPARKX_ACAT",45,FALSE,0,NA,0,NA,3.04133796691895
"opposing_members","SPARKX_ACAT",45,TRUE,1,1,NA,NA,2.45117807388306
"structured_background","SPARKX_ACAT",45,TRUE,1,NA,NA,NA,2.25820803642273
"coherent_strong","SPARKX_fgsea",45,TRUE,0.0833333333333333,0.333333333333333,0,0,0.201910972595215
"coherent_weak","SPARKX_fgsea",45,TRUE,0.0833333333333333,0,0.111111111111111,1,0.175391912460327
"correlated_nonspatial","SPARKX_fgsea",45,TRUE,0.0833333333333333,NA,0.0833333333333333,NA,0.206614971160889
"global_null","SPARKX_fgsea",45,FALSE,0,NA,0,NA,0.182152032852173
"opposing_members","SPARKX_fgsea",45,TRUE,0.0833333333333333,0.333333333333333,0,0,0.206514835357666
"structured_background","SPARKX_fgsea",45,FALSE,0,NA,0,NA,0.168087005615234
"coherent_strong","STpathway_dCov",45,TRUE,1,1,NA,NA,0.346168994903564
"coherent_weak","STpathway_dCov",45,TRUE,1,1,NA,NA,0.33128023147583
"correlated_nonspatial","STpathway_dCov",45,FALSE,0,NA,0,NA,0.352659940719604
"global_null","STpathway_dCov",45,FALSE,0,NA,0,NA,0.342578172683716
"opposing_members","STpathway_dCov",45,TRUE,1,1,NA,NA,0.349612951278687
"structured_background","STpathway_dCov",45,TRUE,1,NA,NA,NA,0.350325107574463
"coherent_strong","spatialSVP_matched_none",45,TRUE,0.333333333333333,1,0.111111111111111,0.25,2.87094521522522
"coherent_weak","spatialSVP_matched_none",45,TRUE,0.25,1,0,0,2.72362589836121
"correlated_nonspatial","spatialSVP_matched_none",45,FALSE,0,NA,0,NA,2.87412595748901
"global_null","spatialSVP_matched_none",45,FALSE,0,NA,0,NA,2.70881509780884
"opposing_members","spatialSVP_matched_none",45,FALSE,0,0,0,0,2.79005813598633
"structured_background","spatialSVP_matched_none",45,FALSE,0,NA,0,NA,2.55370378494263
"coherent_strong","spatialSVP_matched_pcs",45,TRUE,0.0833333333333333,0.333333333333333,0,0,2.81880211830139
"coherent_weak","spatialSVP_matched_pcs",45,TRUE,0.166666666666667,0.666666666666667,0,0,2.59655594825745
"correlated_nonspatial","spatialSVP_matched_pcs",45,FALSE,0,NA,0,NA,2.5653829574585
"global_null","spatialSVP_matched_pcs",45,FALSE,0,NA,0,NA,2.66188406944275
"opposing_members","spatialSVP_matched_pcs",45,TRUE,0.166666666666667,0.666666666666667,0,0,2.79893112182617
"structured_background","spatialSVP_matched_pcs",45,FALSE,0,NA,0,NA,2.67068696022034
"coherent_strong","spatialSVP_permutation_none",45,TRUE,1,1,NA,NA,0.082144021987915
"coherent_weak","spatialSVP_permutation_none",45,TRUE,0.916666666666667,1,NA,NA,0.105026006698608
"correlated_nonspatial","spatialSVP_permutation_none",45,FALSE,0,NA,0,NA,0.244526147842407
"global_null","spatialSVP_permutation_none",45,FALSE,0,NA,0,NA,0.105108022689819
"opposing_members","spatialSVP_permutation_none",45,TRUE,0.833333333333333,1,NA,NA,0.0834498405456543
"structured_background","spatialSVP_permutation_none",45,TRUE,0.916666666666667,NA,NA,NA,0.0794370174407959
"coherent_strong","spatialSVP_permutation_pcs",45,FALSE,0,0,NA,NA,0.0849020481109619
"coherent_weak","spatialSVP_permutation_pcs",45,TRUE,0.166666666666667,0.666666666666667,NA,NA,0.082291841506958
"correlated_nonspatial","spatialSVP_permutation_pcs",45,FALSE,0,NA,0,NA,0.072782039642334
"global_null","spatialSVP_permutation_pcs",45,FALSE,0,NA,0,NA,0.228029012680054
"opposing_members","spatialSVP_permutation_pcs",45,TRUE,0.0833333333333333,0.333333333333333,NA,NA,0.0738351345062256
"structured_background","spatialSVP_permutation_pcs",45,FALSE,0,NA,NA,NA,0.0723469257354736
"coherent_strong","SPARKX_ACAT",46,TRUE,1,1,NA,NA,2.39002704620361
"coherent_weak","SPARKX_ACAT",46,TRUE,1,1,NA,NA,2.42243599891663
"correlated_nonspatial","SPARKX_ACAT",46,FALSE,0,NA,0,NA,2.76491093635559
"global_null","SPARKX_ACAT",46,FALSE,0,NA,0,NA,2.79932403564453
"opposing_members","SPARKX_ACAT",46,TRUE,1,1,NA,NA,2.57700490951538
"structured_background","SPARKX_ACAT",46,TRUE,1,NA,NA,NA,2.25038504600525
"coherent_strong","SPARKX_fgsea",46,TRUE,0.0833333333333333,0.333333333333333,0,0,0.202062129974365
"coherent_weak","SPARKX_fgsea",46,FALSE,0,0,0,0,0.157006025314331
"correlated_nonspatial","SPARKX_fgsea",46,TRUE,0.0833333333333333,NA,0.0833333333333333,NA,0.193704128265381
"global_null","SPARKX_fgsea",46,FALSE,0,NA,0,NA,0.153753995895386
"opposing_members","SPARKX_fgsea",46,TRUE,0.0833333333333333,0.333333333333333,0,0,0.199069023132324
"structured_background","SPARKX_fgsea",46,FALSE,0,NA,0,NA,0.167918920516968
"coherent_strong","STpathway_dCov",46,TRUE,1,1,NA,NA,0.359884977340698
"coherent_weak","STpathway_dCov",46,TRUE,1,1,NA,NA,0.333956003189087
"correlated_nonspatial","STpathway_dCov",46,FALSE,0,NA,0,NA,0.345873117446899
"global_null","STpathway_dCov",46,FALSE,0,NA,0,NA,0.340528011322021
"opposing_members","STpathway_dCov",46,TRUE,1,1,NA,NA,0.357017993927002
"structured_background","STpathway_dCov",46,TRUE,1,NA,NA,NA,0.354039192199707
"coherent_strong","spatialSVP_matched_none",46,TRUE,0.25,1,0,0,2.88443684577942
"coherent_weak","spatialSVP_matched_none",46,TRUE,0.25,1,0,0,2.78143000602722
"correlated_nonspatial","spatialSVP_matched_none",46,FALSE,0,NA,0,NA,2.82373023033142
"global_null","spatialSVP_matched_none",46,FALSE,0,NA,0,NA,2.63956117630005
"opposing_members","spatialSVP_matched_none",46,FALSE,0,0,0,0,2.78340411186218
"structured_background","spatialSVP_matched_none",46,FALSE,0,NA,0,NA,2.55175614356995
"coherent_strong","spatialSVP_matched_pcs",46,TRUE,0.25,0.666666666666667,0.111111111111111,0.333333333333333,2.93143892288208
"coherent_weak","spatialSVP_matched_pcs",46,TRUE,0.25,1,0,0,2.73647308349609
"correlated_nonspatial","spatialSVP_matched_pcs",46,FALSE,0,NA,0,NA,2.97011709213257
"global_null","spatialSVP_matched_pcs",46,FALSE,0,NA,0,NA,2.68613529205322
"opposing_members","spatialSVP_matched_pcs",46,TRUE,0.333333333333333,1,0.111111111111111,0.25,2.86498308181763
"structured_background","spatialSVP_matched_pcs",46,FALSE,0,NA,0,NA,2.51777791976929
"coherent_strong","spatialSVP_permutation_none",46,TRUE,1,1,NA,NA,0.0773229598999023
"coherent_weak","spatialSVP_permutation_none",46,TRUE,0.916666666666667,1,NA,NA,0.0726521015167236
"correlated_nonspatial","spatialSVP_permutation_none",46,FALSE,0,NA,0,NA,0.0652449131011963
"global_null","spatialSVP_permutation_none",46,FALSE,0,NA,0,NA,0.236307859420776
"opposing_members","spatialSVP_permutation_none",46,TRUE,1,1,NA,NA,0.0810627937316895
"structured_background","spatialSVP_permutation_none",46,TRUE,0.833333333333333,NA,NA,NA,0.226576089859009
"coherent_strong","spatialSVP_permutation_pcs",46,TRUE,0.166666666666667,0.666666666666667,NA,NA,0.0693349838256836
"coherent_weak","spatialSVP_permutation_pcs",46,TRUE,0.25,1,NA,NA,0.0756969451904297
"correlated_nonspatial","spatialSVP_permutation_pcs",46,FALSE,0,NA,0,NA,0.0852220058441162
"global_null","spatialSVP_permutation_pcs",46,FALSE,0,NA,0,NA,0.0987250804901123
"opposing_members","spatialSVP_permutation_pcs",46,TRUE,0.25,1,NA,NA,0.080103874206543
"structured_background","spatialSVP_permutation_pcs",46,FALSE,0,NA,NA,NA,0.0634391307830811
"coherent_strong","SPARKX_ACAT",47,TRUE,1,1,NA,NA,2.43283104896545
"coherent_weak","SPARKX_ACAT",47,TRUE,1,1,NA,NA,2.20933294296265
"correlated_nonspatial","SPARKX_ACAT",47,FALSE,0,NA,0,NA,3.22639083862305
"global_null","SPARKX_ACAT",47,FALSE,0,NA,0,NA,3.06907200813293
"opposing_members","SPARKX_ACAT",47,TRUE,1,1,NA,NA,2.49209594726562
"structured_background","SPARKX_ACAT",47,TRUE,1,NA,NA,NA,2.25147604942322
"coherent_strong","SPARKX_fgsea",47,TRUE,0.166666666666667,0.666666666666667,0,0,0.217941999435425
"coherent_weak","SPARKX_fgsea",47,FALSE,0,0,0,0,0.181173086166382
"correlated_nonspatial","SPARKX_fgsea",47,FALSE,0,NA,0,NA,0.156045913696289
"global_null","SPARKX_fgsea",47,FALSE,0,NA,0,NA,0.177165985107422
"opposing_members","SPARKX_fgsea",47,TRUE,0.0833333333333333,0.333333333333333,0,0,0.196768999099731
"structured_background","SPARKX_fgsea",47,FALSE,0,NA,0,NA,0.179646968841553
"coherent_strong","STpathway_dCov",47,TRUE,1,1,NA,NA,0.376955032348633
"coherent_weak","STpathway_dCov",47,TRUE,1,1,NA,NA,0.35089898109436
"correlated_nonspatial","STpathway_dCov",47,FALSE,0,NA,0,NA,0.335325002670288
"global_null","STpathway_dCov",47,FALSE,0,NA,0,NA,0.356681108474731
"opposing_members","STpathway_dCov",47,TRUE,1,1,NA,NA,0.366622924804688
"structured_background","STpathway_dCov",47,TRUE,1,NA,NA,NA,0.342408895492554
"coherent_strong","spatialSVP_matched_none",47,TRUE,0.25,1,0,0,2.83151769638062
"coherent_weak","spatialSVP_matched_none",47,TRUE,0.25,1,0,0,2.81984782218933
"correlated_nonspatial","spatialSVP_matched_none",47,FALSE,0,NA,0,NA,2.8998749256134
"global_null","spatialSVP_matched_none",47,FALSE,0,NA,0,NA,2.80770111083984
"opposing_members","spatialSVP_matched_none",47,FALSE,0,0,0,0,2.60071420669556
"structured_background","spatialSVP_matched_none",47,FALSE,0,NA,0,NA,2.60341191291809
"coherent_strong","spatialSVP_matched_pcs",47,FALSE,0,0,0,0,2.70410990715027
"coherent_weak","spatialSVP_matched_pcs",47,TRUE,0.25,1,0,0,2.76464295387268
"correlated_nonspatial","spatialSVP_matched_pcs",47,FALSE,0,NA,0,NA,2.75017690658569
"global_null","spatialSVP_matched_pcs",47,FALSE,0,NA,0,NA,2.77474808692932
"opposing_members","spatialSVP_matched_pcs",47,TRUE,0.333333333333333,1,0.111111111111111,0.25,2.74479603767395
"structured_background","spatialSVP_matched_pcs",47,FALSE,0,NA,0,NA,2.52971410751343
"coherent_strong","spatialSVP_permutation_none",47,TRUE,1,1,NA,NA,0.0855791568756104
"coherent_weak","spatialSVP_permutation_none",47,TRUE,1,1,NA,NA,0.0823910236358643
"correlated_nonspatial","spatialSVP_permutation_none",47,FALSE,0,NA,0,NA,0.215849161148071
"global_null","spatialSVP_permutation_none",47,FALSE,0,NA,0,NA,0.102013111114502
"opposing_members","spatialSVP_permutation_none",47,TRUE,0.916666666666667,1,NA,NA,0.0848851203918457
"structured_background","spatialSVP_permutation_none",47,TRUE,0.75,NA,NA,NA,0.0723731517791748
"coherent_strong","spatialSVP_permutation_pcs",47,FALSE,0,0,NA,NA,0.10024094581604
"coherent_weak","spatialSVP_permutation_pcs",47,TRUE,0.25,1,NA,NA,0.0654501914978027
"correlated_nonspatial","spatialSVP_permutation_pcs",47,FALSE,0,NA,0,NA,0.0743310451507568
"global_null","spatialSVP_permutation_pcs",47,FALSE,0,NA,0,NA,0.0940492153167725
"opposing_members","spatialSVP_permutation_pcs",47,TRUE,0.25,1,NA,NA,0.0839390754699707
"structured_background","spatialSVP_permutation_pcs",47,FALSE,0,NA,NA,NA,0.217066049575806
"coherent_strong","SPARKX_ACAT",48,TRUE,1,1,NA,NA,2.33549880981445
"coherent_weak","SPARKX_ACAT",48,TRUE,1,1,NA,NA,2.20956182479858
"correlated_nonspatial","SPARKX_ACAT",48,FALSE,0,NA,0,NA,2.83953809738159
"global_null","SPARKX_ACAT",48,FALSE,0,NA,0,NA,2.65998601913452
"opposing_members","SPARKX_ACAT",48,TRUE,1,1,NA,NA,2.47952008247375
"structured_background","SPARKX_ACAT",48,TRUE,1,NA,NA,NA,2.42551493644714
"coherent_strong","SPARKX_fgsea",48,TRUE,0.25,0.666666666666667,0.111111111111111,0.333333333333333,0.195065021514893
"coherent_weak","SPARKX_fgsea",48,FALSE,0,0,0,0,0.200890064239502
"correlated_nonspatial","SPARKX_fgsea",48,TRUE,0.0833333333333333,NA,0.0833333333333333,NA,0.215972185134888
"global_null","SPARKX_fgsea",48,TRUE,0.0833333333333333,NA,0.0833333333333333,NA,0.173321962356567
"opposing_members","SPARKX_fgsea",48,TRUE,0.0833333333333333,0.333333333333333,0,0,0.221218109130859
"structured_background","SPARKX_fgsea",48,FALSE,0,NA,0,NA,0.150624990463257
"coherent_strong","STpathway_dCov",48,TRUE,1,1,NA,NA,0.348580121994019
"coherent_weak","STpathway_dCov",48,TRUE,1,1,NA,NA,0.341472864151001
"correlated_nonspatial","STpathway_dCov",48,FALSE,0,NA,0,NA,0.340903043746948
"global_null","STpathway_dCov",48,FALSE,0,NA,0,NA,0.334985017776489
"opposing_members","STpathway_dCov",48,TRUE,1,1,NA,NA,0.366242170333862
"structured_background","STpathway_dCov",48,TRUE,1,NA,NA,NA,0.330030918121338
"coherent_strong","spatialSVP_matched_none",48,TRUE,0.25,1,0,0,2.86459398269653
"coherent_weak","spatialSVP_matched_none",48,TRUE,0.25,1,0,0,2.49112010002136
"correlated_nonspatial","spatialSVP_matched_none",48,FALSE,0,NA,0,NA,2.59122395515442
"global_null","spatialSVP_matched_none",48,FALSE,0,NA,0,NA,2.55892205238342
"opposing_members","spatialSVP_matched_none",48,FALSE,0,0,0,0,2.45283007621765
"structured_background","spatialSVP_matched_none",48,FALSE,0,NA,0,NA,2.58129572868347
"coherent_strong","spatialSVP_matched_pcs",48,FALSE,0,0,0,0,2.80391907691956
"coherent_weak","spatialSVP_matched_pcs",48,TRUE,0.25,1,0,0,2.64447212219238
"correlated_nonspatial","spatialSVP_matched_pcs",48,FALSE,0,NA,0,NA,2.58806204795837
"global_null","spatialSVP_matched_pcs",48,FALSE,0,NA,0,NA,2.81249904632568
"opposing_members","spatialSVP_matched_pcs",48,TRUE,0.166666666666667,0.666666666666667,0,0,2.57101798057556
"structured_background","spatialSVP_matched_pcs",48,FALSE,0,NA,0,NA,2.64956188201904
"coherent_strong","spatialSVP_permutation_none",48,TRUE,1,1,NA,NA,0.0804951190948486
"coherent_weak","spatialSVP_permutation_none",48,TRUE,1,1,NA,NA,0.195212125778198
"correlated_nonspatial","spatialSVP_permutation_none",48,FALSE,0,NA,0,NA,0.224574089050293
"global_null","spatialSVP_permutation_none",48,FALSE,0,NA,0,NA,0.0986168384552002
"opposing_members","spatialSVP_permutation_none",48,TRUE,0.833333333333333,1,NA,NA,0.0841879844665527
"structured_background","spatialSVP_permutation_none",48,TRUE,1,NA,NA,NA,0.0735640525817871
"coherent_strong","spatialSVP_permutation_pcs",48,FALSE,0,0,NA,NA,0.0718340873718262
"coherent_weak","spatialSVP_permutation_pcs",48,TRUE,0.25,1,NA,NA,0.086961030960083
"correlated_nonspatial","spatialSVP_permutation_pcs",48,FALSE,0,NA,0,NA,0.217522144317627
"global_null","spatialSVP_permutation_pcs",48,FALSE,0,NA,0,NA,0.0876920223236084
"opposing_members","spatialSVP_permutation_pcs",48,TRUE,0.166666666666667,0.666666666666667,NA,NA,0.0767760276794434
"structured_background","spatialSVP_permutation_pcs",48,FALSE,0,NA,NA,NA,0.0758790969848633
"coherent_strong","SPARKX_ACAT",49,TRUE,1,1,NA,NA,2.50855898857117
"coherent_weak","SPARKX_ACAT",49,TRUE,1,1,NA,NA,2.35037708282471
"correlated_nonspatial","SPARKX_ACAT",49,FALSE,0,NA,0,NA,2.90384984016418
"global_null","SPARKX_ACAT",49,FALSE,0,NA,0,NA,3.43341493606567
"opposing_members","SPARKX_ACAT",49,TRUE,1,1,NA,NA,2.45297694206238
"structured_background","SPARKX_ACAT",49,TRUE,1,NA,NA,NA,2.25695395469666
"coherent_strong","SPARKX_fgsea",49,TRUE,0.166666666666667,0.666666666666667,0,0,0.195748090744019
"coherent_weak","SPARKX_fgsea",49,FALSE,0,0,0,0,0.19762396812439
"correlated_nonspatial","SPARKX_fgsea",49,FALSE,0,NA,0,NA,0.179167032241821
"global_null","SPARKX_fgsea",49,FALSE,0,NA,0,NA,0.160125970840454
"opposing_members","SPARKX_fgsea",49,TRUE,0.0833333333333333,0.333333333333333,0,0,0.192432880401611
"structured_background","SPARKX_fgsea",49,FALSE,0,NA,0,NA,0.183654069900513
"coherent_strong","STpathway_dCov",49,TRUE,1,1,NA,NA,0.354444980621338
"coherent_weak","STpathway_dCov",49,TRUE,1,1,NA,NA,0.339802980422974
"correlated_nonspatial","STpathway_dCov",49,FALSE,0,NA,0,NA,0.360579967498779
"global_null","STpathway_dCov",49,FALSE,0,NA,0,NA,0.356308937072754
"opposing_members","STpathway_dCov",49,TRUE,1,1,NA,NA,0.347275972366333
"structured_background","STpathway_dCov",49,TRUE,1,NA,NA,NA,0.34726881980896
"coherent_strong","spatialSVP_matched_none",49,TRUE,0.25,1,0,0,2.5435631275177
"coherent_weak","spatialSVP_matched_none",49,TRUE,0.25,1,0,0,2.75185990333557
"correlated_nonspatial","spatialSVP_matched_none",49,FALSE,0,NA,0,NA,2.63830089569092
"global_null","spatialSVP_matched_none",49,FALSE,0,NA,0,NA,3.01994705200195
"opposing_members","spatialSVP_matched_none",49,FALSE,0,0,0,0,2.78930592536926
"structured_background","spatialSVP_matched_none",49,FALSE,0,NA,0,NA,2.9089732170105
"coherent_strong","spatialSVP_matched_pcs",49,FALSE,0,0,0,0,2.60456681251526
"coherent_weak","spatialSVP_matched_pcs",49,TRUE,0.25,1,0,0,2.58319592475891
"correlated_nonspatial","spatialSVP_matched_pcs",49,FALSE,0,NA,0,NA,2.93103194236755
"global_null","spatialSVP_matched_pcs",49,FALSE,0,NA,0,NA,2.95865297317505
"opposing_members","spatialSVP_matched_pcs",49,TRUE,0.166666666666667,0.666666666666667,0,0,2.6562328338623
"structured_background","spatialSVP_matched_pcs",49,FALSE,0,NA,0,NA,2.74512600898743
"coherent_strong","spatialSVP_permutation_none",49,TRUE,1,1,NA,NA,0.223186016082764
"coherent_weak","spatialSVP_permutation_none",49,TRUE,0.833333333333333,1,NA,NA,0.0681571960449219
"correlated_nonspatial","spatialSVP_permutation_none",49,FALSE,0,NA,0,NA,0.0912289619445801
"global_null","spatialSVP_permutation_none",49,FALSE,0,NA,0,NA,0.0853278636932373
"opposing_members","spatialSVP_permutation_none",49,TRUE,1,1,NA,NA,0.0773961544036865
"structured_background","spatialSVP_permutation_none",49,TRUE,1,NA,NA,NA,0.0862290859222412
"coherent_strong","spatialSVP_permutation_pcs",49,FALSE,0,0,NA,NA,0.0721940994262695
"coherent_weak","spatialSVP_permutation_pcs",49,TRUE,0.25,1,NA,NA,0.0739431381225586
"correlated_nonspatial","spatialSVP_permutation_pcs",49,FALSE,0,NA,0,NA,0.067990779876709
"global_null","spatialSVP_permutation_pcs",49,FALSE,0,NA,0,NA,0.0819320678710938
"opposing_members","spatialSVP_permutation_pcs",49,TRUE,0.0833333333333333,0.333333333333333,NA,NA,0.0979459285736084
"structured_background","spatialSVP_permutation_pcs",49,FALSE,0,NA,NA,NA,0.0928280353546143
"coherent_strong","SPARKX_ACAT",50,TRUE,1,1,NA,NA,2.37496089935303
"coherent_weak","SPARKX_ACAT",50,TRUE,1,1,NA,NA,2.25485801696777
"correlated_nonspatial","SPARKX_ACAT",50,FALSE,0,NA,0,NA,2.69818496704102
"global_null","SPARKX_ACAT",50,FALSE,0,NA,0,NA,3.71660399436951
"opposing_members","SPARKX_ACAT",50,TRUE,1,1,NA,NA,2.34483885765076
"structured_background","SPARKX_ACAT",50,TRUE,1,NA,NA,NA,2.31508588790894
"coherent_strong","SPARKX_fgsea",50,TRUE,0.166666666666667,0.666666666666667,0,0,0.19144606590271
"coherent_weak","SPARKX_fgsea",50,FALSE,0,0,0,0,0.191007137298584
"correlated_nonspatial","SPARKX_fgsea",50,FALSE,0,NA,0,NA,0.195342063903809
"global_null","SPARKX_fgsea",50,FALSE,0,NA,0,NA,0.148396015167236
"opposing_members","SPARKX_fgsea",50,TRUE,0.0833333333333333,0.333333333333333,0,0,0.226312875747681
"structured_background","SPARKX_fgsea",50,FALSE,0,NA,0,NA,0.150458812713623
"coherent_strong","STpathway_dCov",50,TRUE,1,1,NA,NA,0.32560396194458
"coherent_weak","STpathway_dCov",50,TRUE,1,1,NA,NA,0.355148077011108
"correlated_nonspatial","STpathway_dCov",50,FALSE,0,NA,0,NA,0.368228912353516
"global_null","STpathway_dCov",50,FALSE,0,NA,0,NA,0.348301887512207
"opposing_members","STpathway_dCov",50,TRUE,1,1,NA,NA,0.343248128890991
"structured_background","STpathway_dCov",50,TRUE,1,NA,NA,NA,0.332422971725464
"coherent_strong","spatialSVP_matched_none",50,TRUE,0.25,1,0,0,2.81025004386902
"coherent_weak","spatialSVP_matched_none",50,TRUE,0.25,1,0,0,2.34947991371155
"correlated_nonspatial","spatialSVP_matched_none",50,FALSE,0,NA,0,NA,2.86019611358643
"global_null","spatialSVP_matched_none",50,FALSE,0,NA,0,NA,3.04424405097961
"opposing_members","spatialSVP_matched_none",50,FALSE,0,0,0,0,2.66304111480713
"structured_background","spatialSVP_matched_none",50,FALSE,0,NA,0,NA,2.85852193832397
"coherent_strong","spatialSVP_matched_pcs",50,FALSE,0,0,0,0,2.85007905960083
"coherent_weak","spatialSVP_matched_pcs",50,TRUE,0.25,1,0,0,2.50139379501343
"correlated_nonspatial","spatialSVP_matched_pcs",50,FALSE,0,NA,0,NA,2.84183192253113
"global_null","spatialSVP_matched_pcs",50,FALSE,0,NA,0,NA,2.9111270904541
"opposing_members","spatialSVP_matched_pcs",50,TRUE,0.166666666666667,0.666666666666667,0,0,2.6557252407074
"structured_background","spatialSVP_matched_pcs",50,FALSE,0,NA,0,NA,2.79614901542664
"coherent_strong","spatialSVP_permutation_none",50,TRUE,0.916666666666667,1,NA,NA,0.0711138248443604
"coherent_weak","spatialSVP_permutation_none",50,TRUE,1,1,NA,NA,0.080592155456543
"correlated_nonspatial","spatialSVP_permutation_none",50,FALSE,0,NA,0,NA,0.0838649272918701
"global_null","spatialSVP_permutation_none",50,FALSE,0,NA,0,NA,0.0933248996734619
"opposing_members","spatialSVP_permutation_none",50,TRUE,1,1,NA,NA,0.227192163467407
"structured_background","spatialSVP_permutation_none",50,TRUE,0.75,NA,NA,NA,0.0879850387573242
"coherent_strong","spatialSVP_permutation_pcs",50,FALSE,0,0,NA,NA,0.0800309181213379
"coherent_weak","spatialSVP_permutation_pcs",50,TRUE,0.25,1,NA,NA,0.0877299308776855
"correlated_nonspatial","spatialSVP_permutation_pcs",50,FALSE,0,NA,0,NA,0.0668320655822754
"global_null","spatialSVP_permutation_pcs",50,FALSE,0,NA,0,NA,0.0926599502563477
"opposing_members","spatialSVP_permutation_pcs",50,TRUE,0.166666666666667,0.666666666666667,NA,NA,0.224593877792358
"structured_background","spatialSVP_permutation_pcs",50,FALSE,0,NA,NA,NA,0.0767009258270264
"coherent_strong","SPARKX_ACAT",51,TRUE,1,1,NA,NA,2.29338908195496
"coherent_weak","SPARKX_ACAT",51,TRUE,1,1,NA,NA,2.38178110122681
"correlated_nonspatial","SPARKX_ACAT",51,FALSE,0,NA,0,NA,2.70778608322144
"global_null","SPARKX_ACAT",51,FALSE,0,NA,0,NA,3.59092998504639
"opposing_members","SPARKX_ACAT",51,TRUE,1,1,NA,NA,2.45316910743713
"structured_background","SPARKX_ACAT",51,TRUE,1,NA,NA,NA,2.44764399528503
"coherent_strong","SPARKX_fgsea",51,TRUE,0.0833333333333333,0.333333333333333,0,0,0.203573942184448
"coherent_weak","SPARKX_fgsea",51,FALSE,0,0,0,0,0.180543899536133
"correlated_nonspatial","SPARKX_fgsea",51,TRUE,0.166666666666667,NA,0.166666666666667,NA,0.178344964981079
"global_null","SPARKX_fgsea",51,FALSE,0,NA,0,NA,0.164823055267334
"opposing_members","SPARKX_fgsea",51,TRUE,0.166666666666667,0.333333333333333,0.111111111111111,0.5,0.209414005279541
"structured_background","SPARKX_fgsea",51,FALSE,0,NA,0,NA,0.160037040710449
"coherent_strong","STpathway_dCov",51,TRUE,1,1,NA,NA,0.370666027069092
"coherent_weak","STpathway_dCov",51,TRUE,1,1,NA,NA,0.342503070831299
"correlated_nonspatial","STpathway_dCov",51,FALSE,0,NA,0,NA,0.332673072814941
"global_null","STpathway_dCov",51,FALSE,0,NA,0,NA,0.350087881088257
"opposing_members","STpathway_dCov",51,TRUE,1,1,NA,NA,0.352772951126099
"structured_background","STpathway_dCov",51,TRUE,1,NA,NA,NA,0.380481004714966
"coherent_strong","spatialSVP_matched_none",51,TRUE,0.333333333333333,1,0.111111111111111,0.25,2.91481900215149
"coherent_weak","spatialSVP_matched_none",51,TRUE,0.25,1,0,0,2.61660194396973
"correlated_nonspatial","spatialSVP_matched_none",51,FALSE,0,NA,0,NA,2.57376194000244
"global_null","spatialSVP_matched_none",51,FALSE,0,NA,0,NA,2.89120817184448
"opposing_members","spatialSVP_matched_none",51,FALSE,0,0,0,0,2.6918568611145
"structured_background","spatialSVP_matched_none",51,FALSE,0,NA,0,NA,2.96586966514587
"coherent_strong","spatialSVP_matched_pcs",51,FALSE,0,0,0,0,2.90727305412292
"coherent_weak","spatialSVP_matched_pcs",51,TRUE,0.25,1,0,0,2.57832407951355
"correlated_nonspatial","spatialSVP_matched_pcs",51,FALSE,0,NA,0,NA,2.42508006095886
"global_null","spatialSVP_matched_pcs",51,FALSE,0,NA,0,NA,2.73377990722656
"opposing_members","spatialSVP_matched_pcs",51,TRUE,0.416666666666667,1,0.222222222222222,0.4,2.70818996429443
"structured_background","spatialSVP_matched_pcs",51,FALSE,0,NA,0,NA,2.69381380081177
"coherent_strong","spatialSVP_permutation_none",51,TRUE,1,1,NA,NA,0.0950090885162354
"coherent_weak","spatialSVP_permutation_none",51,TRUE,0.916666666666667,1,NA,NA,0.0637681484222412
"correlated_nonspatial","spatialSVP_permutation_none",51,FALSE,0,NA,0,NA,0.207538843154907
"global_null","spatialSVP_permutation_none",51,FALSE,0,NA,0,NA,0.0945379734039307
"opposing_members","spatialSVP_permutation_none",51,TRUE,1,1,NA,NA,0.0765089988708496
"structured_background","spatialSVP_permutation_none",51,TRUE,0.833333333333333,NA,NA,NA,0.217586994171143
"coherent_strong","spatialSVP_permutation_pcs",51,FALSE,0,0,NA,NA,0.093742847442627
"coherent_weak","spatialSVP_permutation_pcs",51,TRUE,0.25,1,NA,NA,0.083294153213501
"correlated_nonspatial","spatialSVP_permutation_pcs",51,FALSE,0,NA,0,NA,0.0807230472564697
"global_null","spatialSVP_permutation_pcs",51,FALSE,0,NA,0,NA,0.089108943939209
"opposing_members","spatialSVP_permutation_pcs",51,TRUE,0.25,1,NA,NA,0.0902228355407715
"structured_background","spatialSVP_permutation_pcs",51,FALSE,0,NA,NA,NA,0.0720961093902588
"coherent_strong","SPARKX_ACAT",52,TRUE,1,1,NA,NA,2.39177203178406
"coherent_weak","SPARKX_ACAT",52,TRUE,1,1,NA,NA,2.48621106147766
"correlated_nonspatial","SPARKX_ACAT",52,FALSE,0,NA,0,NA,2.94035196304321
"global_null","SPARKX_ACAT",52,FALSE,0,NA,0,NA,3.30036687850952
"opposing_members","SPARKX_ACAT",52,TRUE,1,1,NA,NA,2.32853698730469
"structured_background","SPARKX_ACAT",52,TRUE,1,NA,NA,NA,2.36594319343567
"coherent_strong","SPARKX_fgsea",52,TRUE,0.166666666666667,0.666666666666667,0,0,0.204384088516235
"coherent_weak","SPARKX_fgsea",52,TRUE,0.0833333333333333,0,0.111111111111111,1,0.181234121322632
"correlated_nonspatial","SPARKX_fgsea",52,TRUE,0.0833333333333333,NA,0.0833333333333333,NA,0.187756061553955
"global_null","SPARKX_fgsea",52,FALSE,0,NA,0,NA,0.161703109741211
"opposing_members","SPARKX_fgsea",52,TRUE,0.0833333333333333,0.333333333333333,0,0,0.195181846618652
"structured_background","SPARKX_fgsea",52,FALSE,0,NA,0,NA,0.150002002716064
"coherent_strong","STpathway_dCov",52,TRUE,1,1,NA,NA,0.376513004302979
"coherent_weak","STpathway_dCov",52,TRUE,1,1,NA,NA,0.339860916137695
"correlated_nonspatial","STpathway_dCov",52,FALSE,0,NA,0,NA,0.343592882156372
"global_null","STpathway_dCov",52,FALSE,0,NA,0,NA,0.335756063461304
"opposing_members","STpathway_dCov",52,TRUE,1,1,NA,NA,0.344414949417114
"structured_background","STpathway_dCov",52,TRUE,1,NA,NA,NA,0.344788074493408
"coherent_strong","spatialSVP_matched_none",52,TRUE,0.25,1,0,0,2.91726088523865
"coherent_weak","spatialSVP_matched_none",52,TRUE,0.25,1,0,0,2.73088812828064
"correlated_nonspatial","spatialSVP_matched_none",52,FALSE,0,NA,0,NA,2.85072684288025
"global_null","spatialSVP_matched_none",52,FALSE,0,NA,0,NA,2.84956502914429
"opposing_members","spatialSVP_matched_none",52,TRUE,0.166666666666667,0.333333333333333,0.111111111111111,0.5,2.75865888595581
"structured_background","spatialSVP_matched_none",52,FALSE,0,NA,0,NA,2.7731032371521
"coherent_strong","spatialSVP_matched_pcs",52,FALSE,0,0,0,0,2.63452982902527
"coherent_weak","spatialSVP_matched_pcs",52,TRUE,0.25,1,0,0,2.76115918159485
"correlated_nonspatial","spatialSVP_matched_pcs",52,FALSE,0,NA,0,NA,2.48272490501404
"global_null","spatialSVP_matched_pcs",52,FALSE,0,NA,0,NA,2.87634587287903
"opposing_members","spatialSVP_matched_pcs",52,TRUE,0.25,0.666666666666667,0.111111111111111,0.333333333333333,2.76334095001221
"structured_background","spatialSVP_matched_pcs",52,FALSE,0,NA,0,NA,2.73082828521729
"coherent_strong","spatialSVP_permutation_none",52,TRUE,1,1,NA,NA,0.0808839797973633
"coherent_weak","spatialSVP_permutation_none",52,TRUE,0.833333333333333,1,NA,NA,0.0746369361877441
"correlated_nonspatial","spatialSVP_permutation_none",52,FALSE,0,NA,0,NA,0.0653979778289795
"global_null","spatialSVP_permutation_none",52,FALSE,0,NA,0,NA,0.0934360027313232
"opposing_members","spatialSVP_permutation_none",52,TRUE,0.833333333333333,1,NA,NA,0.0763649940490723
"structured_background","spatialSVP_permutation_none",52,TRUE,0.833333333333333,NA,NA,NA,0.236991167068481
"coherent_strong","spatialSVP_permutation_pcs",52,FALSE,0,0,NA,NA,0.0634090900421143
"coherent_weak","spatialSVP_permutation_pcs",52,TRUE,0.25,1,NA,NA,0.0809109210968018
"correlated_nonspatial","spatialSVP_permutation_pcs",52,FALSE,0,NA,0,NA,0.223181962966919
"global_null","spatialSVP_permutation_pcs",52,FALSE,0,NA,0,NA,0.0929269790649414
"opposing_members","spatialSVP_permutation_pcs",52,TRUE,0.166666666666667,0.333333333333333,NA,NA,0.080009937286377
"structured_background","spatialSVP_permutation_pcs",52,FALSE,0,NA,NA,NA,0.095332145690918
"coherent_strong","SPARKX_ACAT",53,TRUE,1,1,NA,NA,2.6666431427002
"coherent_weak","SPARKX_ACAT",53,TRUE,1,1,NA,NA,2.42049288749695
"correlated_nonspatial","SPARKX_ACAT",53,FALSE,0,NA,0,NA,2.63403415679932
"global_null","SPARKX_ACAT",53,FALSE,0,NA,0,NA,3.5644519329071
"opposing_members","SPARKX_ACAT",53,TRUE,1,1,NA,NA,2.32578706741333
"structured_background","SPARKX_ACAT",53,TRUE,1,NA,NA,NA,2.42671298980713
"coherent_strong","SPARKX_fgsea",53,TRUE,0.166666666666667,0.666666666666667,0,0,0.194253921508789
"coherent_weak","SPARKX_fgsea",53,FALSE,0,0,0,0,0.147631168365479
"correlated_nonspatial","SPARKX_fgsea",53,TRUE,0.0833333333333333,NA,0.0833333333333333,NA,0.203389167785645
"global_null","SPARKX_fgsea",53,FALSE,0,NA,0,NA,0.162137985229492
"opposing_members","SPARKX_fgsea",53,TRUE,0.0833333333333333,0.333333333333333,0,0,0.211987972259521
"structured_background","SPARKX_fgsea",53,FALSE,0,NA,0,NA,0.144883871078491
"coherent_strong","STpathway_dCov",53,TRUE,1,1,NA,NA,0.357111930847168
"coherent_weak","STpathway_dCov",53,TRUE,1,1,NA,NA,0.330927848815918
"correlated_nonspatial","STpathway_dCov",53,FALSE,0,NA,0,NA,0.347568035125732
"global_null","STpathway_dCov",53,FALSE,0,NA,0,NA,0.362890005111694
"opposing_members","STpathway_dCov",53,TRUE,1,1,NA,NA,0.334352970123291
"structured_background","STpathway_dCov",53,TRUE,1,NA,NA,NA,0.335819005966187
"coherent_strong","spatialSVP_matched_none",53,TRUE,0.25,1,0,0,2.60348796844482
"coherent_weak","spatialSVP_matched_none",53,TRUE,0.25,1,0,0,2.78175687789917
"correlated_nonspatial","spatialSVP_matched_none",53,FALSE,0,NA,0,NA,2.59969806671143
"global_null","spatialSVP_matched_none",53,FALSE,0,NA,0,NA,3.12697911262512
"opposing_members","spatialSVP_matched_none",53,FALSE,0,0,0,0,2.5181679725647
"structured_background","spatialSVP_matched_none",53,FALSE,0,NA,0,NA,2.65951800346375
"coherent_strong","spatialSVP_matched_pcs",53,TRUE,0.0833333333333333,0.333333333333333,0,0,2.60593295097351
"coherent_weak","spatialSVP_matched_pcs",53,TRUE,0.25,1,0,0,2.6308000087738
"correlated_nonspatial","spatialSVP_matched_pcs",53,FALSE,0,NA,0,NA,2.76217603683472
"global_null","spatialSVP_matched_pcs",53,FALSE,0,NA,0,NA,2.93069124221802
"opposing_members","spatialSVP_matched_pcs",53,TRUE,0.25,1,0,0,2.83781886100769
"structured_background","spatialSVP_matched_pcs",53,FALSE,0,NA,0,NA,2.63206171989441
"coherent_strong","spatialSVP_permutation_none",53,TRUE,1,1,NA,NA,0.0878980159759521
"coherent_weak","spatialSVP_permutation_none",53,TRUE,0.916666666666667,1,NA,NA,0.232706069946289
"correlated_nonspatial","spatialSVP_permutation_none",53,FALSE,0,NA,0,NA,0.0802121162414551
"global_null","spatialSVP_permutation_none",53,FALSE,0,NA,0,NA,0.0888559818267822
"opposing_members","spatialSVP_permutation_none",53,TRUE,0.916666666666667,1,NA,NA,0.0856049060821533
"structured_background","spatialSVP_permutation_none",53,TRUE,0.916666666666667,NA,NA,NA,0.0993540287017822
"coherent_strong","spatialSVP_permutation_pcs",53,FALSE,0,0,NA,NA,0.079369068145752
"coherent_weak","spatialSVP_permutation_pcs",53,TRUE,0.25,1,NA,NA,0.0813419818878174
"correlated_nonspatial","spatialSVP_permutation_pcs",53,FALSE,0,NA,0,NA,0.0771288871765137
"global_null","spatialSVP_permutation_pcs",53,FALSE,0,NA,0,NA,0.0825741291046143
"opposing_members","spatialSVP_permutation_pcs",53,TRUE,0.166666666666667,0.666666666666667,NA,NA,0.0778579711914062
"structured_background","spatialSVP_permutation_pcs",53,FALSE,0,NA,NA,NA,0.0798869132995605
"coherent_strong","SPARKX_ACAT",54,TRUE,1,1,NA,NA,2.41617298126221
"coherent_weak","SPARKX_ACAT",54,TRUE,1,1,NA,NA,2.35914492607117
"correlated_nonspatial","SPARKX_ACAT",54,FALSE,0,NA,0,NA,2.65102696418762
"global_null","SPARKX_ACAT",54,FALSE,0,NA,0,NA,3.81588816642761
"opposing_members","SPARKX_ACAT",54,TRUE,1,1,NA,NA,2.28539896011353
"structured_background","SPARKX_ACAT",54,TRUE,1,NA,NA,NA,2.16486811637878
"coherent_strong","SPARKX_fgsea",54,TRUE,0.166666666666667,0.666666666666667,0,0,0.205658912658691
"coherent_weak","SPARKX_fgsea",54,FALSE,0,0,0,0,0.159281969070435
"correlated_nonspatial","SPARKX_fgsea",54,TRUE,0.166666666666667,NA,0.166666666666667,NA,0.1960129737854
"global_null","SPARKX_fgsea",54,FALSE,0,NA,0,NA,0.169013023376465
"opposing_members","SPARKX_fgsea",54,TRUE,0.166666666666667,0.333333333333333,0.111111111111111,0.5,0.20600700378418
"structured_background","SPARKX_fgsea",54,FALSE,0,NA,0,NA,0.170038938522339
"coherent_strong","STpathway_dCov",54,TRUE,1,1,NA,NA,0.335222005844116
"coherent_weak","STpathway_dCov",54,TRUE,1,1,NA,NA,0.33198618888855
"correlated_nonspatial","STpathway_dCov",54,FALSE,0,NA,0,NA,0.326179981231689
"global_null","STpathway_dCov",54,FALSE,0,NA,0,NA,0.361950874328613
"opposing_members","STpathway_dCov",54,TRUE,1,1,NA,NA,0.341050148010254
"structured_background","STpathway_dCov",54,TRUE,1,NA,NA,NA,0.323377847671509
"coherent_strong","spatialSVP_matched_none",54,TRUE,0.333333333333333,1,0.111111111111111,0.25,2.57741093635559
"coherent_weak","spatialSVP_matched_none",54,TRUE,0.333333333333333,1,0.111111111111111,0.25,2.63660097122192
"correlated_nonspatial","spatialSVP_matched_none",54,FALSE,0,NA,0,NA,2.59937906265259
"global_null","spatialSVP_matched_none",54,TRUE,0.0833333333333333,NA,0.0833333333333333,NA,2.83138704299927
"opposing_members","spatialSVP_matched_none",54,FALSE,0,0,0,0,2.84129285812378
"structured_background","spatialSVP_matched_none",54,FALSE,0,NA,0,NA,2.613037109375
"coherent_strong","spatialSVP_matched_pcs",54,FALSE,0,0,0,0,2.73308396339417
"coherent_weak","spatialSVP_matched_pcs",54,TRUE,0.25,1,0,0,2.62959003448486
"correlated_nonspatial","spatialSVP_matched_pcs",54,FALSE,0,NA,0,NA,2.74106979370117
"global_null","spatialSVP_matched_pcs",54,FALSE,0,NA,0,NA,2.84967517852783
"opposing_members","spatialSVP_matched_pcs",54,TRUE,0.25,0.666666666666667,0.111111111111111,0.333333333333333,2.52646803855896
"structured_background","spatialSVP_matched_pcs",54,FALSE,0,NA,0,NA,2.56594300270081
"coherent_strong","spatialSVP_permutation_none",54,TRUE,1,1,NA,NA,0.0880939960479736
"coherent_weak","spatialSVP_permutation_none",54,TRUE,1,1,NA,NA,0.089299201965332
"correlated_nonspatial","spatialSVP_permutation_none",54,FALSE,0,NA,0,NA,0.0725901126861572
"global_null","spatialSVP_permutation_none",54,FALSE,0,NA,0,NA,0.0771980285644531
"opposing_members","spatialSVP_permutation_none",54,TRUE,1,1,NA,NA,0.0731031894683838
"structured_background","spatialSVP_permutation_none",54,TRUE,0.833333333333333,NA,NA,NA,0.0719151496887207
"coherent_strong","spatialSVP_permutation_pcs",54,FALSE,0,0,NA,NA,0.0770289897918701
"coherent_weak","spatialSVP_permutation_pcs",54,TRUE,0.25,1,NA,NA,0.214371919631958
"correlated_nonspatial","spatialSVP_permutation_pcs",54,FALSE,0,NA,0,NA,0.0789699554443359
"global_null","spatialSVP_permutation_pcs",54,FALSE,0,NA,0,NA,0.0750949382781982
"opposing_members","spatialSVP_permutation_pcs",54,TRUE,0.166666666666667,0.666666666666667,NA,NA,0.206009149551392
"structured_background","spatialSVP_permutation_pcs",54,FALSE,0,NA,NA,NA,0.22655200958252
"coherent_strong","SPARKX_ACAT",55,TRUE,1,1,NA,NA,2.30134701728821
"coherent_weak","SPARKX_ACAT",55,TRUE,1,1,NA,NA,2.23294401168823
"correlated_nonspatial","SPARKX_ACAT",55,FALSE,0,NA,0,NA,3.00682282447815
"global_null","SPARKX_ACAT",55,FALSE,0,NA,0,NA,3.77241396903992
"opposing_members","SPARKX_ACAT",55,TRUE,1,1,NA,NA,2.25040483474731
"structured_background","SPARKX_ACAT",55,TRUE,1,NA,NA,NA,2.18931698799133
"coherent_strong","SPARKX_fgsea",55,TRUE,0.0833333333333333,0.333333333333333,0,0,0.210708856582642
"coherent_weak","SPARKX_fgsea",55,FALSE,0,0,0,0,0.178601980209351
"correlated_nonspatial","SPARKX_fgsea",55,TRUE,0.0833333333333333,NA,0.0833333333333333,NA,0.188816070556641
"global_null","SPARKX_fgsea",55,FALSE,0,NA,0,NA,0.159070014953613
"opposing_members","SPARKX_fgsea",55,TRUE,0.166666666666667,0.333333333333333,0.111111111111111,0.5,0.196274995803833
"structured_background","SPARKX_fgsea",55,FALSE,0,NA,0,NA,0.172106027603149
"coherent_strong","STpathway_dCov",55,TRUE,1,1,NA,NA,0.351808071136475
"coherent_weak","STpathway_dCov",55,TRUE,1,1,NA,NA,0.353893041610718
"correlated_nonspatial","STpathway_dCov",55,FALSE,0,NA,0,NA,0.343637943267822
"global_null","STpathway_dCov",55,FALSE,0,NA,0,NA,0.344786167144775
"opposing_members","STpathway_dCov",55,TRUE,1,1,NA,NA,0.359507083892822
"structured_background","STpathway_dCov",55,TRUE,1,NA,NA,NA,0.336299180984497
"coherent_strong","spatialSVP_matched_none",55,TRUE,0.25,1,0,0,2.39760613441467
"coherent_weak","spatialSVP_matched_none",55,TRUE,0.25,1,0,0,2.82692313194275
"correlated_nonspatial","spatialSVP_matched_none",55,FALSE,0,NA,0,NA,2.92666625976562
"global_null","spatialSVP_matched_none",55,FALSE,0,NA,0,NA,2.89655900001526
"opposing_members","spatialSVP_matched_none",55,FALSE,0,0,0,0,2.61588311195374
"structured_background","spatialSVP_matched_none",55,FALSE,0,NA,0,NA,2.60214805603027
"coherent_strong","spatialSVP_matched_pcs",55,FALSE,0,0,0,0,2.49903798103333
"coherent_weak","spatialSVP_matched_pcs",55,TRUE,0.25,1,0,0,2.63021993637085
"correlated_nonspatial","spatialSVP_matched_pcs",55,FALSE,0,NA,0,NA,2.62639212608337
"global_null","spatialSVP_matched_pcs",55,FALSE,0,NA,0,NA,2.78056526184082
"opposing_members","spatialSVP_matched_pcs",55,TRUE,0.166666666666667,0.666666666666667,0,0,2.78913116455078
"structured_background","spatialSVP_matched_pcs",55,FALSE,0,NA,0,NA,2.6413300037384
"coherent_strong","spatialSVP_permutation_none",55,TRUE,1,1,NA,NA,0.238538980484009
"coherent_weak","spatialSVP_permutation_none",55,TRUE,0.916666666666667,1,NA,NA,0.213466167449951
"correlated_nonspatial","spatialSVP_permutation_none",55,FALSE,0,NA,0,NA,0.0677790641784668
"global_null","spatialSVP_permutation_none",55,FALSE,0,NA,0,NA,0.218356132507324
"opposing_members","spatialSVP_permutation_none",55,TRUE,1,1,NA,NA,0.212991952896118
"structured_background","spatialSVP_permutation_none",55,TRUE,0.833333333333333,NA,NA,NA,0.0798938274383545
"coherent_strong","spatialSVP_permutation_pcs",55,FALSE,0,0,NA,NA,0.0726261138916016
"coherent_weak","spatialSVP_permutation_pcs",55,TRUE,0.25,1,NA,NA,0.0758421421051025
"correlated_nonspatial","spatialSVP_permutation_pcs",55,FALSE,0,NA,0,NA,0.0655560493469238
"global_null","spatialSVP_permutation_pcs",55,FALSE,0,NA,0,NA,0.192133188247681
"opposing_members","spatialSVP_permutation_pcs",55,TRUE,0.166666666666667,0.666666666666667,NA,NA,0.0883729457855225
"structured_background","spatialSVP_permutation_pcs",55,FALSE,0,NA,NA,NA,0.0751218795776367
"coherent_strong","SPARKX_ACAT",56,TRUE,1,1,NA,NA,2.55664801597595
"coherent_weak","SPARKX_ACAT",56,TRUE,1,1,NA,NA,2.39789485931396
"correlated_nonspatial","SPARKX_ACAT",56,FALSE,0,NA,0,NA,2.93141603469849
"global_null","SPARKX_ACAT",56,FALSE,0,NA,0,NA,3.75138282775879
"opposing_members","SPARKX_ACAT",56,TRUE,1,1,NA,NA,2.43740797042847
"structured_background","SPARKX_ACAT",56,TRUE,1,NA,NA,NA,2.41021585464478
"coherent_strong","SPARKX_fgsea",56,TRUE,0.0833333333333333,0.333333333333333,0,0,0.206112146377563
"coherent_weak","SPARKX_fgsea",56,FALSE,0,0,0,0,0.149760007858276
"correlated_nonspatial","SPARKX_fgsea",56,FALSE,0,NA,0,NA,0.180871963500977
"global_null","SPARKX_fgsea",56,FALSE,0,NA,0,NA,0.16535496711731
"opposing_members","SPARKX_fgsea",56,TRUE,0.0833333333333333,0.333333333333333,0,0,0.218327045440674
"structured_background","SPARKX_fgsea",56,FALSE,0,NA,0,NA,0.150145053863525
"coherent_strong","STpathway_dCov",56,TRUE,1,1,NA,NA,0.357928037643433
"coherent_weak","STpathway_dCov",56,TRUE,1,1,NA,NA,0.336256980895996
"correlated_nonspatial","STpathway_dCov",56,FALSE,0,NA,0,NA,0.347073078155518
"global_null","STpathway_dCov",56,FALSE,0,NA,0,NA,0.357147932052612
"opposing_members","STpathway_dCov",56,TRUE,1,1,NA,NA,0.3609299659729
"structured_background","STpathway_dCov",56,TRUE,1,NA,NA,NA,0.325552940368652
"coherent_strong","spatialSVP_matched_none",56,TRUE,0.25,1,0,0,2.94843912124634
"coherent_weak","spatialSVP_matched_none",56,TRUE,0.25,1,0,0,2.63858199119568
"correlated_nonspatial","spatialSVP_matched_none",56,FALSE,0,NA,0,NA,2.5358510017395
"global_null","spatialSVP_matched_none",56,FALSE,0,NA,0,NA,2.69005990028381
"opposing_members","spatialSVP_matched_none",56,FALSE,0,0,0,0,2.77925777435303
"structured_background","spatialSVP_matched_none",56,FALSE,0,NA,0,NA,2.89179396629333
"coherent_strong","spatialSVP_matched_pcs",56,FALSE,0,0,0,0,2.89645504951477
"coherent_weak","spatialSVP_matched_pcs",56,TRUE,0.25,1,0,0,2.54734516143799
"correlated_nonspatial","spatialSVP_matched_pcs",56,FALSE,0,NA,0,NA,2.55219507217407
"global_null","spatialSVP_matched_pcs",56,FALSE,0,NA,0,NA,2.7401237487793
"opposing_members","spatialSVP_matched_pcs",56,TRUE,0.166666666666667,0.666666666666667,0,0,2.59827375411987
"structured_background","spatialSVP_matched_pcs",56,FALSE,0,NA,0,NA,2.73985600471497
"coherent_strong","spatialSVP_permutation_none",56,TRUE,1,1,NA,NA,0.0654771327972412
"coherent_weak","spatialSVP_permutation_none",56,TRUE,0.833333333333333,1,NA,NA,0.210954904556274
"correlated_nonspatial","spatialSVP_permutation_none",56,FALSE,0,NA,0,NA,0.0715188980102539
"global_null","spatialSVP_permutation_none",56,FALSE,0,NA,0,NA,0.0656089782714844
"opposing_members","spatialSVP_permutation_none",56,TRUE,0.916666666666667,1,NA,NA,0.0641629695892334
"structured_background","spatialSVP_permutation_none",56,TRUE,0.916666666666667,NA,NA,NA,0.0622780323028564
"coherent_strong","spatialSVP_permutation_pcs",56,FALSE,0,0,NA,NA,0.0779249668121338
"coherent_weak","spatialSVP_permutation_pcs",56,TRUE,0.25,1,NA,NA,0.083341121673584
"correlated_nonspatial","spatialSVP_permutation_pcs",56,FALSE,0,NA,0,NA,0.0844650268554688
"global_null","spatialSVP_permutation_pcs",56,FALSE,0,NA,0,NA,0.105139017105103
"opposing_members","spatialSVP_permutation_pcs",56,TRUE,0.166666666666667,0.666666666666667,NA,NA,0.0840721130371094
"structured_background","spatialSVP_permutation_pcs",56,FALSE,0,NA,NA,NA,0.0968179702758789
"coherent_strong","SPARKX_ACAT",57,TRUE,1,1,NA,NA,2.16864204406738
"coherent_weak","SPARKX_ACAT",57,TRUE,1,1,NA,NA,2.25984907150269
"correlated_nonspatial","SPARKX_ACAT",57,FALSE,0,NA,0,NA,3.04497694969177
"global_null","SPARKX_ACAT",57,FALSE,0,NA,0,NA,3.33851790428162
"opposing_members","SPARKX_ACAT",57,TRUE,1,1,NA,NA,2.40504884719849
"structured_background","SPARKX_ACAT",57,TRUE,1,NA,NA,NA,2.27178502082825
"coherent_strong","SPARKX_fgsea",57,TRUE,0.166666666666667,0.666666666666667,0,0,0.193334817886353
"coherent_weak","SPARKX_fgsea",57,FALSE,0,0,0,0,0.178567171096802
"correlated_nonspatial","SPARKX_fgsea",57,TRUE,0.333333333333333,NA,0.333333333333333,NA,0.212774991989136
"global_null","SPARKX_fgsea",57,FALSE,0,NA,0,NA,0.171072959899902
"opposing_members","SPARKX_fgsea",57,FALSE,0,0,0,0,0.190463781356812
"structured_background","SPARKX_fgsea",57,FALSE,0,NA,0,NA,0.190858125686646
"coherent_strong","STpathway_dCov",57,TRUE,1,1,NA,NA,0.325958013534546
"coherent_weak","STpathway_dCov",57,TRUE,1,1,NA,NA,0.348863124847412
"correlated_nonspatial","STpathway_dCov",57,FALSE,0,NA,0,NA,0.347265958786011
"global_null","STpathway_dCov",57,FALSE,0,NA,0,NA,0.364584922790527
"opposing_members","STpathway_dCov",57,TRUE,1,1,NA,NA,0.352423906326294
"structured_background","STpathway_dCov",57,TRUE,1,NA,NA,NA,0.339205980300903
"coherent_strong","spatialSVP_matched_none",57,TRUE,0.25,1,0,0,2.46738696098328
"coherent_weak","spatialSVP_matched_none",57,TRUE,0.25,1,0,0,2.92286896705627
"correlated_nonspatial","spatialSVP_matched_none",57,FALSE,0,NA,0,NA,2.54581522941589
"global_null","spatialSVP_matched_none",57,FALSE,0,NA,0,NA,2.93247890472412
"opposing_members","spatialSVP_matched_none",57,FALSE,0,0,0,0,2.57426500320435
"structured_background","spatialSVP_matched_none",57,FALSE,0,NA,0,NA,2.74748206138611
"coherent_strong","spatialSVP_matched_pcs",57,TRUE,0.0833333333333333,0.333333333333333,0,0,2.51266503334045
"coherent_weak","spatialSVP_matched_pcs",57,TRUE,0.25,1,0,0,2.87652707099915
"correlated_nonspatial","spatialSVP_matched_pcs",57,FALSE,0,NA,0,NA,2.63038325309753
"global_null","spatialSVP_matched_pcs",57,FALSE,0,NA,0,NA,2.71170020103455
"opposing_members","spatialSVP_matched_pcs",57,TRUE,0.166666666666667,0.666666666666667,0,0,2.58504414558411
"structured_background","spatialSVP_matched_pcs",57,FALSE,0,NA,0,NA,2.74643588066101
"coherent_strong","spatialSVP_permutation_none",57,TRUE,1,1,NA,NA,0.077880859375
"coherent_weak","spatialSVP_permutation_none",57,TRUE,1,1,NA,NA,0.0837481021881104
"correlated_nonspatial","spatialSVP_permutation_none",57,FALSE,0,NA,0,NA,0.076613187789917
"global_null","spatialSVP_permutation_none",57,FALSE,0,NA,0,NA,0.081902027130127
"opposing_members","spatialSVP_permutation_none",57,TRUE,1,1,NA,NA,0.0673549175262451
"structured_background","spatialSVP_permutation_none",57,TRUE,1,NA,NA,NA,0.0692238807678223
"coherent_strong","spatialSVP_permutation_pcs",57,TRUE,0.0833333333333333,0.333333333333333,NA,NA,0.106235980987549
"coherent_weak","spatialSVP_permutation_pcs",57,TRUE,0.25,1,NA,NA,0.0976619720458984
"correlated_nonspatial","spatialSVP_permutation_pcs",57,FALSE,0,NA,0,NA,0.0681629180908203
"global_null","spatialSVP_permutation_pcs",57,FALSE,0,NA,0,NA,0.0866820812225342
"opposing_members","spatialSVP_permutation_pcs",57,TRUE,0.166666666666667,0.666666666666667,NA,NA,0.0926229953765869
"structured_background","spatialSVP_permutation_pcs",57,FALSE,0,NA,NA,NA,0.0769879817962646
"coherent_strong","SPARKX_ACAT",58,TRUE,1,1,NA,NA,2.26754403114319
"coherent_weak","SPARKX_ACAT",58,TRUE,1,1,NA,NA,2.32226896286011
"correlated_nonspatial","SPARKX_ACAT",58,FALSE,0,NA,0,NA,2.88088893890381
"global_null","SPARKX_ACAT",58,FALSE,0,NA,0,NA,3.39023089408875
"opposing_members","SPARKX_ACAT",58,TRUE,1,1,NA,NA,2.3400719165802
"structured_background","SPARKX_ACAT",58,TRUE,1,NA,NA,NA,2.26582288742065
"coherent_strong","SPARKX_fgsea",58,TRUE,0.0833333333333333,0.333333333333333,0,0,0.185057878494263
"coherent_weak","SPARKX_fgsea",58,FALSE,0,0,0,0,0.171174049377441
"correlated_nonspatial","SPARKX_fgsea",58,TRUE,0.166666666666667,NA,0.166666666666667,NA,0.211236000061035
"global_null","SPARKX_fgsea",58,FALSE,0,NA,0,NA,0.172232866287231
"opposing_members","SPARKX_fgsea",58,FALSE,0,0,0,0,0.210145950317383
"structured_background","SPARKX_fgsea",58,FALSE,0,NA,0,NA,0.178567171096802
"coherent_strong","STpathway_dCov",58,TRUE,1,1,NA,NA,0.336573123931885
"coherent_weak","STpathway_dCov",58,TRUE,1,1,NA,NA,0.340353012084961
"correlated_nonspatial","STpathway_dCov",58,FALSE,0,NA,0,NA,0.343861818313599
"global_null","STpathway_dCov",58,FALSE,0,NA,0,NA,0.330263137817383
"opposing_members","STpathway_dCov",58,TRUE,1,1,NA,NA,0.335669040679932
"structured_background","STpathway_dCov",58,TRUE,1,NA,NA,NA,0.339640855789185
"coherent_strong","spatialSVP_matched_none",58,TRUE,0.25,1,0,0,2.49109792709351
"coherent_weak","spatialSVP_matched_none",58,TRUE,0.333333333333333,1,0.111111111111111,0.25,2.82624936103821
"correlated_nonspatial","spatialSVP_matched_none",58,FALSE,0,NA,0,NA,2.85219097137451
"global_null","spatialSVP_matched_none",58,FALSE,0,NA,0,NA,2.65718770027161
"opposing_members","spatialSVP_matched_none",58,FALSE,0,0,0,0,2.66416621208191
"structured_background","spatialSVP_matched_none",58,FALSE,0,NA,0,NA,2.61025810241699
"coherent_strong","spatialSVP_matched_pcs",58,FALSE,0,0,0,0,2.4681441783905
"coherent_weak","spatialSVP_matched_pcs",58,TRUE,0.166666666666667,0.666666666666667,0,0,2.6646831035614
"correlated_nonspatial","spatialSVP_matched_pcs",58,FALSE,0,NA,0,NA,2.55597281455994
"global_null","spatialSVP_matched_pcs",58,FALSE,0,NA,0,NA,2.68030190467834
"opposing_members","spatialSVP_matched_pcs",58,TRUE,0.0833333333333333,0.333333333333333,0,0,2.51949501037598
"structured_background","spatialSVP_matched_pcs",58,FALSE,0,NA,0,NA,2.62722635269165
"coherent_strong","spatialSVP_permutation_none",58,TRUE,1,1,NA,NA,0.222522020339966
"coherent_weak","spatialSVP_permutation_none",58,TRUE,0.916666666666667,1,NA,NA,0.107920169830322
"correlated_nonspatial","spatialSVP_permutation_none",58,FALSE,0,NA,0,NA,0.0620310306549072
"global_null","spatialSVP_permutation_none",58,FALSE,0,NA,0,NA,0.216336011886597
"opposing_members","spatialSVP_permutation_none",58,TRUE,1,1,NA,NA,0.204498052597046
"structured_background","spatialSVP_permutation_none",58,TRUE,0.916666666666667,NA,NA,NA,0.22523021697998
"coherent_strong","spatialSVP_permutation_pcs",58,FALSE,0,0,NA,NA,0.075969934463501
"coherent_weak","spatialSVP_permutation_pcs",58,TRUE,0.166666666666667,0.666666666666667,NA,NA,0.0997860431671143
"correlated_nonspatial","spatialSVP_permutation_pcs",58,FALSE,0,NA,0,NA,0.0841200351715088
"global_null","spatialSVP_permutation_pcs",58,FALSE,0,NA,0,NA,0.0961861610412598
"opposing_members","spatialSVP_permutation_pcs",58,TRUE,0.0833333333333333,0.333333333333333,NA,NA,0.0765798091888428
"structured_background","spatialSVP_permutation_pcs",58,FALSE,0,NA,NA,NA,0.215717792510986
"coherent_strong","SPARKX_ACAT",59,TRUE,1,1,NA,NA,2.10926699638367
"coherent_weak","SPARKX_ACAT",59,TRUE,1,1,NA,NA,2.38439202308655
"correlated_nonspatial","SPARKX_ACAT",59,FALSE,0,NA,0,NA,2.64540600776672
"global_null","SPARKX_ACAT",59,FALSE,0,NA,0,NA,3.30985689163208
"opposing_members","SPARKX_ACAT",59,TRUE,0.916666666666667,1,NA,NA,2.16490316390991
"structured_background","SPARKX_ACAT",59,TRUE,1,NA,NA,NA,2.33308100700378
"coherent_strong","SPARKX_fgsea",59,TRUE,0.166666666666667,0.666666666666667,0,0,0.226288795471191
"coherent_weak","SPARKX_fgsea",59,FALSE,0,0,0,0,0.194595098495483
"correlated_nonspatial","SPARKX_fgsea",59,TRUE,0.166666666666667,NA,0.166666666666667,NA,0.182019948959351
"global_null","SPARKX_fgsea",59,FALSE,0,NA,0,NA,0.175588846206665
"opposing_members","SPARKX_fgsea",59,TRUE,0.0833333333333333,0.333333333333333,0,0,0.194685935974121
"structured_background","SPARKX_fgsea",59,FALSE,0,NA,0,NA,0.172323942184448
"coherent_strong","STpathway_dCov",59,TRUE,1,1,NA,NA,0.339177846908569
"coherent_weak","STpathway_dCov",59,TRUE,1,1,NA,NA,0.350426912307739
"correlated_nonspatial","STpathway_dCov",59,FALSE,0,NA,0,NA,0.332629919052124
"global_null","STpathway_dCov",59,FALSE,0,NA,0,NA,0.341881990432739
"opposing_members","STpathway_dCov",59,TRUE,1,1,NA,NA,0.357812881469727
"structured_background","STpathway_dCov",59,TRUE,1,NA,NA,NA,0.342869997024536
"coherent_strong","spatialSVP_matched_none",59,TRUE,0.25,1,0,0,2.72136497497559
"coherent_weak","spatialSVP_matched_none",59,TRUE,0.25,1,0,0,2.79889297485352
"correlated_nonspatial","spatialSVP_matched_none",59,FALSE,0,NA,0,NA,2.47151494026184
"global_null","spatialSVP_matched_none",59,FALSE,0,NA,0,NA,2.88915205001831
"opposing_members","spatialSVP_matched_none",59,FALSE,0,0,0,0,2.76305985450745
"structured_background","spatialSVP_matched_none",59,FALSE,0,NA,0,NA,2.69538974761963
"coherent_strong","spatialSVP_matched_pcs",59,FALSE,0,0,0,0,2.68648314476013
"coherent_weak","spatialSVP_matched_pcs",59,TRUE,0.25,1,0,0,2.72566795349121
"correlated_nonspatial","spatialSVP_matched_pcs",59,FALSE,0,NA,0,NA,2.47576880455017
"global_null","spatialSVP_matched_pcs",59,FALSE,0,NA,0,NA,2.59411787986755
"opposing_members","spatialSVP_matched_pcs",59,TRUE,0.25,1,0,0,2.67236971855164
"structured_background","spatialSVP_matched_pcs",59,FALSE,0,NA,0,NA,2.72227478027344
"coherent_strong","spatialSVP_permutation_none",59,TRUE,1,1,NA,NA,0.0757689476013184
"coherent_weak","spatialSVP_permutation_none",59,TRUE,1,1,NA,NA,0.0843110084533691
"correlated_nonspatial","spatialSVP_permutation_none",59,FALSE,0,NA,0,NA,0.0890119075775146
"global_null","spatialSVP_permutation_none",59,FALSE,0,NA,0,NA,0.218047142028809
"opposing_members","spatialSVP_permutation_none",59,TRUE,0.916666666666667,1,NA,NA,0.0733351707458496
"structured_background","spatialSVP_permutation_none",59,TRUE,0.833333333333333,NA,NA,NA,0.0723259449005127
"coherent_strong","spatialSVP_permutation_pcs",59,FALSE,0,0,NA,NA,0.0700540542602539
"coherent_weak","spatialSVP_permutation_pcs",59,TRUE,0.25,1,NA,NA,0.0871169567108154
"correlated_nonspatial","spatialSVP_permutation_pcs",59,FALSE,0,NA,0,NA,0.0847010612487793
"global_null","spatialSVP_permutation_pcs",59,FALSE,0,NA,0,NA,0.21486496925354
"opposing_members","spatialSVP_permutation_pcs",59,TRUE,0.166666666666667,0.666666666666667,NA,NA,0.0798358917236328
"structured_background","spatialSVP_permutation_pcs",59,FALSE,0,NA,NA,NA,0.0752878189086914
"coherent_strong","SPARKX_ACAT",60,TRUE,1,1,NA,NA,2.36247611045837
"coherent_weak","SPARKX_ACAT",60,TRUE,1,1,NA,NA,2.45192503929138
"correlated_nonspatial","SPARKX_ACAT",60,FALSE,0,NA,0,NA,2.94140005111694
"global_null","SPARKX_ACAT",60,FALSE,0,NA,0,NA,3.48871207237244
"opposing_members","SPARKX_ACAT",60,TRUE,1,1,NA,NA,2.47908902168274
"structured_background","SPARKX_ACAT",60,TRUE,1,NA,NA,NA,2.24221205711365
"coherent_strong","SPARKX_fgsea",60,TRUE,0.0833333333333333,0.333333333333333,0,0,0.204838037490845
"coherent_weak","SPARKX_fgsea",60,FALSE,0,0,0,0,0.164108037948608
"correlated_nonspatial","SPARKX_fgsea",60,TRUE,0.0833333333333333,NA,0.0833333333333333,NA,0.196331977844238
"global_null","SPARKX_fgsea",60,FALSE,0,NA,0,NA,0.168229103088379
"opposing_members","SPARKX_fgsea",60,FALSE,0,0,0,0,0.190547943115234
"structured_background","SPARKX_fgsea",60,FALSE,0,NA,0,NA,0.207762002944946
"coherent_strong","STpathway_dCov",60,TRUE,1,1,NA,NA,0.359591007232666
"coherent_weak","STpathway_dCov",60,TRUE,1,1,NA,NA,0.356000900268555
"correlated_nonspatial","STpathway_dCov",60,FALSE,0,NA,0,NA,0.348604917526245
"global_null","STpathway_dCov",60,FALSE,0,NA,0,NA,0.336380958557129
"opposing_members","STpathway_dCov",60,TRUE,1,1,NA,NA,0.367086172103882
"structured_background","STpathway_dCov",60,TRUE,1,NA,NA,NA,0.329746007919312
"coherent_strong","spatialSVP_matched_none",60,TRUE,0.25,1,0,0,2.43049502372742
"coherent_weak","spatialSVP_matched_none",60,TRUE,0.25,1,0,0,2.50980663299561
"correlated_nonspatial","spatialSVP_matched_none",60,TRUE,0.0833333333333333,NA,0.0833333333333333,NA,2.3819260597229
"global_null","spatialSVP_matched_none",60,FALSE,0,NA,0,NA,2.49959516525269
"opposing_members","spatialSVP_matched_none",60,FALSE,0,0,0,0,2.65096783638
"structured_background","spatialSVP_matched_none",60,FALSE,0,NA,0,NA,2.65145921707153
"coherent_strong","spatialSVP_matched_pcs",60,FALSE,0,0,0,0,2.48235988616943
"coherent_weak","spatialSVP_matched_pcs",60,TRUE,0.25,1,0,0,2.86005282402039
"correlated_nonspatial","spatialSVP_matched_pcs",60,FALSE,0,NA,0,NA,2.66052412986755
"global_null","spatialSVP_matched_pcs",60,FALSE,0,NA,0,NA,2.55177903175354
"opposing_members","spatialSVP_matched_pcs",60,TRUE,0.166666666666667,0.666666666666667,0,0,2.66067790985107
"structured_background","spatialSVP_matched_pcs",60,FALSE,0,NA,0,NA,2.81798434257507
"coherent_strong","spatialSVP_permutation_none",60,TRUE,1,1,NA,NA,0.0700249671936035
"coherent_weak","spatialSVP_permutation_none",60,TRUE,1,1,NA,NA,0.0806429386138916
"correlated_nonspatial","spatialSVP_permutation_none",60,TRUE,0.0833333333333333,NA,0.0833333333333333,NA,0.0867190361022949
"global_null","spatialSVP_permutation_none",60,FALSE,0,NA,0,NA,0.0831229686737061
"opposing_members","spatialSVP_permutation_none",60,TRUE,0.916666666666667,1,NA,NA,0.103646039962769
"structured_background","spatialSVP_permutation_none",60,TRUE,0.833333333333333,NA,NA,NA,0.231508016586304
"coherent_strong","spatialSVP_permutation_pcs",60,FALSE,0,0,NA,NA,0.0764069557189941
"coherent_weak","spatialSVP_permutation_pcs",60,TRUE,0.25,1,NA,NA,0.070335865020752
"correlated_nonspatial","spatialSVP_permutation_pcs",60,FALSE,0,NA,0,NA,0.0859329700469971
"global_null","spatialSVP_permutation_pcs",60,FALSE,0,NA,0,NA,0.0908129215240479
"opposing_members","spatialSVP_permutation_pcs",60,TRUE,0.166666666666667,0.666666666666667,NA,NA,0.0743651390075684
"structured_background","spatialSVP_permutation_pcs",60,FALSE,0,NA,NA,NA,0.0698270797729492
"coherent_strong","SPARKX_ACAT",61,TRUE,1,1,NA,NA,2.46191310882568
"coherent_weak","SPARKX_ACAT",61,TRUE,1,1,NA,NA,2.29901504516602
"correlated_nonspatial","SPARKX_ACAT",61,FALSE,0,NA,0,NA,2.59696793556213
"global_null","SPARKX_ACAT",61,FALSE,0,NA,0,NA,3.23406910896301
"opposing_members","SPARKX_ACAT",61,TRUE,1,1,NA,NA,2.41780805587769
"structured_background","SPARKX_ACAT",61,TRUE,1,NA,NA,NA,2.19524312019348
"coherent_strong","SPARKX_fgsea",61,TRUE,0.166666666666667,0.666666666666667,0,0,0.200630187988281
"coherent_weak","SPARKX_fgsea",61,FALSE,0,0,0,0,0.184918165206909
"correlated_nonspatial","SPARKX_fgsea",61,TRUE,0.0833333333333333,NA,0.0833333333333333,NA,0.239070177078247
"global_null","SPARKX_fgsea",61,FALSE,0,NA,0,NA,0.1787269115448
"opposing_members","SPARKX_fgsea",61,TRUE,0.0833333333333333,0.333333333333333,0,0,0.186485052108765
"structured_background","SPARKX_fgsea",61,FALSE,0,NA,0,NA,0.165389060974121
"coherent_strong","STpathway_dCov",61,TRUE,1,1,NA,NA,0.358352899551392
"coherent_weak","STpathway_dCov",61,TRUE,1,1,NA,NA,0.353539943695068
"correlated_nonspatial","STpathway_dCov",61,TRUE,0.0833333333333333,NA,0.0833333333333333,NA,0.341208934783936
"global_null","STpathway_dCov",61,FALSE,0,NA,0,NA,0.354419946670532
"opposing_members","STpathway_dCov",61,TRUE,1,1,NA,NA,0.344956159591675
"structured_background","STpathway_dCov",61,TRUE,1,NA,NA,NA,0.336925983428955
"coherent_strong","spatialSVP_matched_none",61,TRUE,0.25,1,0,0,2.685702085495
"coherent_weak","spatialSVP_matched_none",61,TRUE,0.25,1,0,0,2.74231719970703
"correlated_nonspatial","spatialSVP_matched_none",61,FALSE,0,NA,0,NA,2.6662118434906
"global_null","spatialSVP_matched_none",61,FALSE,0,NA,0,NA,2.53668999671936
"opposing_members","spatialSVP_matched_none",61,FALSE,0,0,0,0,2.80552196502686
"structured_background","spatialSVP_matched_none",61,FALSE,0,NA,0,NA,2.64196515083313
"coherent_strong","spatialSVP_matched_pcs",61,FALSE,0,0,0,0,2.78902506828308
"coherent_weak","spatialSVP_matched_pcs",61,TRUE,0.25,1,0,0,2.84071111679077
"correlated_nonspatial","spatialSVP_matched_pcs",61,FALSE,0,NA,0,NA,2.65583992004395
"global_null","spatialSVP_matched_pcs",61,FALSE,0,NA,0,NA,2.6422290802002
"opposing_members","spatialSVP_matched_pcs",61,TRUE,0.25,1,0,0,2.71868777275085
"structured_background","spatialSVP_matched_pcs",61,FALSE,0,NA,0,NA,2.71490097045898
"coherent_strong","spatialSVP_permutation_none",61,TRUE,1,1,NA,NA,0.0872609615325928
"coherent_weak","spatialSVP_permutation_none",61,TRUE,1,1,NA,NA,0.0733718872070312
"correlated_nonspatial","spatialSVP_permutation_none",61,FALSE,0,NA,0,NA,0.220848798751831
"global_null","spatialSVP_permutation_none",61,FALSE,0,NA,0,NA,0.210798025131226
"opposing_members","spatialSVP_permutation_none",61,TRUE,1,1,NA,NA,0.235666036605835
"structured_background","spatialSVP_permutation_none",61,TRUE,0.75,NA,NA,NA,0.0916969776153564
"coherent_strong","spatialSVP_permutation_pcs",61,FALSE,0,0,NA,NA,0.0812361240386963
"coherent_weak","spatialSVP_permutation_pcs",61,TRUE,0.25,1,NA,NA,0.0717511177062988
"correlated_nonspatial","spatialSVP_permutation_pcs",61,FALSE,0,NA,0,NA,0.0887620449066162
"global_null","spatialSVP_permutation_pcs",61,FALSE,0,NA,0,NA,0.0771169662475586
"opposing_members","spatialSVP_permutation_pcs",61,TRUE,0.166666666666667,0.666666666666667,NA,NA,0.0698270797729492
"structured_background","spatialSVP_permutation_pcs",61,FALSE,0,NA,NA,NA,0.0675790309906006
"coherent_strong","SPARKX_ACAT",62,TRUE,1,1,NA,NA,2.33584213256836
"coherent_weak","SPARKX_ACAT",62,TRUE,1,1,NA,NA,2.26152515411377
"correlated_nonspatial","SPARKX_ACAT",62,FALSE,0,NA,0,NA,2.68266487121582
"global_null","SPARKX_ACAT",62,FALSE,0,NA,0,NA,3.49114894866943
"opposing_members","SPARKX_ACAT",62,TRUE,1,1,NA,NA,2.34169912338257
"structured_background","SPARKX_ACAT",62,TRUE,1,NA,NA,NA,2.2105758190155
"coherent_strong","SPARKX_fgsea",62,TRUE,0.166666666666667,0.666666666666667,0,0,0.222632169723511
"coherent_weak","SPARKX_fgsea",62,FALSE,0,0,0,0,0.185589075088501
"correlated_nonspatial","SPARKX_fgsea",62,TRUE,0.0833333333333333,NA,0.0833333333333333,NA,0.200249910354614
"global_null","SPARKX_fgsea",62,FALSE,0,NA,0,NA,0.156745195388794
"opposing_members","SPARKX_fgsea",62,TRUE,0.0833333333333333,0.333333333333333,0,0,0.196985960006714
"structured_background","SPARKX_fgsea",62,FALSE,0,NA,0,NA,0.166343927383423
"coherent_strong","STpathway_dCov",62,TRUE,1,1,NA,NA,0.366466999053955
"coherent_weak","STpathway_dCov",62,TRUE,1,1,NA,NA,0.345595121383667
"correlated_nonspatial","STpathway_dCov",62,FALSE,0,NA,0,NA,0.335103034973145
"global_null","STpathway_dCov",62,FALSE,0,NA,0,NA,0.349111795425415
"opposing_members","STpathway_dCov",62,TRUE,1,1,NA,NA,0.331943035125732
"structured_background","STpathway_dCov",62,TRUE,1,NA,NA,NA,0.342364072799683
"coherent_strong","spatialSVP_matched_none",62,TRUE,0.25,1,0,0,2.65570902824402
"coherent_weak","spatialSVP_matched_none",62,TRUE,0.333333333333333,1,0.111111111111111,0.25,2.74765110015869
"correlated_nonspatial","spatialSVP_matched_none",62,FALSE,0,NA,0,NA,2.60187411308289
"global_null","spatialSVP_matched_none",62,FALSE,0,NA,0,NA,2.78714799880981
"opposing_members","spatialSVP_matched_none",62,FALSE,0,0,0,0,2.81402206420898
"structured_background","spatialSVP_matched_none",62,FALSE,0,NA,0,NA,2.67279505729675
"coherent_strong","spatialSVP_matched_pcs",62,FALSE,0,0,0,0,2.75008010864258
"coherent_weak","spatialSVP_matched_pcs",62,TRUE,0.25,1,0,0,2.6380980014801
"correlated_nonspatial","spatialSVP_matched_pcs",62,FALSE,0,NA,0,NA,2.63413286209106
"global_null","spatialSVP_matched_pcs",62,FALSE,0,NA,0,NA,2.67895913124084
"opposing_members","spatialSVP_matched_pcs",62,TRUE,0.166666666666667,0.666666666666667,0,0,2.77997493743896
"structured_background","spatialSVP_matched_pcs",62,FALSE,0,NA,0,NA,2.63541007041931
"coherent_strong","spatialSVP_permutation_none",62,TRUE,1,1,NA,NA,0.0749170780181885
"coherent_weak","spatialSVP_permutation_none",62,TRUE,0.916666666666667,1,NA,NA,0.0796759128570557
"correlated_nonspatial","spatialSVP_permutation_none",62,FALSE,0,NA,0,NA,0.0759680271148682
"global_null","spatialSVP_permutation_none",62,FALSE,0,NA,0,NA,0.0868179798126221
"opposing_members","spatialSVP_permutation_none",62,TRUE,0.916666666666667,1,NA,NA,0.0945909023284912
"structured_background","spatialSVP_permutation_none",62,TRUE,0.833333333333333,NA,NA,NA,0.106831073760986
"coherent_strong","spatialSVP_permutation_pcs",62,FALSE,0,0,NA,NA,0.0777931213378906
"coherent_weak","spatialSVP_permutation_pcs",62,TRUE,0.25,1,NA,NA,0.0751190185546875
"correlated_nonspatial","spatialSVP_permutation_pcs",62,FALSE,0,NA,0,NA,0.0946841239929199
"global_null","spatialSVP_permutation_pcs",62,FALSE,0,NA,0,NA,0.0660889148712158
"opposing_members","spatialSVP_permutation_pcs",62,TRUE,0.166666666666667,0.666666666666667,NA,NA,0.0871210098266602
"structured_background","spatialSVP_permutation_pcs",62,FALSE,0,NA,NA,NA,0.0721709728240967
"coherent_strong","SPARKX_ACAT",63,TRUE,1,1,NA,NA,2.47891306877136
"coherent_weak","SPARKX_ACAT",63,TRUE,1,1,NA,NA,2.50057697296143
"correlated_nonspatial","SPARKX_ACAT",63,FALSE,0,NA,0,NA,2.91149592399597
"global_null","SPARKX_ACAT",63,FALSE,0,NA,0,NA,3.65367603302002
"opposing_members","SPARKX_ACAT",63,TRUE,1,1,NA,NA,2.57824182510376
"structured_background","SPARKX_ACAT",63,TRUE,1,NA,NA,NA,2.1780059337616
"coherent_strong","SPARKX_fgsea",63,TRUE,0.25,0.666666666666667,0.111111111111111,0.333333333333333,0.241951942443848
"coherent_weak","SPARKX_fgsea",63,FALSE,0,0,0,0,0.173305988311768
"correlated_nonspatial","SPARKX_fgsea",63,TRUE,0.0833333333333333,NA,0.0833333333333333,NA,0.175890922546387
"global_null","SPARKX_fgsea",63,FALSE,0,NA,0,NA,0.152209043502808
"opposing_members","SPARKX_fgsea",63,TRUE,0.0833333333333333,0.333333333333333,0,0,0.205686092376709
"structured_background","SPARKX_fgsea",63,FALSE,0,NA,0,NA,0.169660806655884
"coherent_strong","STpathway_dCov",63,TRUE,1,1,NA,NA,0.35602593421936
"coherent_weak","STpathway_dCov",63,TRUE,1,1,NA,NA,0.379638910293579
"correlated_nonspatial","STpathway_dCov",63,FALSE,0,NA,0,NA,0.349574089050293
"global_null","STpathway_dCov",63,FALSE,0,NA,0,NA,0.359257936477661
"opposing_members","STpathway_dCov",63,TRUE,1,1,NA,NA,0.37274694442749
"structured_background","STpathway_dCov",63,TRUE,1,NA,NA,NA,0.342632055282593
"coherent_strong","spatialSVP_matched_none",63,TRUE,0.25,1,0,0,2.88771295547485
"coherent_weak","spatialSVP_matched_none",63,TRUE,0.333333333333333,1,0.111111111111111,0.25,2.75053572654724
"correlated_nonspatial","spatialSVP_matched_none",63,FALSE,0,NA,0,NA,2.65505790710449
"global_null","spatialSVP_matched_none",63,FALSE,0,NA,0,NA,2.91005396842957
"opposing_members","spatialSVP_matched_none",63,FALSE,0,0,0,0,2.78506922721863
"structured_background","spatialSVP_matched_none",63,FALSE,0,NA,0,NA,2.65671372413635
"coherent_strong","spatialSVP_matched_pcs",63,FALSE,0,0,0,0,2.63367486000061
"coherent_weak","spatialSVP_matched_pcs",63,TRUE,0.25,1,0,0,2.74011969566345
"correlated_nonspatial","spatialSVP_matched_pcs",63,FALSE,0,NA,0,NA,2.81456804275513
"global_null","spatialSVP_matched_pcs",63,FALSE,0,NA,0,NA,2.68334698677063
"opposing_members","spatialSVP_matched_pcs",63,TRUE,0.166666666666667,0.666666666666667,0,0,2.93131995201111
"structured_background","spatialSVP_matched_pcs",63,FALSE,0,NA,0,NA,2.73007297515869
"coherent_strong","spatialSVP_permutation_none",63,TRUE,1,1,NA,NA,0.0757730007171631
"coherent_weak","spatialSVP_permutation_none",63,TRUE,0.833333333333333,1,NA,NA,0.201981067657471
"correlated_nonspatial","spatialSVP_permutation_none",63,FALSE,0,NA,0,NA,0.0758090019226074
"global_null","spatialSVP_permutation_none",63,FALSE,0,NA,0,NA,0.0791308879852295
"opposing_members","spatialSVP_permutation_none",63,TRUE,1,1,NA,NA,0.0851719379425049
"structured_background","spatialSVP_permutation_none",63,TRUE,1,NA,NA,NA,0.0891838073730469
"coherent_strong","spatialSVP_permutation_pcs",63,FALSE,0,0,NA,NA,0.0737440586090088
"coherent_weak","spatialSVP_permutation_pcs",63,TRUE,0.25,1,NA,NA,0.0882570743560791
"correlated_nonspatial","spatialSVP_permutation_pcs",63,FALSE,0,NA,0,NA,0.0804128646850586
"global_null","spatialSVP_permutation_pcs",63,FALSE,0,NA,0,NA,0.0831360816955566
"opposing_members","spatialSVP_permutation_pcs",63,TRUE,0.166666666666667,0.666666666666667,NA,NA,0.0842969417572021
"structured_background","spatialSVP_permutation_pcs",63,FALSE,0,NA,NA,NA,0.0787589550018311
"coherent_strong","SPARKX_ACAT",64,TRUE,1,1,NA,NA,2.23223805427551
"coherent_weak","SPARKX_ACAT",64,TRUE,1,1,NA,NA,2.44519114494324
"correlated_nonspatial","SPARKX_ACAT",64,FALSE,0,NA,0,NA,2.77350211143494
"global_null","SPARKX_ACAT",64,FALSE,0,NA,0,NA,3.37149286270142
"opposing_members","SPARKX_ACAT",64,TRUE,1,1,NA,NA,2.33386397361755
"structured_background","SPARKX_ACAT",64,TRUE,1,NA,NA,NA,2.12873792648315
"coherent_strong","SPARKX_fgsea",64,TRUE,0.166666666666667,0.666666666666667,0,0,0.228899002075195
"coherent_weak","SPARKX_fgsea",64,FALSE,0,0,0,0,0.170747995376587
"correlated_nonspatial","SPARKX_fgsea",64,TRUE,0.0833333333333333,NA,0.0833333333333333,NA,0.194586992263794
"global_null","SPARKX_fgsea",64,FALSE,0,NA,0,NA,0.171136856079102
"opposing_members","SPARKX_fgsea",64,TRUE,0.0833333333333333,0.333333333333333,0,0,0.194353818893433
"structured_background","SPARKX_fgsea",64,FALSE,0,NA,0,NA,0.156567811965942
"coherent_strong","STpathway_dCov",64,TRUE,1,1,NA,NA,0.35511302947998
"coherent_weak","STpathway_dCov",64,TRUE,1,1,NA,NA,0.33735203742981
"correlated_nonspatial","STpathway_dCov",64,FALSE,0,NA,0,NA,0.337482929229736
"global_null","STpathway_dCov",64,FALSE,0,NA,0,NA,0.346292018890381
"opposing_members","STpathway_dCov",64,TRUE,1,1,NA,NA,0.341542959213257
"structured_background","STpathway_dCov",64,TRUE,1,NA,NA,NA,0.332933902740479
"coherent_strong","spatialSVP_matched_none",64,TRUE,0.25,1,0,0,2.9004077911377
"coherent_weak","spatialSVP_matched_none",64,TRUE,0.25,1,0,0,2.53619790077209
"correlated_nonspatial","spatialSVP_matched_none",64,FALSE,0,NA,0,NA,2.50672602653503
"global_null","spatialSVP_matched_none",64,FALSE,0,NA,0,NA,2.67460107803345
"opposing_members","spatialSVP_matched_none",64,FALSE,0,0,0,0,2.38519906997681
"structured_background","spatialSVP_matched_none",64,FALSE,0,NA,0,NA,2.50158405303955
"coherent_strong","spatialSVP_matched_pcs",64,FALSE,0,0,0,0,2.68321204185486
"coherent_weak","spatialSVP_matched_pcs",64,TRUE,0.25,1,0,0,2.52566003799438
"correlated_nonspatial","spatialSVP_matched_pcs",64,FALSE,0,NA,0,NA,2.55853819847107
"global_null","spatialSVP_matched_pcs",64,FALSE,0,NA,0,NA,2.82023501396179
"opposing_members","spatialSVP_matched_pcs",64,TRUE,0.166666666666667,0.666666666666667,0,0,2.55037498474121
"structured_background","spatialSVP_matched_pcs",64,FALSE,0,NA,0,NA,2.7550060749054
"coherent_strong","spatialSVP_permutation_none",64,TRUE,1,1,NA,NA,0.0838079452514648
"coherent_weak","spatialSVP_permutation_none",64,TRUE,0.916666666666667,1,NA,NA,0.0632681846618652
"correlated_nonspatial","spatialSVP_permutation_none",64,FALSE,0,NA,0,NA,0.0691230297088623
"global_null","spatialSVP_permutation_none",64,FALSE,0,NA,0,NA,0.0928430557250977
"opposing_members","spatialSVP_permutation_none",64,TRUE,0.916666666666667,1,NA,NA,0.0799379348754883
"structured_background","spatialSVP_permutation_none",64,TRUE,1,NA,NA,NA,0.0686118602752686
"coherent_strong","spatialSVP_permutation_pcs",64,FALSE,0,0,NA,NA,0.0817010402679443
"coherent_weak","spatialSVP_permutation_pcs",64,TRUE,0.25,1,NA,NA,0.0677270889282227
"correlated_nonspatial","spatialSVP_permutation_pcs",64,FALSE,0,NA,0,NA,0.0779252052307129
"global_null","spatialSVP_permutation_pcs",64,FALSE,0,NA,0,NA,0.0759460926055908
"opposing_members","spatialSVP_permutation_pcs",64,TRUE,0.166666666666667,0.666666666666667,NA,NA,0.0838701725006104
"structured_background","spatialSVP_permutation_pcs",64,FALSE,0,NA,NA,NA,0.0802409648895264
"coherent_strong","SPARKX_ACAT",65,TRUE,1,1,NA,NA,2.35049891471863
"coherent_weak","SPARKX_ACAT",65,TRUE,1,1,NA,NA,2.32095408439636
"correlated_nonspatial","SPARKX_ACAT",65,FALSE,0,NA,0,NA,2.88097596168518
"global_null","SPARKX_ACAT",65,FALSE,0,NA,0,NA,3.64401197433472
"opposing_members","SPARKX_ACAT",65,TRUE,1,1,NA,NA,2.626629114151
"structured_background","SPARKX_ACAT",65,TRUE,1,NA,NA,NA,2.33810305595398
"coherent_strong","SPARKX_fgsea",65,TRUE,0.0833333333333333,0.333333333333333,0,0,0.209274053573608
"coherent_weak","SPARKX_fgsea",65,FALSE,0,0,0,0,0.173983097076416
"correlated_nonspatial","SPARKX_fgsea",65,TRUE,0.0833333333333333,NA,0.0833333333333333,NA,0.211512088775635
"global_null","SPARKX_fgsea",65,FALSE,0,NA,0,NA,0.166853904724121
"opposing_members","SPARKX_fgsea",65,TRUE,0.0833333333333333,0.333333333333333,0,0,0.184077978134155
"structured_background","SPARKX_fgsea",65,FALSE,0,NA,0,NA,0.188573837280273
"coherent_strong","STpathway_dCov",65,TRUE,1,1,NA,NA,0.356308937072754
"coherent_weak","STpathway_dCov",65,TRUE,1,1,NA,NA,0.34778904914856
"correlated_nonspatial","STpathway_dCov",65,FALSE,0,NA,0,NA,0.350689888000488
"global_null","STpathway_dCov",65,FALSE,0,NA,0,NA,0.352308034896851
"opposing_members","STpathway_dCov",65,TRUE,1,1,NA,NA,0.358212947845459
"structured_background","STpathway_dCov",65,TRUE,1,NA,NA,NA,0.355686187744141
"coherent_strong","spatialSVP_matched_none",65,TRUE,0.25,1,0,0,2.56617522239685
"coherent_weak","spatialSVP_matched_none",65,TRUE,0.25,1,0,0,2.68561196327209
"correlated_nonspatial","spatialSVP_matched_none",65,FALSE,0,NA,0,NA,2.79978680610657
"global_null","spatialSVP_matched_none",65,FALSE,0,NA,0,NA,2.83567523956299
"opposing_members","spatialSVP_matched_none",65,FALSE,0,0,0,0,2.93064594268799
"structured_background","spatialSVP_matched_none",65,FALSE,0,NA,0,NA,2.69173693656921
"coherent_strong","spatialSVP_matched_pcs",65,TRUE,0.0833333333333333,0.333333333333333,0,0,2.7369110584259
"coherent_weak","spatialSVP_matched_pcs",65,TRUE,0.25,1,0,0,2.94952917098999
"correlated_nonspatial","spatialSVP_matched_pcs",65,TRUE,0.0833333333333333,NA,0.0833333333333333,NA,2.48705983161926
"global_null","spatialSVP_matched_pcs",65,FALSE,0,NA,0,NA,2.88516235351562
"opposing_members","spatialSVP_matched_pcs",65,TRUE,0.166666666666667,0.666666666666667,0,0,2.97344994544983
"structured_background","spatialSVP_matched_pcs",65,FALSE,0,NA,0,NA,2.80833101272583
"coherent_strong","spatialSVP_permutation_none",65,TRUE,1,1,NA,NA,0.0748710632324219
"coherent_weak","spatialSVP_permutation_none",65,TRUE,0.833333333333333,1,NA,NA,0.0784258842468262
"correlated_nonspatial","spatialSVP_permutation_none",65,FALSE,0,NA,0,NA,0.2309889793396
"global_null","spatialSVP_permutation_none",65,FALSE,0,NA,0,NA,0.0877017974853516
"opposing_members","spatialSVP_permutation_none",65,TRUE,0.916666666666667,1,NA,NA,0.0892701148986816
"structured_background","spatialSVP_permutation_none",65,TRUE,0.916666666666667,NA,NA,NA,0.0979039669036865
"coherent_strong","spatialSVP_permutation_pcs",65,TRUE,0.0833333333333333,0.333333333333333,NA,NA,0.0834829807281494
"coherent_weak","spatialSVP_permutation_pcs",65,TRUE,0.25,1,NA,NA,0.0700829029083252
"correlated_nonspatial","spatialSVP_permutation_pcs",65,TRUE,0.0833333333333333,NA,0.0833333333333333,NA,0.209563970565796
"global_null","spatialSVP_permutation_pcs",65,FALSE,0,NA,0,NA,0.0738151073455811
"opposing_members","spatialSVP_permutation_pcs",65,TRUE,0.166666666666667,0.666666666666667,NA,NA,0.0852670669555664
"structured_background","spatialSVP_permutation_pcs",65,FALSE,0,NA,NA,NA,0.0805790424346924
"coherent_strong","SPARKX_ACAT",66,TRUE,1,1,NA,NA,2.40731978416443
"coherent_weak","SPARKX_ACAT",66,TRUE,1,1,NA,NA,2.4051558971405
"correlated_nonspatial","SPARKX_ACAT",66,FALSE,0,NA,0,NA,2.86063599586487
"global_null","SPARKX_ACAT",66,FALSE,0,NA,0,NA,3.4330689907074
"opposing_members","SPARKX_ACAT",66,TRUE,1,1,NA,NA,2.35922908782959
"structured_background","SPARKX_ACAT",66,TRUE,1,NA,NA,NA,2.35404109954834
"coherent_strong","SPARKX_fgsea",66,TRUE,0.166666666666667,0.666666666666667,0,0,0.221678018569946
"coherent_weak","SPARKX_fgsea",66,FALSE,0,0,0,0,0.164931058883667
"correlated_nonspatial","SPARKX_fgsea",66,TRUE,0.166666666666667,NA,0.166666666666667,NA,0.223648071289062
"global_null","SPARKX_fgsea",66,FALSE,0,NA,0,NA,0.155665159225464
"opposing_members","SPARKX_fgsea",66,TRUE,0.0833333333333333,0.333333333333333,0,0,0.21548318862915
"structured_background","SPARKX_fgsea",66,FALSE,0,NA,0,NA,0.185030937194824
"coherent_strong","STpathway_dCov",66,TRUE,1,1,NA,NA,0.35177206993103
"coherent_weak","STpathway_dCov",66,TRUE,1,1,NA,NA,0.349892139434814
"correlated_nonspatial","STpathway_dCov",66,FALSE,0,NA,0,NA,0.34389591217041
"global_null","STpathway_dCov",66,FALSE,0,NA,0,NA,0.355217933654785
"opposing_members","STpathway_dCov",66,TRUE,1,1,NA,NA,0.353309154510498
"structured_background","STpathway_dCov",66,TRUE,1,NA,NA,NA,0.352797985076904
"coherent_strong","spatialSVP_matched_none",66,TRUE,0.25,1,0,0,2.60844397544861
"coherent_weak","spatialSVP_matched_none",66,TRUE,0.333333333333333,1,0.111111111111111,0.25,3.06624102592468
"correlated_nonspatial","spatialSVP_matched_none",66,FALSE,0,NA,0,NA,2.86743783950806
"global_null","spatialSVP_matched_none",66,FALSE,0,NA,0,NA,2.79312968254089
"opposing_members","spatialSVP_matched_none",66,FALSE,0,0,0,0,2.5371618270874
"structured_background","spatialSVP_matched_none",66,FALSE,0,NA,0,NA,2.53739619255066
"coherent_strong","spatialSVP_matched_pcs",66,FALSE,0,0,0,0,2.71104598045349
"coherent_weak","spatialSVP_matched_pcs",66,TRUE,0.25,1,0,0,3.06012725830078
"correlated_nonspatial","spatialSVP_matched_pcs",66,FALSE,0,NA,0,NA,2.75062775611877
"global_null","spatialSVP_matched_pcs",66,FALSE,0,NA,0,NA,2.76854991912842
"opposing_members","spatialSVP_matched_pcs",66,TRUE,0.166666666666667,0.666666666666667,0,0,2.54160189628601
"structured_background","spatialSVP_matched_pcs",66,FALSE,0,NA,0,NA,2.81450724601746
"coherent_strong","spatialSVP_permutation_none",66,TRUE,1,1,NA,NA,0.0800278186798096
"coherent_weak","spatialSVP_permutation_none",66,TRUE,0.916666666666667,1,NA,NA,0.209344148635864
"correlated_nonspatial","spatialSVP_permutation_none",66,FALSE,0,NA,0,NA,0.0678610801696777
"global_null","spatialSVP_permutation_none",66,FALSE,0,NA,0,NA,0.104289054870605
"opposing_members","spatialSVP_permutation_none",66,TRUE,1,1,NA,NA,0.0823137760162354
"structured_background","spatialSVP_permutation_none",66,TRUE,0.916666666666667,NA,NA,NA,0.0838291645050049
"coherent_strong","spatialSVP_permutation_pcs",66,FALSE,0,0,NA,NA,0.0760021209716797
"coherent_weak","spatialSVP_permutation_pcs",66,TRUE,0.25,1,NA,NA,0.087691068649292
"correlated_nonspatial","spatialSVP_permutation_pcs",66,FALSE,0,NA,0,NA,0.0793788433074951
"global_null","spatialSVP_permutation_pcs",66,FALSE,0,NA,0,NA,0.078700065612793
"opposing_members","spatialSVP_permutation_pcs",66,TRUE,0.166666666666667,0.666666666666667,NA,NA,0.0746707916259766
"structured_background","spatialSVP_permutation_pcs",66,FALSE,0,NA,NA,NA,0.0821449756622314
"coherent_strong","SPARKX_ACAT",67,TRUE,1,1,NA,NA,2.52259802818298
"coherent_weak","SPARKX_ACAT",67,TRUE,1,1,NA,NA,2.59137487411499
"correlated_nonspatial","SPARKX_ACAT",67,FALSE,0,NA,0,NA,2.916344165802
"global_null","SPARKX_ACAT",67,FALSE,0,NA,0,NA,3.68210792541504
"opposing_members","SPARKX_ACAT",67,TRUE,1,1,NA,NA,2.36344504356384
"structured_background","SPARKX_ACAT",67,TRUE,1,NA,NA,NA,2.30757403373718
"coherent_strong","SPARKX_fgsea",67,TRUE,0.166666666666667,0.666666666666667,0,0,0.215565204620361
"coherent_weak","SPARKX_fgsea",67,FALSE,0,0,0,0,0.157867908477783
"correlated_nonspatial","SPARKX_fgsea",67,TRUE,0.25,NA,0.25,NA,0.198312997817993
"global_null","SPARKX_fgsea",67,FALSE,0,NA,0,NA,0.175264120101929
"opposing_members","SPARKX_fgsea",67,TRUE,0.0833333333333333,0.333333333333333,0,0,0.202214956283569
"structured_background","SPARKX_fgsea",67,FALSE,0,NA,0,NA,0.181030035018921
"coherent_strong","STpathway_dCov",67,TRUE,1,1,NA,NA,0.355021953582764
"coherent_weak","STpathway_dCov",67,TRUE,1,1,NA,NA,0.340111970901489
"correlated_nonspatial","STpathway_dCov",67,FALSE,0,NA,0,NA,0.353126049041748
"global_null","STpathway_dCov",67,FALSE,0,NA,0,NA,0.356742143630981
"opposing_members","STpathway_dCov",67,TRUE,1,1,NA,NA,0.361567974090576
"structured_background","STpathway_dCov",67,TRUE,1,NA,NA,NA,0.35276198387146
"coherent_strong","spatialSVP_matched_none",67,TRUE,0.25,1,0,0,2.72576808929443
"coherent_weak","spatialSVP_matched_none",67,TRUE,0.25,1,0,0,2.72789096832275
"correlated_nonspatial","spatialSVP_matched_none",67,FALSE,0,NA,0,NA,2.68635869026184
"global_null","spatialSVP_matched_none",67,FALSE,0,NA,0,NA,2.59665298461914
"opposing_members","spatialSVP_matched_none",67,FALSE,0,0,0,0,2.86757016181946
"structured_background","spatialSVP_matched_none",67,FALSE,0,NA,0,NA,2.74348211288452
"coherent_strong","spatialSVP_matched_pcs",67,FALSE,0,0,0,0,2.57008099555969
"coherent_weak","spatialSVP_matched_pcs",67,TRUE,0.25,1,0,0,2.67360591888428
"correlated_nonspatial","spatialSVP_matched_pcs",67,TRUE,0.166666666666667,NA,0.166666666666667,NA,2.66628289222717
"global_null","spatialSVP_matched_pcs",67,FALSE,0,NA,0,NA,2.75333499908447
"opposing_members","spatialSVP_matched_pcs",67,TRUE,0.166666666666667,0.666666666666667,0,0,2.87039494514465
"structured_background","spatialSVP_matched_pcs",67,FALSE,0,NA,0,NA,2.699059009552
"coherent_strong","spatialSVP_permutation_none",67,TRUE,1,1,NA,NA,0.0694260597229004
"coherent_weak","spatialSVP_permutation_none",67,TRUE,0.833333333333333,1,NA,NA,0.212980985641479
"correlated_nonspatial","spatialSVP_permutation_none",67,FALSE,0,NA,0,NA,0.0956079959869385
"global_null","spatialSVP_permutation_none",67,TRUE,0.0833333333333333,NA,0.0833333333333333,NA,0.213957071304321
"opposing_members","spatialSVP_permutation_none",67,TRUE,1,1,NA,NA,0.092153787612915
"structured_background","spatialSVP_permutation_none",67,TRUE,1,NA,NA,NA,0.0751261711120605
"coherent_strong","spatialSVP_permutation_pcs",67,FALSE,0,0,NA,NA,0.0835239887237549
"coherent_weak","spatialSVP_permutation_pcs",67,TRUE,0.25,1,NA,NA,0.0808699131011963
"correlated_nonspatial","spatialSVP_permutation_pcs",67,TRUE,0.166666666666667,NA,0.166666666666667,NA,0.0810630321502686
"global_null","spatialSVP_permutation_pcs",67,FALSE,0,NA,0,NA,0.0997591018676758
"opposing_members","spatialSVP_permutation_pcs",67,TRUE,0.166666666666667,0.666666666666667,NA,NA,0.0748629570007324
"structured_background","spatialSVP_permutation_pcs",67,FALSE,0,NA,NA,NA,0.0728349685668945
"coherent_strong","SPARKX_ACAT",68,TRUE,1,1,NA,NA,2.37666797637939
"coherent_weak","SPARKX_ACAT",68,TRUE,1,1,NA,NA,2.40633916854858
"correlated_nonspatial","SPARKX_ACAT",68,FALSE,0,NA,0,NA,2.85040402412415
"global_null","SPARKX_ACAT",68,FALSE,0,NA,0,NA,3.28902006149292
"opposing_members","SPARKX_ACAT",68,TRUE,1,1,NA,NA,2.3280930519104
"structured_background","SPARKX_ACAT",68,TRUE,1,NA,NA,NA,2.34682607650757
"coherent_strong","SPARKX_fgsea",68,TRUE,0.166666666666667,0.666666666666667,0,0,0.233629941940308
"coherent_weak","SPARKX_fgsea",68,FALSE,0,0,0,0,0.169366121292114
"correlated_nonspatial","SPARKX_fgsea",68,TRUE,0.166666666666667,NA,0.166666666666667,NA,0.198251008987427
"global_null","SPARKX_fgsea",68,FALSE,0,NA,0,NA,0.147877216339111
"opposing_members","SPARKX_fgsea",68,FALSE,0,0,0,0,0.196280956268311
"structured_background","SPARKX_fgsea",68,FALSE,0,NA,0,NA,0.159525871276855
"coherent_strong","STpathway_dCov",68,TRUE,1,1,NA,NA,0.328341960906982
"coherent_weak","STpathway_dCov",68,TRUE,1,1,NA,NA,0.343822956085205
"correlated_nonspatial","STpathway_dCov",68,FALSE,0,NA,0,NA,0.36020302772522
"global_null","STpathway_dCov",68,FALSE,0,NA,0,NA,0.343384981155396
"opposing_members","STpathway_dCov",68,TRUE,1,1,NA,NA,0.372608184814453
"structured_background","STpathway_dCov",68,TRUE,1,NA,NA,NA,0.345479011535645
"coherent_strong","spatialSVP_matched_none",68,TRUE,0.25,1,0,0,2.53279089927673
"coherent_weak","spatialSVP_matched_none",68,TRUE,0.25,1,0,0,2.61553287506104
"correlated_nonspatial","spatialSVP_matched_none",68,FALSE,0,NA,0,NA,2.43577289581299
"global_null","spatialSVP_matched_none",68,FALSE,0,NA,0,NA,2.61048221588135
"opposing_members","spatialSVP_matched_none",68,FALSE,0,0,0,0,2.87853217124939
"structured_background","spatialSVP_matched_none",68,FALSE,0,NA,0,NA,2.77578210830688
"coherent_strong","spatialSVP_matched_pcs",68,FALSE,0,0,0,0,2.6898980140686
"coherent_weak","spatialSVP_matched_pcs",68,TRUE,0.25,1,0,0,2.70744895935059
"correlated_nonspatial","spatialSVP_matched_pcs",68,FALSE,0,NA,0,NA,2.74274206161499
"global_null","spatialSVP_matched_pcs",68,FALSE,0,NA,0,NA,2.91023921966553
"opposing_members","spatialSVP_matched_pcs",68,TRUE,0.166666666666667,0.666666666666667,0,0,2.888423204422
"structured_background","spatialSVP_matched_pcs",68,FALSE,0,NA,0,NA,2.79533195495605
"coherent_strong","spatialSVP_permutation_none",68,TRUE,1,1,NA,NA,0.0711150169372559
"coherent_weak","spatialSVP_permutation_none",68,TRUE,0.916666666666667,1,NA,NA,0.0979328155517578
"correlated_nonspatial","spatialSVP_permutation_none",68,FALSE,0,NA,0,NA,0.226454973220825
"global_null","spatialSVP_permutation_none",68,FALSE,0,NA,0,NA,0.0874650478363037
"opposing_members","spatialSVP_permutation_none",68,TRUE,0.916666666666667,1,NA,NA,0.0941259860992432
"structured_background","spatialSVP_permutation_none",68,TRUE,0.833333333333333,NA,NA,NA,0.0853309631347656
"coherent_strong","spatialSVP_permutation_pcs",68,FALSE,0,0,NA,NA,0.0719339847564697
"coherent_weak","spatialSVP_permutation_pcs",68,TRUE,0.25,1,NA,NA,0.0891039371490479
"correlated_nonspatial","spatialSVP_permutation_pcs",68,FALSE,0,NA,0,NA,0.0672531127929688
"global_null","spatialSVP_permutation_pcs",68,FALSE,0,NA,0,NA,0.0789239406585693
"opposing_members","spatialSVP_permutation_pcs",68,TRUE,0.166666666666667,0.666666666666667,NA,NA,0.0789721012115479
"structured_background","spatialSVP_permutation_pcs",68,FALSE,0,NA,NA,NA,0.0657939910888672
"coherent_strong","SPARKX_ACAT",69,TRUE,1,1,NA,NA,2.28630113601685
"coherent_weak","SPARKX_ACAT",69,TRUE,1,1,NA,NA,2.4355411529541
"correlated_nonspatial","SPARKX_ACAT",69,FALSE,0,NA,0,NA,3.11629009246826
"global_null","SPARKX_ACAT",69,FALSE,0,NA,0,NA,3.57111501693726
"opposing_members","SPARKX_ACAT",69,TRUE,1,1,NA,NA,2.40072703361511
"structured_background","SPARKX_ACAT",69,TRUE,1,NA,NA,NA,2.06022191047668
"coherent_strong","SPARKX_fgsea",69,TRUE,0.166666666666667,0.666666666666667,0,0,0.218060970306396
"coherent_weak","SPARKX_fgsea",69,FALSE,0,0,0,0,0.174661874771118
"correlated_nonspatial","SPARKX_fgsea",69,TRUE,0.0833333333333333,NA,0.0833333333333333,NA,0.199267864227295
"global_null","SPARKX_fgsea",69,FALSE,0,NA,0,NA,0.18901801109314
"opposing_members","SPARKX_fgsea",69,TRUE,0.0833333333333333,0.333333333333333,0,0,0.215819835662842
"structured_background","SPARKX_fgsea",69,FALSE,0,NA,0,NA,0.181471109390259
"coherent_strong","STpathway_dCov",69,TRUE,1,1,NA,NA,0.348138093948364
"coherent_weak","STpathway_dCov",69,TRUE,1,1,NA,NA,0.346400022506714
"correlated_nonspatial","STpathway_dCov",69,FALSE,0,NA,0,NA,0.356216907501221
"global_null","STpathway_dCov",69,FALSE,0,NA,0,NA,0.358002901077271
"opposing_members","STpathway_dCov",69,TRUE,1,1,NA,NA,0.359301090240479
"structured_background","STpathway_dCov",69,TRUE,1,NA,NA,NA,0.358029127120972
"coherent_strong","spatialSVP_matched_none",69,TRUE,0.25,1,0,0,2.83819317817688
"coherent_weak","spatialSVP_matched_none",69,TRUE,0.25,1,0,0,2.64214277267456
"correlated_nonspatial","spatialSVP_matched_none",69,FALSE,0,NA,0,NA,2.90123677253723
"global_null","spatialSVP_matched_none",69,FALSE,0,NA,0,NA,3.02586388587952
"opposing_members","spatialSVP_matched_none",69,FALSE,0,0,0,0,2.62103605270386
"structured_background","spatialSVP_matched_none",69,FALSE,0,NA,0,NA,3.0216338634491
"coherent_strong","spatialSVP_matched_pcs",69,FALSE,0,0,0,0,2.72362804412842
"coherent_weak","spatialSVP_matched_pcs",69,TRUE,0.25,1,0,0,2.73862266540527
"correlated_nonspatial","spatialSVP_matched_pcs",69,FALSE,0,NA,0,NA,2.57675576210022
"global_null","spatialSVP_matched_pcs",69,FALSE,0,NA,0,NA,3.07949090003967
"opposing_members","spatialSVP_matched_pcs",69,TRUE,0.25,1,0,0,2.75655293464661
"structured_background","spatialSVP_matched_pcs",69,FALSE,0,NA,0,NA,2.93322014808655
"coherent_strong","spatialSVP_permutation_none",69,TRUE,1,1,NA,NA,0.0678110122680664
"coherent_weak","spatialSVP_permutation_none",69,TRUE,1,1,NA,NA,0.0984048843383789
"correlated_nonspatial","spatialSVP_permutation_none",69,FALSE,0,NA,0,NA,0.0860719680786133
"global_null","spatialSVP_permutation_none",69,FALSE,0,NA,0,NA,0.0927348136901855
"opposing_members","spatialSVP_permutation_none",69,TRUE,1,1,NA,NA,0.0903239250183105
"structured_background","spatialSVP_permutation_none",69,TRUE,0.916666666666667,NA,NA,NA,0.0957260131835938
"coherent_strong","spatialSVP_permutation_pcs",69,FALSE,0,0,NA,NA,0.0925760269165039
"coherent_weak","spatialSVP_permutation_pcs",69,TRUE,0.25,1,NA,NA,0.0867350101470947
"correlated_nonspatial","spatialSVP_permutation_pcs",69,FALSE,0,NA,0,NA,0.207026958465576
"global_null","spatialSVP_permutation_pcs",69,FALSE,0,NA,0,NA,0.0810379981994629
"opposing_members","spatialSVP_permutation_pcs",69,TRUE,0.25,1,NA,NA,0.0841588973999023
"structured_background","spatialSVP_permutation_pcs",69,FALSE,0,NA,NA,NA,0.0771069526672363
"coherent_strong","SPARKX_ACAT",70,TRUE,1,1,NA,NA,2.31238198280334
"coherent_weak","SPARKX_ACAT",70,TRUE,1,1,NA,NA,2.40708994865417
"correlated_nonspatial","SPARKX_ACAT",70,FALSE,0,NA,0,NA,2.84100294113159
"global_null","SPARKX_ACAT",70,FALSE,0,NA,0,NA,3.43054509162903
"opposing_members","SPARKX_ACAT",70,TRUE,1,1,NA,NA,2.27152991294861
"structured_background","SPARKX_ACAT",70,TRUE,1,NA,NA,NA,2.19208788871765
"coherent_strong","SPARKX_fgsea",70,TRUE,0.166666666666667,0.666666666666667,0,0,0.219150066375732
"coherent_weak","SPARKX_fgsea",70,FALSE,0,0,0,0,0.176531076431274
"correlated_nonspatial","SPARKX_fgsea",70,TRUE,0.0833333333333333,NA,0.0833333333333333,NA,0.210724115371704
"global_null","SPARKX_fgsea",70,FALSE,0,NA,0,NA,0.1805739402771
"opposing_members","SPARKX_fgsea",70,TRUE,0.0833333333333333,0.333333333333333,0,0,0.219159841537476
"structured_background","SPARKX_fgsea",70,FALSE,0,NA,0,NA,0.178704023361206
"coherent_strong","STpathway_dCov",70,TRUE,1,1,NA,NA,0.346702098846436
"coherent_weak","STpathway_dCov",70,TRUE,1,1,NA,NA,0.352171897888184
"correlated_nonspatial","STpathway_dCov",70,FALSE,0,NA,0,NA,0.38152289390564
"global_null","STpathway_dCov",70,FALSE,0,NA,0,NA,0.345199823379517
"opposing_members","STpathway_dCov",70,TRUE,1,1,NA,NA,0.343921184539795
"structured_background","STpathway_dCov",70,TRUE,1,NA,NA,NA,0.35896897315979
"coherent_strong","spatialSVP_matched_none",70,TRUE,0.25,1,0,0,2.49508786201477
"coherent_weak","spatialSVP_matched_none",70,TRUE,0.25,1,0,0,2.81914687156677
"correlated_nonspatial","spatialSVP_matched_none",70,FALSE,0,NA,0,NA,2.80760598182678
"global_null","spatialSVP_matched_none",70,FALSE,0,NA,0,NA,3.20016694068909
"opposing_members","spatialSVP_matched_none",70,FALSE,0,0,0,0,2.64436483383179
"structured_background","spatialSVP_matched_none",70,FALSE,0,NA,0,NA,2.63359999656677
"coherent_strong","spatialSVP_matched_pcs",70,FALSE,0,0,0,0,2.72907185554504
"coherent_weak","spatialSVP_matched_pcs",70,TRUE,0.333333333333333,1,0.111111111111111,0.25,2.67673087120056
"correlated_nonspatial","spatialSVP_matched_pcs",70,FALSE,0,NA,0,NA,2.7587559223175
"global_null","spatialSVP_matched_pcs",70,FALSE,0,NA,0,NA,3.19507384300232
"opposing_members","spatialSVP_matched_pcs",70,TRUE,0.333333333333333,1,0.111111111111111,0.25,2.64066600799561
"structured_background","spatialSVP_matched_pcs",70,FALSE,0,NA,0,NA,2.8042209148407
"coherent_strong","spatialSVP_permutation_none",70,TRUE,1,1,NA,NA,0.0751309394836426
"coherent_weak","spatialSVP_permutation_none",70,TRUE,0.916666666666667,1,NA,NA,0.0822141170501709
"correlated_nonspatial","spatialSVP_permutation_none",70,TRUE,0.0833333333333333,NA,0.0833333333333333,NA,0.0925359725952148
"global_null","spatialSVP_permutation_none",70,FALSE,0,NA,0,NA,0.0948381423950195
"opposing_members","spatialSVP_permutation_none",70,TRUE,0.833333333333333,1,NA,NA,0.0780918598175049
"structured_background","spatialSVP_permutation_none",70,TRUE,0.916666666666667,NA,NA,NA,0.085474967956543
"coherent_strong","spatialSVP_permutation_pcs",70,FALSE,0,0,NA,NA,0.0802910327911377
"coherent_weak","spatialSVP_permutation_pcs",70,TRUE,0.25,1,NA,NA,0.0778768062591553
"correlated_nonspatial","spatialSVP_permutation_pcs",70,FALSE,0,NA,0,NA,0.0773358345031738
"global_null","spatialSVP_permutation_pcs",70,FALSE,0,NA,0,NA,0.0783610343933105
"opposing_members","spatialSVP_permutation_pcs",70,TRUE,0.25,1,NA,NA,0.0655319690704346
"structured_background","spatialSVP_permutation_pcs",70,FALSE,0,NA,NA,NA,0.0711839199066162
"coherent_strong","SPARKX_ACAT",71,TRUE,1,1,NA,NA,2.43959903717041
"coherent_weak","SPARKX_ACAT",71,TRUE,1,1,NA,NA,2.47567296028137
"correlated_nonspatial","SPARKX_ACAT",71,FALSE,0,NA,0,NA,2.8518660068512
"global_null","SPARKX_ACAT",71,FALSE,0,NA,0,NA,3.63772106170654
"opposing_members","SPARKX_ACAT",71,TRUE,1,1,NA,NA,2.30108499526978
"structured_background","SPARKX_ACAT",71,TRUE,1,NA,NA,NA,2.21392488479614
"coherent_strong","SPARKX_fgsea",71,TRUE,0.0833333333333333,0.333333333333333,0,0,0.19717001914978
"coherent_weak","SPARKX_fgsea",71,FALSE,0,0,0,0,0.194522857666016
"correlated_nonspatial","SPARKX_fgsea",71,TRUE,0.166666666666667,NA,0.166666666666667,NA,0.189489126205444
"global_null","SPARKX_fgsea",71,FALSE,0,NA,0,NA,0.178014039993286
"opposing_members","SPARKX_fgsea",71,TRUE,0.0833333333333333,0.333333333333333,0,0,0.205324172973633
"structured_background","SPARKX_fgsea",71,FALSE,0,NA,0,NA,0.179716825485229
"coherent_strong","STpathway_dCov",71,TRUE,1,1,NA,NA,0.347620964050293
"coherent_weak","STpathway_dCov",71,TRUE,1,1,NA,NA,0.369917869567871
"correlated_nonspatial","STpathway_dCov",71,FALSE,0,NA,0,NA,0.336030006408691
"global_null","STpathway_dCov",71,FALSE,0,NA,0,NA,0.363745212554932
"opposing_members","STpathway_dCov",71,TRUE,1,1,NA,NA,0.343392133712769
"structured_background","STpathway_dCov",71,TRUE,1,NA,NA,NA,0.342252969741821
"coherent_strong","spatialSVP_matched_none",71,TRUE,0.25,1,0,0,2.76103019714355
"coherent_weak","spatialSVP_matched_none",71,TRUE,0.25,1,0,0,3.11497712135315
"correlated_nonspatial","spatialSVP_matched_none",71,FALSE,0,NA,0,NA,2.61607122421265
"global_null","spatialSVP_matched_none",71,FALSE,0,NA,0,NA,3.33227801322937
"opposing_members","spatialSVP_matched_none",71,FALSE,0,0,0,0,2.58670806884766
"structured_background","spatialSVP_matched_none",71,FALSE,0,NA,0,NA,2.70330286026001
"coherent_strong","spatialSVP_matched_pcs",71,TRUE,0.0833333333333333,0.333333333333333,0,0,2.61869621276855
"coherent_weak","spatialSVP_matched_pcs",71,TRUE,0.25,1,0,0,2.84120798110962
"correlated_nonspatial","spatialSVP_matched_pcs",71,FALSE,0,NA,0,NA,2.49014925956726
"global_null","spatialSVP_matched_pcs",71,FALSE,0,NA,0,NA,2.76306486129761
"opposing_members","spatialSVP_matched_pcs",71,TRUE,0.0833333333333333,0.333333333333333,0,0,2.57418608665466
"structured_background","spatialSVP_matched_pcs",71,FALSE,0,NA,0,NA,2.63945698738098
"coherent_strong","spatialSVP_permutation_none",71,TRUE,1,1,NA,NA,0.0828349590301514
"coherent_weak","spatialSVP_permutation_none",71,TRUE,1,1,NA,NA,0.0999832153320312
"correlated_nonspatial","spatialSVP_permutation_none",71,FALSE,0,NA,0,NA,0.0698621273040771
"global_null","spatialSVP_permutation_none",71,FALSE,0,NA,0,NA,0.0633840560913086
"opposing_members","spatialSVP_permutation_none",71,TRUE,0.916666666666667,1,NA,NA,0.0755200386047363
"structured_background","spatialSVP_permutation_none",71,TRUE,1,NA,NA,NA,0.0620841979980469
"coherent_strong","spatialSVP_permutation_pcs",71,FALSE,0,0,NA,NA,0.21969199180603
"coherent_weak","spatialSVP_permutation_pcs",71,TRUE,0.25,1,NA,NA,0.0885059833526611
"correlated_nonspatial","spatialSVP_permutation_pcs",71,FALSE,0,NA,0,NA,0.0827381610870361
"global_null","spatialSVP_permutation_pcs",71,FALSE,0,NA,0,NA,0.0750091075897217
"opposing_members","spatialSVP_permutation_pcs",71,TRUE,0.0833333333333333,0.333333333333333,NA,NA,0.0835440158843994
"structured_background","spatialSVP_permutation_pcs",71,FALSE,0,NA,NA,NA,0.0671019554138184
"coherent_strong","SPARKX_ACAT",72,TRUE,1,1,NA,NA,2.49022793769836
"coherent_weak","SPARKX_ACAT",72,TRUE,1,1,NA,NA,2.51155591011047
"correlated_nonspatial","SPARKX_ACAT",72,FALSE,0,NA,0,NA,2.94847989082336
"global_null","SPARKX_ACAT",72,FALSE,0,NA,0,NA,3.42027807235718
"opposing_members","SPARKX_ACAT",72,TRUE,1,1,NA,NA,2.29307889938354
"structured_background","SPARKX_ACAT",72,TRUE,1,NA,NA,NA,2.20015811920166
"coherent_strong","SPARKX_fgsea",72,TRUE,0.166666666666667,0.666666666666667,0,0,0.210787057876587
"coherent_weak","SPARKX_fgsea",72,FALSE,0,0,0,0,0.194872856140137
"correlated_nonspatial","SPARKX_fgsea",72,TRUE,0.0833333333333333,NA,0.0833333333333333,NA,0.206727981567383
"global_null","SPARKX_fgsea",72,FALSE,0,NA,0,NA,0.156766176223755
"opposing_members","SPARKX_fgsea",72,TRUE,0.166666666666667,0.333333333333333,0.111111111111111,0.5,0.214912891387939
"structured_background","SPARKX_fgsea",72,FALSE,0,NA,0,NA,0.161326885223389
"coherent_strong","STpathway_dCov",72,TRUE,1,1,NA,NA,0.337616920471191
"coherent_weak","STpathway_dCov",72,TRUE,1,1,NA,NA,0.350489139556885
"correlated_nonspatial","STpathway_dCov",72,FALSE,0,NA,0,NA,0.337514877319336
"global_null","STpathway_dCov",72,FALSE,0,NA,0,NA,0.363948106765747
"opposing_members","STpathway_dCov",72,TRUE,1,1,NA,NA,0.361933946609497
"structured_background","STpathway_dCov",72,TRUE,1,NA,NA,NA,0.320137023925781
"coherent_strong","spatialSVP_matched_none",72,TRUE,0.25,1,0,0,2.64532089233398
"coherent_weak","spatialSVP_matched_none",72,TRUE,0.333333333333333,1,0.111111111111111,0.25,2.77867817878723
"correlated_nonspatial","spatialSVP_matched_none",72,FALSE,0,NA,0,NA,2.6426899433136
"global_null","spatialSVP_matched_none",72,FALSE,0,NA,0,NA,2.73577904701233
"opposing_members","spatialSVP_matched_none",72,FALSE,0,0,0,0,2.62625479698181
"structured_background","spatialSVP_matched_none",72,FALSE,0,NA,0,NA,2.59016394615173
"coherent_strong","spatialSVP_matched_pcs",72,TRUE,0.166666666666667,0.666666666666667,0,0,2.64144897460938
"coherent_weak","spatialSVP_matched_pcs",72,TRUE,0.25,1,0,0,2.67555999755859
"correlated_nonspatial","spatialSVP_matched_pcs",72,FALSE,0,NA,0,NA,2.58897995948792
"global_null","spatialSVP_matched_pcs",72,FALSE,0,NA,0,NA,2.62873411178589
"opposing_members","spatialSVP_matched_pcs",72,TRUE,0.166666666666667,0.666666666666667,0,0,2.62130784988403
"structured_background","spatialSVP_matched_pcs",72,FALSE,0,NA,0,NA,2.78609704971313
"coherent_strong","spatialSVP_permutation_none",72,TRUE,1,1,NA,NA,0.0857048034667969
"coherent_weak","spatialSVP_permutation_none",72,TRUE,1,1,NA,NA,0.22065281867981
"correlated_nonspatial","spatialSVP_permutation_none",72,FALSE,0,NA,0,NA,0.0861191749572754
"global_null","spatialSVP_permutation_none",72,FALSE,0,NA,0,NA,0.238450050354004
"opposing_members","spatialSVP_permutation_none",72,TRUE,0.916666666666667,1,NA,NA,0.0888969898223877
"structured_background","spatialSVP_permutation_none",72,TRUE,1,NA,NA,NA,0.0944161415100098
"coherent_strong","spatialSVP_permutation_pcs",72,FALSE,0,0,NA,NA,0.0816929340362549
"coherent_weak","spatialSVP_permutation_pcs",72,TRUE,0.25,1,NA,NA,0.086108922958374
"correlated_nonspatial","spatialSVP_permutation_pcs",72,FALSE,0,NA,0,NA,0.0827219486236572
"global_null","spatialSVP_permutation_pcs",72,FALSE,0,NA,0,NA,0.108765840530396
"opposing_members","spatialSVP_permutation_pcs",72,TRUE,0.166666666666667,0.666666666666667,NA,NA,0.0721549987792969
"structured_background","spatialSVP_permutation_pcs",72,FALSE,0,NA,NA,NA,0.0868210792541504
"coherent_strong","SPARKX_ACAT",73,TRUE,1,1,NA,NA,2.39358305931091
"coherent_weak","SPARKX_ACAT",73,TRUE,1,1,NA,NA,2.47538280487061
"correlated_nonspatial","SPARKX_ACAT",73,FALSE,0,NA,0,NA,2.68488192558289
"global_null","SPARKX_ACAT",73,FALSE,0,NA,0,NA,2.69351601600647
"opposing_members","SPARKX_ACAT",73,TRUE,1,1,NA,NA,2.32870411872864
"structured_background","SPARKX_ACAT",73,TRUE,1,NA,NA,NA,2.2491409778595
"coherent_strong","SPARKX_fgsea",73,TRUE,0.25,0.666666666666667,0.111111111111111,0.333333333333333,0.212352991104126
"coherent_weak","SPARKX_fgsea",73,FALSE,0,0,0,0,0.184622049331665
"correlated_nonspatial","SPARKX_fgsea",73,TRUE,0.166666666666667,NA,0.166666666666667,NA,0.236126899719238
"global_null","SPARKX_fgsea",73,TRUE,0.0833333333333333,NA,0.0833333333333333,NA,0.197900056838989
"opposing_members","SPARKX_fgsea",73,TRUE,0.0833333333333333,0.333333333333333,0,0,0.206979036331177
"structured_background","SPARKX_fgsea",73,FALSE,0,NA,0,NA,0.159825086593628
"coherent_strong","STpathway_dCov",73,TRUE,1,1,NA,NA,0.330681085586548
"coherent_weak","STpathway_dCov",73,TRUE,1,1,NA,NA,0.355280876159668
"correlated_nonspatial","STpathway_dCov",73,FALSE,0,NA,0,NA,0.345517158508301
"global_null","STpathway_dCov",73,FALSE,0,NA,0,NA,0.348336935043335
"opposing_members","STpathway_dCov",73,TRUE,1,1,NA,NA,0.342405080795288
"structured_background","STpathway_dCov",73,TRUE,1,NA,NA,NA,0.327643871307373
"coherent_strong","spatialSVP_matched_none",73,TRUE,0.25,1,0,0,2.58216190338135
"coherent_weak","spatialSVP_matched_none",73,TRUE,0.25,1,0,0,2.63065075874329
"correlated_nonspatial","spatialSVP_matched_none",73,FALSE,0,NA,0,NA,2.75952315330505
"global_null","spatialSVP_matched_none",73,FALSE,0,NA,0,NA,2.67914605140686
"opposing_members","spatialSVP_matched_none",73,FALSE,0,0,0,0,2.48502898216248
"structured_background","spatialSVP_matched_none",73,FALSE,0,NA,0,NA,2.60690498352051
"coherent_strong","spatialSVP_matched_pcs",73,FALSE,0,0,0,0,2.59931588172913
"coherent_weak","spatialSVP_matched_pcs",73,TRUE,0.25,1,0,0,2.77064609527588
"correlated_nonspatial","spatialSVP_matched_pcs",73,FALSE,0,NA,0,NA,2.75871920585632
"global_null","spatialSVP_matched_pcs",73,FALSE,0,NA,0,NA,2.78688502311707
"opposing_members","spatialSVP_matched_pcs",73,TRUE,0.166666666666667,0.666666666666667,0,0,2.6101438999176
"structured_background","spatialSVP_matched_pcs",73,FALSE,0,NA,0,NA,2.53670597076416
"coherent_strong","spatialSVP_permutation_none",73,TRUE,1,1,NA,NA,0.0797958374023438
"coherent_weak","spatialSVP_permutation_none",73,TRUE,0.833333333333333,1,NA,NA,0.0895838737487793
"correlated_nonspatial","spatialSVP_permutation_none",73,FALSE,0,NA,0,NA,0.0827658176422119
"global_null","spatialSVP_permutation_none",73,FALSE,0,NA,0,NA,0.238975048065186
"opposing_members","spatialSVP_permutation_none",73,TRUE,0.916666666666667,1,NA,NA,0.208822965621948
"structured_background","spatialSVP_permutation_none",73,TRUE,0.833333333333333,NA,NA,NA,0.0907430648803711
"coherent_strong","spatialSVP_permutation_pcs",73,FALSE,0,0,NA,NA,0.0931179523468018
"coherent_weak","spatialSVP_permutation_pcs",73,TRUE,0.25,1,NA,NA,0.0933661460876465
"correlated_nonspatial","spatialSVP_permutation_pcs",73,FALSE,0,NA,0,NA,0.0629968643188477
"global_null","spatialSVP_permutation_pcs",73,FALSE,0,NA,0,NA,0.087454080581665
"opposing_members","spatialSVP_permutation_pcs",73,TRUE,0.166666666666667,0.666666666666667,NA,NA,0.0712108612060547
"structured_background","spatialSVP_permutation_pcs",73,FALSE,0,NA,NA,NA,0.0708801746368408
"coherent_strong","SPARKX_ACAT",74,TRUE,1,1,NA,NA,2.28367495536804
"coherent_weak","SPARKX_ACAT",74,TRUE,1,1,NA,NA,2.38709306716919
"correlated_nonspatial","SPARKX_ACAT",74,FALSE,0,NA,0,NA,2.68344902992249
"global_null","SPARKX_ACAT",74,FALSE,0,NA,0,NA,2.70591711997986
"opposing_members","SPARKX_ACAT",74,TRUE,1,1,NA,NA,2.31023192405701
"structured_background","SPARKX_ACAT",74,TRUE,1,NA,NA,NA,2.154217004776
"coherent_strong","SPARKX_fgsea",74,TRUE,0.0833333333333333,0.333333333333333,0,0,0.205348014831543
"coherent_weak","SPARKX_fgsea",74,FALSE,0,0,0,0,0.193689823150635
"correlated_nonspatial","SPARKX_fgsea",74,FALSE,0,NA,0,NA,0.173959016799927
"global_null","SPARKX_fgsea",74,FALSE,0,NA,0,NA,0.185957908630371
"opposing_members","SPARKX_fgsea",74,TRUE,0.0833333333333333,0.333333333333333,0,0,0.199043989181519
"structured_background","SPARKX_fgsea",74,FALSE,0,NA,0,NA,0.169925928115845
"coherent_strong","STpathway_dCov",74,TRUE,1,1,NA,NA,0.348621845245361
"coherent_weak","STpathway_dCov",74,TRUE,1,1,NA,NA,0.391247987747192
"correlated_nonspatial","STpathway_dCov",74,FALSE,0,NA,0,NA,0.330092906951904
"global_null","STpathway_dCov",74,FALSE,0,NA,0,NA,0.333504915237427
"opposing_members","STpathway_dCov",74,TRUE,1,1,NA,NA,0.342222929000854
"structured_background","STpathway_dCov",74,TRUE,1,NA,NA,NA,0.337110996246338
"coherent_strong","spatialSVP_matched_none",74,TRUE,0.25,1,0,0,2.75972986221313
"coherent_weak","spatialSVP_matched_none",74,TRUE,0.25,1,0,0,2.56588172912598
"correlated_nonspatial","spatialSVP_matched_none",74,FALSE,0,NA,0,NA,2.65512585639954
"global_null","spatialSVP_matched_none",74,FALSE,0,NA,0,NA,2.62678909301758
"opposing_members","spatialSVP_matched_none",74,FALSE,0,0,0,0,2.60267686843872
"structured_background","spatialSVP_matched_none",74,FALSE,0,NA,0,NA,3.11034202575684
"coherent_strong","spatialSVP_matched_pcs",74,FALSE,0,0,0,0,2.70889496803284
"coherent_weak","spatialSVP_matched_pcs",74,TRUE,0.333333333333333,1,0.111111111111111,0.25,2.55308604240417
"correlated_nonspatial","spatialSVP_matched_pcs",74,FALSE,0,NA,0,NA,2.78738188743591
"global_null","spatialSVP_matched_pcs",74,FALSE,0,NA,0,NA,2.62053394317627
"opposing_members","spatialSVP_matched_pcs",74,TRUE,0.25,1,0,0,2.49526906013489
"structured_background","spatialSVP_matched_pcs",74,FALSE,0,NA,0,NA,2.71951508522034
"coherent_strong","spatialSVP_permutation_none",74,TRUE,0.916666666666667,1,NA,NA,0.215042114257812
"coherent_weak","spatialSVP_permutation_none",74,TRUE,1,1,NA,NA,0.221282958984375
"correlated_nonspatial","spatialSVP_permutation_none",74,FALSE,0,NA,0,NA,0.078740119934082
"global_null","spatialSVP_permutation_none",74,FALSE,0,NA,0,NA,0.0759131908416748
"opposing_members","spatialSVP_permutation_none",74,TRUE,1,1,NA,NA,0.071727991104126
"structured_background","spatialSVP_permutation_none",74,TRUE,0.916666666666667,NA,NA,NA,0.0645761489868164
"coherent_strong","spatialSVP_permutation_pcs",74,FALSE,0,0,NA,NA,0.0901720523834229
"coherent_weak","spatialSVP_permutation_pcs",74,TRUE,0.25,1,NA,NA,0.082568883895874
"correlated_nonspatial","spatialSVP_permutation_pcs",74,FALSE,0,NA,0,NA,0.0791020393371582
"global_null","spatialSVP_permutation_pcs",74,FALSE,0,NA,0,NA,0.0628790855407715
"opposing_members","spatialSVP_permutation_pcs",74,TRUE,0.166666666666667,0.666666666666667,NA,NA,0.0653119087219238
"structured_background","spatialSVP_permutation_pcs",74,FALSE,0,NA,NA,NA,0.0900390148162842
"coherent_strong","SPARKX_ACAT",75,TRUE,1,1,NA,NA,2.53648114204407
"coherent_weak","SPARKX_ACAT",75,TRUE,1,1,NA,NA,2.38287806510925
"correlated_nonspatial","SPARKX_ACAT",75,FALSE,0,NA,0,NA,2.81652188301086
"global_null","SPARKX_ACAT",75,FALSE,0,NA,0,NA,2.74681687355042
"opposing_members","SPARKX_ACAT",75,TRUE,1,1,NA,NA,2.28293395042419
"structured_background","SPARKX_ACAT",75,TRUE,1,NA,NA,NA,2.25323295593262
"coherent_strong","SPARKX_fgsea",75,TRUE,0.166666666666667,0.666666666666667,0,0,0.210275173187256
"coherent_weak","SPARKX_fgsea",75,FALSE,0,0,0,0,0.183807849884033
"correlated_nonspatial","SPARKX_fgsea",75,TRUE,0.166666666666667,NA,0.166666666666667,NA,0.209901094436646
"global_null","SPARKX_fgsea",75,FALSE,0,NA,0,NA,0.195182085037231
"opposing_members","SPARKX_fgsea",75,TRUE,0.0833333333333333,0.333333333333333,0,0,0.194491863250732
"structured_background","SPARKX_fgsea",75,FALSE,0,NA,0,NA,0.157526016235352
"coherent_strong","STpathway_dCov",75,TRUE,1,1,NA,NA,0.365166902542114
"coherent_weak","STpathway_dCov",75,TRUE,1,1,NA,NA,0.34463095664978
"correlated_nonspatial","STpathway_dCov",75,FALSE,0,NA,0,NA,0.340284109115601
"global_null","STpathway_dCov",75,TRUE,0.0833333333333333,NA,0.0833333333333333,NA,0.344021081924438
"opposing_members","STpathway_dCov",75,TRUE,1,1,NA,NA,0.334582090377808
"structured_background","STpathway_dCov",75,TRUE,1,NA,NA,NA,0.340264081954956
"coherent_strong","spatialSVP_matched_none",75,TRUE,0.25,1,0,0,2.96995782852173
"coherent_weak","spatialSVP_matched_none",75,TRUE,0.25,1,0,0,2.56533980369568
"correlated_nonspatial","spatialSVP_matched_none",75,FALSE,0,NA,0,NA,2.58956289291382
"global_null","spatialSVP_matched_none",75,FALSE,0,NA,0,NA,2.68012380599976
"opposing_members","spatialSVP_matched_none",75,FALSE,0,0,0,0,2.51132011413574
"structured_background","spatialSVP_matched_none",75,FALSE,0,NA,0,NA,2.60423517227173
"coherent_strong","spatialSVP_matched_pcs",75,FALSE,0,0,0,0,2.79076504707336
"coherent_weak","spatialSVP_matched_pcs",75,TRUE,0.333333333333333,1,0.111111111111111,0.25,2.7334418296814
"correlated_nonspatial","spatialSVP_matched_pcs",75,FALSE,0,NA,0,NA,2.69566988945007
"global_null","spatialSVP_matched_pcs",75,FALSE,0,NA,0,NA,2.59559679031372
"opposing_members","spatialSVP_matched_pcs",75,TRUE,0.166666666666667,0.666666666666667,0,0,2.530757188797
"structured_background","spatialSVP_matched_pcs",75,FALSE,0,NA,0,NA,2.52090096473694
"coherent_strong","spatialSVP_permutation_none",75,TRUE,1,1,NA,NA,0.0833427906036377
"coherent_weak","spatialSVP_permutation_none",75,TRUE,1,1,NA,NA,0.0752360820770264
"correlated_nonspatial","spatialSVP_permutation_none",75,FALSE,0,NA,0,NA,0.0835139751434326
"global_null","spatialSVP_permutation_none",75,FALSE,0,NA,0,NA,0.23046088218689
"opposing_members","spatialSVP_permutation_none",75,TRUE,1,1,NA,NA,0.212476968765259
"structured_background","spatialSVP_permutation_none",75,TRUE,1,NA,NA,NA,0.083402156829834
"coherent_strong","spatialSVP_permutation_pcs",75,FALSE,0,0,NA,NA,0.0850181579589844
"coherent_weak","spatialSVP_permutation_pcs",75,TRUE,0.25,1,NA,NA,0.0964641571044922
"correlated_nonspatial","spatialSVP_permutation_pcs",75,FALSE,0,NA,0,NA,0.0802159309387207
"global_null","spatialSVP_permutation_pcs",75,FALSE,0,NA,0,NA,0.200994968414307
"opposing_members","spatialSVP_permutation_pcs",75,TRUE,0.166666666666667,0.666666666666667,NA,NA,0.0704550743103027
"structured_background","spatialSVP_permutation_pcs",75,FALSE,0,NA,NA,NA,0.0761609077453613
"coherent_strong","SPARKX_ACAT",76,TRUE,1,1,NA,NA,2.42894506454468
"coherent_weak","SPARKX_ACAT",76,TRUE,0.916666666666667,1,NA,NA,2.50264406204224
"correlated_nonspatial","SPARKX_ACAT",76,FALSE,0,NA,0,NA,2.92132997512817
"global_null","SPARKX_ACAT",76,FALSE,0,NA,0,NA,3.27352786064148
"opposing_members","SPARKX_ACAT",76,TRUE,1,1,NA,NA,2.34866189956665
"structured_background","SPARKX_ACAT",76,TRUE,1,NA,NA,NA,2.24806785583496
"coherent_strong","SPARKX_fgsea",76,TRUE,0.166666666666667,0.666666666666667,0,0,0.233157873153687
"coherent_weak","SPARKX_fgsea",76,FALSE,0,0,0,0,0.189714908599854
"correlated_nonspatial","SPARKX_fgsea",76,TRUE,0.166666666666667,NA,0.166666666666667,NA,0.236704111099243
"global_null","SPARKX_fgsea",76,FALSE,0,NA,0,NA,0.14453387260437
"opposing_members","SPARKX_fgsea",76,TRUE,0.0833333333333333,0.333333333333333,0,0,0.208867073059082
"structured_background","SPARKX_fgsea",76,FALSE,0,NA,0,NA,0.16763710975647
"coherent_strong","STpathway_dCov",76,TRUE,1,1,NA,NA,0.351949214935303
"coherent_weak","STpathway_dCov",76,TRUE,1,1,NA,NA,0.374465942382812
"correlated_nonspatial","STpathway_dCov",76,FALSE,0,NA,0,NA,0.345793008804321
"global_null","STpathway_dCov",76,FALSE,0,NA,0,NA,0.360273838043213
"opposing_members","STpathway_dCov",76,TRUE,1,1,NA,NA,0.348433971405029
"structured_background","STpathway_dCov",76,TRUE,1,NA,NA,NA,0.340591907501221
"coherent_strong","spatialSVP_matched_none",76,TRUE,0.333333333333333,1,0.111111111111111,0.25,2.54571413993835
"coherent_weak","spatialSVP_matched_none",76,TRUE,0.25,1,0,0,2.84866404533386
"correlated_nonspatial","spatialSVP_matched_none",76,FALSE,0,NA,0,NA,2.40752196311951
"global_null","spatialSVP_matched_none",76,FALSE,0,NA,0,NA,3.19592595100403
"opposing_members","spatialSVP_matched_none",76,FALSE,0,0,0,0,2.55649209022522
"structured_background","spatialSVP_matched_none",76,FALSE,0,NA,0,NA,2.65199708938599
"coherent_strong","spatialSVP_matched_pcs",76,TRUE,0.0833333333333333,0.333333333333333,0,0,2.54467415809631
"coherent_weak","spatialSVP_matched_pcs",76,TRUE,0.25,1,0,0,2.78411889076233
"correlated_nonspatial","spatialSVP_matched_pcs",76,FALSE,0,NA,0,NA,2.4124538898468
"global_null","spatialSVP_matched_pcs",76,FALSE,0,NA,0,NA,2.55864882469177
"opposing_members","spatialSVP_matched_pcs",76,TRUE,0.166666666666667,0.666666666666667,0,0,2.60079193115234
"structured_background","spatialSVP_matched_pcs",76,FALSE,0,NA,0,NA,2.57647514343262
"coherent_strong","spatialSVP_permutation_none",76,TRUE,1,1,NA,NA,0.0716540813446045
"coherent_weak","spatialSVP_permutation_none",76,TRUE,1,1,NA,NA,0.0988819599151611
"correlated_nonspatial","spatialSVP_permutation_none",76,FALSE,0,NA,0,NA,0.205355167388916
"global_null","spatialSVP_permutation_none",76,FALSE,0,NA,0,NA,0.0725028514862061
"opposing_members","spatialSVP_permutation_none",76,TRUE,0.916666666666667,1,NA,NA,0.0763940811157227
"structured_background","spatialSVP_permutation_none",76,TRUE,1,NA,NA,NA,0.0739030838012695
"coherent_strong","spatialSVP_permutation_pcs",76,FALSE,0,0,NA,NA,0.100312948226929
"coherent_weak","spatialSVP_permutation_pcs",76,TRUE,0.25,1,NA,NA,0.0764420032501221
"correlated_nonspatial","spatialSVP_permutation_pcs",76,FALSE,0,NA,0,NA,0.0819849967956543
"global_null","spatialSVP_permutation_pcs",76,FALSE,0,NA,0,NA,0.0679829120635986
"opposing_members","spatialSVP_permutation_pcs",76,TRUE,0.166666666666667,0.666666666666667,NA,NA,0.0900311470031738
"structured_background","spatialSVP_permutation_pcs",76,FALSE,0,NA,NA,NA,0.0686578750610352
"coherent_strong","SPARKX_ACAT",77,TRUE,1,1,NA,NA,2.52314877510071
"coherent_weak","SPARKX_ACAT",77,TRUE,1,1,NA,NA,2.35546398162842
"correlated_nonspatial","SPARKX_ACAT",77,FALSE,0,NA,0,NA,2.99477601051331
"global_null","SPARKX_ACAT",77,FALSE,0,NA,0,NA,2.70185899734497
"opposing_members","SPARKX_ACAT",77,TRUE,0.916666666666667,1,NA,NA,2.2172269821167
"structured_background","SPARKX_ACAT",77,TRUE,1,NA,NA,NA,2.05106091499329
"coherent_strong","SPARKX_fgsea",77,TRUE,0.166666666666667,0.666666666666667,0,0,0.187280893325806
"coherent_weak","SPARKX_fgsea",77,FALSE,0,0,0,0,0.181486845016479
"correlated_nonspatial","SPARKX_fgsea",77,TRUE,0.0833333333333333,NA,0.0833333333333333,NA,0.206324100494385
"global_null","SPARKX_fgsea",77,FALSE,0,NA,0,NA,0.168909788131714
"opposing_members","SPARKX_fgsea",77,TRUE,0.0833333333333333,0.333333333333333,0,0,0.181298017501831
"structured_background","SPARKX_fgsea",77,FALSE,0,NA,0,NA,0.166644811630249
"coherent_strong","STpathway_dCov",77,TRUE,1,1,NA,NA,0.355886936187744
"coherent_weak","STpathway_dCov",77,TRUE,1,1,NA,NA,0.355798006057739
"correlated_nonspatial","STpathway_dCov",77,FALSE,0,NA,0,NA,0.354117155075073
"global_null","STpathway_dCov",77,FALSE,0,NA,0,NA,0.337532997131348
"opposing_members","STpathway_dCov",77,TRUE,1,1,NA,NA,0.332746028900146
"structured_background","STpathway_dCov",77,TRUE,1,NA,NA,NA,0.323429822921753
"coherent_strong","spatialSVP_matched_none",77,TRUE,0.25,1,0,0,2.74426507949829
"coherent_weak","spatialSVP_matched_none",77,TRUE,0.25,1,0,0,2.85101413726807
"correlated_nonspatial","spatialSVP_matched_none",77,FALSE,0,NA,0,NA,2.64013314247131
"global_null","spatialSVP_matched_none",77,FALSE,0,NA,0,NA,2.60939311981201
"opposing_members","spatialSVP_matched_none",77,FALSE,0,0,0,0,2.73919987678528
"structured_background","spatialSVP_matched_none",77,FALSE,0,NA,0,NA,2.64527487754822
"coherent_strong","spatialSVP_matched_pcs",77,FALSE,0,0,0,0,2.72493004798889
"coherent_weak","spatialSVP_matched_pcs",77,TRUE,0.25,1,0,0,2.87273907661438
"correlated_nonspatial","spatialSVP_matched_pcs",77,FALSE,0,NA,0,NA,2.70483303070068
"global_null","spatialSVP_matched_pcs",77,FALSE,0,NA,0,NA,2.46614623069763
"opposing_members","spatialSVP_matched_pcs",77,TRUE,0.25,1,0,0,2.86387515068054
"structured_background","spatialSVP_matched_pcs",77,FALSE,0,NA,0,NA,2.49873876571655
"coherent_strong","spatialSVP_permutation_none",77,TRUE,1,1,NA,NA,0.075592041015625
"coherent_weak","spatialSVP_permutation_none",77,TRUE,0.916666666666667,1,NA,NA,0.0773320198059082
"correlated_nonspatial","spatialSVP_permutation_none",77,FALSE,0,NA,0,NA,0.0889511108398438
"global_null","spatialSVP_permutation_none",77,FALSE,0,NA,0,NA,0.0811519622802734
"opposing_members","spatialSVP_permutation_none",77,TRUE,1,1,NA,NA,0.0902302265167236
"structured_background","spatialSVP_permutation_none",77,TRUE,0.833333333333333,NA,NA,NA,0.0774979591369629
"coherent_strong","spatialSVP_permutation_pcs",77,FALSE,0,0,NA,NA,0.0784831047058105
"coherent_weak","spatialSVP_permutation_pcs",77,TRUE,0.25,1,NA,NA,0.0640909671783447
"correlated_nonspatial","spatialSVP_permutation_pcs",77,FALSE,0,NA,0,NA,0.0997390747070312
"global_null","spatialSVP_permutation_pcs",77,FALSE,0,NA,0,NA,0.0799081325531006
"opposing_members","spatialSVP_permutation_pcs",77,TRUE,0.25,1,NA,NA,0.0815649032592773
"structured_background","spatialSVP_permutation_pcs",77,FALSE,0,NA,NA,NA,0.069025993347168
"coherent_strong","SPARKX_ACAT",78,TRUE,1,1,NA,NA,2.30699110031128
"coherent_weak","SPARKX_ACAT",78,TRUE,1,1,NA,NA,2.49049782752991
"correlated_nonspatial","SPARKX_ACAT",78,FALSE,0,NA,0,NA,2.94163584709167
"global_null","SPARKX_ACAT",78,TRUE,0.0833333333333333,NA,0.0833333333333333,NA,2.72392106056213
"opposing_members","SPARKX_ACAT",78,TRUE,1,1,NA,NA,2.20027017593384
"structured_background","SPARKX_ACAT",78,TRUE,1,NA,NA,NA,2.17509913444519
"coherent_strong","SPARKX_fgsea",78,TRUE,0.166666666666667,0.666666666666667,0,0,0.232199907302856
"coherent_weak","SPARKX_fgsea",78,FALSE,0,0,0,0,0.173471927642822
"correlated_nonspatial","SPARKX_fgsea",78,TRUE,0.0833333333333333,NA,0.0833333333333333,NA,0.200557947158813
"global_null","SPARKX_fgsea",78,FALSE,0,NA,0,NA,0.182797193527222
"opposing_members","SPARKX_fgsea",78,TRUE,0.0833333333333333,0.333333333333333,0,0,0.192025899887085
"structured_background","SPARKX_fgsea",78,FALSE,0,NA,0,NA,0.145476102828979
"coherent_strong","STpathway_dCov",78,TRUE,1,1,NA,NA,0.35440993309021
"coherent_weak","STpathway_dCov",78,TRUE,1,1,NA,NA,0.357388973236084
"correlated_nonspatial","STpathway_dCov",78,FALSE,0,NA,0,NA,0.353999853134155
"global_null","STpathway_dCov",78,FALSE,0,NA,0,NA,0.337410926818848
"opposing_members","STpathway_dCov",78,TRUE,1,1,NA,NA,0.342175960540771
"structured_background","STpathway_dCov",78,TRUE,1,NA,NA,NA,0.331774950027466
"coherent_strong","spatialSVP_matched_none",78,TRUE,0.25,1,0,0,2.60504579544067
"coherent_weak","spatialSVP_matched_none",78,TRUE,0.25,1,0,0,2.98236918449402
"correlated_nonspatial","spatialSVP_matched_none",78,FALSE,0,NA,0,NA,2.58880996704102
"global_null","spatialSVP_matched_none",78,FALSE,0,NA,0,NA,2.6376941204071
"opposing_members","spatialSVP_matched_none",78,FALSE,0,0,0,0,2.64309406280518
"structured_background","spatialSVP_matched_none",78,FALSE,0,NA,0,NA,2.84204411506653
"coherent_strong","spatialSVP_matched_pcs",78,TRUE,0.0833333333333333,0.333333333333333,0,0,2.61968398094177
"coherent_weak","spatialSVP_matched_pcs",78,TRUE,0.25,1,0,0,2.68477725982666
"correlated_nonspatial","spatialSVP_matched_pcs",78,FALSE,0,NA,0,NA,2.57948017120361
"global_null","spatialSVP_matched_pcs",78,FALSE,0,NA,0,NA,2.51468920707703
"opposing_members","spatialSVP_matched_pcs",78,TRUE,0.166666666666667,0.666666666666667,0,0,2.64888095855713
"structured_background","spatialSVP_matched_pcs",78,FALSE,0,NA,0,NA,2.6755690574646
"coherent_strong","spatialSVP_permutation_none",78,TRUE,1,1,NA,NA,0.0872280597686768
"coherent_weak","spatialSVP_permutation_none",78,TRUE,0.916666666666667,1,NA,NA,0.224371910095215
"correlated_nonspatial","spatialSVP_permutation_none",78,FALSE,0,NA,0,NA,0.214926958084106
"global_null","spatialSVP_permutation_none",78,FALSE,0,NA,0,NA,0.0715889930725098
"opposing_members","spatialSVP_permutation_none",78,TRUE,0.916666666666667,1,NA,NA,0.22065281867981
"structured_background","spatialSVP_permutation_none",78,TRUE,1,NA,NA,NA,0.0929381847381592
"coherent_strong","spatialSVP_permutation_pcs",78,FALSE,0,0,NA,NA,0.0687408447265625
"coherent_weak","spatialSVP_permutation_pcs",78,TRUE,0.25,1,NA,NA,0.0746390819549561
"correlated_nonspatial","spatialSVP_permutation_pcs",78,FALSE,0,NA,0,NA,0.0916399955749512
"global_null","spatialSVP_permutation_pcs",78,FALSE,0,NA,0,NA,0.241806983947754
"opposing_members","spatialSVP_permutation_pcs",78,TRUE,0.166666666666667,0.666666666666667,NA,NA,0.0780608654022217
"structured_background","spatialSVP_permutation_pcs",78,FALSE,0,NA,NA,NA,0.0759639739990234
"coherent_strong","SPARKX_ACAT",79,TRUE,0.916666666666667,1,NA,NA,2.36082100868225
"coherent_weak","SPARKX_ACAT",79,TRUE,1,1,NA,NA,2.42269897460938
"correlated_nonspatial","SPARKX_ACAT",79,FALSE,0,NA,0,NA,3.15117907524109
"global_null","SPARKX_ACAT",79,FALSE,0,NA,0,NA,2.73941588401794
"opposing_members","SPARKX_ACAT",79,TRUE,1,1,NA,NA,2.40100288391113
"structured_background","SPARKX_ACAT",79,TRUE,1,NA,NA,NA,2.11427307128906
"coherent_strong","SPARKX_fgsea",79,TRUE,0.166666666666667,0.666666666666667,0,0,0.202844142913818
"coherent_weak","SPARKX_fgsea",79,FALSE,0,0,0,0,0.210338115692139
"correlated_nonspatial","SPARKX_fgsea",79,TRUE,0.0833333333333333,NA,0.0833333333333333,NA,0.184902906417847
"global_null","SPARKX_fgsea",79,FALSE,0,NA,0,NA,0.16814923286438
"opposing_members","SPARKX_fgsea",79,TRUE,0.0833333333333333,0.333333333333333,0,0,0.209059000015259
"structured_background","SPARKX_fgsea",79,FALSE,0,NA,0,NA,0.165881872177124
"coherent_strong","STpathway_dCov",79,TRUE,1,1,NA,NA,0.336996078491211
"coherent_weak","STpathway_dCov",79,TRUE,1,1,NA,NA,0.362303972244263
"correlated_nonspatial","STpathway_dCov",79,FALSE,0,NA,0,NA,0.349510908126831
"global_null","STpathway_dCov",79,FALSE,0,NA,0,NA,0.33476185798645
"opposing_members","STpathway_dCov",79,TRUE,1,1,NA,NA,0.371159076690674
"structured_background","STpathway_dCov",79,TRUE,1,NA,NA,NA,0.328318119049072
"coherent_strong","spatialSVP_matched_none",79,TRUE,0.25,1,0,0,2.5966968536377
"coherent_weak","spatialSVP_matched_none",79,TRUE,0.333333333333333,1,0.111111111111111,0.25,2.54794406890869
"correlated_nonspatial","spatialSVP_matched_none",79,FALSE,0,NA,0,NA,2.78563404083252
"global_null","spatialSVP_matched_none",79,FALSE,0,NA,0,NA,3.04301381111145
"opposing_members","spatialSVP_matched_none",79,FALSE,0,0,0,0,2.94502592086792
"structured_background","spatialSVP_matched_none",79,FALSE,0,NA,0,NA,2.65564918518066
"coherent_strong","spatialSVP_matched_pcs",79,FALSE,0,0,0,0,2.72393774986267
"coherent_weak","spatialSVP_matched_pcs",79,TRUE,0.25,1,0,0,2.69898200035095
"correlated_nonspatial","spatialSVP_matched_pcs",79,FALSE,0,NA,0,NA,2.68124198913574
"global_null","spatialSVP_matched_pcs",79,FALSE,0,NA,0,NA,2.56781411170959
"opposing_members","spatialSVP_matched_pcs",79,TRUE,0.25,0.666666666666667,0.111111111111111,0.333333333333333,2.81832098960876
"structured_background","spatialSVP_matched_pcs",79,FALSE,0,NA,0,NA,2.89157390594482
"coherent_strong","spatialSVP_permutation_none",79,TRUE,1,1,NA,NA,0.0762860774993896
"coherent_weak","spatialSVP_permutation_none",79,TRUE,0.833333333333333,1,NA,NA,0.0776598453521729
"correlated_nonspatial","spatialSVP_permutation_none",79,FALSE,0,NA,0,NA,0.0803861618041992
"global_null","spatialSVP_permutation_none",79,FALSE,0,NA,0,NA,0.0606648921966553
"opposing_members","spatialSVP_permutation_none",79,TRUE,1,1,NA,NA,0.0769600868225098
"structured_background","spatialSVP_permutation_none",79,TRUE,0.916666666666667,NA,NA,NA,0.0775330066680908
"coherent_strong","spatialSVP_permutation_pcs",79,FALSE,0,0,NA,NA,0.0742859840393066
"coherent_weak","spatialSVP_permutation_pcs",79,TRUE,0.25,1,NA,NA,0.208150863647461
"correlated_nonspatial","spatialSVP_permutation_pcs",79,FALSE,0,NA,0,NA,0.074692964553833
"global_null","spatialSVP_permutation_pcs",79,FALSE,0,NA,0,NA,0.0765340328216553
"opposing_members","spatialSVP_permutation_pcs",79,TRUE,0.0833333333333333,0.333333333333333,NA,NA,0.0873069763183594
"structured_background","spatialSVP_permutation_pcs",79,FALSE,0,NA,NA,NA,0.0606977939605713
"coherent_strong","SPARKX_ACAT",80,TRUE,1,1,NA,NA,2.44737601280212
"coherent_weak","SPARKX_ACAT",80,TRUE,1,1,NA,NA,2.28608012199402
"correlated_nonspatial","SPARKX_ACAT",80,FALSE,0,NA,0,NA,3.00392389297485
"global_null","SPARKX_ACAT",80,FALSE,0,NA,0,NA,2.73298811912537
"opposing_members","SPARKX_ACAT",80,TRUE,1,1,NA,NA,2.22136807441711
"structured_background","SPARKX_ACAT",80,TRUE,1,NA,NA,NA,2.10138583183289
"coherent_strong","SPARKX_fgsea",80,TRUE,0.166666666666667,0.666666666666667,0,0,0.21121621131897
"coherent_weak","SPARKX_fgsea",80,FALSE,0,0,0,0,0.173130989074707
"correlated_nonspatial","SPARKX_fgsea",80,TRUE,0.166666666666667,NA,0.166666666666667,NA,0.213960886001587
"global_null","SPARKX_fgsea",80,FALSE,0,NA,0,NA,0.162433862686157
"opposing_members","SPARKX_fgsea",80,TRUE,0.166666666666667,0.333333333333333,0.111111111111111,0.5,0.193645000457764
"structured_background","SPARKX_fgsea",80,FALSE,0,NA,0,NA,0.161747217178345
"coherent_strong","STpathway_dCov",80,TRUE,1,1,NA,NA,0.361677885055542
"coherent_weak","STpathway_dCov",80,TRUE,1,1,NA,NA,0.33761191368103
"correlated_nonspatial","STpathway_dCov",80,FALSE,0,NA,0,NA,0.343706846237183
"global_null","STpathway_dCov",80,FALSE,0,NA,0,NA,0.336237907409668
"opposing_members","STpathway_dCov",80,TRUE,1,1,NA,NA,0.33714485168457
"structured_background","STpathway_dCov",80,TRUE,1,NA,NA,NA,0.322777986526489
"coherent_strong","spatialSVP_matched_none",80,TRUE,0.25,1,0,0,2.72363495826721
"coherent_weak","spatialSVP_matched_none",80,TRUE,0.25,1,0,0,2.58115100860596
"correlated_nonspatial","spatialSVP_matched_none",80,FALSE,0,NA,0,NA,2.84369516372681
"global_null","spatialSVP_matched_none",80,FALSE,0,NA,0,NA,2.43723893165588
"opposing_members","spatialSVP_matched_none",80,FALSE,0,0,0,0,2.45809125900269
"structured_background","spatialSVP_matched_none",80,TRUE,0.0833333333333333,NA,0.0833333333333333,NA,2.29623293876648
"coherent_strong","spatialSVP_matched_pcs",80,TRUE,0.0833333333333333,0.333333333333333,0,0,2.67758703231812
"coherent_weak","spatialSVP_matched_pcs",80,TRUE,0.25,1,0,0,2.76973795890808
"correlated_nonspatial","spatialSVP_matched_pcs",80,FALSE,0,NA,0,NA,2.58857202529907
"global_null","spatialSVP_matched_pcs",80,FALSE,0,NA,0,NA,2.55358171463013
"opposing_members","spatialSVP_matched_pcs",80,TRUE,0.166666666666667,0.666666666666667,0,0,2.50432133674622
"structured_background","spatialSVP_matched_pcs",80,FALSE,0,NA,0,NA,2.49184918403625
"coherent_strong","spatialSVP_permutation_none",80,TRUE,1,1,NA,NA,0.245887994766235
"coherent_weak","spatialSVP_permutation_none",80,TRUE,1,1,NA,NA,0.0846931934356689
"correlated_nonspatial","spatialSVP_permutation_none",80,FALSE,0,NA,0,NA,0.0672388076782227
"global_null","spatialSVP_permutation_none",80,FALSE,0,NA,0,NA,0.0763978958129883
"opposing_members","spatialSVP_permutation_none",80,TRUE,1,1,NA,NA,0.206528186798096
"structured_background","spatialSVP_permutation_none",80,TRUE,0.916666666666667,NA,NA,NA,0.220070123672485
"coherent_strong","spatialSVP_permutation_pcs",80,FALSE,0,0,NA,NA,0.0816922187805176
"coherent_weak","spatialSVP_permutation_pcs",80,TRUE,0.25,1,NA,NA,0.0838718414306641
"correlated_nonspatial","spatialSVP_permutation_pcs",80,FALSE,0,NA,0,NA,0.0765008926391602
"global_null","spatialSVP_permutation_pcs",80,FALSE,0,NA,0,NA,0.0755479335784912
"opposing_members","spatialSVP_permutation_pcs",80,TRUE,0.166666666666667,0.666666666666667,NA,NA,0.0802409648895264
"structured_background","spatialSVP_permutation_pcs",80,FALSE,0,NA,NA,NA,0.0788059234619141
"coherent_strong","SPARKX_ACAT",81,TRUE,1,1,NA,NA,2.42818593978882
"coherent_weak","SPARKX_ACAT",81,TRUE,1,1,NA,NA,2.45760297775269
"correlated_nonspatial","SPARKX_ACAT",81,FALSE,0,NA,0,NA,3.01555585861206
"global_null","SPARKX_ACAT",81,FALSE,0,NA,0,NA,2.5273289680481
"opposing_members","SPARKX_ACAT",81,TRUE,1,1,NA,NA,2.36772608757019
"structured_background","SPARKX_ACAT",81,TRUE,1,NA,NA,NA,2.14179706573486
"coherent_strong","SPARKX_fgsea",81,TRUE,0.166666666666667,0.666666666666667,0,0,0.202607870101929
"coherent_weak","SPARKX_fgsea",81,FALSE,0,0,0,0,0.158591985702515
"correlated_nonspatial","SPARKX_fgsea",81,TRUE,0.25,NA,0.25,NA,0.197992086410522
"global_null","SPARKX_fgsea",81,FALSE,0,NA,0,NA,0.166511058807373
"opposing_members","SPARKX_fgsea",81,TRUE,0.0833333333333333,0.333333333333333,0,0,0.2136390209198
"structured_background","SPARKX_fgsea",81,FALSE,0,NA,0,NA,0.16386079788208
"coherent_strong","STpathway_dCov",81,TRUE,1,1,NA,NA,0.341609001159668
"coherent_weak","STpathway_dCov",81,TRUE,1,1,NA,NA,0.337177991867065
"correlated_nonspatial","STpathway_dCov",81,FALSE,0,NA,0,NA,0.341040134429932
"global_null","STpathway_dCov",81,FALSE,0,NA,0,NA,0.320582866668701
"opposing_members","STpathway_dCov",81,TRUE,1,1,NA,NA,0.362422943115234
"structured_background","STpathway_dCov",81,TRUE,1,NA,NA,NA,0.348117828369141
"coherent_strong","spatialSVP_matched_none",81,TRUE,0.25,1,0,0,2.54362106323242
"coherent_weak","spatialSVP_matched_none",81,TRUE,0.25,1,0,0,2.7311806678772
"correlated_nonspatial","spatialSVP_matched_none",81,FALSE,0,NA,0,NA,2.50315189361572
"global_null","spatialSVP_matched_none",81,FALSE,0,NA,0,NA,2.55773305892944
"opposing_members","spatialSVP_matched_none",81,FALSE,0,0,0,0,2.54420399665833
"structured_background","spatialSVP_matched_none",81,FALSE,0,NA,0,NA,2.60738778114319
"coherent_strong","spatialSVP_matched_pcs",81,TRUE,0.0833333333333333,0.333333333333333,0,0,2.65550422668457
"coherent_weak","spatialSVP_matched_pcs",81,TRUE,0.25,1,0,0,2.85172176361084
"correlated_nonspatial","spatialSVP_matched_pcs",81,FALSE,0,NA,0,NA,2.46223092079163
"global_null","spatialSVP_matched_pcs",81,FALSE,0,NA,0,NA,2.42944526672363
"opposing_members","spatialSVP_matched_pcs",81,TRUE,0.166666666666667,0.666666666666667,0,0,2.61066293716431
"structured_background","spatialSVP_matched_pcs",81,FALSE,0,NA,0,NA,2.74714469909668
"coherent_strong","spatialSVP_permutation_none",81,TRUE,1,1,NA,NA,0.0843470096588135
"coherent_weak","spatialSVP_permutation_none",81,TRUE,0.916666666666667,1,NA,NA,0.0849640369415283
"correlated_nonspatial","spatialSVP_permutation_none",81,FALSE,0,NA,0,NA,0.0699470043182373
"global_null","spatialSVP_permutation_none",81,FALSE,0,NA,0,NA,0.0786850452423096
"opposing_members","spatialSVP_permutation_none",81,TRUE,1,1,NA,NA,0.0828039646148682
"structured_background","spatialSVP_permutation_none",81,TRUE,1,NA,NA,NA,0.0855369567871094
"coherent_strong","spatialSVP_permutation_pcs",81,FALSE,0,0,NA,NA,0.0802199840545654
"coherent_weak","spatialSVP_permutation_pcs",81,TRUE,0.25,1,NA,NA,0.0775818824768066
"correlated_nonspatial","spatialSVP_permutation_pcs",81,FALSE,0,NA,0,NA,0.0831139087677002
"global_null","spatialSVP_permutation_pcs",81,FALSE,0,NA,0,NA,0.0777981281280518
"opposing_members","spatialSVP_permutation_pcs",81,TRUE,0.166666666666667,0.666666666666667,NA,NA,0.0901310443878174
"structured_background","spatialSVP_permutation_pcs",81,FALSE,0,NA,NA,NA,0.0761010646820068
"coherent_strong","SPARKX_ACAT",82,TRUE,1,1,NA,NA,2.32373595237732
"coherent_weak","SPARKX_ACAT",82,TRUE,1,1,NA,NA,2.30376291275024
"correlated_nonspatial","SPARKX_ACAT",82,FALSE,0,NA,0,NA,2.96738505363464
"global_null","SPARKX_ACAT",82,FALSE,0,NA,0,NA,2.47740316390991
"opposing_members","SPARKX_ACAT",82,TRUE,1,1,NA,NA,2.29621505737305
"structured_background","SPARKX_ACAT",82,TRUE,1,NA,NA,NA,2.16360092163086
"coherent_strong","SPARKX_fgsea",82,TRUE,0.166666666666667,0.666666666666667,0,0,0.201142072677612
"coherent_weak","SPARKX_fgsea",82,FALSE,0,0,0,0,0.188934087753296
"correlated_nonspatial","SPARKX_fgsea",82,TRUE,0.166666666666667,NA,0.166666666666667,NA,0.290266036987305
"global_null","SPARKX_fgsea",82,FALSE,0,NA,0,NA,0.152251005172729
"opposing_members","SPARKX_fgsea",82,TRUE,0.0833333333333333,0.333333333333333,0,0,0.210329055786133
"structured_background","SPARKX_fgsea",82,FALSE,0,NA,0,NA,0.163736820220947
"coherent_strong","STpathway_dCov",82,TRUE,1,1,NA,NA,0.32989501953125
"coherent_weak","STpathway_dCov",82,TRUE,1,1,NA,NA,0.349459886550903
"correlated_nonspatial","STpathway_dCov",82,FALSE,0,NA,0,NA,0.356695890426636
"global_null","STpathway_dCov",82,FALSE,0,NA,0,NA,0.332303047180176
"opposing_members","STpathway_dCov",82,TRUE,1,1,NA,NA,0.367286920547485
"structured_background","STpathway_dCov",82,TRUE,1,NA,NA,NA,0.34334397315979
"coherent_strong","spatialSVP_matched_none",82,TRUE,0.25,1,0,0,2.59900116920471
"coherent_weak","spatialSVP_matched_none",82,TRUE,0.25,1,0,0,2.62825989723206
"correlated_nonspatial","spatialSVP_matched_none",82,FALSE,0,NA,0,NA,3.0075089931488
"global_null","spatialSVP_matched_none",82,FALSE,0,NA,0,NA,2.52500295639038
"opposing_members","spatialSVP_matched_none",82,FALSE,0,0,0,0,2.64404201507568
"structured_background","spatialSVP_matched_none",82,FALSE,0,NA,0,NA,2.43464374542236
"coherent_strong","spatialSVP_matched_pcs",82,FALSE,0,0,0,0,2.60235214233398
"coherent_weak","spatialSVP_matched_pcs",82,TRUE,0.25,1,0,0,2.76271104812622
"correlated_nonspatial","spatialSVP_matched_pcs",82,FALSE,0,NA,0,NA,2.76938700675964
"global_null","spatialSVP_matched_pcs",82,FALSE,0,NA,0,NA,2.46489787101746
"opposing_members","spatialSVP_matched_pcs",82,TRUE,0.0833333333333333,0.333333333333333,0,0,2.79443907737732
"structured_background","spatialSVP_matched_pcs",82,FALSE,0,NA,0,NA,2.64272999763489
"coherent_strong","spatialSVP_permutation_none",82,TRUE,1,1,NA,NA,0.0736968517303467
"coherent_weak","spatialSVP_permutation_none",82,TRUE,0.833333333333333,1,NA,NA,0.0809750556945801
"correlated_nonspatial","spatialSVP_permutation_none",82,FALSE,0,NA,0,NA,0.0883519649505615
"global_null","spatialSVP_permutation_none",82,FALSE,0,NA,0,NA,0.0742359161376953
"opposing_members","spatialSVP_permutation_none",82,TRUE,0.916666666666667,1,NA,NA,0.0965099334716797
"structured_background","spatialSVP_permutation_none",82,TRUE,0.916666666666667,NA,NA,NA,0.23023796081543
"coherent_strong","spatialSVP_permutation_pcs",82,FALSE,0,0,NA,NA,0.0646588802337646
"coherent_weak","spatialSVP_permutation_pcs",82,TRUE,0.25,1,NA,NA,0.0882048606872559
"correlated_nonspatial","spatialSVP_permutation_pcs",82,FALSE,0,NA,0,NA,0.0817039012908936
"global_null","spatialSVP_permutation_pcs",82,FALSE,0,NA,0,NA,0.0735418796539307
"opposing_members","spatialSVP_permutation_pcs",82,TRUE,0.0833333333333333,0.333333333333333,NA,NA,0.0843179225921631
"structured_background","spatialSVP_permutation_pcs",82,FALSE,0,NA,NA,NA,0.0770878791809082
"coherent_strong","SPARKX_ACAT",83,TRUE,1,1,NA,NA,2.36821699142456
"coherent_weak","SPARKX_ACAT",83,TRUE,1,1,NA,NA,2.22720003128052
"correlated_nonspatial","SPARKX_ACAT",83,FALSE,0,NA,0,NA,2.73153591156006
"global_null","SPARKX_ACAT",83,FALSE,0,NA,0,NA,2.55295395851135
"opposing_members","SPARKX_ACAT",83,TRUE,1,1,NA,NA,2.37211298942566
"structured_background","SPARKX_ACAT",83,TRUE,1,NA,NA,NA,2.23624491691589
"coherent_strong","SPARKX_fgsea",83,TRUE,0.166666666666667,0.666666666666667,0,0,0.207987070083618
"coherent_weak","SPARKX_fgsea",83,FALSE,0,0,0,0,0.178783893585205
"correlated_nonspatial","SPARKX_fgsea",83,FALSE,0,NA,0,NA,0.192909002304077
"global_null","SPARKX_fgsea",83,FALSE,0,NA,0,NA,0.170401096343994
"opposing_members","SPARKX_fgsea",83,TRUE,0.166666666666667,0.333333333333333,0.111111111111111,0.5,0.208502054214478
"structured_background","SPARKX_fgsea",83,FALSE,0,NA,0,NA,0.161354064941406
"coherent_strong","STpathway_dCov",83,TRUE,1,1,NA,NA,0.342374801635742
"coherent_weak","STpathway_dCov",83,TRUE,1,1,NA,NA,0.352051019668579
"correlated_nonspatial","STpathway_dCov",83,FALSE,0,NA,0,NA,0.339390993118286
"global_null","STpathway_dCov",83,FALSE,0,NA,0,NA,0.325058937072754
"opposing_members","STpathway_dCov",83,TRUE,1,1,NA,NA,0.354615926742554
"structured_background","STpathway_dCov",83,TRUE,1,NA,NA,NA,0.345925092697144
"coherent_strong","spatialSVP_matched_none",83,TRUE,0.333333333333333,1,0.111111111111111,0.25,2.50256991386414
"coherent_weak","spatialSVP_matched_none",83,TRUE,0.25,1,0,0,2.79984211921692
"correlated_nonspatial","spatialSVP_matched_none",83,FALSE,0,NA,0,NA,2.68129396438599
"global_null","spatialSVP_matched_none",83,FALSE,0,NA,0,NA,2.51213884353638
"opposing_members","spatialSVP_matched_none",83,FALSE,0,0,0,0,2.54204320907593
"structured_background","spatialSVP_matched_none",83,FALSE,0,NA,0,NA,2.70155096054077
"coherent_strong","spatialSVP_matched_pcs",83,FALSE,0,0,0,0,2.50157999992371
"coherent_weak","spatialSVP_matched_pcs",83,TRUE,0.25,1,0,0,2.84494709968567
"correlated_nonspatial","spatialSVP_matched_pcs",83,FALSE,0,NA,0,NA,2.53736186027527
"global_null","spatialSVP_matched_pcs",83,FALSE,0,NA,0,NA,2.64280796051025
"opposing_members","spatialSVP_matched_pcs",83,TRUE,0.333333333333333,1,0.111111111111111,0.25,2.54659700393677
"structured_background","spatialSVP_matched_pcs",83,FALSE,0,NA,0,NA,2.64992594718933
"coherent_strong","spatialSVP_permutation_none",83,TRUE,1,1,NA,NA,0.214345932006836
"coherent_weak","spatialSVP_permutation_none",83,TRUE,0.916666666666667,1,NA,NA,0.0821290016174316
"correlated_nonspatial","spatialSVP_permutation_none",83,FALSE,0,NA,0,NA,0.0769369602203369
"global_null","spatialSVP_permutation_none",83,FALSE,0,NA,0,NA,0.0717740058898926
"opposing_members","spatialSVP_permutation_none",83,TRUE,0.916666666666667,1,NA,NA,0.223871946334839
"structured_background","spatialSVP_permutation_none",83,TRUE,1,NA,NA,NA,0.0755808353424072
"coherent_strong","spatialSVP_permutation_pcs",83,FALSE,0,0,NA,NA,0.0729019641876221
"coherent_weak","spatialSVP_permutation_pcs",83,TRUE,0.25,1,NA,NA,0.0788390636444092
"correlated_nonspatial","spatialSVP_permutation_pcs",83,FALSE,0,NA,0,NA,0.215717077255249
"global_null","spatialSVP_permutation_pcs",83,FALSE,0,NA,0,NA,0.071552038192749
"opposing_members","spatialSVP_permutation_pcs",83,TRUE,0.0833333333333333,0.333333333333333,NA,NA,0.0874419212341309
"structured_background","spatialSVP_permutation_pcs",83,FALSE,0,NA,NA,NA,0.0856990814208984
"coherent_strong","SPARKX_ACAT",84,TRUE,1,1,NA,NA,2.28363013267517
"coherent_weak","SPARKX_ACAT",84,TRUE,1,1,NA,NA,2.4542989730835
"correlated_nonspatial","SPARKX_ACAT",84,FALSE,0,NA,0,NA,2.78225922584534
"global_null","SPARKX_ACAT",84,FALSE,0,NA,0,NA,2.66277289390564
"opposing_members","SPARKX_ACAT",84,TRUE,1,1,NA,NA,2.37097406387329
"structured_background","SPARKX_ACAT",84,TRUE,1,NA,NA,NA,2.2096209526062
"coherent_strong","SPARKX_fgsea",84,TRUE,0.0833333333333333,0.333333333333333,0,0,0.202919960021973
"coherent_weak","SPARKX_fgsea",84,FALSE,0,0,0,0,0.175163984298706
"correlated_nonspatial","SPARKX_fgsea",84,TRUE,0.0833333333333333,NA,0.0833333333333333,NA,0.220357894897461
"global_null","SPARKX_fgsea",84,FALSE,0,NA,0,NA,0.167291164398193
"opposing_members","SPARKX_fgsea",84,TRUE,0.0833333333333333,0.333333333333333,0,0,0.207233905792236
"structured_background","SPARKX_fgsea",84,FALSE,0,NA,0,NA,0.160214900970459
"coherent_strong","STpathway_dCov",84,TRUE,1,1,NA,NA,0.344522953033447
"coherent_weak","STpathway_dCov",84,TRUE,1,1,NA,NA,0.360759973526001
"correlated_nonspatial","STpathway_dCov",84,FALSE,0,NA,0,NA,0.360963106155396
"global_null","STpathway_dCov",84,FALSE,0,NA,0,NA,0.315927028656006
"opposing_members","STpathway_dCov",84,TRUE,1,1,NA,NA,0.355498075485229
"structured_background","STpathway_dCov",84,TRUE,1,NA,NA,NA,0.328223943710327
"coherent_strong","spatialSVP_matched_none",84,TRUE,0.25,1,0,0,2.65955018997192
"coherent_weak","spatialSVP_matched_none",84,TRUE,0.25,1,0,0,2.67433190345764
"correlated_nonspatial","spatialSVP_matched_none",84,FALSE,0,NA,0,NA,2.73292398452759
"global_null","spatialSVP_matched_none",84,FALSE,0,NA,0,NA,2.32779479026794
"opposing_members","spatialSVP_matched_none",84,TRUE,0.0833333333333333,0,0.111111111111111,1,3.15151405334473
"structured_background","spatialSVP_matched_none",84,FALSE,0,NA,0,NA,2.52770924568176
"coherent_strong","spatialSVP_matched_pcs",84,FALSE,0,0,0,0,2.52224898338318
"coherent_weak","spatialSVP_matched_pcs",84,TRUE,0.166666666666667,0.666666666666667,0,0,2.72538900375366
"correlated_nonspatial","spatialSVP_matched_pcs",84,FALSE,0,NA,0,NA,2.57956385612488
"global_null","spatialSVP_matched_pcs",84,FALSE,0,NA,0,NA,2.34428977966309
"opposing_members","spatialSVP_matched_pcs",84,TRUE,0.166666666666667,0.666666666666667,0,0,2.88789224624634
"structured_background","spatialSVP_matched_pcs",84,FALSE,0,NA,0,NA,2.66655015945435
"coherent_strong","spatialSVP_permutation_none",84,TRUE,1,1,NA,NA,0.0829329490661621
"coherent_weak","spatialSVP_permutation_none",84,TRUE,0.916666666666667,1,NA,NA,0.0648360252380371
"correlated_nonspatial","spatialSVP_permutation_none",84,FALSE,0,NA,0,NA,0.0694019794464111
"global_null","spatialSVP_permutation_none",84,FALSE,0,NA,0,NA,0.212794780731201
"opposing_members","spatialSVP_permutation_none",84,TRUE,1,1,NA,NA,0.101325035095215
"structured_background","spatialSVP_permutation_none",84,TRUE,0.833333333333333,NA,NA,NA,0.0635459423065186
"coherent_strong","spatialSVP_permutation_pcs",84,FALSE,0,0,NA,NA,0.0722000598907471
"coherent_weak","spatialSVP_permutation_pcs",84,TRUE,0.166666666666667,0.666666666666667,NA,NA,0.0650429725646973
"correlated_nonspatial","spatialSVP_permutation_pcs",84,FALSE,0,NA,0,NA,0.0770370960235596
"global_null","spatialSVP_permutation_pcs",84,FALSE,0,NA,0,NA,0.211205005645752
"opposing_members","spatialSVP_permutation_pcs",84,TRUE,0.0833333333333333,0.333333333333333,NA,NA,0.094045877456665
"structured_background","spatialSVP_permutation_pcs",84,FALSE,0,NA,NA,NA,0.0813181400299072
"coherent_strong","SPARKX_ACAT",85,TRUE,1,1,NA,NA,2.35024499893188
"coherent_weak","SPARKX_ACAT",85,TRUE,1,1,NA,NA,2.53846597671509
"correlated_nonspatial","SPARKX_ACAT",85,FALSE,0,NA,0,NA,2.91175413131714
"global_null","SPARKX_ACAT",85,FALSE,0,NA,0,NA,2.58272695541382
"opposing_members","SPARKX_ACAT",85,TRUE,1,1,NA,NA,2.25488090515137
"structured_background","SPARKX_ACAT",85,TRUE,1,NA,NA,NA,2.31912302970886
"coherent_strong","SPARKX_fgsea",85,TRUE,0.166666666666667,0.666666666666667,0,0,0.215075969696045
"coherent_weak","SPARKX_fgsea",85,FALSE,0,0,0,0,0.162251949310303
"correlated_nonspatial","SPARKX_fgsea",85,TRUE,0.0833333333333333,NA,0.0833333333333333,NA,0.182679176330566
"global_null","SPARKX_fgsea",85,FALSE,0,NA,0,NA,0.178615808486938
"opposing_members","SPARKX_fgsea",85,TRUE,0.0833333333333333,0.333333333333333,0,0,0.219068050384521
"structured_background","SPARKX_fgsea",85,FALSE,0,NA,0,NA,0.180526971817017
"coherent_strong","STpathway_dCov",85,TRUE,1,1,NA,NA,0.340168952941895
"coherent_weak","STpathway_dCov",85,TRUE,1,1,NA,NA,0.342832088470459
"correlated_nonspatial","STpathway_dCov",85,FALSE,0,NA,0,NA,0.331137895584106
"global_null","STpathway_dCov",85,FALSE,0,NA,0,NA,0.334648132324219
"opposing_members","STpathway_dCov",85,TRUE,1,1,NA,NA,0.35929012298584
"structured_background","STpathway_dCov",85,TRUE,1,NA,NA,NA,0.344244956970215
"coherent_strong","spatialSVP_matched_none",85,TRUE,0.333333333333333,1,0.111111111111111,0.25,2.58857178688049
"coherent_weak","spatialSVP_matched_none",85,TRUE,0.25,1,0,0,2.6702721118927
"correlated_nonspatial","spatialSVP_matched_none",85,FALSE,0,NA,0,NA,2.65965366363525
"global_null","spatialSVP_matched_none",85,FALSE,0,NA,0,NA,2.47672986984253
"opposing_members","spatialSVP_matched_none",85,FALSE,0,0,0,0,2.65910315513611
"structured_background","spatialSVP_matched_none",85,FALSE,0,NA,0,NA,2.63416910171509
"coherent_strong","spatialSVP_matched_pcs",85,FALSE,0,0,0,0,2.74173974990845
"coherent_weak","spatialSVP_matched_pcs",85,TRUE,0.25,1,0,0,2.78631615638733
"correlated_nonspatial","spatialSVP_matched_pcs",85,FALSE,0,NA,0,NA,2.52955484390259
"global_null","spatialSVP_matched_pcs",85,FALSE,0,NA,0,NA,2.58159112930298
"opposing_members","spatialSVP_matched_pcs",85,TRUE,0.0833333333333333,0.333333333333333,0,0,2.72404217720032
"structured_background","spatialSVP_matched_pcs",85,FALSE,0,NA,0,NA,2.77315926551819
"coherent_strong","spatialSVP_permutation_none",85,TRUE,0.916666666666667,1,NA,NA,0.076934814453125
"coherent_weak","spatialSVP_permutation_none",85,TRUE,1,1,NA,NA,0.0867419242858887
"correlated_nonspatial","spatialSVP_permutation_none",85,FALSE,0,NA,0,NA,0.213088989257812
"global_null","spatialSVP_permutation_none",85,FALSE,0,NA,0,NA,0.0801048278808594
"opposing_members","spatialSVP_permutation_none",85,TRUE,0.833333333333333,1,NA,NA,0.086946964263916
"structured_background","spatialSVP_permutation_none",85,TRUE,0.833333333333333,NA,NA,NA,0.089094877243042
"coherent_strong","spatialSVP_permutation_pcs",85,FALSE,0,0,NA,NA,0.093113899230957
"coherent_weak","spatialSVP_permutation_pcs",85,TRUE,0.25,1,NA,NA,0.0887839794158936
"correlated_nonspatial","spatialSVP_permutation_pcs",85,FALSE,0,NA,0,NA,0.0897901058197021
"global_null","spatialSVP_permutation_pcs",85,FALSE,0,NA,0,NA,0.0728440284729004
"opposing_members","spatialSVP_permutation_pcs",85,TRUE,0.0833333333333333,0.333333333333333,NA,NA,0.214844942092896
"structured_background","spatialSVP_permutation_pcs",85,FALSE,0,NA,NA,NA,0.0749599933624268
"coherent_strong","SPARKX_ACAT",86,TRUE,1,1,NA,NA,2.26787209510803
"coherent_weak","SPARKX_ACAT",86,TRUE,1,1,NA,NA,2.21737003326416
"correlated_nonspatial","SPARKX_ACAT",86,FALSE,0,NA,0,NA,2.59930205345154
"global_null","SPARKX_ACAT",86,FALSE,0,NA,0,NA,2.50645089149475
"opposing_members","SPARKX_ACAT",86,TRUE,1,1,NA,NA,2.37984418869019
"structured_background","SPARKX_ACAT",86,TRUE,1,NA,NA,NA,2.35719799995422
"coherent_strong","SPARKX_fgsea",86,TRUE,0.0833333333333333,0.333333333333333,0,0,0.208721160888672
"coherent_weak","SPARKX_fgsea",86,FALSE,0,0,0,0,0.179274082183838
"correlated_nonspatial","SPARKX_fgsea",86,FALSE,0,NA,0,NA,0.18901801109314
"global_null","SPARKX_fgsea",86,FALSE,0,NA,0,NA,0.157290935516357
"opposing_members","SPARKX_fgsea",86,TRUE,0.0833333333333333,0.333333333333333,0,0,0.199727058410645
"structured_background","SPARKX_fgsea",86,FALSE,0,NA,0,NA,0.174508810043335
"coherent_strong","STpathway_dCov",86,TRUE,1,1,NA,NA,0.348564863204956
"coherent_weak","STpathway_dCov",86,TRUE,1,1,NA,NA,0.329810857772827
"correlated_nonspatial","STpathway_dCov",86,FALSE,0,NA,0,NA,0.353919982910156
"global_null","STpathway_dCov",86,FALSE,0,NA,0,NA,0.32558798789978
"opposing_members","STpathway_dCov",86,TRUE,1,1,NA,NA,0.342115879058838
"structured_background","STpathway_dCov",86,TRUE,1,NA,NA,NA,0.346428871154785
"coherent_strong","spatialSVP_matched_none",86,TRUE,0.25,1,0,0,2.74157381057739
"coherent_weak","spatialSVP_matched_none",86,TRUE,0.25,1,0,0,2.61526989936829
"correlated_nonspatial","spatialSVP_matched_none",86,FALSE,0,NA,0,NA,2.45267796516418
"global_null","spatialSVP_matched_none",86,FALSE,0,NA,0,NA,2.46481919288635
"opposing_members","spatialSVP_matched_none",86,FALSE,0,0,0,0,2.48597192764282
"structured_background","spatialSVP_matched_none",86,FALSE,0,NA,0,NA,2.85452008247375
"coherent_strong","spatialSVP_matched_pcs",86,TRUE,0.0833333333333333,0.333333333333333,0,0,2.6272599697113
"coherent_weak","spatialSVP_matched_pcs",86,TRUE,0.25,1,0,0,2.77568578720093
"correlated_nonspatial","spatialSVP_matched_pcs",86,FALSE,0,NA,0,NA,2.58669519424438
"global_null","spatialSVP_matched_pcs",86,TRUE,0.0833333333333333,NA,0.0833333333333333,NA,2.44526314735413
"opposing_members","spatialSVP_matched_pcs",86,TRUE,0.166666666666667,0.666666666666667,0,0,2.65238785743713
"structured_background","spatialSVP_matched_pcs",86,FALSE,0,NA,0,NA,2.83828401565552
"coherent_strong","spatialSVP_permutation_none",86,TRUE,1,1,NA,NA,0.0732979774475098
"coherent_weak","spatialSVP_permutation_none",86,TRUE,1,1,NA,NA,0.0920250415802002
"correlated_nonspatial","spatialSVP_permutation_none",86,FALSE,0,NA,0,NA,0.0773191452026367
"global_null","spatialSVP_permutation_none",86,TRUE,0.0833333333333333,NA,0.0833333333333333,NA,0.080219030380249
"opposing_members","spatialSVP_permutation_none",86,TRUE,0.916666666666667,1,NA,NA,0.0805501937866211
"structured_background","spatialSVP_permutation_none",86,TRUE,0.916666666666667,NA,NA,NA,0.0815179347991943
"coherent_strong","spatialSVP_permutation_pcs",86,FALSE,0,0,NA,NA,0.0879158973693848
"coherent_weak","spatialSVP_permutation_pcs",86,TRUE,0.25,1,NA,NA,0.0993001461029053
"correlated_nonspatial","spatialSVP_permutation_pcs",86,FALSE,0,NA,0,NA,0.0745260715484619
"global_null","spatialSVP_permutation_pcs",86,TRUE,0.0833333333333333,NA,0.0833333333333333,NA,0.0745878219604492
"opposing_members","spatialSVP_permutation_pcs",86,TRUE,0.166666666666667,0.666666666666667,NA,NA,0.0834050178527832
"structured_background","spatialSVP_permutation_pcs",86,FALSE,0,NA,NA,NA,0.06974196434021
"coherent_strong","SPARKX_ACAT",87,TRUE,1,1,NA,NA,2.2988440990448
"coherent_weak","SPARKX_ACAT",87,TRUE,1,1,NA,NA,2.48380088806152
"correlated_nonspatial","SPARKX_ACAT",87,FALSE,0,NA,0,NA,2.73100614547729
"global_null","SPARKX_ACAT",87,FALSE,0,NA,0,NA,2.58036279678345
"opposing_members","SPARKX_ACAT",87,TRUE,1,1,NA,NA,2.30991101264954
"structured_background","SPARKX_ACAT",87,TRUE,1,NA,NA,NA,2.29121804237366
"coherent_strong","SPARKX_fgsea",87,TRUE,0.0833333333333333,0.333333333333333,0,0,0.211319923400879
"coherent_weak","SPARKX_fgsea",87,FALSE,0,0,0,0,0.184927940368652
"correlated_nonspatial","SPARKX_fgsea",87,TRUE,0.166666666666667,NA,0.166666666666667,NA,0.206676006317139
"global_null","SPARKX_fgsea",87,FALSE,0,NA,0,NA,0.187381982803345
"opposing_members","SPARKX_fgsea",87,TRUE,0.0833333333333333,0.333333333333333,0,0,0.199113130569458
"structured_background","SPARKX_fgsea",87,FALSE,0,NA,0,NA,0.169440031051636
"coherent_strong","STpathway_dCov",87,TRUE,1,1,NA,NA,0.346411943435669
"coherent_weak","STpathway_dCov",87,TRUE,1,1,NA,NA,0.366851091384888
"correlated_nonspatial","STpathway_dCov",87,FALSE,0,NA,0,NA,0.342905044555664
"global_null","STpathway_dCov",87,FALSE,0,NA,0,NA,0.330918073654175
"opposing_members","STpathway_dCov",87,TRUE,1,1,NA,NA,0.378586053848267
"structured_background","STpathway_dCov",87,TRUE,1,NA,NA,NA,0.336853981018066
"coherent_strong","spatialSVP_matched_none",87,TRUE,0.25,1,0,0,2.64075779914856
"coherent_weak","spatialSVP_matched_none",87,TRUE,0.25,1,0,0,2.61743211746216
"correlated_nonspatial","spatialSVP_matched_none",87,FALSE,0,NA,0,NA,2.79692721366882
"global_null","spatialSVP_matched_none",87,FALSE,0,NA,0,NA,2.49502801895142
"opposing_members","spatialSVP_matched_none",87,FALSE,0,0,0,0,2.46975517272949
"structured_background","spatialSVP_matched_none",87,FALSE,0,NA,0,NA,2.59920001029968
"coherent_strong","spatialSVP_matched_pcs",87,FALSE,0,0,0,0,2.51788878440857
"coherent_weak","spatialSVP_matched_pcs",87,TRUE,0.25,1,0,0,2.90923118591309
"correlated_nonspatial","spatialSVP_matched_pcs",87,FALSE,0,NA,0,NA,2.68578100204468
"global_null","spatialSVP_matched_pcs",87,FALSE,0,NA,0,NA,2.46986198425293
"opposing_members","spatialSVP_matched_pcs",87,TRUE,0.0833333333333333,0.333333333333333,0,0,2.6500780582428
"structured_background","spatialSVP_matched_pcs",87,FALSE,0,NA,0,NA,2.80774283409119
"coherent_strong","spatialSVP_permutation_none",87,TRUE,1,1,NA,NA,0.203786849975586
"coherent_weak","spatialSVP_permutation_none",87,TRUE,1,1,NA,NA,0.095689058303833
"correlated_nonspatial","spatialSVP_permutation_none",87,FALSE,0,NA,0,NA,0.0849390029907227
"global_null","spatialSVP_permutation_none",87,FALSE,0,NA,0,NA,0.20191502571106
"opposing_members","spatialSVP_permutation_none",87,TRUE,0.916666666666667,1,NA,NA,0.0764279365539551
"structured_background","spatialSVP_permutation_none",87,TRUE,0.916666666666667,NA,NA,NA,0.0773599147796631
"coherent_strong","spatialSVP_permutation_pcs",87,FALSE,0,0,NA,NA,0.085151195526123
"coherent_weak","spatialSVP_permutation_pcs",87,TRUE,0.25,1,NA,NA,0.0790820121765137
"correlated_nonspatial","spatialSVP_permutation_pcs",87,FALSE,0,NA,0,NA,0.0786490440368652
"global_null","spatialSVP_permutation_pcs",87,FALSE,0,NA,0,NA,0.191831827163696
"opposing_members","spatialSVP_permutation_pcs",87,TRUE,0.0833333333333333,0.333333333333333,NA,NA,0.0770280361175537
"structured_background","spatialSVP_permutation_pcs",87,FALSE,0,NA,NA,NA,0.0795490741729736
"coherent_strong","SPARKX_ACAT",88,TRUE,1,1,NA,NA,2.26816082000732
"coherent_weak","SPARKX_ACAT",88,TRUE,1,1,NA,NA,2.39005208015442
"correlated_nonspatial","SPARKX_ACAT",88,FALSE,0,NA,0,NA,2.8232798576355
"global_null","SPARKX_ACAT",88,FALSE,0,NA,0,NA,2.60981321334839
"opposing_members","SPARKX_ACAT",88,TRUE,1,1,NA,NA,2.36131906509399
"structured_background","SPARKX_ACAT",88,TRUE,1,NA,NA,NA,2.23989987373352
"coherent_strong","SPARKX_fgsea",88,TRUE,0.166666666666667,0.666666666666667,0,0,0.216953992843628
"coherent_weak","SPARKX_fgsea",88,FALSE,0,0,0,0,0.205999135971069
"correlated_nonspatial","SPARKX_fgsea",88,FALSE,0,NA,0,NA,0.179984092712402
"global_null","SPARKX_fgsea",88,FALSE,0,NA,0,NA,0.156075000762939
"opposing_members","SPARKX_fgsea",88,TRUE,0.0833333333333333,0.333333333333333,0,0,0.195529937744141
"structured_background","SPARKX_fgsea",88,FALSE,0,NA,0,NA,0.18100118637085
"coherent_strong","STpathway_dCov",88,TRUE,1,1,NA,NA,0.331167221069336
"coherent_weak","STpathway_dCov",88,TRUE,1,1,NA,NA,0.35667896270752
"correlated_nonspatial","STpathway_dCov",88,FALSE,0,NA,0,NA,0.353060007095337
"global_null","STpathway_dCov",88,FALSE,0,NA,0,NA,0.31479287147522
"opposing_members","STpathway_dCov",88,TRUE,1,1,NA,NA,0.359029054641724
"structured_background","STpathway_dCov",88,TRUE,1,NA,NA,NA,0.344717979431152
"coherent_strong","spatialSVP_matched_none",88,TRUE,0.416666666666667,1,0.222222222222222,0.4,2.69343519210815
"coherent_weak","spatialSVP_matched_none",88,TRUE,0.25,1,0,0,2.67808890342712
"correlated_nonspatial","spatialSVP_matched_none",88,FALSE,0,NA,0,NA,2.60622096061707
"global_null","spatialSVP_matched_none",88,FALSE,0,NA,0,NA,2.67569208145142
"opposing_members","spatialSVP_matched_none",88,FALSE,0,0,0,0,2.53442311286926
"structured_background","spatialSVP_matched_none",88,FALSE,0,NA,0,NA,2.59748697280884
"coherent_strong","spatialSVP_matched_pcs",88,FALSE,0,0,0,0,2.70726227760315
"coherent_weak","spatialSVP_matched_pcs",88,TRUE,0.25,1,0,0,2.78496503829956
"correlated_nonspatial","spatialSVP_matched_pcs",88,FALSE,0,NA,0,NA,2.63294720649719
"global_null","spatialSVP_matched_pcs",88,FALSE,0,NA,0,NA,2.42824816703796
"opposing_members","spatialSVP_matched_pcs",88,TRUE,0.25,1,0,0,2.54543209075928
"structured_background","spatialSVP_matched_pcs",88,FALSE,0,NA,0,NA,2.62541198730469
"coherent_strong","spatialSVP_permutation_none",88,TRUE,1,1,NA,NA,0.0711328983306885
"coherent_weak","spatialSVP_permutation_none",88,TRUE,1,1,NA,NA,0.073829174041748
"correlated_nonspatial","spatialSVP_permutation_none",88,FALSE,0,NA,0,NA,0.0741419792175293
"global_null","spatialSVP_permutation_none",88,FALSE,0,NA,0,NA,0.0636870861053467
"opposing_members","spatialSVP_permutation_none",88,TRUE,1,1,NA,NA,0.207972049713135
"structured_background","spatialSVP_permutation_none",88,TRUE,0.833333333333333,NA,NA,NA,0.0688619613647461
"coherent_strong","spatialSVP_permutation_pcs",88,FALSE,0,0,NA,NA,0.0751030445098877
"coherent_weak","spatialSVP_permutation_pcs",88,TRUE,0.25,1,NA,NA,0.0699989795684814
"correlated_nonspatial","spatialSVP_permutation_pcs",88,FALSE,0,NA,0,NA,0.0834419727325439
"global_null","spatialSVP_permutation_pcs",88,FALSE,0,NA,0,NA,0.0770449638366699
"opposing_members","spatialSVP_permutation_pcs",88,TRUE,0.25,1,NA,NA,0.233722925186157
"structured_background","spatialSVP_permutation_pcs",88,FALSE,0,NA,NA,NA,0.10191011428833
"coherent_strong","SPARKX_ACAT",89,TRUE,1,1,NA,NA,2.47902989387512
"coherent_weak","SPARKX_ACAT",89,TRUE,1,1,NA,NA,2.34933519363403
"correlated_nonspatial","SPARKX_ACAT",89,FALSE,0,NA,0,NA,3.02094388008118
"global_null","SPARKX_ACAT",89,FALSE,0,NA,0,NA,2.59715390205383
"opposing_members","SPARKX_ACAT",89,TRUE,1,1,NA,NA,2.21155691146851
"structured_background","SPARKX_ACAT",89,TRUE,1,NA,NA,NA,2.35387206077576
"coherent_strong","SPARKX_fgsea",89,TRUE,0.166666666666667,0.666666666666667,0,0,0.20806097984314
"coherent_weak","SPARKX_fgsea",89,FALSE,0,0,0,0,0.190902948379517
"correlated_nonspatial","SPARKX_fgsea",89,TRUE,0.166666666666667,NA,0.166666666666667,NA,0.219733953475952
"global_null","SPARKX_fgsea",89,FALSE,0,NA,0,NA,0.166944026947021
"opposing_members","SPARKX_fgsea",89,TRUE,0.0833333333333333,0.333333333333333,0,0,0.1999831199646
"structured_background","SPARKX_fgsea",89,FALSE,0,NA,0,NA,0.144374847412109
"coherent_strong","STpathway_dCov",89,TRUE,1,1,NA,NA,0.338079214096069
"coherent_weak","STpathway_dCov",89,TRUE,1,1,NA,NA,0.345592021942139
"correlated_nonspatial","STpathway_dCov",89,FALSE,0,NA,0,NA,0.339961051940918
"global_null","STpathway_dCov",89,FALSE,0,NA,0,NA,0.326205968856812
"opposing_members","STpathway_dCov",89,TRUE,1,1,NA,NA,0.345458984375
"structured_background","STpathway_dCov",89,TRUE,1,NA,NA,NA,0.338096857070923
"coherent_strong","spatialSVP_matched_none",89,TRUE,0.25,1,0,0,2.58208990097046
"coherent_weak","spatialSVP_matched_none",89,TRUE,0.333333333333333,1,0.111111111111111,0.25,2.87247776985168
"correlated_nonspatial","spatialSVP_matched_none",89,FALSE,0,NA,0,NA,2.70079708099365
"global_null","spatialSVP_matched_none",89,FALSE,0,NA,0,NA,2.61832189559937
"opposing_members","spatialSVP_matched_none",89,FALSE,0,0,0,0,2.75644302368164
"structured_background","spatialSVP_matched_none",89,TRUE,0.0833333333333333,NA,0.0833333333333333,NA,2.58995294570923
"coherent_strong","spatialSVP_matched_pcs",89,FALSE,0,0,0,0,2.39570474624634
"coherent_weak","spatialSVP_matched_pcs",89,TRUE,0.25,1,0,0,2.67497682571411
"correlated_nonspatial","spatialSVP_matched_pcs",89,FALSE,0,NA,0,NA,2.64927887916565
"global_null","spatialSVP_matched_pcs",89,FALSE,0,NA,0,NA,2.44134283065796
"opposing_members","spatialSVP_matched_pcs",89,TRUE,0.166666666666667,0.666666666666667,0,0,2.52734923362732
"structured_background","spatialSVP_matched_pcs",89,FALSE,0,NA,0,NA,2.70757818222046
"coherent_strong","spatialSVP_permutation_none",89,TRUE,1,1,NA,NA,0.204957008361816
"coherent_weak","spatialSVP_permutation_none",89,TRUE,1,1,NA,NA,0.208189010620117
"correlated_nonspatial","spatialSVP_permutation_none",89,FALSE,0,NA,0,NA,0.221711874008179
"global_null","spatialSVP_permutation_none",89,FALSE,0,NA,0,NA,0.0765810012817383
"opposing_members","spatialSVP_permutation_none",89,TRUE,0.833333333333333,1,NA,NA,0.216800212860107
"structured_background","spatialSVP_permutation_none",89,TRUE,1,NA,NA,NA,0.0934109687805176
"coherent_strong","spatialSVP_permutation_pcs",89,FALSE,0,0,NA,NA,0.218108892440796
"coherent_weak","spatialSVP_permutation_pcs",89,TRUE,0.25,1,NA,NA,0.081928014755249
"correlated_nonspatial","spatialSVP_permutation_pcs",89,FALSE,0,NA,0,NA,0.0764210224151611
"global_null","spatialSVP_permutation_pcs",89,FALSE,0,NA,0,NA,0.074955940246582
"opposing_members","spatialSVP_permutation_pcs",89,TRUE,0.166666666666667,0.666666666666667,NA,NA,0.0776100158691406
"structured_background","spatialSVP_permutation_pcs",89,FALSE,0,NA,NA,NA,0.079369068145752
"coherent_strong","SPARKX_ACAT",90,TRUE,1,1,NA,NA,2.29800486564636
"coherent_weak","SPARKX_ACAT",90,TRUE,1,1,NA,NA,2.40773701667786
"correlated_nonspatial","SPARKX_ACAT",90,FALSE,0,NA,0,NA,2.90400195121765
"global_null","SPARKX_ACAT",90,FALSE,0,NA,0,NA,2.63360190391541
"opposing_members","SPARKX_ACAT",90,TRUE,1,1,NA,NA,2.25497913360596
"structured_background","SPARKX_ACAT",90,TRUE,1,NA,NA,NA,2.27253699302673
"coherent_strong","SPARKX_fgsea",90,TRUE,0.0833333333333333,0.333333333333333,0,0,0.216382026672363
"coherent_weak","SPARKX_fgsea",90,FALSE,0,0,0,0,0.195685148239136
"correlated_nonspatial","SPARKX_fgsea",90,TRUE,0.166666666666667,NA,0.166666666666667,NA,0.249380111694336
"global_null","SPARKX_fgsea",90,FALSE,0,NA,0,NA,0.156919002532959
"opposing_members","SPARKX_fgsea",90,TRUE,0.0833333333333333,0.333333333333333,0,0,0.189181089401245
"structured_background","SPARKX_fgsea",90,FALSE,0,NA,0,NA,0.184660911560059
"coherent_strong","STpathway_dCov",90,TRUE,1,1,NA,NA,0.335947036743164
"coherent_weak","STpathway_dCov",90,TRUE,1,1,NA,NA,0.354717969894409
"correlated_nonspatial","STpathway_dCov",90,FALSE,0,NA,0,NA,0.359241962432861
"global_null","STpathway_dCov",90,FALSE,0,NA,0,NA,0.323037147521973
"opposing_members","STpathway_dCov",90,TRUE,1,1,NA,NA,0.344213962554932
"structured_background","STpathway_dCov",90,TRUE,1,NA,NA,NA,0.347795009613037
"coherent_strong","spatialSVP_matched_none",90,TRUE,0.333333333333333,1,0.111111111111111,0.25,2.88817405700684
"coherent_weak","spatialSVP_matched_none",90,TRUE,0.25,1,0,0,2.84406805038452
"correlated_nonspatial","spatialSVP_matched_none",90,FALSE,0,NA,0,NA,2.60129690170288
"global_null","spatialSVP_matched_none",90,FALSE,0,NA,0,NA,2.40303373336792
"opposing_members","spatialSVP_matched_none",90,FALSE,0,0,0,0,2.8375780582428
"structured_background","spatialSVP_matched_none",90,FALSE,0,NA,0,NA,2.54391098022461
"coherent_strong","spatialSVP_matched_pcs",90,FALSE,0,0,0,0,2.98229193687439
"coherent_weak","spatialSVP_matched_pcs",90,TRUE,0.25,1,0,0,2.66103100776672
"correlated_nonspatial","spatialSVP_matched_pcs",90,FALSE,0,NA,0,NA,2.60537910461426
"global_null","spatialSVP_matched_pcs",90,FALSE,0,NA,0,NA,2.5591516494751
"opposing_members","spatialSVP_matched_pcs",90,TRUE,0.25,1,0,0,2.57008910179138
"structured_background","spatialSVP_matched_pcs",90,FALSE,0,NA,0,NA,2.53509116172791
"coherent_strong","spatialSVP_permutation_none",90,TRUE,1,1,NA,NA,0.0944299697875977
"coherent_weak","spatialSVP_permutation_none",90,TRUE,0.916666666666667,1,NA,NA,0.0781009197235107
"correlated_nonspatial","spatialSVP_permutation_none",90,FALSE,0,NA,0,NA,0.221246004104614
"global_null","spatialSVP_permutation_none",90,FALSE,0,NA,0,NA,0.0768051147460938
"opposing_members","spatialSVP_permutation_none",90,TRUE,0.833333333333333,1,NA,NA,0.0609498023986816
"structured_background","spatialSVP_permutation_none",90,TRUE,1,NA,NA,NA,0.0691819190979004
"coherent_strong","spatialSVP_permutation_pcs",90,FALSE,0,0,NA,NA,0.0777928829193115
"coherent_weak","spatialSVP_permutation_pcs",90,TRUE,0.25,1,NA,NA,0.0825588703155518
"correlated_nonspatial","spatialSVP_permutation_pcs",90,FALSE,0,NA,0,NA,0.0903890132904053
"global_null","spatialSVP_permutation_pcs",90,FALSE,0,NA,0,NA,0.0638549327850342
"opposing_members","spatialSVP_permutation_pcs",90,TRUE,0.166666666666667,0.666666666666667,NA,NA,0.0928688049316406
"structured_background","spatialSVP_permutation_pcs",90,FALSE,0,NA,NA,NA,0.104733943939209
"coherent_strong","SPARKX_ACAT",91,TRUE,1,1,NA,NA,2.42128896713257
"coherent_weak","SPARKX_ACAT",91,TRUE,1,1,NA,NA,2.436842918396
"correlated_nonspatial","SPARKX_ACAT",91,FALSE,0,NA,0,NA,2.94403409957886
"global_null","SPARKX_ACAT",91,FALSE,0,NA,0,NA,2.52136707305908
"opposing_members","SPARKX_ACAT",91,TRUE,1,1,NA,NA,2.3510901927948
"structured_background","SPARKX_ACAT",91,TRUE,1,NA,NA,NA,2.20434594154358
"coherent_strong","SPARKX_fgsea",91,TRUE,0.0833333333333333,0.333333333333333,0,0,0.212473154067993
"coherent_weak","SPARKX_fgsea",91,FALSE,0,0,0,0,0.196017980575562
"correlated_nonspatial","SPARKX_fgsea",91,TRUE,0.166666666666667,NA,0.166666666666667,NA,0.228691816329956
"global_null","SPARKX_fgsea",91,FALSE,0,NA,0,NA,0.16812801361084
"opposing_members","SPARKX_fgsea",91,TRUE,0.0833333333333333,0.333333333333333,0,0,0.197227954864502
"structured_background","SPARKX_fgsea",91,FALSE,0,NA,0,NA,0.176573991775513
"coherent_strong","STpathway_dCov",91,TRUE,1,1,NA,NA,0.354990005493164
"coherent_weak","STpathway_dCov",91,TRUE,1,1,NA,NA,0.364370107650757
"correlated_nonspatial","STpathway_dCov",91,FALSE,0,NA,0,NA,0.334707975387573
"global_null","STpathway_dCov",91,FALSE,0,NA,0,NA,0.340524911880493
"opposing_members","STpathway_dCov",91,TRUE,1,1,NA,NA,0.322745084762573
"structured_background","STpathway_dCov",91,TRUE,1,NA,NA,NA,0.348730802536011
"coherent_strong","spatialSVP_matched_none",91,TRUE,0.333333333333333,1,0.111111111111111,0.25,2.72782897949219
"coherent_weak","spatialSVP_matched_none",91,TRUE,0.333333333333333,1,0.111111111111111,0.25,2.69477105140686
"correlated_nonspatial","spatialSVP_matched_none",91,FALSE,0,NA,0,NA,2.56313300132751
"global_null","spatialSVP_matched_none",91,FALSE,0,NA,0,NA,2.6863431930542
"opposing_members","spatialSVP_matched_none",91,FALSE,0,0,0,0,2.52987313270569
"structured_background","spatialSVP_matched_none",91,FALSE,0,NA,0,NA,2.6942126750946
"coherent_strong","spatialSVP_matched_pcs",91,FALSE,0,0,0,0,2.54548788070679
"coherent_weak","spatialSVP_matched_pcs",91,TRUE,0.25,1,0,0,2.77919793128967
"correlated_nonspatial","spatialSVP_matched_pcs",91,FALSE,0,NA,0,NA,2.70543098449707
"global_null","spatialSVP_matched_pcs",91,FALSE,0,NA,0,NA,2.54584240913391
"opposing_members","spatialSVP_matched_pcs",91,TRUE,0.25,1,0,0,2.67618918418884
"structured_background","spatialSVP_matched_pcs",91,FALSE,0,NA,0,NA,2.80513596534729
"coherent_strong","spatialSVP_permutation_none",91,TRUE,1,1,NA,NA,0.212536811828613
"coherent_weak","spatialSVP_permutation_none",91,TRUE,1,1,NA,NA,0.0856449604034424
"correlated_nonspatial","spatialSVP_permutation_none",91,FALSE,0,NA,0,NA,0.0788748264312744
"global_null","spatialSVP_permutation_none",91,FALSE,0,NA,0,NA,0.194585084915161
"opposing_members","spatialSVP_permutation_none",91,TRUE,0.916666666666667,1,NA,NA,0.0896909236907959
"structured_background","spatialSVP_permutation_none",91,TRUE,0.75,NA,NA,NA,0.0790519714355469
"coherent_strong","spatialSVP_permutation_pcs",91,FALSE,0,0,NA,NA,0.0827469825744629
"coherent_weak","spatialSVP_permutation_pcs",91,TRUE,0.25,1,NA,NA,0.0843160152435303
"correlated_nonspatial","spatialSVP_permutation_pcs",91,FALSE,0,NA,0,NA,0.070775032043457
"global_null","spatialSVP_permutation_pcs",91,FALSE,0,NA,0,NA,0.0807960033416748
"opposing_members","spatialSVP_permutation_pcs",91,TRUE,0.166666666666667,0.666666666666667,NA,NA,0.0701780319213867
"structured_background","spatialSVP_permutation_pcs",91,FALSE,0,NA,NA,NA,0.0915889739990234
"coherent_strong","SPARKX_ACAT",92,TRUE,1,1,NA,NA,2.33052706718445
"coherent_weak","SPARKX_ACAT",92,TRUE,1,1,NA,NA,2.32899403572083
"correlated_nonspatial","SPARKX_ACAT",92,FALSE,0,NA,0,NA,2.68939089775085
"global_null","SPARKX_ACAT",92,FALSE,0,NA,0,NA,2.60050201416016
"opposing_members","SPARKX_ACAT",92,TRUE,1,1,NA,NA,2.33267188072205
"structured_background","SPARKX_ACAT",92,TRUE,1,NA,NA,NA,2.2647819519043
"coherent_strong","SPARKX_fgsea",92,TRUE,0.166666666666667,0.666666666666667,0,0,0.238323926925659
"coherent_weak","SPARKX_fgsea",92,FALSE,0,0,0,0,0.183103084564209
"correlated_nonspatial","SPARKX_fgsea",92,TRUE,0.166666666666667,NA,0.166666666666667,NA,0.189559936523438
"global_null","SPARKX_fgsea",92,FALSE,0,NA,0,NA,0.142064094543457
"opposing_members","SPARKX_fgsea",92,TRUE,0.0833333333333333,0.333333333333333,0,0,0.192696094512939
"structured_background","SPARKX_fgsea",92,FALSE,0,NA,0,NA,0.175303936004639
"coherent_strong","STpathway_dCov",92,TRUE,1,1,NA,NA,0.340943813323975
"coherent_weak","STpathway_dCov",92,TRUE,1,1,NA,NA,0.359332799911499
"correlated_nonspatial","STpathway_dCov",92,FALSE,0,NA,0,NA,0.348203897476196
"global_null","STpathway_dCov",92,FALSE,0,NA,0,NA,0.313704967498779
"opposing_members","STpathway_dCov",92,TRUE,1,1,NA,NA,0.359725952148438
"structured_background","STpathway_dCov",92,TRUE,1,NA,NA,NA,0.351063966751099
"coherent_strong","spatialSVP_matched_none",92,TRUE,0.25,1,0,0,2.90612697601318
"coherent_weak","spatialSVP_matched_none",92,TRUE,0.333333333333333,1,0.111111111111111,0.25,2.68942499160767
"correlated_nonspatial","spatialSVP_matched_none",92,FALSE,0,NA,0,NA,2.42332887649536
"global_null","spatialSVP_matched_none",92,FALSE,0,NA,0,NA,2.5269181728363
"opposing_members","spatialSVP_matched_none",92,FALSE,0,0,0,0,2.47953367233276
"structured_background","spatialSVP_matched_none",92,FALSE,0,NA,0,NA,2.53676986694336
"coherent_strong","spatialSVP_matched_pcs",92,FALSE,0,0,0,0,2.63341283798218
"coherent_weak","spatialSVP_matched_pcs",92,TRUE,0.333333333333333,1,0.111111111111111,0.25,2.79313898086548
"correlated_nonspatial","spatialSVP_matched_pcs",92,TRUE,0.0833333333333333,NA,0.0833333333333333,NA,2.66317009925842
"global_null","spatialSVP_matched_pcs",92,FALSE,0,NA,0,NA,2.54595518112183
"opposing_members","spatialSVP_matched_pcs",92,TRUE,0.166666666666667,0.666666666666667,0,0,2.47333073616028
"structured_background","spatialSVP_matched_pcs",92,FALSE,0,NA,0,NA,2.70311188697815
"coherent_strong","spatialSVP_permutation_none",92,TRUE,1,1,NA,NA,0.205747842788696
"coherent_weak","spatialSVP_permutation_none",92,TRUE,1,1,NA,NA,0.228250026702881
"correlated_nonspatial","spatialSVP_permutation_none",92,FALSE,0,NA,0,NA,0.078383207321167
"global_null","spatialSVP_permutation_none",92,FALSE,0,NA,0,NA,0.193112850189209
"opposing_members","spatialSVP_permutation_none",92,TRUE,1,1,NA,NA,0.216228008270264
"structured_background","spatialSVP_permutation_none",92,TRUE,0.916666666666667,NA,NA,NA,0.0837500095367432
"coherent_strong","spatialSVP_permutation_pcs",92,FALSE,0,0,NA,NA,0.0784060955047607
"coherent_weak","spatialSVP_permutation_pcs",92,TRUE,0.25,1,NA,NA,0.088284969329834
"correlated_nonspatial","spatialSVP_permutation_pcs",92,FALSE,0,NA,0,NA,0.0830581188201904
"global_null","spatialSVP_permutation_pcs",92,FALSE,0,NA,0,NA,0.0822679996490479
"opposing_members","spatialSVP_permutation_pcs",92,TRUE,0.166666666666667,0.666666666666667,NA,NA,0.0871520042419434
"structured_background","spatialSVP_permutation_pcs",92,FALSE,0,NA,NA,NA,0.0864839553833008
"coherent_strong","SPARKX_ACAT",93,TRUE,1,1,NA,NA,2.35917115211487
"coherent_weak","SPARKX_ACAT",93,TRUE,1,1,NA,NA,2.37761497497559
"correlated_nonspatial","SPARKX_ACAT",93,FALSE,0,NA,0,NA,2.73020100593567
"global_null","SPARKX_ACAT",93,FALSE,0,NA,0,NA,2.64107894897461
"opposing_members","SPARKX_ACAT",93,TRUE,1,1,NA,NA,2.39659380912781
"structured_background","SPARKX_ACAT",93,TRUE,1,NA,NA,NA,2.31103277206421
"coherent_strong","SPARKX_fgsea",93,TRUE,0.0833333333333333,0.333333333333333,0,0,0.198244094848633
"coherent_weak","SPARKX_fgsea",93,TRUE,0.0833333333333333,0,0.111111111111111,1,0.202876091003418
"correlated_nonspatial","SPARKX_fgsea",93,TRUE,0.166666666666667,NA,0.166666666666667,NA,0.200033903121948
"global_null","SPARKX_fgsea",93,FALSE,0,NA,0,NA,0.174293994903564
"opposing_members","SPARKX_fgsea",93,TRUE,0.0833333333333333,0.333333333333333,0,0,0.216569900512695
"structured_background","SPARKX_fgsea",93,FALSE,0,NA,0,NA,0.156026124954224
"coherent_strong","STpathway_dCov",93,TRUE,1,1,NA,NA,0.35673189163208
"coherent_weak","STpathway_dCov",93,TRUE,1,1,NA,NA,0.364001035690308
"correlated_nonspatial","STpathway_dCov",93,FALSE,0,NA,0,NA,0.335555076599121
"global_null","STpathway_dCov",93,FALSE,0,NA,0,NA,0.342790126800537
"opposing_members","STpathway_dCov",93,TRUE,1,1,NA,NA,0.346782922744751
"structured_background","STpathway_dCov",93,TRUE,1,NA,NA,NA,0.342105865478516
"coherent_strong","spatialSVP_matched_none",93,TRUE,0.25,1,0,0,2.69315123558044
"coherent_weak","spatialSVP_matched_none",93,TRUE,0.25,1,0,0,2.69162106513977
"correlated_nonspatial","spatialSVP_matched_none",93,FALSE,0,NA,0,NA,2.50021600723267
"global_null","spatialSVP_matched_none",93,FALSE,0,NA,0,NA,2.65095281600952
"opposing_members","spatialSVP_matched_none",93,FALSE,0,0,0,0,2.64662790298462
"structured_background","spatialSVP_matched_none",93,FALSE,0,NA,0,NA,2.63613820075989
"coherent_strong","spatialSVP_matched_pcs",93,FALSE,0,0,0,0,2.73248100280762
"coherent_weak","spatialSVP_matched_pcs",93,TRUE,0.25,1,0,0,2.85431504249573
"correlated_nonspatial","spatialSVP_matched_pcs",93,FALSE,0,NA,0,NA,2.44314026832581
"global_null","spatialSVP_matched_pcs",93,FALSE,0,NA,0,NA,2.7641019821167
"opposing_members","spatialSVP_matched_pcs",93,TRUE,0.25,1,0,0,2.79188919067383
"structured_background","spatialSVP_matched_pcs",93,FALSE,0,NA,0,NA,2.75713205337524
"coherent_strong","spatialSVP_permutation_none",93,TRUE,1,1,NA,NA,0.0820350646972656
"coherent_weak","spatialSVP_permutation_none",93,TRUE,0.833333333333333,1,NA,NA,0.0915148258209229
"correlated_nonspatial","spatialSVP_permutation_none",93,FALSE,0,NA,0,NA,0.0770828723907471
"global_null","spatialSVP_permutation_none",93,FALSE,0,NA,0,NA,0.0809891223907471
"opposing_members","spatialSVP_permutation_none",93,TRUE,1,1,NA,NA,0.0749301910400391
"structured_background","spatialSVP_permutation_none",93,TRUE,0.916666666666667,NA,NA,NA,0.0809979438781738
"coherent_strong","spatialSVP_permutation_pcs",93,FALSE,0,0,NA,NA,0.0790281295776367
"coherent_weak","spatialSVP_permutation_pcs",93,TRUE,0.25,1,NA,NA,0.0677769184112549
"correlated_nonspatial","spatialSVP_permutation_pcs",93,FALSE,0,NA,0,NA,0.0717840194702148
"global_null","spatialSVP_permutation_pcs",93,FALSE,0,NA,0,NA,0.0642108917236328
"opposing_members","spatialSVP_permutation_pcs",93,TRUE,0.0833333333333333,0.333333333333333,NA,NA,0.0645089149475098
"structured_background","spatialSVP_permutation_pcs",93,FALSE,0,NA,NA,NA,0.0744891166687012
"coherent_strong","SPARKX_ACAT",94,TRUE,1,1,NA,NA,2.26476311683655
"coherent_weak","SPARKX_ACAT",94,TRUE,1,1,NA,NA,2.3638608455658
"correlated_nonspatial","SPARKX_ACAT",94,FALSE,0,NA,0,NA,2.80114507675171
"global_null","SPARKX_ACAT",94,FALSE,0,NA,0,NA,2.64747405052185
"opposing_members","SPARKX_ACAT",94,TRUE,1,1,NA,NA,2.37052607536316
"structured_background","SPARKX_ACAT",94,TRUE,1,NA,NA,NA,2.27040696144104
"coherent_strong","SPARKX_fgsea",94,TRUE,0.0833333333333333,0.333333333333333,0,0,0.234827041625977
"coherent_weak","SPARKX_fgsea",94,FALSE,0,0,0,0,0.174046039581299
"correlated_nonspatial","SPARKX_fgsea",94,TRUE,0.0833333333333333,NA,0.0833333333333333,NA,0.188719034194946
"global_null","SPARKX_fgsea",94,FALSE,0,NA,0,NA,0.16113805770874
"opposing_members","SPARKX_fgsea",94,TRUE,0.0833333333333333,0.333333333333333,0,0,0.185662984848022
"structured_background","SPARKX_fgsea",94,FALSE,0,NA,0,NA,0.169909000396729
"coherent_strong","STpathway_dCov",94,TRUE,1,1,NA,NA,0.35233998298645
"coherent_weak","STpathway_dCov",94,TRUE,1,1,NA,NA,0.3589768409729
"correlated_nonspatial","STpathway_dCov",94,FALSE,0,NA,0,NA,0.33974289894104
"global_null","STpathway_dCov",94,FALSE,0,NA,0,NA,0.346100091934204
"opposing_members","STpathway_dCov",94,TRUE,1,1,NA,NA,0.343476057052612
"structured_background","STpathway_dCov",94,TRUE,1,NA,NA,NA,0.359262943267822
"coherent_strong","spatialSVP_matched_none",94,TRUE,0.25,1,0,0,2.76857590675354
"coherent_weak","spatialSVP_matched_none",94,TRUE,0.25,1,0,0,2.69356536865234
"correlated_nonspatial","spatialSVP_matched_none",94,FALSE,0,NA,0,NA,2.71207499504089
"global_null","spatialSVP_matched_none",94,FALSE,0,NA,0,NA,2.8220100402832
"opposing_members","spatialSVP_matched_none",94,FALSE,0,0,0,0,2.85590028762817
"structured_background","spatialSVP_matched_none",94,FALSE,0,NA,0,NA,2.64738488197327
"coherent_strong","spatialSVP_matched_pcs",94,FALSE,0,0,0,0,2.81627082824707
"coherent_weak","spatialSVP_matched_pcs",94,TRUE,0.25,1,0,0,2.83872413635254
"correlated_nonspatial","spatialSVP_matched_pcs",94,FALSE,0,NA,0,NA,2.60763788223267
"global_null","spatialSVP_matched_pcs",94,FALSE,0,NA,0,NA,2.59030795097351
"opposing_members","spatialSVP_matched_pcs",94,TRUE,0.0833333333333333,0.333333333333333,0,0,2.79561018943787
"structured_background","spatialSVP_matched_pcs",94,FALSE,0,NA,0,NA,2.62577104568481
"coherent_strong","spatialSVP_permutation_none",94,TRUE,1,1,NA,NA,0.0820610523223877
"coherent_weak","spatialSVP_permutation_none",94,TRUE,0.916666666666667,1,NA,NA,0.0802879333496094
"correlated_nonspatial","spatialSVP_permutation_none",94,FALSE,0,NA,0,NA,0.213510036468506
"global_null","spatialSVP_permutation_none",94,FALSE,0,NA,0,NA,0.216034173965454
"opposing_members","spatialSVP_permutation_none",94,TRUE,1,1,NA,NA,0.0839519500732422
"structured_background","spatialSVP_permutation_none",94,TRUE,0.916666666666667,NA,NA,NA,0.209595918655396
"coherent_strong","spatialSVP_permutation_pcs",94,FALSE,0,0,NA,NA,0.0720870494842529
"coherent_weak","spatialSVP_permutation_pcs",94,TRUE,0.25,1,NA,NA,0.0786280632019043
"correlated_nonspatial","spatialSVP_permutation_pcs",94,FALSE,0,NA,0,NA,0.0603148937225342
"global_null","spatialSVP_permutation_pcs",94,FALSE,0,NA,0,NA,0.214837074279785
"opposing_members","spatialSVP_permutation_pcs",94,TRUE,0.0833333333333333,0.333333333333333,NA,NA,0.0850999355316162
"structured_background","spatialSVP_permutation_pcs",94,FALSE,0,NA,NA,NA,0.080625057220459
"coherent_strong","SPARKX_ACAT",95,TRUE,1,1,NA,NA,2.50762009620667
"coherent_weak","SPARKX_ACAT",95,TRUE,1,1,NA,NA,2.4416708946228
"correlated_nonspatial","SPARKX_ACAT",95,FALSE,0,NA,0,NA,2.77624487876892
"global_null","SPARKX_ACAT",95,FALSE,0,NA,0,NA,2.69756007194519
"opposing_members","SPARKX_ACAT",95,TRUE,1,1,NA,NA,2.33985090255737
"structured_background","SPARKX_ACAT",95,TRUE,1,NA,NA,NA,2.28844094276428
"coherent_strong","SPARKX_fgsea",95,TRUE,0.0833333333333333,0.333333333333333,0,0,0.198748111724854
"coherent_weak","SPARKX_fgsea",95,FALSE,0,0,0,0,0.164818048477173
"correlated_nonspatial","SPARKX_fgsea",95,TRUE,0.166666666666667,NA,0.166666666666667,NA,0.184437036514282
"global_null","SPARKX_fgsea",95,FALSE,0,NA,0,NA,0.187472820281982
"opposing_members","SPARKX_fgsea",95,TRUE,0.0833333333333333,0.333333333333333,0,0,0.188338041305542
"structured_background","SPARKX_fgsea",95,FALSE,0,NA,0,NA,0.173998117446899
"coherent_strong","STpathway_dCov",95,TRUE,1,1,NA,NA,0.338258028030396
"coherent_weak","STpathway_dCov",95,TRUE,1,1,NA,NA,0.331668138504028
"correlated_nonspatial","STpathway_dCov",95,FALSE,0,NA,0,NA,0.33030891418457
"global_null","STpathway_dCov",95,FALSE,0,NA,0,NA,0.339370012283325
"opposing_members","STpathway_dCov",95,TRUE,1,1,NA,NA,0.336639881134033
"structured_background","STpathway_dCov",95,TRUE,1,NA,NA,NA,0.348212957382202
"coherent_strong","spatialSVP_matched_none",95,TRUE,0.25,1,0,0,2.61501884460449
"coherent_weak","spatialSVP_matched_none",95,TRUE,0.25,1,0,0,2.9731011390686
"correlated_nonspatial","spatialSVP_matched_none",95,FALSE,0,NA,0,NA,2.54523897171021
"global_null","spatialSVP_matched_none",95,FALSE,0,NA,0,NA,2.58328890800476
"opposing_members","spatialSVP_matched_none",95,FALSE,0,0,0,0,2.73080015182495
"structured_background","spatialSVP_matched_none",95,FALSE,0,NA,0,NA,2.5766978263855
"coherent_strong","spatialSVP_matched_pcs",95,FALSE,0,0,0,0,2.73915386199951
"coherent_weak","spatialSVP_matched_pcs",95,TRUE,0.25,1,0,0,2.95796394348145
"correlated_nonspatial","spatialSVP_matched_pcs",95,FALSE,0,NA,0,NA,2.67000913619995
"global_null","spatialSVP_matched_pcs",95,FALSE,0,NA,0,NA,2.44446992874146
"opposing_members","spatialSVP_matched_pcs",95,TRUE,0.166666666666667,0.666666666666667,0,0,2.74266910552979
"structured_background","spatialSVP_matched_pcs",95,FALSE,0,NA,0,NA,2.65781784057617
"coherent_strong","spatialSVP_permutation_none",95,TRUE,1,1,NA,NA,0.0878190994262695
"coherent_weak","spatialSVP_permutation_none",95,TRUE,0.916666666666667,1,NA,NA,0.0816550254821777
"correlated_nonspatial","spatialSVP_permutation_none",95,FALSE,0,NA,0,NA,0.0783998966217041
"global_null","spatialSVP_permutation_none",95,FALSE,0,NA,0,NA,0.0851681232452393
"opposing_members","spatialSVP_permutation_none",95,TRUE,0.916666666666667,1,NA,NA,0.0994219779968262
"structured_background","spatialSVP_permutation_none",95,TRUE,0.916666666666667,NA,NA,NA,0.0656919479370117
"coherent_strong","spatialSVP_permutation_pcs",95,FALSE,0,0,NA,NA,0.0803558826446533
"coherent_weak","spatialSVP_permutation_pcs",95,TRUE,0.25,1,NA,NA,0.0728139877319336
"correlated_nonspatial","spatialSVP_permutation_pcs",95,FALSE,0,NA,0,NA,0.0640778541564941
"global_null","spatialSVP_permutation_pcs",95,FALSE,0,NA,0,NA,0.0800020694732666
"opposing_members","spatialSVP_permutation_pcs",95,TRUE,0.166666666666667,0.666666666666667,NA,NA,0.209292888641357
"structured_background","spatialSVP_permutation_pcs",95,FALSE,0,NA,NA,NA,0.0642428398132324
"coherent_strong","SPARKX_ACAT",96,TRUE,1,1,NA,NA,2.44932198524475
"coherent_weak","SPARKX_ACAT",96,TRUE,1,1,NA,NA,2.40025091171265
"correlated_nonspatial","SPARKX_ACAT",96,FALSE,0,NA,0,NA,2.80426001548767
"global_null","SPARKX_ACAT",96,FALSE,0,NA,0,NA,2.68538784980774
"opposing_members","SPARKX_ACAT",96,TRUE,1,1,NA,NA,2.47149395942688
"structured_background","SPARKX_ACAT",96,TRUE,1,NA,NA,NA,2.35650706291199
"coherent_strong","SPARKX_fgsea",96,TRUE,0.166666666666667,0.666666666666667,0,0,0.195295095443726
"coherent_weak","SPARKX_fgsea",96,FALSE,0,0,0,0,0.184906005859375
"correlated_nonspatial","SPARKX_fgsea",96,TRUE,0.166666666666667,NA,0.166666666666667,NA,0.208902835845947
"global_null","SPARKX_fgsea",96,FALSE,0,NA,0,NA,0.169888019561768
"opposing_members","SPARKX_fgsea",96,TRUE,0.0833333333333333,0.333333333333333,0,0,0.202599048614502
"structured_background","SPARKX_fgsea",96,FALSE,0,NA,0,NA,0.181877851486206
"coherent_strong","STpathway_dCov",96,TRUE,1,1,NA,NA,0.350609064102173
"coherent_weak","STpathway_dCov",96,TRUE,1,1,NA,NA,0.349490880966187
"correlated_nonspatial","STpathway_dCov",96,FALSE,0,NA,0,NA,0.347682952880859
"global_null","STpathway_dCov",96,FALSE,0,NA,0,NA,0.34079909324646
"opposing_members","STpathway_dCov",96,TRUE,1,1,NA,NA,0.347092866897583
"structured_background","STpathway_dCov",96,TRUE,1,NA,NA,NA,0.341098070144653
"coherent_strong","spatialSVP_matched_none",96,TRUE,0.25,1,0,0,2.72317409515381
"coherent_weak","spatialSVP_matched_none",96,TRUE,0.25,1,0,0,2.63898706436157
"correlated_nonspatial","spatialSVP_matched_none",96,FALSE,0,NA,0,NA,2.50390100479126
"global_null","spatialSVP_matched_none",96,FALSE,0,NA,0,NA,2.68047118186951
"opposing_members","spatialSVP_matched_none",96,FALSE,0,0,0,0,2.75689506530762
"structured_background","spatialSVP_matched_none",96,FALSE,0,NA,0,NA,2.63980984687805
"coherent_strong","spatialSVP_matched_pcs",96,TRUE,0.333333333333333,1,0.111111111111111,0.25,2.69020009040833
"coherent_weak","spatialSVP_matched_pcs",96,TRUE,0.25,1,0,0,2.50666904449463
"correlated_nonspatial","spatialSVP_matched_pcs",96,FALSE,0,NA,0,NA,2.60041689872742
"global_null","spatialSVP_matched_pcs",96,FALSE,0,NA,0,NA,2.57288289070129
"opposing_members","spatialSVP_matched_pcs",96,TRUE,0.416666666666667,1,0.222222222222222,0.4,2.62035703659058
"structured_background","spatialSVP_matched_pcs",96,FALSE,0,NA,0,NA,2.6492919921875
"coherent_strong","spatialSVP_permutation_none",96,TRUE,1,1,NA,NA,0.0988938808441162
"coherent_weak","spatialSVP_permutation_none",96,TRUE,1,1,NA,NA,0.200992107391357
"correlated_nonspatial","spatialSVP_permutation_none",96,FALSE,0,NA,0,NA,0.226801872253418
"global_null","spatialSVP_permutation_none",96,FALSE,0,NA,0,NA,0.0848658084869385
"opposing_members","spatialSVP_permutation_none",96,TRUE,1,1,NA,NA,0.0931570529937744
"structured_background","spatialSVP_permutation_none",96,TRUE,1,NA,NA,NA,0.0835528373718262
"coherent_strong","spatialSVP_permutation_pcs",96,FALSE,0,0,NA,NA,0.0683531761169434
"coherent_weak","spatialSVP_permutation_pcs",96,TRUE,0.25,1,NA,NA,0.0795929431915283
"correlated_nonspatial","spatialSVP_permutation_pcs",96,FALSE,0,NA,0,NA,0.0744490623474121
"global_null","spatialSVP_permutation_pcs",96,FALSE,0,NA,0,NA,0.0712940692901611
"opposing_members","spatialSVP_permutation_pcs",96,TRUE,0.0833333333333333,0.333333333333333,NA,NA,0.0779130458831787
"structured_background","spatialSVP_permutation_pcs",96,FALSE,0,NA,NA,NA,0.0917069911956787
"coherent_strong","SPARKX_ACAT",97,TRUE,1,1,NA,NA,2.36022901535034
"coherent_weak","SPARKX_ACAT",97,TRUE,1,1,NA,NA,2.3131251335144
"correlated_nonspatial","SPARKX_ACAT",97,FALSE,0,NA,0,NA,2.78311896324158
"global_null","SPARKX_ACAT",97,FALSE,0,NA,0,NA,2.78070878982544
"opposing_members","SPARKX_ACAT",97,TRUE,1,1,NA,NA,2.44597697257996
"structured_background","SPARKX_ACAT",97,TRUE,0.916666666666667,NA,NA,NA,2.26126599311829
"coherent_strong","SPARKX_fgsea",97,TRUE,0.0833333333333333,0.333333333333333,0,0,0.214628934860229
"coherent_weak","SPARKX_fgsea",97,FALSE,0,0,0,0,0.168920040130615
"correlated_nonspatial","SPARKX_fgsea",97,TRUE,0.0833333333333333,NA,0.0833333333333333,NA,0.205832004547119
"global_null","SPARKX_fgsea",97,FALSE,0,NA,0,NA,0.144444942474365
"opposing_members","SPARKX_fgsea",97,TRUE,0.166666666666667,0.333333333333333,0.111111111111111,0.5,0.191454172134399
"structured_background","SPARKX_fgsea",97,TRUE,0.0833333333333333,NA,0.0833333333333333,NA,0.172035932540894
"coherent_strong","STpathway_dCov",97,TRUE,1,1,NA,NA,0.349668025970459
"coherent_weak","STpathway_dCov",97,TRUE,1,1,NA,NA,0.333532094955444
"correlated_nonspatial","STpathway_dCov",97,FALSE,0,NA,0,NA,0.34521484375
"global_null","STpathway_dCov",97,FALSE,0,NA,0,NA,0.324187040328979
"opposing_members","STpathway_dCov",97,TRUE,1,1,NA,NA,0.345231056213379
"structured_background","STpathway_dCov",97,TRUE,1,NA,NA,NA,0.323402881622314
"coherent_strong","spatialSVP_matched_none",97,TRUE,0.25,1,0,0,3.05263090133667
"coherent_weak","spatialSVP_matched_none",97,TRUE,0.25,1,0,0,2.57894372940063
"correlated_nonspatial","spatialSVP_matched_none",97,TRUE,0.0833333333333333,NA,0.0833333333333333,NA,2.61734580993652
"global_null","spatialSVP_matched_none",97,FALSE,0,NA,0,NA,2.58663201332092
"opposing_members","spatialSVP_matched_none",97,FALSE,0,0,0,0,2.55066132545471
"structured_background","spatialSVP_matched_none",97,FALSE,0,NA,0,NA,2.57110786437988
"coherent_strong","spatialSVP_matched_pcs",97,FALSE,0,0,0,0,2.76957893371582
"coherent_weak","spatialSVP_matched_pcs",97,TRUE,0.25,1,0,0,2.59055185317993
"correlated_nonspatial","spatialSVP_matched_pcs",97,FALSE,0,NA,0,NA,2.45572686195374
"global_null","spatialSVP_matched_pcs",97,FALSE,0,NA,0,NA,2.56257486343384
"opposing_members","spatialSVP_matched_pcs",97,TRUE,0.166666666666667,0.666666666666667,0,0,2.7275083065033
"structured_background","spatialSVP_matched_pcs",97,FALSE,0,NA,0,NA,2.51164579391479
"coherent_strong","spatialSVP_permutation_none",97,TRUE,1,1,NA,NA,0.0715758800506592
"coherent_weak","spatialSVP_permutation_none",97,TRUE,0.916666666666667,1,NA,NA,0.0838618278503418
"correlated_nonspatial","spatialSVP_permutation_none",97,FALSE,0,NA,0,NA,0.0873551368713379
"global_null","spatialSVP_permutation_none",97,FALSE,0,NA,0,NA,0.0741889476776123
"opposing_members","spatialSVP_permutation_none",97,TRUE,0.916666666666667,1,NA,NA,0.0887541770935059
"structured_background","spatialSVP_permutation_none",97,TRUE,1,NA,NA,NA,0.24026894569397
"coherent_strong","spatialSVP_permutation_pcs",97,FALSE,0,0,NA,NA,0.0874249935150146
"coherent_weak","spatialSVP_permutation_pcs",97,TRUE,0.25,1,NA,NA,0.0867490768432617
"correlated_nonspatial","spatialSVP_permutation_pcs",97,FALSE,0,NA,0,NA,0.20068883895874
"global_null","spatialSVP_permutation_pcs",97,FALSE,0,NA,0,NA,0.0715079307556152
"opposing_members","spatialSVP_permutation_pcs",97,TRUE,0.0833333333333333,0.333333333333333,NA,NA,0.0910749435424805
"structured_background","spatialSVP_permutation_pcs",97,FALSE,0,NA,NA,NA,0.0778748989105225
"coherent_strong","SPARKX_ACAT",98,TRUE,1,1,NA,NA,2.3615550994873
"coherent_weak","SPARKX_ACAT",98,TRUE,1,1,NA,NA,2.257159948349
"correlated_nonspatial","SPARKX_ACAT",98,FALSE,0,NA,0,NA,2.54926586151123
"global_null","SPARKX_ACAT",98,FALSE,0,NA,0,NA,2.65933394432068
"opposing_members","SPARKX_ACAT",98,TRUE,1,1,NA,NA,2.34314203262329
"structured_background","SPARKX_ACAT",98,TRUE,1,NA,NA,NA,2.2647340297699
"coherent_strong","SPARKX_fgsea",98,TRUE,0.0833333333333333,0.333333333333333,0,0,0.197257995605469
"coherent_weak","SPARKX_fgsea",98,FALSE,0,0,0,0,0.175564050674438
"correlated_nonspatial","SPARKX_fgsea",98,TRUE,0.166666666666667,NA,0.166666666666667,NA,0.197584867477417
"global_null","SPARKX_fgsea",98,FALSE,0,NA,0,NA,0.151074886322021
"opposing_members","SPARKX_fgsea",98,TRUE,0.0833333333333333,0.333333333333333,0,0,0.212089061737061
"structured_background","SPARKX_fgsea",98,FALSE,0,NA,0,NA,0.172389030456543
"coherent_strong","STpathway_dCov",98,TRUE,1,1,NA,NA,0.341290950775146
"coherent_weak","STpathway_dCov",98,TRUE,1,1,NA,NA,0.348985910415649
"correlated_nonspatial","STpathway_dCov",98,FALSE,0,NA,0,NA,0.364262819290161
"global_null","STpathway_dCov",98,FALSE,0,NA,0,NA,0.331085205078125
"opposing_members","STpathway_dCov",98,TRUE,1,1,NA,NA,0.335714817047119
"structured_background","STpathway_dCov",98,TRUE,1,NA,NA,NA,0.347090005874634
"coherent_strong","spatialSVP_matched_none",98,TRUE,0.25,1,0,0,2.46911191940308
"coherent_weak","spatialSVP_matched_none",98,TRUE,0.25,1,0,0,2.70341396331787
"correlated_nonspatial","spatialSVP_matched_none",98,FALSE,0,NA,0,NA,2.72234225273132
"global_null","spatialSVP_matched_none",98,FALSE,0,NA,0,NA,2.63835000991821
"opposing_members","spatialSVP_matched_none",98,FALSE,0,0,0,0,2.63003468513489
"structured_background","spatialSVP_matched_none",98,TRUE,0.0833333333333333,NA,0.0833333333333333,NA,2.95354199409485
"coherent_strong","spatialSVP_matched_pcs",98,FALSE,0,0,0,0,2.53870105743408
"coherent_weak","spatialSVP_matched_pcs",98,TRUE,0.25,1,0,0,2.60161876678467
"correlated_nonspatial","spatialSVP_matched_pcs",98,FALSE,0,NA,0,NA,2.72611808776855
"global_null","spatialSVP_matched_pcs",98,FALSE,0,NA,0,NA,2.55682802200317
"opposing_members","spatialSVP_matched_pcs",98,TRUE,0.25,1,0,0,2.84102964401245
"structured_background","spatialSVP_matched_pcs",98,FALSE,0,NA,0,NA,2.61484885215759
"coherent_strong","spatialSVP_permutation_none",98,TRUE,0.916666666666667,1,NA,NA,0.207047939300537
"coherent_weak","spatialSVP_permutation_none",98,TRUE,0.833333333333333,1,NA,NA,0.078840970993042
"correlated_nonspatial","spatialSVP_permutation_none",98,FALSE,0,NA,0,NA,0.0620768070220947
"global_null","spatialSVP_permutation_none",98,FALSE,0,NA,0,NA,0.213587999343872
"opposing_members","spatialSVP_permutation_none",98,TRUE,1,1,NA,NA,0.0841398239135742
"structured_background","spatialSVP_permutation_none",98,TRUE,1,NA,NA,NA,0.0886039733886719
"coherent_strong","spatialSVP_permutation_pcs",98,FALSE,0,0,NA,NA,0.0733749866485596
"coherent_weak","spatialSVP_permutation_pcs",98,TRUE,0.25,1,NA,NA,0.0798780918121338
"correlated_nonspatial","spatialSVP_permutation_pcs",98,FALSE,0,NA,0,NA,0.076941967010498
"global_null","spatialSVP_permutation_pcs",98,FALSE,0,NA,0,NA,0.060903787612915
"opposing_members","spatialSVP_permutation_pcs",98,TRUE,0.166666666666667,0.666666666666667,NA,NA,0.088939905166626
"structured_background","spatialSVP_permutation_pcs",98,FALSE,0,NA,NA,NA,0.200725078582764
"coherent_strong","SPARKX_ACAT",99,TRUE,1,1,NA,NA,2.30986881256104
"coherent_weak","SPARKX_ACAT",99,TRUE,1,1,NA,NA,2.25484204292297
"correlated_nonspatial","SPARKX_ACAT",99,FALSE,0,NA,0,NA,2.70524215698242
"global_null","SPARKX_ACAT",99,FALSE,0,NA,0,NA,2.60763001441956
"opposing_members","SPARKX_ACAT",99,TRUE,1,1,NA,NA,2.46701502799988
"structured_background","SPARKX_ACAT",99,TRUE,1,NA,NA,NA,2.12928295135498
"coherent_strong","SPARKX_fgsea",99,TRUE,0.166666666666667,0.666666666666667,0,0,0.211632013320923
"coherent_weak","SPARKX_fgsea",99,TRUE,0.166666666666667,0,0.222222222222222,1,0.201170921325684
"correlated_nonspatial","SPARKX_fgsea",99,TRUE,0.166666666666667,NA,0.166666666666667,NA,0.193937063217163
"global_null","SPARKX_fgsea",99,FALSE,0,NA,0,NA,0.172343015670776
"opposing_members","SPARKX_fgsea",99,TRUE,0.0833333333333333,0.333333333333333,0,0,0.211429119110107
"structured_background","SPARKX_fgsea",99,FALSE,0,NA,0,NA,0.17766284942627
"coherent_strong","STpathway_dCov",99,TRUE,1,1,NA,NA,0.348652124404907
"coherent_weak","STpathway_dCov",99,TRUE,1,1,NA,NA,0.369868040084839
"correlated_nonspatial","STpathway_dCov",99,FALSE,0,NA,0,NA,0.342861890792847
"global_null","STpathway_dCov",99,FALSE,0,NA,0,NA,0.327400922775269
"opposing_members","STpathway_dCov",99,TRUE,1,1,NA,NA,0.362744092941284
"structured_background","STpathway_dCov",99,TRUE,1,NA,NA,NA,0.328474044799805
"coherent_strong","spatialSVP_matched_none",99,TRUE,0.25,1,0,0,2.53450679779053
"coherent_weak","spatialSVP_matched_none",99,TRUE,0.25,1,0,0,2.67341113090515
"correlated_nonspatial","spatialSVP_matched_none",99,FALSE,0,NA,0,NA,2.50819826126099
"global_null","spatialSVP_matched_none",99,FALSE,0,NA,0,NA,2.67065072059631
"opposing_members","spatialSVP_matched_none",99,FALSE,0,0,0,0,2.79496192932129
"structured_background","spatialSVP_matched_none",99,FALSE,0,NA,0,NA,2.71551299095154
"coherent_strong","spatialSVP_matched_pcs",99,TRUE,0.0833333333333333,0.333333333333333,0,0,2.53790593147278
"coherent_weak","spatialSVP_matched_pcs",99,TRUE,0.25,1,0,0,2.65398406982422
"correlated_nonspatial","spatialSVP_matched_pcs",99,FALSE,0,NA,0,NA,2.52165627479553
"global_null","spatialSVP_matched_pcs",99,FALSE,0,NA,0,NA,2.49166202545166
"opposing_members","spatialSVP_matched_pcs",99,TRUE,0.166666666666667,0.666666666666667,0,0,2.79927492141724
"structured_background","spatialSVP_matched_pcs",99,FALSE,0,NA,0,NA,2.78619384765625
"coherent_strong","spatialSVP_permutation_none",99,TRUE,1,1,NA,NA,0.201284885406494
"coherent_weak","spatialSVP_permutation_none",99,TRUE,0.916666666666667,1,NA,NA,0.215247869491577
"correlated_nonspatial","spatialSVP_permutation_none",99,FALSE,0,NA,0,NA,0.0806009769439697
"global_null","spatialSVP_permutation_none",99,FALSE,0,NA,0,NA,0.065075159072876
"opposing_members","spatialSVP_permutation_none",99,TRUE,0.916666666666667,1,NA,NA,0.217116117477417
"structured_background","spatialSVP_permutation_none",99,TRUE,0.833333333333333,NA,NA,NA,0.0652270317077637
"coherent_strong","spatialSVP_permutation_pcs",99,FALSE,0,0,NA,NA,0.0937929153442383
"coherent_weak","spatialSVP_permutation_pcs",99,TRUE,0.25,1,NA,NA,0.0794720649719238
"correlated_nonspatial","spatialSVP_permutation_pcs",99,FALSE,0,NA,0,NA,0.0724761486053467
"global_null","spatialSVP_permutation_pcs",99,FALSE,0,NA,0,NA,0.0725059509277344
"opposing_members","spatialSVP_permutation_pcs",99,TRUE,0.166666666666667,0.666666666666667,NA,NA,0.0730679035186768
"structured_background","spatialSVP_permutation_pcs",99,FALSE,0,NA,NA,NA,0.0746428966522217
"coherent_strong","SPARKX_ACAT",100,TRUE,1,1,NA,NA,2.32362794876099
"coherent_weak","SPARKX_ACAT",100,TRUE,1,1,NA,NA,2.41237711906433
"correlated_nonspatial","SPARKX_ACAT",100,FALSE,0,NA,0,NA,2.74685597419739
"global_null","SPARKX_ACAT",100,FALSE,0,NA,0,NA,2.65095520019531
"opposing_members","SPARKX_ACAT",100,TRUE,1,1,NA,NA,2.32824397087097
"structured_background","SPARKX_ACAT",100,TRUE,1,NA,NA,NA,2.27552103996277
"coherent_strong","SPARKX_fgsea",100,TRUE,0.166666666666667,0.666666666666667,0,0,0.21169900894165
"coherent_weak","SPARKX_fgsea",100,TRUE,0.0833333333333333,0,0.111111111111111,1,0.192218065261841
"correlated_nonspatial","SPARKX_fgsea",100,TRUE,0.25,NA,0.25,NA,0.190890073776245
"global_null","SPARKX_fgsea",100,FALSE,0,NA,0,NA,0.150110960006714
"opposing_members","SPARKX_fgsea",100,TRUE,0.0833333333333333,0.333333333333333,0,0,0.202682971954346
"structured_background","SPARKX_fgsea",100,FALSE,0,NA,0,NA,0.164041042327881
"coherent_strong","STpathway_dCov",100,TRUE,1,1,NA,NA,0.345515966415405
"coherent_weak","STpathway_dCov",100,TRUE,1,1,NA,NA,0.3353590965271
"correlated_nonspatial","STpathway_dCov",100,FALSE,0,NA,0,NA,0.351355075836182
"global_null","STpathway_dCov",100,FALSE,0,NA,0,NA,0.332007169723511
"opposing_members","STpathway_dCov",100,TRUE,1,1,NA,NA,0.338064908981323
"structured_background","STpathway_dCov",100,TRUE,1,NA,NA,NA,0.336499929428101
"coherent_strong","spatialSVP_matched_none",100,TRUE,0.25,1,0,0,2.5405867099762
"coherent_weak","spatialSVP_matched_none",100,TRUE,0.25,1,0,0,2.61506700515747
"correlated_nonspatial","spatialSVP_matched_none",100,FALSE,0,NA,0,NA,2.44280505180359
"global_null","spatialSVP_matched_none",100,FALSE,0,NA,0,NA,2.30220484733582
"opposing_members","spatialSVP_matched_none",100,FALSE,0,0,0,0,2.65236783027649
"structured_background","spatialSVP_matched_none",100,FALSE,0,NA,0,NA,2.39035391807556
"coherent_strong","spatialSVP_matched_pcs",100,TRUE,0.166666666666667,0.666666666666667,0,0,2.55050492286682
"coherent_weak","spatialSVP_matched_pcs",100,TRUE,0.25,1,0,0,2.5372269153595
"correlated_nonspatial","spatialSVP_matched_pcs",100,TRUE,0.0833333333333333,NA,0.0833333333333333,NA,2.670658826828
"global_null","spatialSVP_matched_pcs",100,FALSE,0,NA,0,NA,2.39200115203857
"opposing_members","spatialSVP_matched_pcs",100,TRUE,0.166666666666667,0.666666666666667,0,0,2.56307888031006
"structured_background","spatialSVP_matched_pcs",100,FALSE,0,NA,0,NA,2.47925877571106
"coherent_strong","spatialSVP_permutation_none",100,TRUE,1,1,NA,NA,0.0788400173187256
"coherent_weak","spatialSVP_permutation_none",100,TRUE,0.75,1,NA,NA,0.0773489475250244
"correlated_nonspatial","spatialSVP_permutation_none",100,FALSE,0,NA,0,NA,0.201757907867432
"global_null","spatialSVP_permutation_none",100,FALSE,0,NA,0,NA,0.0856521129608154
"opposing_members","spatialSVP_permutation_none",100,TRUE,1,1,NA,NA,0.21491813659668
"structured_background","spatialSVP_permutation_none",100,TRUE,0.833333333333333,NA,NA,NA,0.0795271396636963
"coherent_strong","spatialSVP_permutation_pcs",100,FALSE,0,0,NA,NA,0.100314140319824
"coherent_weak","spatialSVP_permutation_pcs",100,TRUE,0.25,1,NA,NA,0.0804409980773926
"correlated_nonspatial","spatialSVP_permutation_pcs",100,FALSE,0,NA,0,NA,0.0716919898986816
"global_null","spatialSVP_permutation_pcs",100,FALSE,0,NA,0,NA,0.21212911605835
"opposing_members","spatialSVP_permutation_pcs",100,TRUE,0.166666666666667,0.666666666666667,NA,NA,0.0722460746765137
"structured_background","spatialSVP_permutation_pcs",100,FALSE,0,NA,NA,NA,0.0741031169891357
